bs	days	result
1901-01-01	-1000	ERR
1901-01-01	-400	ERR
1901-01-01	-32	ERR
1901-01-01	-1	ERR
1901-01-01	1	1901-01-02
1901-01-01	29	1901-01-30
1901-01-01	32	1901-02-02
1901-01-01	365	1902-01-01
1901-01-01	1000	1903-09-24
1901-01-15	-1000	ERR
1901-01-15	-400	ERR
1901-01-15	-32	ERR
1901-01-15	-1	1901-01-14
1901-01-15	1	1901-01-16
1901-01-15	29	1901-02-13
1901-01-15	32	1901-02-16
1901-01-15	365	1902-01-15
1901-01-15	1000	1903-10-09
1901-01-31	-1000	ERR
1901-01-31	-400	ERR
1901-01-31	-32	ERR
1901-01-31	-1	1901-01-30
1901-01-31	1	1901-02-01
1901-01-31	29	1901-02-29
1901-01-31	32	1901-03-01
1901-01-31	365	1902-01-31
1901-01-31	1000	1903-10-25
1901-02-01	-1000	ERR
1901-02-01	-400	ERR
1901-02-01	-32	ERR
1901-02-01	-1	1901-01-31
1901-02-01	1	1901-02-02
1901-02-01	29	1901-02-30
1901-02-01	32	1901-03-02
1901-02-01	365	1902-02-01
1901-02-01	1000	1903-10-26
1901-02-15	-1000	ERR
1901-02-15	-400	ERR
1901-02-15	-32	1901-01-14
1901-02-15	-1	1901-02-14
1901-02-15	1	1901-02-16
1901-02-15	29	1901-03-13
1901-02-15	32	1901-03-16
1901-02-15	365	1902-02-15
1901-02-15	1000	1903-11-11
1901-02-31	-1000	ERR
1901-02-31	-400	ERR
1901-02-31	-32	1901-01-30
1901-02-31	-1	1901-02-30
1901-02-31	1	1901-03-01
1901-02-31	29	1901-03-29
1901-02-31	32	1901-03-32
1901-02-31	365	1902-02-31
1901-02-31	1000	1903-11-27
1901-03-01	-1000	ERR
1901-03-01	-400	ERR
1901-03-01	-32	1901-01-31
1901-03-01	-1	1901-02-31
1901-03-01	1	1901-03-02
1901-03-01	29	1901-03-30
1901-03-01	32	1901-04-01
1901-03-01	365	1902-02-32
1901-03-01	1000	1903-11-28
1901-03-10	-1000	ERR
1901-03-10	-400	ERR
1901-03-10	-32	1901-02-09
1901-03-10	-1	1901-03-09
1901-03-10	1	1901-03-11
1901-03-10	29	1901-04-07
1901-03-10	32	1901-04-10
1901-03-10	365	1902-03-09
1901-03-10	1000	1903-12-07
1901-03-15	-1000	ERR
1901-03-15	-400	ERR
1901-03-15	-32	1901-02-14
1901-03-15	-1	1901-03-14
1901-03-15	1	1901-03-16
1901-03-15	29	1901-04-12
1901-03-15	32	1901-04-15
1901-03-15	365	1902-03-14
1901-03-15	1000	1903-12-12
1901-03-32	-1000	ERR
1901-03-32	-400	ERR
1901-03-32	-32	1901-02-31
1901-03-32	-1	1901-03-31
1901-03-32	1	1901-04-01
1901-03-32	29	1901-04-29
1901-03-32	32	1901-05-01
1901-03-32	365	1902-03-31
1901-03-32	1000	1903-12-29
1901-04-01	-1000	ERR
1901-04-01	-400	ERR
1901-04-01	-32	1901-03-01
1901-04-01	-1	1901-03-32
1901-04-01	1	1901-04-02
1901-04-01	29	1901-04-30
1901-04-01	32	1901-05-02
1901-04-01	365	1902-04-01
1901-04-01	1000	1903-12-30
1901-04-15	-1000	ERR
1901-04-15	-400	ERR
1901-04-15	-32	1901-03-15
1901-04-15	-1	1901-04-14
1901-04-15	1	1901-04-16
1901-04-15	29	1901-05-13
1901-04-15	32	1901-05-16
1901-04-15	365	1902-04-15
1901-04-15	1000	1904-01-13
1901-04-31	-1000	ERR
1901-04-31	-400	ERR
1901-04-31	-32	1901-03-31
1901-04-31	-1	1901-04-30
1901-04-31	1	1901-05-01
1901-04-31	29	1901-05-29
1901-04-31	32	1901-06-01
1901-04-31	365	1902-04-31
1901-04-31	1000	1904-01-29
1901-05-01	-1000	ERR
1901-05-01	-400	ERR
1901-05-01	-32	1901-03-32
1901-05-01	-1	1901-04-31
1901-05-01	1	1901-05-02
1901-05-01	29	1901-05-30
1901-05-01	32	1901-06-02
1901-05-01	365	1902-04-32
1901-05-01	1000	1904-01-30
1901-05-15	-1000	ERR
1901-05-15	-400	ERR
1901-05-15	-32	1901-04-14
1901-05-15	-1	1901-05-14
1901-05-15	1	1901-05-16
1901-05-15	29	1901-06-13
1901-05-15	32	1901-06-16
1901-05-15	365	1902-05-14
1901-05-15	1000	1904-02-13
1901-05-31	-1000	ERR
1901-05-31	-400	ERR
1901-05-31	-32	1901-04-30
1901-05-31	-1	1901-05-30
1901-05-31	1	1901-06-01
1901-05-31	29	1901-06-29
1901-05-31	32	1901-07-01
1901-05-31	365	1902-05-30
1901-05-31	1000	1904-02-29
1901-06-01	-1000	ERR
1901-06-01	-400	ERR
1901-06-01	-32	1901-04-31
1901-06-01	-1	1901-05-31
1901-06-01	1	1901-06-02
1901-06-01	29	1901-06-30
1901-06-01	32	1901-07-02
1901-06-01	365	1902-05-31
1901-06-01	1000	1904-02-30
1901-06-15	-1000	ERR
1901-06-15	-400	ERR
1901-06-15	-32	1901-05-14
1901-06-15	-1	1901-06-14
1901-06-15	1	1901-06-16
1901-06-15	29	1901-07-13
1901-06-15	32	1901-07-16
1901-06-15	365	1902-06-14
1901-06-15	1000	1904-03-13
1901-06-31	-1000	ERR
1901-06-31	-400	ERR
1901-06-31	-32	1901-05-30
1901-06-31	-1	1901-06-30
1901-06-31	1	1901-07-01
1901-06-31	29	1901-07-29
1901-06-31	32	1901-08-02
1901-06-31	365	1902-06-30
1901-06-31	1000	1904-03-29
1901-07-01	-1000	ERR
1901-07-01	-400	ERR
1901-07-01	-32	1901-05-31
1901-07-01	-1	1901-06-31
1901-07-01	1	1901-07-02
1901-07-01	29	1901-07-30
1901-07-01	32	1901-08-03
1901-07-01	365	1902-07-01
1901-07-01	1000	1904-03-30
1901-07-15	-1000	ERR
1901-07-15	-400	ERR
1901-07-15	-32	1901-06-14
1901-07-15	-1	1901-07-14
1901-07-15	1	1901-07-16
1901-07-15	29	1901-08-14
1901-07-15	32	1901-08-17
1901-07-15	365	1902-07-15
1901-07-15	1000	1904-04-13
1901-07-30	-1000	ERR
1901-07-30	-400	ERR
1901-07-30	-32	1901-06-29
1901-07-30	-1	1901-07-29
1901-07-30	1	1901-08-01
1901-07-30	29	1901-08-29
1901-07-30	32	1901-09-03
1901-07-30	365	1902-07-30
1901-07-30	1000	1904-04-28
1901-08-01	-1000	ERR
1901-08-01	-400	ERR
1901-08-01	-32	1901-06-30
1901-08-01	-1	1901-07-30
1901-08-01	1	1901-08-02
1901-08-01	29	1901-09-01
1901-08-01	32	1901-09-04
1901-08-01	365	1902-08-01
1901-08-01	1000	1904-04-29
1901-08-15	-1000	ERR
1901-08-15	-400	ERR
1901-08-15	-32	1901-07-13
1901-08-15	-1	1901-08-14
1901-08-15	1	1901-08-16
1901-08-15	29	1901-09-15
1901-08-15	32	1901-09-18
1901-08-15	365	1902-08-15
1901-08-15	1000	1904-05-11
1901-08-29	-1000	ERR
1901-08-29	-400	ERR
1901-08-29	-32	1901-07-27
1901-08-29	-1	1901-08-28
1901-08-29	1	1901-09-01
1901-08-29	29	1901-09-29
1901-08-29	32	1901-10-02
1901-08-29	365	1902-08-29
1901-08-29	1000	1904-05-25
1901-09-01	-1000	ERR
1901-09-01	-400	ERR
1901-09-01	-32	1901-07-28
1901-09-01	-1	1901-08-29
1901-09-01	1	1901-09-02
1901-09-01	29	1901-09-30
1901-09-01	32	1901-10-03
1901-09-01	365	1902-09-01
1901-09-01	1000	1904-05-26
1901-09-15	-1000	ERR
1901-09-15	-400	ERR
1901-09-15	-32	1901-08-12
1901-09-15	-1	1901-09-14
1901-09-15	1	1901-09-16
1901-09-15	29	1901-10-14
1901-09-15	32	1901-10-17
1901-09-15	365	1902-09-15
1901-09-15	1000	1904-06-09
1901-09-30	-1000	ERR
1901-09-30	-400	ERR
1901-09-30	-32	1901-08-27
1901-09-30	-1	1901-09-29
1901-09-30	1	1901-10-01
1901-09-30	29	1901-10-29
1901-09-30	32	1901-11-03
1901-09-30	365	1902-09-30
1901-09-30	1000	1904-06-24
1901-10-01	-1000	ERR
1901-10-01	-400	ERR
1901-10-01	-32	1901-08-28
1901-10-01	-1	1901-09-30
1901-10-01	1	1901-10-02
1901-10-01	29	1901-11-01
1901-10-01	32	1901-11-04
1901-10-01	365	1902-10-01
1901-10-01	1000	1904-06-25
1901-10-15	-1000	ERR
1901-10-15	-400	ERR
1901-10-15	-32	1901-09-13
1901-10-15	-1	1901-10-14
1901-10-15	1	1901-10-16
1901-10-15	29	1901-11-15
1901-10-15	32	1901-11-18
1901-10-15	365	1902-10-15
1901-10-15	1000	1904-07-08
1901-10-29	-1000	ERR
1901-10-29	-400	ERR
1901-10-29	-32	1901-09-27
1901-10-29	-1	1901-10-28
1901-10-29	1	1901-11-01
1901-10-29	29	1901-11-29
1901-10-29	32	1901-12-02
1901-10-29	365	1902-10-29
1901-10-29	1000	1904-07-22
1901-11-01	-1000	ERR
1901-11-01	-400	ERR
1901-11-01	-32	1901-09-28
1901-11-01	-1	1901-10-29
1901-11-01	1	1901-11-02
1901-11-01	29	1901-11-30
1901-11-01	32	1901-12-03
1901-11-01	365	1902-11-01
1901-11-01	1000	1904-07-23
1901-11-06	-1000	ERR
1901-11-06	-400	ERR
1901-11-06	-32	1901-10-03
1901-11-06	-1	1901-11-05
1901-11-06	1	1901-11-07
1901-11-06	29	1901-12-05
1901-11-06	32	1901-12-08
1901-11-06	365	1902-11-06
1901-11-06	1000	1904-07-28
1901-11-15	-1000	ERR
1901-11-15	-400	ERR
1901-11-15	-32	1901-10-12
1901-11-15	-1	1901-11-14
1901-11-15	1	1901-11-16
1901-11-15	29	1901-12-14
1901-11-15	32	1901-12-17
1901-11-15	365	1902-11-15
1901-11-15	1000	1904-08-07
1901-11-30	-1000	ERR
1901-11-30	-400	ERR
1901-11-30	-32	1901-10-27
1901-11-30	-1	1901-11-29
1901-11-30	1	1901-12-01
1901-11-30	29	1901-12-29
1901-11-30	32	1902-01-02
1901-11-30	365	1902-11-30
1901-11-30	1000	1904-08-22
1901-12-01	-1000	ERR
1901-12-01	-400	ERR
1901-12-01	-32	1901-10-28
1901-12-01	-1	1901-11-30
1901-12-01	1	1901-12-02
1901-12-01	29	1901-12-30
1901-12-01	32	1902-01-03
1901-12-01	365	1902-12-01
1901-12-01	1000	1904-08-23
1901-12-15	-1000	ERR
1901-12-15	-400	ERR
1901-12-15	-32	1901-11-13
1901-12-15	-1	1901-12-14
1901-12-15	1	1901-12-16
1901-12-15	29	1902-01-14
1901-12-15	32	1902-01-17
1901-12-15	365	1902-12-15
1901-12-15	1000	1904-09-08
1901-12-30	-1000	ERR
1901-12-30	-400	ERR
1901-12-30	-32	1901-11-28
1901-12-30	-1	1901-12-29
1901-12-30	1	1902-01-01
1901-12-30	29	1902-01-29
1901-12-30	32	1902-02-01
1901-12-30	365	1902-12-30
1901-12-30	1000	1904-09-23
1902-01-01	-1000	ERR
1902-01-01	-400	ERR
1902-01-01	-32	1901-11-29
1902-01-01	-1	1901-12-30
1902-01-01	1	1902-01-02
1902-01-01	29	1902-01-30
1902-01-01	32	1902-02-02
1902-01-01	365	1903-01-01
1902-01-01	1000	1904-09-24
1902-01-15	-1000	ERR
1902-01-15	-400	ERR
1902-01-15	-32	1901-12-13
1902-01-15	-1	1902-01-14
1902-01-15	1	1902-01-16
1902-01-15	29	1902-02-13
1902-01-15	32	1902-02-16
1902-01-15	365	1903-01-15
1902-01-15	1000	1904-10-08
1902-01-31	-1000	ERR
1902-01-31	-400	ERR
1902-01-31	-32	1901-12-29
1902-01-31	-1	1902-01-30
1902-01-31	1	1902-02-01
1902-01-31	29	1902-02-29
1902-01-31	32	1902-02-32
1902-01-31	365	1903-01-31
1902-01-31	1000	1904-10-24
1902-02-01	-1000	ERR
1902-02-01	-400	ERR
1902-02-01	-32	1901-12-30
1902-02-01	-1	1902-01-31
1902-02-01	1	1902-02-02
1902-02-01	29	1902-02-30
1902-02-01	32	1902-03-01
1902-02-01	365	1903-02-01
1902-02-01	1000	1904-10-25
1902-02-15	-1000	ERR
1902-02-15	-400	1901-01-11
1902-02-15	-32	1902-01-14
1902-02-15	-1	1902-02-14
1902-02-15	1	1902-02-16
1902-02-15	29	1902-03-12
1902-02-15	32	1902-03-15
1902-02-15	365	1903-02-15
1902-02-15	1000	1904-11-10
1902-02-32	-1000	ERR
1902-02-32	-400	1901-01-28
1902-02-32	-32	1902-01-31
1902-02-32	-1	1902-02-31
1902-02-32	1	1902-03-01
1902-02-32	29	1902-03-29
1902-02-32	32	1902-04-01
1902-02-32	365	1903-02-32
1902-02-32	1000	1904-11-27
1902-03-01	-1000	ERR
1902-03-01	-400	1901-01-29
1902-03-01	-32	1902-02-01
1902-03-01	-1	1902-02-32
1902-03-01	1	1902-03-02
1902-03-01	29	1902-03-30
1902-03-01	32	1902-04-02
1902-03-01	365	1903-03-01
1902-03-01	1000	1904-11-28
1902-03-04	-1000	ERR
1902-03-04	-400	1901-02-01
1902-03-04	-32	1902-02-04
1902-03-04	-1	1902-03-03
1902-03-04	1	1902-03-05
1902-03-04	29	1902-04-02
1902-03-04	32	1902-04-05
1902-03-04	365	1903-03-04
1902-03-04	1000	1904-12-01
1902-03-15	-1000	ERR
1902-03-15	-400	1901-02-12
1902-03-15	-32	1902-02-15
1902-03-15	-1	1902-03-14
1902-03-15	1	1902-03-16
1902-03-15	29	1902-04-13
1902-03-15	32	1902-04-16
1902-03-15	365	1903-03-15
1902-03-15	1000	1904-12-12
1902-03-31	-1000	ERR
1902-03-31	-400	1901-02-28
1902-03-31	-32	1902-02-31
1902-03-31	-1	1902-03-30
1902-03-31	1	1902-04-01
1902-03-31	29	1902-04-29
1902-03-31	32	1902-04-32
1902-03-31	365	1903-03-31
1902-03-31	1000	1904-12-28
1902-04-01	-1000	ERR
1902-04-01	-400	1901-02-29
1902-04-01	-32	1902-02-32
1902-04-01	-1	1902-03-31
1902-04-01	1	1902-04-02
1902-04-01	29	1902-04-30
1902-04-01	32	1902-05-01
1902-04-01	365	1903-04-01
1902-04-01	1000	1904-12-29
1902-04-15	-1000	ERR
1902-04-15	-400	1901-03-12
1902-04-15	-32	1902-03-14
1902-04-15	-1	1902-04-14
1902-04-15	1	1902-04-16
1902-04-15	29	1902-05-12
1902-04-15	32	1902-05-15
1902-04-15	365	1903-04-15
1902-04-15	1000	1905-01-13
1902-04-32	-1000	ERR
1902-04-32	-400	1901-03-29
1902-04-32	-32	1902-03-31
1902-04-32	-1	1902-04-31
1902-04-32	1	1902-05-01
1902-04-32	29	1902-05-29
1902-04-32	32	1902-06-01
1902-04-32	365	1903-04-32
1902-04-32	1000	1905-01-30
1902-05-01	-1000	ERR
1902-05-01	-400	1901-03-30
1902-05-01	-32	1902-04-01
1902-05-01	-1	1902-04-32
1902-05-01	1	1902-05-02
1902-05-01	29	1902-05-30
1902-05-01	32	1902-06-02
1902-05-01	365	1903-05-01
1902-05-01	1000	1905-01-31
1902-05-15	-1000	ERR
1902-05-15	-400	1901-04-12
1902-05-15	-32	1902-04-15
1902-05-15	-1	1902-05-14
1902-05-15	1	1902-05-16
1902-05-15	29	1902-06-13
1902-05-15	32	1902-06-16
1902-05-15	365	1903-05-15
1902-05-15	1000	1905-02-14
1902-05-31	-1000	ERR
1902-05-31	-400	1901-04-28
1902-05-31	-32	1902-04-31
1902-05-31	-1	1902-05-30
1902-05-31	1	1902-06-01
1902-05-31	29	1902-06-29
1902-05-31	32	1902-07-02
1902-05-31	365	1903-05-31
1902-05-31	1000	1905-02-30
1902-06-01	-1000	ERR
1902-06-01	-400	1901-04-29
1902-06-01	-32	1902-04-32
1902-06-01	-1	1902-05-31
1902-06-01	1	1902-06-02
1902-06-01	29	1902-06-30
1902-06-01	32	1902-07-03
1902-06-01	365	1903-06-01
1902-06-01	1000	1905-02-31
1902-06-15	-1000	ERR
1902-06-15	-400	1901-05-12
1902-06-15	-32	1902-05-14
1902-06-15	-1	1902-06-14
1902-06-15	1	1902-06-16
1902-06-15	29	1902-07-14
1902-06-15	32	1902-07-17
1902-06-15	365	1903-06-15
1902-06-15	1000	1905-03-14
1902-06-30	-1000	ERR
1902-06-30	-400	1901-05-27
1902-06-30	-32	1902-05-29
1902-06-30	-1	1902-06-29
1902-06-30	1	1902-07-01
1902-06-30	29	1902-07-29
1902-06-30	32	1902-08-02
1902-06-30	365	1903-06-30
1902-06-30	1000	1905-03-29
1902-07-01	-1000	ERR
1902-07-01	-400	1901-05-28
1902-07-01	-32	1902-05-30
1902-07-01	-1	1902-06-30
1902-07-01	1	1902-07-02
1902-07-01	29	1902-07-30
1902-07-01	32	1902-08-03
1902-07-01	365	1903-07-01
1902-07-01	1000	1905-03-30
1902-07-15	-1000	ERR
1902-07-15	-400	1901-06-11
1902-07-15	-32	1902-06-13
1902-07-15	-1	1902-07-14
1902-07-15	1	1902-07-16
1902-07-15	29	1902-08-14
1902-07-15	32	1902-08-17
1902-07-15	365	1903-07-15
1902-07-15	1000	1905-04-12
1902-07-30	-1000	ERR
1902-07-30	-400	1901-06-26
1902-07-30	-32	1902-06-28
1902-07-30	-1	1902-07-29
1902-07-30	1	1902-08-01
1902-07-30	29	1902-08-29
1902-07-30	32	1902-09-03
1902-07-30	365	1903-07-30
1902-07-30	1000	1905-04-27
1902-08-01	-1000	ERR
1902-08-01	-400	1901-06-27
1902-08-01	-32	1902-06-29
1902-08-01	-1	1902-07-30
1902-08-01	1	1902-08-02
1902-08-01	29	1902-09-01
1902-08-01	32	1902-09-04
1902-08-01	365	1903-08-01
1902-08-01	1000	1905-04-28
1902-08-15	-1000	ERR
1902-08-15	-400	1901-07-10
1902-08-15	-32	1902-07-13
1902-08-15	-1	1902-08-14
1902-08-15	1	1902-08-16
1902-08-15	29	1902-09-15
1902-08-15	32	1902-09-18
1902-08-15	365	1903-08-15
1902-08-15	1000	1905-05-11
1902-08-29	-1000	ERR
1902-08-29	-400	1901-07-24
1902-08-29	-32	1902-07-27
1902-08-29	-1	1902-08-28
1902-08-29	1	1902-09-01
1902-08-29	29	1902-09-29
1902-08-29	32	1902-10-02
1902-08-29	365	1903-08-29
1902-08-29	1000	1905-05-25
1902-09-01	-1000	ERR
1902-09-01	-400	1901-07-25
1902-09-01	-32	1902-07-28
1902-09-01	-1	1902-08-29
1902-09-01	1	1902-09-02
1902-09-01	29	1902-09-30
1902-09-01	32	1902-10-03
1902-09-01	365	1903-08-30
1902-09-01	1000	1905-05-26
1902-09-15	-1000	ERR
1902-09-15	-400	1901-08-09
1902-09-15	-32	1902-08-12
1902-09-15	-1	1902-09-14
1902-09-15	1	1902-09-16
1902-09-15	29	1902-10-14
1902-09-15	32	1902-10-17
1902-09-15	365	1903-09-14
1902-09-15	1000	1905-06-09
1902-09-30	-1000	ERR
1902-09-30	-400	1901-08-24
1902-09-30	-32	1902-08-27
1902-09-30	-1	1902-09-29
1902-09-30	1	1902-10-01
1902-09-30	29	1902-10-29
1902-09-30	32	1902-11-03
1902-09-30	365	1903-09-29
1902-09-30	1000	1905-06-24
1902-10-01	-1000	ERR
1902-10-01	-400	1901-08-25
1902-10-01	-32	1902-08-28
1902-10-01	-1	1902-09-30
1902-10-01	1	1902-10-02
1902-10-01	29	1902-11-01
1902-10-01	32	1902-11-04
1902-10-01	365	1903-10-01
1902-10-01	1000	1905-06-25
1902-10-15	-1000	ERR
1902-10-15	-400	1901-09-10
1902-10-15	-32	1902-09-13
1902-10-15	-1	1902-10-14
1902-10-15	1	1902-10-16
1902-10-15	29	1902-11-15
1902-10-15	32	1902-11-18
1902-10-15	365	1903-10-15
1902-10-15	1000	1905-07-08
1902-10-29	-1000	ERR
1902-10-29	-400	1901-09-24
1902-10-29	-32	1902-09-27
1902-10-29	-1	1902-10-28
1902-10-29	1	1902-11-01
1902-10-29	29	1902-11-29
1902-10-29	32	1902-12-02
1902-10-29	365	1903-10-29
1902-10-29	1000	1905-07-22
1902-11-01	-1000	ERR
1902-11-01	-400	1901-09-25
1902-11-01	-32	1902-09-28
1902-11-01	-1	1902-10-29
1902-11-01	1	1902-11-02
1902-11-01	29	1902-11-30
1902-11-01	32	1902-12-03
1902-11-01	365	1903-11-01
1902-11-01	1000	1905-07-23
1902-11-15	-1000	ERR
1902-11-15	-400	1901-10-09
1902-11-15	-32	1902-10-12
1902-11-15	-1	1902-11-14
1902-11-15	1	1902-11-16
1902-11-15	29	1902-12-14
1902-11-15	32	1902-12-17
1902-11-15	365	1903-11-15
1902-11-15	1000	1905-08-07
1902-11-30	-1000	ERR
1902-11-30	-400	1901-10-24
1902-11-30	-32	1902-10-27
1902-11-30	-1	1902-11-29
1902-11-30	1	1902-12-01
1902-11-30	29	1902-12-29
1902-11-30	32	1903-01-02
1902-11-30	365	1903-11-30
1902-11-30	1000	1905-08-22
1902-12-01	-1000	ERR
1902-12-01	-400	1901-10-25
1902-12-01	-32	1902-10-28
1902-12-01	-1	1902-11-30
1902-12-01	1	1902-12-02
1902-12-01	29	1902-12-30
1902-12-01	32	1903-01-03
1902-12-01	365	1903-12-01
1902-12-01	1000	1905-08-23
1902-12-15	-1000	ERR
1902-12-15	-400	1901-11-10
1902-12-15	-32	1902-11-13
1902-12-15	-1	1902-12-14
1902-12-15	1	1902-12-16
1902-12-15	29	1903-01-14
1902-12-15	32	1903-01-17
1902-12-15	365	1903-12-15
1902-12-15	1000	1905-09-08
1902-12-30	-1000	ERR
1902-12-30	-400	1901-11-25
1902-12-30	-32	1902-11-28
1902-12-30	-1	1902-12-29
1902-12-30	1	1903-01-01
1902-12-30	29	1903-01-29
1902-12-30	32	1903-02-01
1902-12-30	365	1903-12-30
1902-12-30	1000	1905-09-23
1903-09-01	-1000	ERR
1903-09-01	-400	1902-07-26
1903-09-01	-32	1903-07-29
1903-09-01	-1	1903-08-30
1903-09-01	1	1903-09-02
1903-09-01	29	1903-10-01
1903-09-01	32	1903-10-04
1903-09-01	365	1904-09-01
1903-09-01	1000	1906-05-26
1903-09-11	-1000	ERR
1903-09-11	-400	1902-08-06
1903-09-11	-32	1903-08-09
1903-09-11	-1	1903-09-10
1903-09-11	1	1903-09-12
1903-09-11	29	1903-10-11
1903-09-11	32	1903-10-14
1903-09-11	365	1904-09-11
1903-09-11	1000	1906-06-05
1904-08-02	-1000	1901-11-10
1904-08-02	-400	1903-06-28
1904-08-02	-32	1904-06-31
1904-08-02	-1	1904-08-01
1904-08-02	1	1904-08-03
1904-08-02	29	1904-09-02
1904-08-02	32	1904-09-05
1904-08-02	365	1905-08-02
1904-08-02	1000	1907-04-30
1904-11-08	-1000	1902-02-13
1904-11-08	-400	1903-10-03
1904-11-08	-32	1904-10-05
1904-11-08	-1	1904-11-07
1904-11-08	1	1904-11-09
1904-11-08	29	1904-12-07
1904-11-08	32	1904-12-10
1904-11-08	365	1905-11-08
1904-11-08	1000	1907-08-01
1904-12-17	-1000	1902-03-20
1904-12-17	-400	1903-11-13
1904-12-17	-32	1904-11-15
1904-12-17	-1	1904-12-16
1904-12-17	1	1904-12-18
1904-12-17	29	1905-01-16
1904-12-17	32	1905-01-19
1904-12-17	365	1905-12-17
1904-12-17	1000	1907-09-10
1905-12-07	-1000	1903-03-10
1905-12-07	-400	1904-11-02
1905-12-07	-32	1905-11-05
1905-12-07	-1	1905-12-06
1905-12-07	1	1905-12-08
1905-12-07	29	1906-01-06
1905-12-07	32	1906-01-09
1905-12-07	365	1906-12-07
1905-12-07	1000	1908-08-29
1906-07-21	-1000	1903-10-28
1906-07-21	-400	1905-06-17
1906-07-21	-32	1906-06-19
1906-07-21	-1	1906-07-20
1906-07-21	1	1906-07-22
1906-07-21	29	1906-08-20
1906-07-21	32	1906-08-23
1906-07-21	365	1907-07-21
1906-07-21	1000	1909-04-18
1906-10-19	-1000	1904-01-25
1906-10-19	-400	1905-09-14
1906-10-19	-32	1906-09-16
1906-10-19	-1	1906-10-18
1906-10-19	1	1906-10-20
1906-10-19	29	1906-11-19
1906-10-19	32	1906-11-22
1906-10-19	365	1907-10-19
1906-10-19	1000	1909-07-12
1908-03-26	-1000	1905-06-28
1908-03-26	-400	1907-02-23
1908-03-26	-32	1908-02-25
1908-03-26	-1	1908-03-25
1908-03-26	1	1908-03-27
1908-03-26	29	1908-04-24
1908-03-26	32	1908-04-27
1908-03-26	365	1909-03-26
1908-03-26	1000	1910-12-23
1908-11-15	-1000	1906-02-20
1908-11-15	-400	1907-10-10
1908-11-15	-32	1908-10-12
1908-11-15	-1	1908-11-14
1908-11-15	1	1908-11-16
1908-11-15	29	1908-12-14
1908-11-15	32	1908-12-17
1908-11-15	365	1909-11-15
1908-11-15	1000	1911-08-08
1909-02-12	-1000	1906-05-13
1909-02-12	-400	1908-01-08
1909-02-12	-32	1909-01-11
1909-02-12	-1	1909-02-11
1909-02-12	1	1909-02-13
1909-02-12	29	1909-03-10
1909-02-12	32	1909-03-13
1909-02-12	365	1910-02-12
1909-02-12	1000	1911-11-07
1909-11-04	-1000	1907-02-09
1909-11-04	-400	1908-09-28
1909-11-04	-32	1909-10-01
1909-11-04	-1	1909-11-03
1909-11-04	1	1909-11-05
1909-11-04	29	1909-12-03
1909-11-04	32	1909-12-06
1909-11-04	365	1910-11-04
1909-11-04	1000	1912-07-26
1910-03-22	-1000	1907-06-24
1910-03-22	-400	1909-02-19
1910-03-22	-32	1910-02-22
1910-03-22	-1	1910-03-21
1910-03-22	1	1910-03-23
1910-03-22	29	1910-04-20
1910-03-22	32	1910-04-23
1910-03-22	365	1911-03-22
1910-03-22	1000	1912-12-19
1911-04-27	-1000	1908-07-29
1911-04-27	-400	1910-03-23
1911-04-27	-32	1911-03-26
1911-04-27	-1	1911-04-26
1911-04-27	1	1911-04-28
1911-04-27	29	1911-05-24
1911-04-27	32	1911-05-27
1911-04-27	365	1912-04-26
1911-04-27	1000	1914-01-25
1911-07-19	-1000	1908-10-25
1911-07-19	-400	1910-06-14
1911-07-19	-32	1911-06-17
1911-07-19	-1	1911-07-18
1911-07-19	1	1911-07-20
1911-07-19	29	1911-08-18
1911-07-19	32	1911-08-21
1911-07-19	365	1912-07-18
1911-07-19	1000	1914-04-16
1912-06-29	-1000	1909-10-05
1912-06-29	-400	1911-05-25
1912-06-29	-32	1912-05-28
1912-06-29	-1	1912-06-28
1912-06-29	1	1912-06-30
1912-06-29	29	1912-07-27
1912-06-29	32	1912-07-30
1912-06-29	365	1913-06-28
1912-06-29	1000	1915-03-27
1913-05-26	-1000	1910-08-30
1913-05-26	-400	1912-04-22
1913-05-26	-32	1913-04-25
1913-05-26	-1	1913-05-25
1913-05-26	1	1913-05-27
1913-05-26	29	1913-06-23
1913-05-26	32	1913-06-26
1913-05-26	365	1914-05-25
1913-05-26	1000	1916-02-24
1913-07-27	-1000	1910-11-05
1913-07-27	-400	1912-06-23
1913-07-27	-32	1913-06-25
1913-07-27	-1	1913-07-26
1913-07-27	1	1913-07-28
1913-07-27	29	1913-08-26
1913-07-27	32	1913-08-29
1913-07-27	365	1914-07-27
1913-07-27	1000	1916-04-24
1913-09-23	-1000	1910-12-30
1913-09-23	-400	1912-08-17
1913-09-23	-32	1913-08-20
1913-09-23	-1	1913-09-22
1913-09-23	1	1913-09-24
1913-09-23	29	1913-10-22
1913-09-23	32	1913-10-25
1913-09-23	365	1914-09-22
1913-09-23	1000	1916-06-17
1914-03-11	-1000	1911-06-13
1914-03-11	-400	1913-02-08
1914-03-11	-32	1914-02-11
1914-03-11	-1	1914-03-10
1914-03-11	1	1914-03-12
1914-03-11	29	1914-04-09
1914-03-11	32	1914-04-12
1914-03-11	365	1915-03-11
1914-03-11	1000	1916-12-08
1914-04-12	-1000	1911-07-15
1914-04-12	-400	1913-03-09
1914-04-12	-32	1914-03-11
1914-04-12	-1	1914-04-11
1914-04-12	1	1914-04-13
1914-04-12	29	1914-05-09
1914-04-12	32	1914-05-12
1914-04-12	365	1915-04-12
1914-04-12	1000	1917-01-10
1914-04-18	-1000	1911-07-21
1914-04-18	-400	1913-03-15
1914-04-18	-32	1914-03-17
1914-04-18	-1	1914-04-17
1914-04-18	1	1914-04-19
1914-04-18	29	1914-05-15
1914-04-18	32	1914-05-18
1914-04-18	365	1915-04-18
1914-04-18	1000	1917-01-16
1916-03-07	-1000	1913-06-08
1916-03-07	-400	1915-02-04
1916-03-07	-32	1916-02-06
1916-03-07	-1	1916-03-06
1916-03-07	1	1916-03-08
1916-03-07	29	1916-04-04
1916-03-07	32	1916-04-07
1916-03-07	365	1917-03-07
1916-03-07	1000	1918-12-04
1916-03-30	-1000	1913-07-01
1916-03-30	-400	1915-02-27
1916-03-30	-32	1916-02-29
1916-03-30	-1	1916-03-29
1916-03-30	1	1916-03-31
1916-03-30	29	1916-04-27
1916-03-30	32	1916-04-30
1916-03-30	365	1917-03-30
1916-03-30	1000	1918-12-27
1916-08-16	-1000	1913-11-24
1916-08-16	-400	1915-07-12
1916-08-16	-32	1916-07-14
1916-08-16	-1	1916-08-15
1916-08-16	1	1916-08-17
1916-08-16	29	1916-09-16
1916-08-16	32	1916-09-19
1916-08-16	365	1917-08-16
1916-08-16	1000	1919-05-12
1917-08-21	-1000	1914-11-29
1917-08-21	-400	1916-07-16
1917-08-21	-32	1917-07-19
1917-08-21	-1	1917-08-20
1917-08-21	1	1917-08-22
1917-08-21	29	1917-09-21
1917-08-21	32	1917-09-24
1917-08-21	365	1918-08-21
1917-08-21	1000	1920-05-17
1920-01-25	-1000	1917-04-27
1920-01-25	-400	1918-12-21
1920-01-25	-32	1919-12-24
1920-01-25	-1	1920-01-24
1920-01-25	1	1920-01-26
1920-01-25	29	1920-02-23
1920-01-25	32	1920-02-26
1920-01-25	365	1921-01-25
1920-01-25	1000	1922-10-19
1921-07-07	-1000	1918-10-14
1921-07-07	-400	1920-06-03
1921-07-07	-32	1921-06-05
1921-07-07	-1	1921-07-06
1921-07-07	1	1921-07-08
1921-07-07	29	1921-08-06
1921-07-07	32	1921-08-09
1921-07-07	365	1922-07-07
1921-07-07	1000	1924-04-04
1922-03-15	-1000	1919-06-17
1922-03-15	-400	1921-02-12
1922-03-15	-32	1922-02-15
1922-03-15	-1	1922-03-14
1922-03-15	1	1922-03-16
1922-03-15	29	1922-04-13
1922-03-15	32	1922-04-16
1922-03-15	365	1923-03-15
1922-03-15	1000	1924-12-12
1924-06-20	-1000	1921-09-26
1924-06-20	-400	1923-05-16
1924-06-20	-32	1924-05-19
1924-06-20	-1	1924-06-19
1924-06-20	1	1924-06-21
1924-06-20	29	1924-07-18
1924-06-20	32	1924-07-21
1924-06-20	365	1925-06-19
1924-06-20	1000	1927-03-18
1925-06-15	-1000	1922-09-21
1925-06-15	-400	1924-05-12
1925-06-15	-32	1925-05-14
1925-06-15	-1	1925-06-14
1925-06-15	1	1925-06-16
1925-06-15	29	1925-07-14
1925-06-15	32	1925-07-17
1925-06-15	365	1926-06-15
1925-06-15	1000	1928-03-14
1927-12-10	-1000	1925-03-14
1927-12-10	-400	1926-11-06
1927-12-10	-32	1927-11-08
1927-12-10	-1	1927-12-09
1927-12-10	1	1927-12-11
1927-12-10	29	1928-01-09
1927-12-10	32	1928-01-12
1927-12-10	365	1928-12-10
1927-12-10	1000	1930-09-03
1929-01-10	-1000	1926-04-12
1929-01-10	-400	1927-12-05
1929-01-10	-32	1928-12-08
1929-01-10	-1	1929-01-09
1929-01-10	1	1929-01-11
1929-01-10	29	1929-02-08
1929-01-10	32	1929-02-11
1929-01-10	365	1930-01-10
1929-01-10	1000	1931-10-03
1930-10-06	-1000	1928-01-12
1930-10-06	-400	1929-09-01
1930-10-06	-32	1930-09-03
1930-10-06	-1	1930-10-05
1930-10-06	1	1930-10-07
1930-10-06	29	1930-11-06
1930-10-06	32	1930-11-09
1930-10-06	365	1931-10-05
1930-10-06	1000	1933-06-29
1931-11-02	-1000	1929-02-07
1931-11-02	-400	1930-09-26
1931-11-02	-32	1931-09-29
1931-11-02	-1	1931-11-01
1931-11-02	1	1931-11-03
1931-11-02	29	1931-12-01
1931-11-02	32	1931-12-04
1931-11-02	365	1932-11-02
1931-11-02	1000	1934-07-25
1932-09-18	-1000	1929-12-25
1932-09-18	-400	1931-08-12
1932-09-18	-32	1932-08-15
1932-09-18	-1	1932-09-17
1932-09-18	1	1932-09-19
1932-09-18	29	1932-10-17
1932-09-18	32	1932-10-20
1932-09-18	365	1933-09-17
1932-09-18	1000	1935-06-12
1933-02-04	-1000	1930-05-05
1933-02-04	-400	1931-12-30
1933-02-04	-32	1933-01-03
1933-02-04	-1	1933-02-03
1933-02-04	1	1933-02-05
1933-02-04	29	1933-03-01
1933-02-04	32	1933-03-04
1933-02-04	365	1934-02-04
1933-02-04	1000	1935-10-28
1934-03-11	-1000	1931-06-13
1934-03-11	-400	1933-02-08
1934-03-11	-32	1934-02-11
1934-03-11	-1	1934-03-10
1934-03-11	1	1934-03-12
1934-03-11	29	1934-04-09
1934-03-11	32	1934-04-12
1934-03-11	365	1935-03-11
1934-03-11	1000	1936-12-08
1935-06-04	-1000	1932-09-10
1935-06-04	-400	1934-04-32
1935-06-04	-32	1935-05-03
1935-06-04	-1	1935-06-03
1935-06-04	1	1935-06-05
1935-06-04	29	1935-07-02
1935-06-04	32	1935-07-05
1935-06-04	365	1936-06-04
1935-06-04	1000	1938-03-02
1937-04-15	-1000	1934-07-18
1937-04-15	-400	1936-03-12
1937-04-15	-32	1937-03-14
1937-04-15	-1	1937-04-14
1937-04-15	1	1937-04-16
1937-04-15	29	1937-05-12
1937-04-15	32	1937-05-15
1937-04-15	365	1938-04-15
1937-04-15	1000	1940-01-13
1937-06-10	-1000	1934-09-16
1937-06-10	-400	1936-05-07
1937-06-10	-32	1937-05-09
1937-06-10	-1	1937-06-09
1937-06-10	1	1937-06-11
1937-06-10	29	1937-07-09
1937-06-10	32	1937-07-12
1937-06-10	365	1938-06-10
1937-06-10	1000	1940-03-09
1938-05-07	-1000	1935-08-11
1938-05-07	-400	1937-04-04
1938-05-07	-32	1938-04-07
1938-05-07	-1	1938-05-06
1938-05-07	1	1938-05-08
1938-05-07	29	1938-06-05
1938-05-07	32	1938-06-08
1938-05-07	365	1939-05-07
1938-05-07	1000	1941-02-06
1938-07-08	-1000	1935-10-14
1938-07-08	-400	1937-06-03
1938-07-08	-32	1938-06-06
1938-07-08	-1	1938-07-07
1938-07-08	1	1938-07-09
1938-07-08	29	1938-08-07
1938-07-08	32	1938-08-10
1938-07-08	365	1939-07-07
1938-07-08	1000	1941-04-05
1939-05-10	-1000	1936-08-14
1939-05-10	-400	1938-04-07
1939-05-10	-32	1939-04-10
1939-05-10	-1	1939-05-09
1939-05-10	1	1939-05-11
1939-05-10	29	1939-06-08
1939-05-10	32	1939-06-11
1939-05-10	365	1940-05-10
1939-05-10	1000	1942-02-09
1941-04-07	-1000	1938-07-10
1941-04-07	-400	1940-03-04
1941-04-07	-32	1941-03-06
1941-04-07	-1	1941-04-06
1941-04-07	1	1941-04-08
1941-04-07	29	1941-05-04
1941-04-07	32	1941-05-07
1941-04-07	365	1942-04-07
1941-04-07	1000	1944-01-05
1941-06-01	-1000	1938-09-07
1941-06-01	-400	1940-04-29
1941-06-01	-32	1941-04-32
1941-06-01	-1	1941-05-31
1941-06-01	1	1941-06-02
1941-06-01	29	1941-06-30
1941-06-01	32	1941-07-03
1941-06-01	365	1942-06-01
1941-06-01	1000	1944-02-31
1941-08-17	-1000	1938-11-24
1941-08-17	-400	1940-07-12
1941-08-17	-32	1941-07-15
1941-08-17	-1	1941-08-16
1941-08-17	1	1941-08-18
1941-08-17	29	1941-09-16
1941-08-17	32	1941-09-19
1941-08-17	365	1942-08-17
1941-08-17	1000	1944-05-13
1943-02-17	-1000	1940-05-19
1943-02-17	-400	1942-01-13
1943-02-17	-32	1943-01-16
1943-02-17	-1	1943-02-16
1943-02-17	1	1943-02-18
1943-02-17	29	1943-03-15
1943-02-17	32	1943-03-18
1943-02-17	365	1944-02-17
1943-02-17	1000	1945-11-13
1943-05-30	-1000	1940-09-05
1943-05-30	-400	1942-04-27
1943-05-30	-32	1943-04-29
1943-05-30	-1	1943-05-29
1943-05-30	1	1943-05-31
1943-05-30	29	1943-06-28
1943-05-30	32	1943-06-31
1943-05-30	365	1944-05-30
1943-05-30	1000	1946-02-29
1943-12-12	-1000	1941-03-15
1943-12-12	-400	1942-11-07
1943-12-12	-32	1943-11-10
1943-12-12	-1	1943-12-11
1943-12-12	1	1943-12-13
1943-12-12	29	1944-01-11
1943-12-12	32	1944-01-14
1943-12-12	365	1944-12-12
1943-12-12	1000	1946-09-05
1945-03-04	-1000	1942-06-06
1945-03-04	-400	1944-02-01
1945-03-04	-32	1945-02-04
1945-03-04	-1	1945-03-03
1945-03-04	1	1945-03-05
1945-03-04	29	1945-04-02
1945-03-04	32	1945-04-05
1945-03-04	365	1946-03-04
1945-03-04	1000	1947-12-01
1945-05-27	-1000	1942-09-02
1945-05-27	-400	1944-04-24
1945-05-27	-32	1945-04-27
1945-05-27	-1	1945-05-26
1945-05-27	1	1945-05-28
1945-05-27	29	1945-06-25
1945-05-27	32	1945-06-28
1945-05-27	365	1946-05-27
1945-05-27	1000	1948-02-26
1945-07-28	-1000	1942-11-05
1945-07-28	-400	1944-06-23
1945-07-28	-32	1945-06-26
1945-07-28	-1	1945-07-27
1945-07-28	1	1945-07-29
1945-07-28	29	1945-08-27
1945-07-28	32	1945-08-30
1945-07-28	365	1946-07-28
1945-07-28	1000	1948-04-25
1946-06-29	-1000	1943-10-05
1946-06-29	-400	1945-05-25
1946-06-29	-32	1946-05-28
1946-06-29	-1	1946-06-28
1946-06-29	1	1946-06-30
1946-06-29	29	1946-07-28
1946-06-29	32	1946-08-01
1946-06-29	365	1947-06-29
1946-06-29	1000	1949-03-27
1947-06-18	-1000	1944-09-24
1947-06-18	-400	1946-05-14
1947-06-18	-32	1947-05-17
1947-06-18	-1	1947-06-17
1947-06-18	1	1947-06-19
1947-06-18	29	1947-07-16
1947-06-18	32	1947-07-19
1947-06-18	365	1948-06-17
1947-06-18	1000	1950-03-16
1947-09-09	-1000	1944-12-16
1947-09-09	-400	1946-08-04
1947-09-09	-32	1947-08-06
1947-09-09	-1	1947-09-08
1947-09-09	1	1947-09-10
1947-09-09	29	1947-10-08
1947-09-09	32	1947-10-11
1947-09-09	365	1948-09-09
1947-09-09	1000	1950-06-03
1949-07-13	-1000	1946-10-20
1949-07-13	-400	1948-06-08
1949-07-13	-32	1949-06-11
1949-07-13	-1	1949-07-12
1949-07-13	1	1949-07-14
1949-07-13	29	1949-08-12
1949-07-13	32	1949-08-15
1949-07-13	365	1950-07-12
1949-07-13	1000	1952-04-10
1950-01-01	-1000	1947-04-03
1950-01-01	-400	1948-11-27
1950-01-01	-32	1949-11-30
1950-01-01	-1	1949-12-31
1950-01-01	1	1950-01-02
1950-01-01	29	1950-01-30
1950-01-01	32	1950-02-02
1950-01-01	365	1951-01-01
1950-01-01	1000	1952-09-25
1950-01-15	-1000	1947-04-17
1950-01-15	-400	1948-12-11
1950-01-15	-32	1949-12-14
1950-01-15	-1	1950-01-14
1950-01-15	1	1950-01-16
1950-01-15	29	1950-02-13
1950-01-15	32	1950-02-16
1950-01-15	365	1951-01-15
1950-01-15	1000	1952-10-09
1950-01-31	-1000	1947-05-02
1950-01-31	-400	1948-12-27
1950-01-31	-32	1949-12-30
1950-01-31	-1	1950-01-30
1950-01-31	1	1950-02-01
1950-01-31	29	1950-02-29
1950-01-31	32	1950-03-01
1950-01-31	365	1951-01-31
1950-01-31	1000	1952-10-25
1950-02-01	-1000	1947-05-03
1950-02-01	-400	1948-12-28
1950-02-01	-32	1949-12-31
1950-02-01	-1	1950-01-31
1950-02-01	1	1950-02-02
1950-02-01	29	1950-02-30
1950-02-01	32	1950-03-02
1950-02-01	365	1951-02-01
1950-02-01	1000	1952-10-26
1950-02-15	-1000	1947-05-17
1950-02-15	-400	1949-01-12
1950-02-15	-32	1950-01-14
1950-02-15	-1	1950-02-14
1950-02-15	1	1950-02-16
1950-02-15	29	1950-03-13
1950-02-15	32	1950-03-16
1950-02-15	365	1951-02-15
1950-02-15	1000	1952-11-11
1950-02-31	-1000	1947-06-02
1950-02-31	-400	1949-01-28
1950-02-31	-32	1950-01-30
1950-02-31	-1	1950-02-30
1950-02-31	1	1950-03-01
1950-02-31	29	1950-03-29
1950-02-31	32	1950-04-01
1950-02-31	365	1951-02-31
1950-02-31	1000	1952-11-27
1950-03-01	-1000	1947-06-03
1950-03-01	-400	1949-01-29
1950-03-01	-32	1950-01-31
1950-03-01	-1	1950-02-31
1950-03-01	1	1950-03-02
1950-03-01	29	1950-03-30
1950-03-01	32	1950-04-02
1950-03-01	365	1951-03-01
1950-03-01	1000	1952-11-28
1950-03-15	-1000	1947-06-17
1950-03-15	-400	1949-02-12
1950-03-15	-32	1950-02-14
1950-03-15	-1	1950-03-14
1950-03-15	1	1950-03-16
1950-03-15	29	1950-04-13
1950-03-15	32	1950-04-16
1950-03-15	365	1951-03-15
1950-03-15	1000	1952-12-12
1950-03-31	-1000	1947-07-02
1950-03-31	-400	1949-02-28
1950-03-31	-32	1950-02-30
1950-03-31	-1	1950-03-30
1950-03-31	1	1950-04-01
1950-03-31	29	1950-04-29
1950-03-31	32	1950-04-32
1950-03-31	365	1951-03-31
1950-03-31	1000	1952-12-28
1950-04-01	-1000	1947-07-03
1950-04-01	-400	1949-02-29
1950-04-01	-32	1950-02-31
1950-04-01	-1	1950-03-31
1950-04-01	1	1950-04-02
1950-04-01	29	1950-04-30
1950-04-01	32	1950-05-01
1950-04-01	365	1951-03-32
1950-04-01	1000	1952-12-29
1950-04-15	-1000	1947-07-17
1950-04-15	-400	1949-03-11
1950-04-15	-32	1950-03-14
1950-04-15	-1	1950-04-14
1950-04-15	1	1950-04-16
1950-04-15	29	1950-05-12
1950-04-15	32	1950-05-15
1950-04-15	365	1951-04-14
1950-04-15	1000	1953-01-13
1950-04-32	-1000	1947-08-04
1950-04-32	-400	1949-03-28
1950-04-32	-32	1950-03-31
1950-04-32	-1	1950-04-31
1950-04-32	1	1950-05-01
1950-04-32	29	1950-05-29
1950-04-32	32	1950-06-01
1950-04-32	365	1951-04-31
1950-04-32	1000	1953-01-30
1950-05-01	-1000	1947-08-05
1950-05-01	-400	1949-03-29
1950-05-01	-32	1950-04-01
1950-05-01	-1	1950-04-32
1950-05-01	1	1950-05-02
1950-05-01	29	1950-05-30
1950-05-01	32	1950-06-02
1950-05-01	365	1951-05-01
1950-05-01	1000	1953-01-31
1950-05-15	-1000	1947-08-19
1950-05-15	-400	1949-04-12
1950-05-15	-32	1950-04-15
1950-05-15	-1	1950-05-14
1950-05-15	1	1950-05-16
1950-05-15	29	1950-06-13
1950-05-15	32	1950-06-16
1950-05-15	365	1951-05-15
1950-05-15	1000	1953-02-14
1950-05-31	-1000	1947-09-06
1950-05-31	-400	1949-04-28
1950-05-31	-32	1950-04-31
1950-05-31	-1	1950-05-30
1950-05-31	1	1950-06-01
1950-05-31	29	1950-06-29
1950-05-31	32	1950-07-01
1950-05-31	365	1951-05-31
1950-05-31	1000	1953-02-30
1950-06-01	-1000	1947-09-07
1950-06-01	-400	1949-04-29
1950-06-01	-32	1950-04-32
1950-06-01	-1	1950-05-31
1950-06-01	1	1950-06-02
1950-06-01	29	1950-06-30
1950-06-01	32	1950-07-02
1950-06-01	365	1951-06-01
1950-06-01	1000	1953-02-31
1950-06-15	-1000	1947-09-21
1950-06-15	-400	1949-05-11
1950-06-15	-32	1950-05-14
1950-06-15	-1	1950-06-14
1950-06-15	1	1950-06-16
1950-06-15	29	1950-07-13
1950-06-15	32	1950-07-16
1950-06-15	365	1951-06-15
1950-06-15	1000	1953-03-13
1950-06-31	-1000	1947-10-07
1950-06-31	-400	1949-05-27
1950-06-31	-32	1950-05-30
1950-06-31	-1	1950-06-30
1950-06-31	1	1950-07-01
1950-06-31	29	1950-07-29
1950-06-31	32	1950-08-03
1950-06-31	365	1951-06-31
1950-06-31	1000	1953-03-29
1950-07-01	-1000	1947-10-08
1950-07-01	-400	1949-05-28
1950-07-01	-32	1950-05-31
1950-07-01	-1	1950-06-31
1950-07-01	1	1950-07-02
1950-07-01	29	1950-08-01
1950-07-01	32	1950-08-04
1950-07-01	365	1951-07-01
1950-07-01	1000	1953-03-30
1950-07-15	-1000	1947-10-22
1950-07-15	-400	1949-06-11
1950-07-15	-32	1950-06-14
1950-07-15	-1	1950-07-14
1950-07-15	1	1950-07-16
1950-07-15	29	1950-08-15
1950-07-15	32	1950-08-18
1950-07-15	365	1951-07-15
1950-07-15	1000	1953-04-13
1950-07-29	-1000	1947-11-07
1950-07-29	-400	1949-06-25
1950-07-29	-32	1950-06-28
1950-07-29	-1	1950-07-28
1950-07-29	1	1950-08-01
1950-07-29	29	1950-08-29
1950-07-29	32	1950-09-02
1950-07-29	365	1951-07-29
1950-07-29	1000	1953-04-27
1950-08-01	-1000	1947-11-08
1950-08-01	-400	1949-06-26
1950-08-01	-32	1950-06-29
1950-08-01	-1	1950-07-29
1950-08-01	1	1950-08-02
1950-08-01	29	1950-08-30
1950-08-01	32	1950-09-03
1950-08-01	365	1951-07-30
1950-08-01	1000	1953-04-28
1950-08-15	-1000	1947-11-22
1950-08-15	-400	1949-07-10
1950-08-15	-32	1950-07-12
1950-08-15	-1	1950-08-14
1950-08-15	1	1950-08-16
1950-08-15	29	1950-09-14
1950-08-15	32	1950-09-17
1950-08-15	365	1951-08-14
1950-08-15	1000	1953-05-10
1950-08-30	-1000	1947-12-07
1950-08-30	-400	1949-07-25
1950-08-30	-32	1950-07-27
1950-08-30	-1	1950-08-29
1950-08-30	1	1950-09-01
1950-08-30	29	1950-09-29
1950-08-30	32	1950-10-02
1950-08-30	365	1951-08-29
1950-08-30	1000	1953-05-25
1950-09-01	-1000	1947-12-08
1950-09-01	-400	1949-07-26
1950-09-01	-32	1950-07-28
1950-09-01	-1	1950-08-30
1950-09-01	1	1950-09-02
1950-09-01	29	1950-09-30
1950-09-01	32	1950-10-03
1950-09-01	365	1951-09-01
1950-09-01	1000	1953-05-26
1950-09-15	-1000	1947-12-22
1950-09-15	-400	1949-08-10
1950-09-15	-32	1950-08-13
1950-09-15	-1	1950-09-14
1950-09-15	1	1950-09-16
1950-09-15	29	1950-10-14
1950-09-15	32	1950-10-17
1950-09-15	365	1951-09-15
1950-09-15	1000	1953-06-09
1950-09-30	-1000	1948-01-07
1950-09-30	-400	1949-08-25
1950-09-30	-32	1950-08-28
1950-09-30	-1	1950-09-29
1950-09-30	1	1950-10-01
1950-09-30	29	1950-10-29
1950-09-30	32	1950-11-03
1950-09-30	365	1951-09-30
1950-09-30	1000	1953-06-24
1950-10-01	-1000	1948-01-08
1950-10-01	-400	1949-08-26
1950-10-01	-32	1950-08-29
1950-10-01	-1	1950-09-30
1950-10-01	1	1950-10-02
1950-10-01	29	1950-11-01
1950-10-01	32	1950-11-04
1950-10-01	365	1951-10-01
1950-10-01	1000	1953-06-25
1950-10-15	-1000	1948-01-22
1950-10-15	-400	1949-09-10
1950-10-15	-32	1950-09-13
1950-10-15	-1	1950-10-14
1950-10-15	1	1950-10-16
1950-10-15	29	1950-11-15
1950-10-15	32	1950-11-18
1950-10-15	365	1951-10-15
1950-10-15	1000	1953-07-09
1950-10-29	-1000	1948-02-05
1950-10-29	-400	1949-09-24
1950-10-29	-32	1950-09-27
1950-10-29	-1	1950-10-28
1950-10-29	1	1950-11-01
1950-10-29	29	1950-11-29
1950-10-29	32	1950-12-03
1950-10-29	365	1951-10-29
1950-10-29	1000	1953-07-23
1950-11-01	-1000	1948-02-06
1950-11-01	-400	1949-09-25
1950-11-01	-32	1950-09-28
1950-11-01	-1	1950-10-29
1950-11-01	1	1950-11-02
1950-11-01	29	1950-12-01
1950-11-01	32	1950-12-04
1950-11-01	365	1951-11-01
1950-11-01	1000	1953-07-24
1950-11-15	-1000	1948-02-20
1950-11-15	-400	1949-10-10
1950-11-15	-32	1950-10-12
1950-11-15	-1	1950-11-14
1950-11-15	1	1950-11-16
1950-11-15	29	1950-12-15
1950-11-15	32	1950-12-18
1950-11-15	365	1951-11-15
1950-11-15	1000	1953-08-08
1950-11-29	-1000	1948-03-03
1950-11-29	-400	1949-10-24
1950-11-29	-32	1950-10-26
1950-11-29	-1	1950-11-28
1950-11-29	1	1950-12-01
1950-11-29	29	1950-12-29
1950-11-29	32	1951-01-01
1950-11-29	365	1951-11-29
1950-11-29	1000	1953-08-22
1950-12-01	-1000	1948-03-04
1950-12-01	-400	1949-10-25
1950-12-01	-32	1950-10-27
1950-12-01	-1	1950-11-29
1950-12-01	1	1950-12-02
1950-12-01	29	1950-12-30
1950-12-01	32	1951-01-02
1950-12-01	365	1951-11-30
1950-12-01	1000	1953-08-23
1950-12-15	-1000	1948-03-18
1950-12-15	-400	1949-11-10
1950-12-15	-32	1950-11-12
1950-12-15	-1	1950-12-14
1950-12-15	1	1950-12-16
1950-12-15	29	1951-01-13
1950-12-15	32	1951-01-16
1950-12-15	365	1951-12-14
1950-12-15	1000	1953-09-07
1950-12-31	-1000	1948-04-02
1950-12-31	-400	1949-11-26
1950-12-31	-32	1950-11-28
1950-12-31	-1	1950-12-30
1950-12-31	1	1951-01-01
1950-12-31	29	1951-01-29
1950-12-31	32	1951-02-01
1950-12-31	365	1951-12-30
1950-12-31	1000	1953-09-23
1951-05-08	-1000	1948-08-12
1951-05-08	-400	1950-04-05
1951-05-08	-32	1951-04-07
1951-05-08	-1	1951-05-07
1951-05-08	1	1951-05-09
1951-05-08	29	1951-06-06
1951-05-08	32	1951-06-09
1951-05-08	365	1952-05-07
1951-05-08	1000	1954-02-06
1952-04-10	-1000	1949-07-13
1952-04-10	-400	1951-03-07
1952-04-10	-32	1952-03-10
1952-04-10	-1	1952-04-09
1952-04-10	1	1952-04-11
1952-04-10	29	1952-05-07
1952-04-10	32	1952-05-10
1952-04-10	365	1953-04-10
1952-04-10	1000	1955-01-08
1952-08-09	-1000	1949-11-17
1952-08-09	-400	1951-07-04
1952-08-09	-32	1952-07-07
1952-08-09	-1	1952-08-08
1952-08-09	1	1952-08-10
1952-08-09	29	1952-09-09
1952-08-09	32	1952-09-12
1952-08-09	365	1953-08-09
1952-08-09	1000	1955-05-05
1952-12-02	-1000	1950-03-05
1952-12-02	-400	1951-10-26
1952-12-02	-32	1952-10-29
1952-12-02	-1	1952-12-01
1952-12-02	1	1952-12-03
1952-12-02	29	1953-01-01
1952-12-02	32	1953-01-04
1952-12-02	365	1953-12-02
1952-12-02	1000	1955-08-24
1955-05-12	-1000	1952-08-16
1955-05-12	-400	1954-04-09
1955-05-12	-32	1955-04-11
1955-05-12	-1	1955-05-11
1955-05-12	1	1955-05-13
1955-05-12	29	1955-06-10
1955-05-12	32	1955-06-13
1955-05-12	365	1956-05-11
1955-05-12	1000	1958-02-10
1955-09-21	-1000	1952-12-28
1955-09-21	-400	1954-08-16
1955-09-21	-32	1955-08-18
1955-09-21	-1	1955-09-20
1955-09-21	1	1955-09-22
1955-09-21	29	1955-10-20
1955-09-21	32	1955-10-23
1955-09-21	365	1956-09-21
1955-09-21	1000	1958-06-15
1955-10-04	-1000	1953-01-11
1955-10-04	-400	1954-08-29
1955-10-04	-32	1955-09-02
1955-10-04	-1	1955-10-03
1955-10-04	1	1955-10-05
1955-10-04	29	1955-11-04
1955-10-04	32	1955-11-07
1955-10-04	365	1956-10-04
1955-10-04	1000	1958-06-28
1955-11-12	-1000	1953-02-17
1955-11-12	-400	1954-10-06
1955-11-12	-32	1955-10-09
1955-11-12	-1	1955-11-11
1955-11-12	1	1955-11-13
1955-11-12	29	1955-12-11
1955-11-12	32	1955-12-14
1955-11-12	365	1956-11-12
1955-11-12	1000	1958-08-05
1956-09-20	-1000	1953-12-27
1956-09-20	-400	1955-08-14
1956-09-20	-32	1956-08-17
1956-09-20	-1	1956-09-19
1956-09-20	1	1956-09-21
1956-09-20	29	1956-10-19
1956-09-20	32	1956-10-22
1956-09-20	365	1957-09-19
1956-09-20	1000	1959-06-14
1956-10-26	-1000	1954-02-01
1956-10-26	-400	1955-09-21
1956-10-26	-32	1956-09-24
1956-10-26	-1	1956-10-25
1956-10-26	1	1956-10-27
1956-10-26	29	1956-11-26
1956-10-26	32	1956-11-29
1956-10-26	365	1957-10-26
1956-10-26	1000	1959-07-19
1957-09-02	-1000	1954-12-09
1957-09-02	-400	1956-07-27
1957-09-02	-32	1957-07-30
1957-09-02	-1	1957-09-01
1957-09-02	1	1957-09-03
1957-09-02	29	1957-10-02
1957-09-02	32	1957-10-05
1957-09-02	365	1958-09-02
1957-09-02	1000	1960-05-27
1958-06-27	-1000	1955-10-03
1958-06-27	-400	1957-05-23
1958-06-27	-32	1958-05-26
1958-06-27	-1	1958-06-26
1958-06-27	1	1958-06-28
1958-06-27	29	1958-07-25
1958-06-27	32	1958-07-28
1958-06-27	365	1959-06-27
1958-06-27	1000	1961-03-25
1960-05-09	-1000	1957-08-14
1960-05-09	-400	1959-04-06
1960-05-09	-32	1960-04-09
1960-05-09	-1	1960-05-08
1960-05-09	1	1960-05-10
1960-05-09	29	1960-06-07
1960-05-09	32	1960-06-10
1960-05-09	365	1961-05-09
1960-05-09	1000	1963-02-08
1960-12-05	-1000	1958-03-08
1960-12-05	-400	1959-10-29
1960-12-05	-32	1960-11-03
1960-12-05	-1	1960-12-04
1960-12-05	1	1960-12-06
1960-12-05	29	1961-01-04
1960-12-05	32	1961-01-07
1960-12-05	365	1961-12-05
1960-12-05	1000	1963-08-27
1964-02-28	-1000	1961-05-29
1964-02-28	-400	1963-01-24
1964-02-28	-32	1964-01-27
1964-02-28	-1	1964-02-27
1964-02-28	1	1964-02-29
1964-02-28	29	1964-03-25
1964-02-28	32	1964-03-28
1964-02-28	365	1965-02-28
1964-02-28	1000	1966-11-23
1965-02-13	-1000	1962-05-14
1965-02-13	-400	1964-01-09
1965-02-13	-32	1965-01-12
1965-02-13	-1	1965-02-12
1965-02-13	1	1965-02-14
1965-02-13	29	1965-03-10
1965-02-13	32	1965-03-13
1965-02-13	365	1966-02-12
1965-02-13	1000	1967-11-08
1965-06-20	-1000	1962-09-26
1965-06-20	-400	1964-05-16
1965-06-20	-32	1965-05-19
1965-06-20	-1	1965-06-19
1965-06-20	1	1965-06-21
1965-06-20	29	1965-07-19
1965-06-20	32	1965-07-22
1965-06-20	365	1966-06-20
1965-06-20	1000	1968-03-18
1965-08-11	-1000	1962-11-18
1965-08-11	-400	1964-07-06
1965-08-11	-32	1965-07-09
1965-08-11	-1	1965-08-10
1965-08-11	1	1965-08-12
1965-08-11	29	1965-09-10
1965-08-11	32	1965-09-13
1965-08-11	365	1966-08-10
1965-08-11	1000	1968-05-06
1966-04-22	-1000	1963-07-24
1966-04-22	-400	1965-03-18
1966-04-22	-32	1966-03-21
1966-04-22	-1	1966-04-21
1966-04-22	1	1966-04-23
1966-04-22	29	1966-05-19
1966-04-22	32	1966-05-22
1966-04-22	365	1967-04-21
1966-04-22	1000	1969-01-20
1966-04-30	-1000	1963-08-02
1966-04-30	-400	1965-03-26
1966-04-30	-32	1966-03-29
1966-04-30	-1	1966-04-29
1966-04-30	1	1966-04-31
1966-04-30	29	1966-05-27
1966-04-30	32	1966-05-30
1966-04-30	365	1967-04-29
1966-04-30	1000	1969-01-28
1966-09-12	-1000	1963-12-19
1966-09-12	-400	1965-08-07
1966-09-12	-32	1966-08-09
1966-09-12	-1	1966-09-11
1966-09-12	1	1966-09-13
1966-09-12	29	1966-10-11
1966-09-12	32	1966-10-14
1966-09-12	365	1967-09-12
1966-09-12	1000	1969-06-06
1969-04-26	-1000	1966-07-28
1969-04-26	-400	1968-03-22
1969-04-26	-32	1969-03-25
1969-04-26	-1	1969-04-25
1969-04-26	1	1969-04-27
1969-04-26	29	1969-05-23
1969-04-26	32	1969-05-26
1969-04-26	365	1970-04-25
1969-04-26	1000	1972-01-24
1970-01-09	-1000	1967-04-11
1970-01-09	-400	1968-12-05
1970-01-09	-32	1969-12-08
1970-01-09	-1	1970-01-08
1970-01-09	1	1970-01-10
1970-01-09	29	1970-02-07
1970-01-09	32	1970-02-10
1970-01-09	365	1971-01-09
1970-01-09	1000	1972-10-03
1971-02-21	-1000	1968-05-22
1971-02-21	-400	1970-01-17
1971-02-21	-32	1971-01-20
1971-02-21	-1	1971-02-20
1971-02-21	1	1971-02-22
1971-02-21	29	1971-03-19
1971-02-21	32	1971-03-22
1971-02-21	365	1972-02-21
1971-02-21	1000	1973-11-16
1972-03-05	-1000	1969-06-07
1972-03-05	-400	1971-02-02
1972-03-05	-32	1972-02-05
1972-03-05	-1	1972-03-04
1972-03-05	1	1972-03-06
1972-03-05	29	1972-04-03
1972-03-05	32	1972-04-06
1972-03-05	365	1973-03-05
1972-03-05	1000	1974-12-02
1974-11-19	-1000	1972-02-24
1974-11-19	-400	1973-10-14
1974-11-19	-32	1974-10-16
1974-11-19	-1	1974-11-18
1974-11-19	1	1974-11-20
1974-11-19	29	1974-12-18
1974-11-19	32	1974-12-21
1974-11-19	365	1975-11-19
1974-11-19	1000	1977-08-12
1975-09-24	-1000	1972-12-31
1975-09-24	-400	1974-08-18
1975-09-24	-32	1975-08-21
1975-09-24	-1	1975-09-23
1975-09-24	1	1975-09-25
1975-09-24	29	1975-10-23
1975-09-24	32	1975-10-26
1975-09-24	365	1976-09-23
1975-09-24	1000	1978-06-18
1977-12-09	-1000	1975-03-12
1977-12-09	-400	1976-11-04
1977-12-09	-32	1977-11-06
1977-12-09	-1	1977-12-08
1977-12-09	1	1977-12-10
1977-12-09	29	1978-01-07
1977-12-09	32	1978-01-10
1977-12-09	365	1978-12-08
1977-12-09	1000	1980-09-01
1978-10-21	-1000	1976-01-28
1978-10-21	-400	1977-09-16
1978-10-21	-32	1978-09-19
1978-10-21	-1	1978-10-20
1978-10-21	1	1978-10-22
1978-10-21	29	1978-11-21
1978-10-21	32	1978-11-24
1978-10-21	365	1979-10-21
1978-10-21	1000	1981-07-14
1979-07-02	-1000	1976-10-09
1979-07-02	-400	1978-05-29
1979-07-02	-32	1979-05-31
1979-07-02	-1	1979-07-01
1979-07-02	1	1979-07-03
1979-07-02	29	1979-08-01
1979-07-02	32	1979-08-04
1979-07-02	365	1980-07-02
1979-07-02	1000	1982-03-31
1980-05-09	-1000	1977-08-14
1980-05-09	-400	1979-04-06
1980-05-09	-32	1980-04-09
1980-05-09	-1	1980-05-08
1980-05-09	1	1980-05-10
1980-05-09	29	1980-06-07
1980-05-09	32	1980-06-10
1980-05-09	365	1981-05-09
1980-05-09	1000	1983-02-08
1980-12-18	-1000	1978-03-21
1980-12-18	-400	1979-11-13
1980-12-18	-32	1980-11-16
1980-12-18	-1	1980-12-17
1980-12-18	1	1980-12-19
1980-12-18	29	1981-01-16
1980-12-18	32	1981-01-19
1980-12-18	365	1981-12-18
1980-12-18	1000	1983-09-11
1981-12-05	-1000	1979-03-08
1981-12-05	-400	1980-10-29
1981-12-05	-32	1981-11-02
1981-12-05	-1	1981-12-04
1981-12-05	1	1981-12-06
1981-12-05	29	1982-01-03
1981-12-05	32	1982-01-06
1981-12-05	365	1982-12-04
1981-12-05	1000	1984-08-27
1983-11-10	-1000	1981-02-14
1983-11-10	-400	1982-10-04
1983-11-10	-32	1983-10-07
1983-11-10	-1	1983-11-09
1983-11-10	1	1983-11-11
1983-11-10	29	1983-12-09
1983-11-10	32	1983-12-12
1983-11-10	365	1984-11-10
1983-11-10	1000	1986-08-02
1984-07-16	-1000	1981-10-22
1984-07-16	-400	1983-06-11
1984-07-16	-32	1984-06-14
1984-07-16	-1	1984-07-15
1984-07-16	1	1984-07-17
1984-07-16	29	1984-08-15
1984-07-16	32	1984-08-18
1984-07-16	365	1985-07-15
1984-07-16	1000	1987-04-13
1984-11-14	-1000	1982-02-18
1984-11-14	-400	1983-10-08
1984-11-14	-32	1984-10-11
1984-11-14	-1	1984-11-13
1984-11-14	1	1984-11-15
1984-11-14	29	1984-12-13
1984-11-14	32	1984-12-16
1984-11-14	365	1985-11-13
1984-11-14	1000	1987-08-06
1987-07-16	-1000	1984-10-23
1987-07-16	-400	1986-06-12
1987-07-16	-32	1987-06-14
1987-07-16	-1	1987-07-15
1987-07-16	1	1987-07-17
1987-07-16	29	1987-08-15
1987-07-16	32	1987-08-18
1987-07-16	365	1988-07-16
1987-07-16	1000	1990-04-13
1987-07-30	-1000	1984-11-08
1987-07-30	-400	1986-06-26
1987-07-30	-32	1987-06-28
1987-07-30	-1	1987-07-29
1987-07-30	1	1987-08-01
1987-07-30	29	1987-08-29
1987-07-30	32	1987-09-03
1987-07-30	365	1988-07-30
1987-07-30	1000	1990-04-27
1987-12-20	-1000	1985-03-23
1987-12-20	-400	1986-11-15
1987-12-20	-32	1987-11-18
1987-12-20	-1	1987-12-19
1987-12-20	1	1987-12-21
1987-12-20	29	1988-01-19
1987-12-20	32	1988-01-22
1987-12-20	365	1988-12-20
1987-12-20	1000	1990-09-13
1988-02-10	-1000	1985-05-11
1988-02-10	-400	1987-01-06
1988-02-10	-32	1988-01-09
1988-02-10	-1	1988-02-09
1988-02-10	1	1988-02-11
1988-02-10	29	1988-03-07
1988-02-10	32	1988-03-10
1988-02-10	365	1989-02-09
1988-02-10	1000	1990-11-05
1989-02-19	-1000	1986-05-21
1989-02-19	-400	1988-01-16
1989-02-19	-32	1989-01-18
1989-02-19	-1	1989-02-18
1989-02-19	1	1989-02-20
1989-02-19	29	1989-03-17
1989-02-19	32	1989-03-20
1989-02-19	365	1990-02-19
1989-02-19	1000	1991-11-15
1989-07-19	-1000	1986-10-26
1989-07-19	-400	1988-06-15
1989-07-19	-32	1989-06-18
1989-07-19	-1	1989-07-18
1989-07-19	1	1989-07-20
1989-07-19	29	1989-08-18
1989-07-19	32	1989-08-21
1989-07-19	365	1990-07-19
1989-07-19	1000	1992-04-17
1989-11-17	-1000	1987-02-22
1989-11-17	-400	1988-10-12
1989-11-17	-32	1989-10-14
1989-11-17	-1	1989-11-16
1989-11-17	1	1989-11-18
1989-11-17	29	1989-12-16
1989-11-17	32	1989-12-19
1989-11-17	365	1990-11-17
1989-11-17	1000	1992-08-10
1989-11-29	-1000	1987-03-02
1989-11-29	-400	1988-10-24
1989-11-29	-32	1989-10-26
1989-11-29	-1	1989-11-28
1989-11-29	1	1989-11-30
1989-11-29	29	1989-12-28
1989-11-29	32	1990-01-01
1989-11-29	365	1990-11-29
1989-11-29	1000	1992-08-22
1990-03-14	-1000	1987-06-15
1990-03-14	-400	1989-02-10
1990-03-14	-32	1990-02-13
1990-03-14	-1	1990-03-13
1990-03-14	1	1990-03-15
1990-03-14	29	1990-04-11
1990-03-14	32	1990-04-14
1990-03-14	365	1991-03-13
1990-03-14	1000	1992-12-11
1993-02-25	-1000	1990-05-27
1993-02-25	-400	1992-01-22
1993-02-25	-32	1993-01-24
1993-02-25	-1	1993-02-24
1993-02-25	1	1993-02-26
1993-02-25	29	1993-03-23
1993-02-25	32	1993-03-26
1993-02-25	365	1994-02-25
1993-02-25	1000	1995-11-21
1994-01-31	-1000	1991-05-01
1994-01-31	-400	1992-12-27
1994-01-31	-32	1993-12-29
1994-01-31	-1	1994-01-30
1994-01-31	1	1994-02-01
1994-01-31	29	1994-02-29
1994-01-31	32	1994-03-01
1994-01-31	365	1995-01-31
1994-01-31	1000	1996-10-25
1994-05-25	-1000	1991-08-29
1994-05-25	-400	1993-04-22
1994-05-25	-32	1994-04-24
1994-05-25	-1	1994-05-24
1994-05-25	1	1994-05-26
1994-05-25	29	1994-06-23
1994-05-25	32	1994-06-26
1994-05-25	365	1995-05-24
1994-05-25	1000	1997-02-23
1994-10-12	-1000	1992-01-19
1994-10-12	-400	1993-09-07
1994-10-12	-32	1994-09-10
1994-10-12	-1	1994-10-11
1994-10-12	1	1994-10-13
1994-10-12	29	1994-11-12
1994-10-12	32	1994-11-15
1994-10-12	365	1995-10-12
1994-10-12	1000	1997-07-05
1996-09-28	-1000	1994-01-05
1996-09-28	-400	1995-08-23
1996-09-28	-32	1996-08-26
1996-09-28	-1	1996-09-27
1996-09-28	1	1996-09-29
1996-09-28	29	1996-10-28
1996-09-28	32	1996-11-01
1996-09-28	365	1997-09-28
1996-09-28	1000	1999-06-22
1997-01-26	-1000	1994-04-28
1997-01-26	-400	1995-12-22
1997-01-26	-32	1996-12-25
1997-01-26	-1	1997-01-25
1997-01-26	1	1997-01-27
1997-01-26	29	1997-02-24
1997-01-26	32	1997-02-27
1997-01-26	365	1998-01-26
1997-01-26	1000	1999-10-20
1997-03-30	-1000	1994-07-01
1997-03-30	-400	1996-02-27
1997-03-30	-32	1997-02-29
1997-03-30	-1	1997-03-29
1997-03-30	1	1997-03-31
1997-03-30	29	1997-04-27
1997-03-30	32	1997-04-30
1997-03-30	365	1998-03-30
1997-03-30	1000	1999-12-27
1997-10-27	-1000	1995-02-03
1997-10-27	-400	1996-09-22
1997-10-27	-32	1997-09-25
1997-10-27	-1	1997-10-26
1997-10-27	1	1997-10-28
1997-10-27	29	1997-11-27
1997-10-27	32	1997-11-30
1997-10-27	365	1998-10-27
1997-10-27	1000	2000-07-21
2000-01-01	-1000	1997-04-03
2000-01-01	-400	1998-11-27
2000-01-01	-32	1999-11-30
2000-01-01	-1	1999-12-31
2000-01-01	1	2000-01-02
2000-01-01	29	2000-01-30
2000-01-01	32	2000-02-03
2000-01-01	365	2001-01-01
2000-01-01	1000	2002-09-25
2000-01-15	-1000	1997-04-17
2000-01-15	-400	1998-12-11
2000-01-15	-32	1999-12-14
2000-01-15	-1	2000-01-14
2000-01-15	1	2000-01-16
2000-01-15	29	2000-02-14
2000-01-15	32	2000-02-17
2000-01-15	365	2001-01-15
2000-01-15	1000	2002-10-09
2000-01-30	-1000	1997-05-01
2000-01-30	-400	1998-12-26
2000-01-30	-32	1999-12-29
2000-01-30	-1	2000-01-29
2000-01-30	1	2000-02-01
2000-01-30	29	2000-02-29
2000-01-30	32	2000-02-32
2000-01-30	365	2001-01-30
2000-01-30	1000	2002-10-24
2000-02-01	-1000	1997-05-02
2000-02-01	-400	1998-12-27
2000-02-01	-32	1999-12-30
2000-02-01	-1	2000-01-30
2000-02-01	1	2000-02-02
2000-02-01	29	2000-02-30
2000-02-01	32	2000-03-01
2000-02-01	365	2001-01-31
2000-02-01	1000	2002-10-25
2000-02-15	-1000	1997-05-16
2000-02-15	-400	1999-01-11
2000-02-15	-32	2000-01-13
2000-02-15	-1	2000-02-14
2000-02-15	1	2000-02-16
2000-02-15	29	2000-03-12
2000-02-15	32	2000-03-15
2000-02-15	365	2001-02-14
2000-02-15	1000	2002-11-10
2000-02-32	-1000	1997-06-02
2000-02-32	-400	1999-01-28
2000-02-32	-32	2000-01-30
2000-02-32	-1	2000-02-31
2000-02-32	1	2000-03-01
2000-02-32	29	2000-03-29
2000-02-32	32	2000-04-01
2000-02-32	365	2001-02-31
2000-02-32	1000	2002-11-27
2000-03-01	-1000	1997-06-03
2000-03-01	-400	1999-01-29
2000-03-01	-32	2000-02-01
2000-03-01	-1	2000-02-32
2000-03-01	1	2000-03-02
2000-03-01	29	2000-03-30
2000-03-01	32	2000-04-02
2000-03-01	365	2001-03-01
2000-03-01	1000	2002-11-28
2000-03-15	-1000	1997-06-17
2000-03-15	-400	1999-02-12
2000-03-15	-32	2000-02-15
2000-03-15	-1	2000-03-14
2000-03-15	1	2000-03-16
2000-03-15	29	2000-04-13
2000-03-15	32	2000-04-16
2000-03-15	365	2001-03-15
2000-03-15	1000	2002-12-12
2000-03-31	-1000	1997-07-02
2000-03-31	-400	1999-02-28
2000-03-31	-32	2000-02-31
2000-03-31	-1	2000-03-30
2000-03-31	1	2000-04-01
2000-03-31	29	2000-04-29
2000-03-31	32	2000-04-32
2000-03-31	365	2001-03-31
2000-03-31	1000	2002-12-28
2000-04-01	-1000	1997-07-03
2000-04-01	-400	1999-02-29
2000-04-01	-32	2000-02-32
2000-04-01	-1	2000-03-31
2000-04-01	1	2000-04-02
2000-04-01	29	2000-04-30
2000-04-01	32	2000-05-01
2000-04-01	365	2001-03-32
2000-04-01	1000	2002-12-29
2000-04-15	-1000	1997-07-17
2000-04-15	-400	1999-03-11
2000-04-15	-32	2000-03-14
2000-04-15	-1	2000-04-14
2000-04-15	1	2000-04-16
2000-04-15	29	2000-05-12
2000-04-15	32	2000-05-15
2000-04-15	365	2001-04-14
2000-04-15	1000	2003-01-13
2000-04-32	-1000	1997-08-04
2000-04-32	-400	1999-03-28
2000-04-32	-32	2000-03-31
2000-04-32	-1	2000-04-31
2000-04-32	1	2000-05-01
2000-04-32	29	2000-05-29
2000-04-32	32	2000-06-01
2000-04-32	365	2001-04-31
2000-04-32	1000	2003-01-30
2000-05-01	-1000	1997-08-05
2000-05-01	-400	1999-03-29
2000-05-01	-32	2000-04-01
2000-05-01	-1	2000-04-32
2000-05-01	1	2000-05-02
2000-05-01	29	2000-05-30
2000-05-01	32	2000-06-02
2000-05-01	365	2001-05-01
2000-05-01	1000	2003-01-31
2000-05-15	-1000	1997-08-19
2000-05-15	-400	1999-04-12
2000-05-15	-32	2000-04-15
2000-05-15	-1	2000-05-14
2000-05-15	1	2000-05-16
2000-05-15	29	2000-06-13
2000-05-15	32	2000-06-16
2000-05-15	365	2001-05-15
2000-05-15	1000	2003-02-14
2000-05-31	-1000	1997-09-06
2000-05-31	-400	1999-04-28
2000-05-31	-32	2000-04-31
2000-05-31	-1	2000-05-30
2000-05-31	1	2000-06-01
2000-05-31	29	2000-06-29
2000-05-31	32	2000-07-02
2000-05-31	365	2001-05-31
2000-05-31	1000	2003-02-30
2000-06-01	-1000	1997-09-07
2000-06-01	-400	1999-04-29
2000-06-01	-32	2000-04-32
2000-06-01	-1	2000-05-31
2000-06-01	1	2000-06-02
2000-06-01	29	2000-06-30
2000-06-01	32	2000-07-03
2000-06-01	365	2001-06-01
2000-06-01	1000	2003-02-31
2000-06-15	-1000	1997-09-21
2000-06-15	-400	1999-05-11
2000-06-15	-32	2000-05-14
2000-06-15	-1	2000-06-14
2000-06-15	1	2000-06-16
2000-06-15	29	2000-07-14
2000-06-15	32	2000-07-17
2000-06-15	365	2001-06-15
2000-06-15	1000	2003-03-13
2000-06-30	-1000	1997-10-06
2000-06-30	-400	1999-05-26
2000-06-30	-32	2000-05-29
2000-06-30	-1	2000-06-29
2000-06-30	1	2000-07-01
2000-06-30	29	2000-07-29
2000-06-30	32	2000-08-02
2000-06-30	365	2001-06-30
2000-06-30	1000	2003-03-28
2000-07-01	-1000	1997-10-07
2000-07-01	-400	1999-05-27
2000-07-01	-32	2000-05-30
2000-07-01	-1	2000-06-30
2000-07-01	1	2000-07-02
2000-07-01	29	2000-07-30
2000-07-01	32	2000-08-03
2000-07-01	365	2001-06-31
2000-07-01	1000	2003-03-29
2000-07-03	-1000	1997-10-09
2000-07-03	-400	1999-05-29
2000-07-03	-32	2000-06-01
2000-07-03	-1	2000-07-02
2000-07-03	1	2000-07-04
2000-07-03	29	2000-08-02
2000-07-03	32	2000-08-05
2000-07-03	365	2001-07-02
2000-07-03	1000	2003-03-31
2000-07-15	-1000	1997-10-21
2000-07-15	-400	1999-06-10
2000-07-15	-32	2000-06-13
2000-07-15	-1	2000-07-14
2000-07-15	1	2000-07-16
2000-07-15	29	2000-08-14
2000-07-15	32	2000-08-17
2000-07-15	365	2001-07-14
2000-07-15	1000	2003-04-12
2000-07-30	-1000	1997-11-07
2000-07-30	-400	1999-06-25
2000-07-30	-32	2000-06-28
2000-07-30	-1	2000-07-29
2000-07-30	1	2000-08-01
2000-07-30	29	2000-08-29
2000-07-30	32	2000-09-02
2000-07-30	365	2001-07-29
2000-07-30	1000	2003-04-27
2000-08-01	-1000	1997-11-08
2000-08-01	-400	1999-06-26
2000-08-01	-32	2000-06-29
2000-08-01	-1	2000-07-30
2000-08-01	1	2000-08-02
2000-08-01	29	2000-08-30
2000-08-01	32	2000-09-03
2000-08-01	365	2001-07-30
2000-08-01	1000	2003-04-28
2000-08-15	-1000	1997-11-22
2000-08-15	-400	1999-07-10
2000-08-15	-32	2000-07-13
2000-08-15	-1	2000-08-14
2000-08-15	1	2000-08-16
2000-08-15	29	2000-09-14
2000-08-15	32	2000-09-17
2000-08-15	365	2001-08-14
2000-08-15	1000	2003-05-10
2000-08-18	-1000	1997-11-25
2000-08-18	-400	1999-07-13
2000-08-18	-32	2000-07-16
2000-08-18	-1	2000-08-17
2000-08-18	1	2000-08-19
2000-08-18	29	2000-09-17
2000-08-18	32	2000-09-20
2000-08-18	365	2001-08-17
2000-08-18	1000	2003-05-13
2000-08-30	-1000	1997-12-07
2000-08-30	-400	1999-07-25
2000-08-30	-32	2000-07-28
2000-08-30	-1	2000-08-29
2000-08-30	1	2000-09-01
2000-08-30	29	2000-09-29
2000-08-30	32	2000-10-03
2000-08-30	365	2001-08-29
2000-08-30	1000	2003-05-25
2000-09-01	-1000	1997-12-08
2000-09-01	-400	1999-07-26
2000-09-01	-32	2000-07-29
2000-09-01	-1	2000-08-30
2000-09-01	1	2000-09-02
2000-09-01	29	2000-10-01
2000-09-01	32	2000-10-04
2000-09-01	365	2001-09-01
2000-09-01	1000	2003-05-26
2000-09-15	-1000	1997-12-22
2000-09-15	-400	1999-08-10
2000-09-15	-32	2000-08-13
2000-09-15	-1	2000-09-14
2000-09-15	1	2000-09-16
2000-09-15	29	2000-10-15
2000-09-15	32	2000-10-18
2000-09-15	365	2001-09-15
2000-09-15	1000	2003-06-09
2000-09-29	-1000	1998-01-06
2000-09-29	-400	1999-08-24
2000-09-29	-32	2000-08-27
2000-09-29	-1	2000-09-28
2000-09-29	1	2000-10-01
2000-09-29	29	2000-10-29
2000-09-29	32	2000-11-02
2000-09-29	365	2001-09-29
2000-09-29	1000	2003-06-23
2000-10-01	-1000	1998-01-07
2000-10-01	-400	1999-08-25
2000-10-01	-32	2000-08-28
2000-10-01	-1	2000-09-29
2000-10-01	1	2000-10-02
2000-10-01	29	2000-10-30
2000-10-01	32	2000-11-03
2000-10-01	365	2001-09-30
2000-10-01	1000	2003-06-24
2000-10-15	-1000	1998-01-21
2000-10-15	-400	1999-09-09
2000-10-15	-32	2000-09-12
2000-10-15	-1	2000-10-14
2000-10-15	1	2000-10-16
2000-10-15	29	2000-11-14
2000-10-15	32	2000-11-17
2000-10-15	365	2001-10-14
2000-10-15	1000	2003-07-08
2000-10-28	-1000	1998-02-03
2000-10-28	-400	1999-09-22
2000-10-28	-32	2000-09-25
2000-10-28	-1	2000-10-27
2000-10-28	1	2000-10-29
2000-10-28	29	2000-11-27
2000-10-28	32	2000-12-01
2000-10-28	365	2001-10-27
2000-10-28	1000	2003-07-21
2000-10-30	-1000	1998-02-05
2000-10-30	-400	1999-09-24
2000-10-30	-32	2000-09-27
2000-10-30	-1	2000-10-29
2000-10-30	1	2000-11-01
2000-10-30	29	2000-11-29
2000-10-30	32	2000-12-03
2000-10-30	365	2001-10-29
2000-10-30	1000	2003-07-23
2000-11-01	-1000	1998-02-06
2000-11-01	-400	1999-09-25
2000-11-01	-32	2000-09-28
2000-11-01	-1	2000-10-30
2000-11-01	1	2000-11-02
2000-11-01	29	2000-12-01
2000-11-01	32	2000-12-04
2000-11-01	365	2001-11-01
2000-11-01	1000	2003-07-24
2000-11-15	-1000	1998-02-20
2000-11-15	-400	1999-10-10
2000-11-15	-32	2000-10-13
2000-11-15	-1	2000-11-14
2000-11-15	1	2000-11-16
2000-11-15	29	2000-12-15
2000-11-15	32	2000-12-18
2000-11-15	365	2001-11-15
2000-11-15	1000	2003-08-08
2000-11-29	-1000	1998-03-03
2000-11-29	-400	1999-10-24
2000-11-29	-32	2000-10-27
2000-11-29	-1	2000-11-28
2000-11-29	1	2000-12-01
2000-11-29	29	2000-12-29
2000-11-29	32	2001-01-01
2000-11-29	365	2001-11-29
2000-11-29	1000	2003-08-22
2000-12-01	-1000	1998-03-04
2000-12-01	-400	1999-10-25
2000-12-01	-32	2000-10-28
2000-12-01	-1	2000-11-29
2000-12-01	1	2000-12-02
2000-12-01	29	2000-12-30
2000-12-01	32	2001-01-02
2000-12-01	365	2001-11-30
2000-12-01	1000	2003-08-23
2000-12-15	-1000	1998-03-18
2000-12-15	-400	1999-11-10
2000-12-15	-32	2000-11-12
2000-12-15	-1	2000-12-14
2000-12-15	1	2000-12-16
2000-12-15	29	2001-01-13
2000-12-15	32	2001-01-16
2000-12-15	365	2001-12-14
2000-12-15	1000	2003-09-07
2000-12-31	-1000	1998-04-02
2000-12-31	-400	1999-11-26
2000-12-31	-32	2000-11-28
2000-12-31	-1	2000-12-30
2000-12-31	1	2001-01-01
2000-12-31	29	2001-01-29
2000-12-31	32	2001-02-01
2000-12-31	365	2001-12-30
2000-12-31	1000	2003-09-23
2001-01-01	-1000	1998-04-03
2001-01-01	-400	1999-11-27
2001-01-01	-32	2000-11-29
2001-01-01	-1	2000-12-31
2001-01-01	1	2001-01-02
2001-01-01	29	2001-01-30
2001-01-01	32	2001-02-02
2001-01-01	365	2002-01-01
2001-01-01	1000	2003-09-24
2001-01-15	-1000	1998-04-17
2001-01-15	-400	1999-12-11
2001-01-15	-32	2000-12-14
2001-01-15	-1	2001-01-14
2001-01-15	1	2001-01-16
2001-01-15	29	2001-02-13
2001-01-15	32	2001-02-16
2001-01-15	365	2002-01-15
2001-01-15	1000	2003-10-09
2001-01-31	-1000	1998-05-02
2001-01-31	-400	1999-12-27
2001-01-31	-32	2000-12-30
2001-01-31	-1	2001-01-30
2001-01-31	1	2001-02-01
2001-01-31	29	2001-02-29
2001-01-31	32	2001-03-01
2001-01-31	365	2002-01-31
2001-01-31	1000	2003-10-25
2001-02-01	-1000	1998-05-03
2001-02-01	-400	1999-12-28
2001-02-01	-32	2000-12-31
2001-02-01	-1	2001-01-31
2001-02-01	1	2001-02-02
2001-02-01	29	2001-02-30
2001-02-01	32	2001-03-02
2001-02-01	365	2002-02-01
2001-02-01	1000	2003-10-26
2001-02-15	-1000	1998-05-17
2001-02-15	-400	2000-01-11
2001-02-15	-32	2001-01-14
2001-02-15	-1	2001-02-14
2001-02-15	1	2001-02-16
2001-02-15	29	2001-03-13
2001-02-15	32	2001-03-16
2001-02-15	365	2002-02-15
2001-02-15	1000	2003-11-11
2001-02-31	-1000	1998-06-01
2001-02-31	-400	2000-01-27
2001-02-31	-32	2001-01-30
2001-02-31	-1	2001-02-30
2001-02-31	1	2001-03-01
2001-02-31	29	2001-03-29
2001-02-31	32	2001-03-32
2001-02-31	365	2002-02-31
2001-02-31	1000	2003-11-27
2001-03-01	-1000	1998-06-02
2001-03-01	-400	2000-01-28
2001-03-01	-32	2001-01-31
2001-03-01	-1	2001-02-31
2001-03-01	1	2001-03-02
2001-03-01	29	2001-03-30
2001-03-01	32	2001-04-01
2001-03-01	365	2002-03-01
2001-03-01	1000	2003-11-28
2001-03-15	-1000	1998-06-16
2001-03-15	-400	2000-02-12
2001-03-15	-32	2001-02-14
2001-03-15	-1	2001-03-14
2001-03-15	1	2001-03-16
2001-03-15	29	2001-04-12
2001-03-15	32	2001-04-15
2001-03-15	365	2002-03-15
2001-03-15	1000	2003-12-12
2001-03-32	-1000	1998-07-03
2001-03-32	-400	2000-02-29
2001-03-32	-32	2001-02-31
2001-03-32	-1	2001-03-31
2001-03-32	1	2001-04-01
2001-03-32	29	2001-04-29
2001-03-32	32	2001-05-01
2001-03-32	365	2002-03-32
2001-03-32	1000	2003-12-29
2001-04-01	-1000	1998-07-04
2001-04-01	-400	2000-02-30
2001-04-01	-32	2001-03-01
2001-04-01	-1	2001-03-32
2001-04-01	1	2001-04-02
2001-04-01	29	2001-04-30
2001-04-01	32	2001-05-02
2001-04-01	365	2002-04-01
2001-04-01	1000	2003-12-30
2001-04-15	-1000	1998-07-18
2001-04-15	-400	2000-03-12
2001-04-15	-32	2001-03-15
2001-04-15	-1	2001-04-14
2001-04-15	1	2001-04-16
2001-04-15	29	2001-05-13
2001-04-15	32	2001-05-16
2001-04-15	365	2002-04-15
2001-04-15	1000	2004-01-13
2001-04-31	-1000	1998-08-04
2001-04-31	-400	2000-03-28
2001-04-31	-32	2001-03-31
2001-04-31	-1	2001-04-30
2001-04-31	1	2001-05-01
2001-04-31	29	2001-05-29
2001-04-31	32	2001-06-01
2001-04-31	365	2002-04-31
2001-04-31	1000	2004-01-29
2001-05-01	-1000	1998-08-05
2001-05-01	-400	2000-03-29
2001-05-01	-32	2001-03-32
2001-05-01	-1	2001-04-31
2001-05-01	1	2001-05-02
2001-05-01	29	2001-05-30
2001-05-01	32	2001-06-02
2001-05-01	365	2002-04-32
2001-05-01	1000	2004-01-30
2001-05-15	-1000	1998-08-19
2001-05-15	-400	2000-04-12
2001-05-15	-32	2001-04-14
2001-05-15	-1	2001-05-14
2001-05-15	1	2001-05-16
2001-05-15	29	2001-06-13
2001-05-15	32	2001-06-16
2001-05-15	365	2002-05-14
2001-05-15	1000	2004-02-14
2001-05-31	-1000	1998-09-06
2001-05-31	-400	2000-04-28
2001-05-31	-32	2001-04-30
2001-05-31	-1	2001-05-30
2001-05-31	1	2001-06-01
2001-05-31	29	2001-06-29
2001-05-31	32	2001-07-01
2001-05-31	365	2002-05-30
2001-05-31	1000	2004-02-30
2001-06-01	-1000	1998-09-07
2001-06-01	-400	2000-04-29
2001-06-01	-32	2001-04-31
2001-06-01	-1	2001-05-31
2001-06-01	1	2001-06-02
2001-06-01	29	2001-06-30
2001-06-01	32	2001-07-02
2001-06-01	365	2002-05-31
2001-06-01	1000	2004-02-31
2001-06-15	-1000	1998-09-21
2001-06-15	-400	2000-05-11
2001-06-15	-32	2001-05-14
2001-06-15	-1	2001-06-14
2001-06-15	1	2001-06-16
2001-06-15	29	2001-07-13
2001-06-15	32	2001-07-16
2001-06-15	365	2002-06-14
2001-06-15	1000	2004-03-13
2001-06-31	-1000	1998-10-07
2001-06-31	-400	2000-05-27
2001-06-31	-32	2001-05-30
2001-06-31	-1	2001-06-30
2001-06-31	1	2001-07-01
2001-06-31	29	2001-07-29
2001-06-31	32	2001-08-02
2001-06-31	365	2002-06-30
2001-06-31	1000	2004-03-29
2001-07-01	-1000	1998-10-08
2001-07-01	-400	2000-05-28
2001-07-01	-32	2001-05-31
2001-07-01	-1	2001-06-31
2001-07-01	1	2001-07-02
2001-07-01	29	2001-07-30
2001-07-01	32	2001-08-03
2001-07-01	365	2002-07-01
2001-07-01	1000	2004-03-30
2001-07-15	-1000	1998-10-22
2001-07-15	-400	2000-06-11
2001-07-15	-32	2001-06-14
2001-07-15	-1	2001-07-14
2001-07-15	1	2001-07-16
2001-07-15	29	2001-08-14
2001-07-15	32	2001-08-17
2001-07-15	365	2002-07-15
2001-07-15	1000	2004-04-13
2001-07-30	-1000	1998-11-08
2001-07-30	-400	2000-06-26
2001-07-30	-32	2001-06-29
2001-07-30	-1	2001-07-29
2001-07-30	1	2001-08-01
2001-07-30	29	2001-08-29
2001-07-30	32	2001-09-03
2001-07-30	365	2002-07-30
2001-07-30	1000	2004-04-28
2001-08-01	-1000	1998-11-09
2001-08-01	-400	2000-06-27
2001-08-01	-32	2001-06-30
2001-08-01	-1	2001-07-30
2001-08-01	1	2001-08-02
2001-08-01	29	2001-09-01
2001-08-01	32	2001-09-04
2001-08-01	365	2002-08-01
2001-08-01	1000	2004-04-29
2001-08-15	-1000	1998-11-23
2001-08-15	-400	2000-07-11
2001-08-15	-32	2001-07-13
2001-08-15	-1	2001-08-14
2001-08-15	1	2001-08-16
2001-08-15	29	2001-09-15
2001-08-15	32	2001-09-18
2001-08-15	365	2002-08-15
2001-08-15	1000	2004-05-11
2001-08-29	-1000	1998-12-07
2001-08-29	-400	2000-07-25
2001-08-29	-32	2001-07-27
2001-08-29	-1	2001-08-28
2001-08-29	1	2001-09-01
2001-08-29	29	2001-09-29
2001-08-29	32	2001-10-02
2001-08-29	365	2002-08-29
2001-08-29	1000	2004-05-25
2001-09-01	-1000	1998-12-08
2001-09-01	-400	2000-07-26
2001-09-01	-32	2001-07-28
2001-09-01	-1	2001-08-29
2001-09-01	1	2001-09-02
2001-09-01	29	2001-09-30
2001-09-01	32	2001-10-03
2001-09-01	365	2002-09-01
2001-09-01	1000	2004-05-26
2001-09-15	-1000	1998-12-22
2001-09-15	-400	2000-08-10
2001-09-15	-32	2001-08-12
2001-09-15	-1	2001-09-14
2001-09-15	1	2001-09-16
2001-09-15	29	2001-10-14
2001-09-15	32	2001-10-17
2001-09-15	365	2002-09-15
2001-09-15	1000	2004-06-09
2001-09-30	-1000	1999-01-07
2001-09-30	-400	2000-08-25
2001-09-30	-32	2001-08-27
2001-09-30	-1	2001-09-29
2001-09-30	1	2001-10-01
2001-09-30	29	2001-10-29
2001-09-30	32	2001-11-03
2001-09-30	365	2002-09-30
2001-09-30	1000	2004-06-24
2001-10-01	-1000	1999-01-08
2001-10-01	-400	2000-08-26
2001-10-01	-32	2001-08-28
2001-10-01	-1	2001-09-30
2001-10-01	1	2001-10-02
2001-10-01	29	2001-11-01
2001-10-01	32	2001-11-04
2001-10-01	365	2002-10-01
2001-10-01	1000	2004-06-25
2001-10-15	-1000	1999-01-22
2001-10-15	-400	2000-09-10
2001-10-15	-32	2001-09-13
2001-10-15	-1	2001-10-14
2001-10-15	1	2001-10-16
2001-10-15	29	2001-11-15
2001-10-15	32	2001-11-18
2001-10-15	365	2002-10-15
2001-10-15	1000	2004-07-09
2001-10-29	-1000	1999-02-05
2001-10-29	-400	2000-09-24
2001-10-29	-32	2001-09-27
2001-10-29	-1	2001-10-28
2001-10-29	1	2001-11-01
2001-10-29	29	2001-11-29
2001-10-29	32	2001-12-02
2001-10-29	365	2002-10-29
2001-10-29	1000	2004-07-23
2001-11-01	-1000	1999-02-06
2001-11-01	-400	2000-09-25
2001-11-01	-32	2001-09-28
2001-11-01	-1	2001-10-29
2001-11-01	1	2001-11-02
2001-11-01	29	2001-11-30
2001-11-01	32	2001-12-03
2001-11-01	365	2002-11-01
2001-11-01	1000	2004-07-24
2001-11-15	-1000	1999-02-20
2001-11-15	-400	2000-10-10
2001-11-15	-32	2001-10-12
2001-11-15	-1	2001-11-14
2001-11-15	1	2001-11-16
2001-11-15	29	2001-12-14
2001-11-15	32	2001-12-17
2001-11-15	365	2002-11-15
2001-11-15	1000	2004-08-08
2001-11-30	-1000	1999-03-03
2001-11-30	-400	2000-10-25
2001-11-30	-32	2001-10-27
2001-11-30	-1	2001-11-29
2001-11-30	1	2001-12-01
2001-11-30	29	2001-12-29
2001-11-30	32	2002-01-02
2001-11-30	365	2002-11-30
2001-11-30	1000	2004-08-23
2001-12-01	-1000	1999-03-04
2001-12-01	-400	2000-10-26
2001-12-01	-32	2001-10-28
2001-12-01	-1	2001-11-30
2001-12-01	1	2001-12-02
2001-12-01	29	2001-12-30
2001-12-01	32	2002-01-03
2001-12-01	365	2002-12-01
2001-12-01	1000	2004-08-24
2001-12-15	-1000	1999-03-18
2001-12-15	-400	2000-11-10
2001-12-15	-32	2001-11-13
2001-12-15	-1	2001-12-14
2001-12-15	1	2001-12-16
2001-12-15	29	2002-01-14
2001-12-15	32	2002-01-17
2001-12-15	365	2002-12-15
2001-12-15	1000	2004-09-08
2001-12-30	-1000	1999-04-02
2001-12-30	-400	2000-11-25
2001-12-30	-32	2001-11-28
2001-12-30	-1	2001-12-29
2001-12-30	1	2002-01-01
2001-12-30	29	2002-01-29
2001-12-30	32	2002-02-01
2001-12-30	365	2002-12-30
2001-12-30	1000	2004-09-23
2002-07-20	-1000	1999-10-27
2002-07-20	-400	2001-06-16
2002-07-20	-32	2002-06-18
2002-07-20	-1	2002-07-19
2002-07-20	1	2002-07-21
2002-07-20	29	2002-08-19
2002-07-20	32	2002-08-22
2002-07-20	365	2003-07-20
2002-07-20	1000	2005-04-17
2002-11-24	-1000	2000-02-29
2002-11-24	-400	2001-10-18
2002-11-24	-32	2002-10-21
2002-11-24	-1	2002-11-23
2002-11-24	1	2002-11-25
2002-11-24	29	2002-12-23
2002-11-24	32	2002-12-26
2002-11-24	365	2003-11-24
2002-11-24	1000	2005-08-16
2003-10-24	-1000	2001-01-30
2003-10-24	-400	2002-09-19
2003-10-24	-32	2003-09-21
2003-10-24	-1	2003-10-23
2003-10-24	1	2003-10-25
2003-10-24	29	2003-11-24
2003-10-24	32	2003-11-27
2003-10-24	365	2004-10-24
2003-10-24	1000	2006-07-17
2004-04-08	-1000	2001-07-10
2004-04-08	-400	2003-03-04
2004-04-08	-32	2004-03-07
2004-04-08	-1	2004-04-07
2004-04-08	1	2004-04-09
2004-04-08	29	2004-05-05
2004-04-08	32	2004-05-08
2004-04-08	365	2005-04-07
2004-04-08	1000	2007-01-06
2005-01-05	-1000	2002-04-07
2005-01-05	-400	2003-12-01
2005-01-05	-32	2004-12-04
2005-01-05	-1	2005-01-04
2005-01-05	1	2005-01-06
2005-01-05	29	2005-02-03
2005-01-05	32	2005-02-06
2005-01-05	365	2006-01-05
2005-01-05	1000	2007-09-28
2005-02-11	-1000	2002-05-12
2005-02-11	-400	2004-01-07
2005-02-11	-32	2005-01-10
2005-02-11	-1	2005-02-10
2005-02-11	1	2005-02-12
2005-02-11	29	2005-03-09
2005-02-11	32	2005-03-12
2005-02-11	365	2006-02-11
2005-02-11	1000	2007-11-07
2005-12-11	-1000	2003-03-14
2005-12-11	-400	2004-11-06
2005-12-11	-32	2005-11-09
2005-12-11	-1	2005-12-10
2005-12-11	1	2005-12-12
2005-12-11	29	2006-01-10
2005-12-11	32	2006-01-13
2005-12-11	365	2006-12-11
2005-12-11	1000	2008-09-04
2006-01-16	-1000	2003-04-18
2006-01-16	-400	2004-12-12
2006-01-16	-32	2005-12-14
2006-01-16	-1	2006-01-15
2006-01-16	1	2006-01-17
2006-01-16	29	2006-02-14
2006-01-16	32	2006-02-17
2006-01-16	365	2007-01-16
2006-01-16	1000	2008-10-09
2007-05-07	-1000	2004-08-12
2007-05-07	-400	2006-04-04
2007-05-07	-32	2007-04-07
2007-05-07	-1	2007-05-06
2007-05-07	1	2007-05-08
2007-05-07	29	2007-06-05
2007-05-07	32	2007-06-08
2007-05-07	365	2008-05-07
2007-05-07	1000	2010-02-06
2010-02-14	-1000	2007-05-15
2010-02-14	-400	2009-01-10
2010-02-14	-32	2010-01-13
2010-02-14	-1	2010-02-13
2010-02-14	1	2010-02-15
2010-02-14	29	2010-03-12
2010-02-14	32	2010-03-15
2010-02-14	365	2011-02-14
2010-02-14	1000	2012-11-09
2010-03-06	-1000	2007-06-07
2010-03-06	-400	2009-02-02
2010-03-06	-32	2010-02-05
2010-03-06	-1	2010-03-05
2010-03-06	1	2010-03-07
2010-03-06	29	2010-04-03
2010-03-06	32	2010-04-06
2010-03-06	365	2011-03-05
2010-03-06	1000	2012-12-02
2010-11-17	-1000	2008-02-21
2010-11-17	-400	2009-10-11
2010-11-17	-32	2010-10-14
2010-11-17	-1	2010-11-16
2010-11-17	1	2010-11-18
2010-11-17	29	2010-12-16
2010-11-17	32	2010-12-19
2010-11-17	365	2011-11-17
2010-11-17	1000	2013-08-09
2012-06-11	-1000	2009-09-17
2012-06-11	-400	2011-05-07
2012-06-11	-32	2012-05-10
2012-06-11	-1	2012-06-10
2012-06-11	1	2012-06-12
2012-06-11	29	2012-07-09
2012-06-11	32	2012-07-12
2012-06-11	365	2013-06-11
2012-06-11	1000	2015-03-09
2013-03-20	-1000	2010-06-21
2013-03-20	-400	2012-02-16
2013-03-20	-32	2013-02-19
2013-03-20	-1	2013-03-19
2013-03-20	1	2013-03-21
2013-03-20	29	2013-04-17
2013-03-20	32	2013-04-20
2013-03-20	365	2014-03-20
2013-03-20	1000	2015-12-17
2014-11-28	-1000	2012-03-01
2014-11-28	-400	2013-10-22
2014-11-28	-32	2014-10-25
2014-11-28	-1	2014-11-27
2014-11-28	1	2014-11-29
2014-11-28	29	2014-12-27
2014-11-28	32	2014-12-30
2014-11-28	365	2015-11-28
2014-11-28	1000	2017-08-20
2015-12-27	-1000	2013-03-30
2015-12-27	-400	2014-11-22
2015-12-27	-32	2015-11-25
2015-12-27	-1	2015-12-26
2015-12-27	1	2015-12-28
2015-12-27	29	2016-01-25
2015-12-27	32	2016-01-28
2015-12-27	365	2016-12-26
2015-12-27	1000	2018-09-20
2016-09-25	-1000	2014-01-02
2016-09-25	-400	2015-08-20
2016-09-25	-32	2016-08-23
2016-09-25	-1	2016-09-24
2016-09-25	1	2016-09-26
2016-09-25	29	2016-10-24
2016-09-25	32	2016-10-27
2016-09-25	365	2017-09-25
2016-09-25	1000	2019-06-19
2018-01-16	-1000	2015-04-18
2018-01-16	-400	2016-12-11
2018-01-16	-32	2017-12-14
2018-01-16	-1	2018-01-15
2018-01-16	1	2018-01-17
2018-01-16	29	2018-02-14
2018-01-16	32	2018-02-17
2018-01-16	365	2019-01-16
2018-01-16	1000	2020-10-09
2019-11-03	-1000	2017-02-08
2019-11-03	-400	2018-09-28
2019-11-03	-32	2019-10-01
2019-11-03	-1	2019-11-02
2019-11-03	1	2019-11-04
2019-11-03	29	2019-12-03
2019-11-03	32	2019-12-06
2019-11-03	365	2020-11-03
2019-11-03	1000	2022-07-26
2020-08-06	-1000	2017-11-14
2020-08-06	-400	2019-07-02
2020-08-06	-32	2020-07-04
2020-08-06	-1	2020-08-05
2020-08-06	1	2020-08-07
2020-08-06	29	2020-09-06
2020-08-06	32	2020-09-09
2020-08-06	365	2021-08-06
2020-08-06	1000	2023-05-02
2020-10-20	-1000	2018-01-27
2020-10-20	-400	2019-09-15
2020-10-20	-32	2020-09-18
2020-10-20	-1	2020-10-19
2020-10-20	1	2020-10-21
2020-10-20	29	2020-11-20
2020-10-20	32	2020-11-23
2020-10-20	365	2021-10-20
2020-10-20	1000	2023-07-14
2021-10-16	-1000	2019-01-23
2021-10-16	-400	2020-09-11
2021-10-16	-32	2021-09-14
2021-10-16	-1	2021-10-15
2021-10-16	1	2021-10-17
2021-10-16	29	2021-11-16
2021-10-16	32	2021-11-19
2021-10-16	365	2022-10-16
2021-10-16	1000	2024-07-09
2023-11-11	-1000	2021-02-16
2023-11-11	-400	2022-10-06
2023-11-11	-32	2023-10-09
2023-11-11	-1	2023-11-10
2023-11-11	1	2023-11-12
2023-11-11	29	2023-12-11
2023-11-11	32	2023-12-14
2023-11-11	365	2024-11-11
2023-11-11	1000	2026-08-04
2026-09-06	-1000	2023-12-14
2026-09-06	-400	2025-08-01
2026-09-06	-32	2026-08-04
2026-09-06	-1	2026-09-05
2026-09-06	1	2026-09-07
2026-09-06	29	2026-10-06
2026-09-06	32	2026-10-09
2026-09-06	365	2027-09-06
2026-09-06	1000	2029-05-32
2026-09-21	-1000	2023-12-29
2026-09-21	-400	2025-08-16
2026-09-21	-32	2026-08-19
2026-09-21	-1	2026-09-20
2026-09-21	1	2026-09-22
2026-09-21	29	2026-10-21
2026-09-21	32	2026-10-24
2026-09-21	365	2027-09-21
2026-09-21	1000	2029-06-15
2027-03-26	-1000	2024-06-28
2027-03-26	-400	2026-02-23
2027-03-26	-32	2027-02-26
2027-03-26	-1	2027-03-25
2027-03-26	1	2027-03-27
2027-03-26	29	2027-04-24
2027-03-26	32	2027-04-27
2027-03-26	365	2028-03-26
2027-03-26	1000	2029-12-23
2031-08-21	-1000	2028-11-28
2031-08-21	-400	2030-07-16
2031-08-21	-32	2031-07-19
2031-08-21	-1	2031-08-20
2031-08-21	1	2031-08-22
2031-08-21	29	2031-09-20
2031-08-21	32	2031-09-23
2031-08-21	365	2032-08-20
2031-08-21	1000	2034-05-16
2032-04-21	-1000	2029-07-24
2032-04-21	-400	2031-03-18
2032-04-21	-32	2032-03-21
2032-04-21	-1	2032-04-20
2032-04-21	1	2032-04-22
2032-04-21	29	2032-05-19
2032-04-21	32	2032-05-22
2032-04-21	365	2033-04-21
2032-04-21	1000	2035-01-19
2034-01-11	-1000	2031-04-13
2034-01-11	-400	2032-12-06
2034-01-11	-32	2033-12-09
2034-01-11	-1	2034-01-10
2034-01-11	1	2034-01-12
2034-01-11	29	2034-02-09
2034-01-11	32	2034-02-12
2034-01-11	365	2035-01-10
2034-01-11	1000	2036-10-04
2036-03-09	-1000	2033-06-10
2036-03-09	-400	2035-02-06
2036-03-09	-32	2036-02-08
2036-03-09	-1	2036-03-08
2036-03-09	1	2036-03-10
2036-03-09	29	2036-04-06
2036-03-09	32	2036-04-09
2036-03-09	365	2037-03-09
2036-03-09	1000	2038-12-06
2036-09-04	-1000	2033-12-11
2036-09-04	-400	2035-07-28
2036-09-04	-32	2036-08-01
2036-09-04	-1	2036-09-03
2036-09-04	1	2036-09-05
2036-09-04	29	2036-10-03
2036-09-04	32	2036-10-06
2036-09-04	365	2037-09-04
2036-09-04	1000	2039-05-29
2038-11-23	-1000	2036-02-27
2038-11-23	-400	2037-10-17
2038-11-23	-32	2038-10-20
2038-11-23	-1	2038-11-22
2038-11-23	1	2038-11-24
2038-11-23	29	2038-12-22
2038-11-23	32	2038-12-25
2038-11-23	365	2039-11-22
2038-11-23	1000	2041-08-15
2039-08-14	-1000	2036-11-21
2039-08-14	-400	2038-07-09
2039-08-14	-32	2039-07-11
2039-08-14	-1	2039-08-13
2039-08-14	1	2039-08-15
2039-08-14	29	2039-09-13
2039-08-14	32	2039-09-16
2039-08-14	365	2040-08-13
2039-08-14	1000	2042-05-09
2039-10-03	-1000	2037-01-10
2039-10-03	-400	2038-08-28
2039-10-03	-32	2039-09-01
2039-10-03	-1	2039-10-02
2039-10-03	1	2039-10-04
2039-10-03	29	2039-11-03
2039-10-03	32	2039-11-06
2039-10-03	365	2040-10-03
2039-10-03	1000	2042-06-27
2040-07-02	-1000	2037-10-09
2040-07-02	-400	2039-05-29
2040-07-02	-32	2040-06-01
2040-07-02	-1	2040-07-01
2040-07-02	1	2040-07-03
2040-07-02	29	2040-08-01
2040-07-02	32	2040-08-04
2040-07-02	365	2041-07-02
2040-07-02	1000	2043-03-31
2041-07-11	-1000	2038-10-18
2041-07-11	-400	2040-06-07
2041-07-11	-32	2041-06-09
2041-07-11	-1	2041-07-10
2041-07-11	1	2041-07-12
2041-07-11	29	2041-08-10
2041-07-11	32	2041-08-13
2041-07-11	365	2042-07-11
2041-07-11	1000	2044-04-08
2041-11-12	-1000	2039-02-16
2041-11-12	-400	2040-10-06
2041-11-12	-32	2041-10-09
2041-11-12	-1	2041-11-11
2041-11-12	1	2041-11-13
2041-11-12	29	2041-12-11
2041-11-12	32	2041-12-14
2041-11-12	365	2042-11-12
2041-11-12	1000	2044-08-04
2050-01-01	-1000	2047-04-03
2050-01-01	-400	2048-11-26
2050-01-01	-32	2049-11-29
2050-01-01	-1	2049-12-30
2050-01-01	1	2050-01-02
2050-01-01	29	2050-01-30
2050-01-01	32	2050-02-02
2050-01-01	365	2050-12-31
2050-01-01	1000	2052-09-24
2050-01-15	-1000	2047-04-17
2050-01-15	-400	2048-12-10
2050-01-15	-32	2049-12-13
2050-01-15	-1	2050-01-14
2050-01-15	1	2050-01-16
2050-01-15	29	2050-02-13
2050-01-15	32	2050-02-16
2050-01-15	365	2051-01-14
2050-01-15	1000	2052-10-08
2050-01-31	-1000	2047-05-01
2050-01-31	-400	2048-12-26
2050-01-31	-32	2049-12-29
2050-01-31	-1	2050-01-30
2050-01-31	1	2050-02-01
2050-01-31	29	2050-02-29
2050-01-31	32	2050-02-32
2050-01-31	365	2051-01-30
2050-01-31	1000	2052-10-24
2050-02-01	-1000	2047-05-02
2050-02-01	-400	2048-12-27
2050-02-01	-32	2049-12-30
2050-02-01	-1	2050-01-31
2050-02-01	1	2050-02-02
2050-02-01	29	2050-02-30
2050-02-01	32	2050-03-01
2050-02-01	365	2051-01-31
2050-02-01	1000	2052-10-25
2050-02-15	-1000	2047-05-16
2050-02-15	-400	2049-01-11
2050-02-15	-32	2050-01-14
2050-02-15	-1	2050-02-14
2050-02-15	1	2050-02-16
2050-02-15	29	2050-03-12
2050-02-15	32	2050-03-15
2050-02-15	365	2051-02-14
2050-02-15	1000	2052-11-10
2050-02-32	-1000	2047-06-02
2050-02-32	-400	2049-01-28
2050-02-32	-32	2050-01-31
2050-02-32	-1	2050-02-31
2050-02-32	1	2050-03-01
2050-02-32	29	2050-03-29
2050-02-32	32	2050-04-01
2050-02-32	365	2051-02-31
2050-02-32	1000	2052-11-27
2050-03-01	-1000	2047-06-03
2050-03-01	-400	2049-01-29
2050-03-01	-32	2050-02-01
2050-03-01	-1	2050-02-32
2050-03-01	1	2050-03-02
2050-03-01	29	2050-03-30
2050-03-01	32	2050-04-02
2050-03-01	365	2051-03-01
2050-03-01	1000	2052-11-28
2050-03-15	-1000	2047-06-17
2050-03-15	-400	2049-02-12
2050-03-15	-32	2050-02-15
2050-03-15	-1	2050-03-14
2050-03-15	1	2050-03-16
2050-03-15	29	2050-04-13
2050-03-15	32	2050-04-16
2050-03-15	365	2051-03-15
2050-03-15	1000	2052-12-12
2050-03-31	-1000	2047-07-02
2050-03-31	-400	2049-02-28
2050-03-31	-32	2050-02-31
2050-03-31	-1	2050-03-30
2050-03-31	1	2050-04-01
2050-03-31	29	2050-04-29
2050-03-31	32	2050-04-32
2050-03-31	365	2051-03-31
2050-03-31	1000	2052-12-28
2050-04-01	-1000	2047-07-03
2050-04-01	-400	2049-02-29
2050-04-01	-32	2050-02-32
2050-04-01	-1	2050-03-31
2050-04-01	1	2050-04-02
2050-04-01	29	2050-04-30
2050-04-01	32	2050-05-01
2050-04-01	365	2051-04-01
2050-04-01	1000	2052-12-29
2050-04-15	-1000	2047-07-17
2050-04-15	-400	2049-03-11
2050-04-15	-32	2050-03-14
2050-04-15	-1	2050-04-14
2050-04-15	1	2050-04-16
2050-04-15	29	2050-05-12
2050-04-15	32	2050-05-15
2050-04-15	365	2051-04-15
2050-04-15	1000	2053-01-13
2050-04-32	-1000	2047-08-04
2050-04-32	-400	2049-03-28
2050-04-32	-32	2050-03-31
2050-04-32	-1	2050-04-31
2050-04-32	1	2050-05-01
2050-04-32	29	2050-05-29
2050-04-32	32	2050-06-01
2050-04-32	365	2051-04-32
2050-04-32	1000	2053-01-30
2050-05-01	-1000	2047-08-05
2050-05-01	-400	2049-03-29
2050-05-01	-32	2050-04-01
2050-05-01	-1	2050-04-32
2050-05-01	1	2050-05-02
2050-05-01	29	2050-05-30
2050-05-01	32	2050-06-02
2050-05-01	365	2051-05-01
2050-05-01	1000	2053-01-31
2050-05-13	-1000	2047-08-17
2050-05-13	-400	2049-04-10
2050-05-13	-32	2050-04-13
2050-05-13	-1	2050-05-12
2050-05-13	1	2050-05-14
2050-05-13	29	2050-06-11
2050-05-13	32	2050-06-14
2050-05-13	365	2051-05-13
2050-05-13	1000	2053-02-12
2050-05-15	-1000	2047-08-19
2050-05-15	-400	2049-04-12
2050-05-15	-32	2050-04-15
2050-05-15	-1	2050-05-14
2050-05-15	1	2050-05-16
2050-05-15	29	2050-06-13
2050-05-15	32	2050-06-16
2050-05-15	365	2051-05-15
2050-05-15	1000	2053-02-14
2050-05-31	-1000	2047-09-06
2050-05-31	-400	2049-04-28
2050-05-31	-32	2050-04-31
2050-05-31	-1	2050-05-30
2050-05-31	1	2050-06-01
2050-05-31	29	2050-06-29
2050-05-31	32	2050-07-02
2050-05-31	365	2051-05-31
2050-05-31	1000	2053-02-30
2050-06-01	-1000	2047-09-07
2050-06-01	-400	2049-04-29
2050-06-01	-32	2050-04-32
2050-06-01	-1	2050-05-31
2050-06-01	1	2050-06-02
2050-06-01	29	2050-06-30
2050-06-01	32	2050-07-03
2050-06-01	365	2051-06-01
2050-06-01	1000	2053-02-31
2050-06-15	-1000	2047-09-21
2050-06-15	-400	2049-05-11
2050-06-15	-32	2050-05-14
2050-06-15	-1	2050-06-14
2050-06-15	1	2050-06-16
2050-06-15	29	2050-07-14
2050-06-15	32	2050-07-17
2050-06-15	365	2051-06-15
2050-06-15	1000	2053-03-13
2050-06-30	-1000	2047-10-06
2050-06-30	-400	2049-05-26
2050-06-30	-32	2050-05-29
2050-06-30	-1	2050-06-29
2050-06-30	1	2050-07-01
2050-06-30	29	2050-07-29
2050-06-30	32	2050-08-02
2050-06-30	365	2051-06-30
2050-06-30	1000	2053-03-28
2050-07-01	-1000	2047-10-07
2050-07-01	-400	2049-05-27
2050-07-01	-32	2050-05-30
2050-07-01	-1	2050-06-30
2050-07-01	1	2050-07-02
2050-07-01	29	2050-07-30
2050-07-01	32	2050-08-03
2050-07-01	365	2051-06-31
2050-07-01	1000	2053-03-29
2050-07-15	-1000	2047-10-21
2050-07-15	-400	2049-06-10
2050-07-15	-32	2050-06-13
2050-07-15	-1	2050-07-14
2050-07-15	1	2050-07-16
2050-07-15	29	2050-08-14
2050-07-15	32	2050-08-17
2050-07-15	365	2051-07-14
2050-07-15	1000	2053-04-12
2050-07-30	-1000	2047-11-07
2050-07-30	-400	2049-06-25
2050-07-30	-32	2050-06-28
2050-07-30	-1	2050-07-29
2050-07-30	1	2050-08-01
2050-07-30	29	2050-08-29
2050-07-30	32	2050-09-02
2050-07-30	365	2051-07-29
2050-07-30	1000	2053-04-27
2050-08-01	-1000	2047-11-08
2050-08-01	-400	2049-06-26
2050-08-01	-32	2050-06-29
2050-08-01	-1	2050-07-30
2050-08-01	1	2050-08-02
2050-08-01	29	2050-08-30
2050-08-01	32	2050-09-03
2050-08-01	365	2051-07-30
2050-08-01	1000	2053-04-28
2050-08-15	-1000	2047-11-22
2050-08-15	-400	2049-07-10
2050-08-15	-32	2050-07-13
2050-08-15	-1	2050-08-14
2050-08-15	1	2050-08-16
2050-08-15	29	2050-09-14
2050-08-15	32	2050-09-17
2050-08-15	365	2051-08-14
2050-08-15	1000	2053-05-10
2050-08-30	-1000	2047-12-07
2050-08-30	-400	2049-07-25
2050-08-30	-32	2050-07-28
2050-08-30	-1	2050-08-29
2050-08-30	1	2050-09-01
2050-08-30	29	2050-09-29
2050-08-30	32	2050-10-03
2050-08-30	365	2051-08-29
2050-08-30	1000	2053-05-25
2050-09-01	-1000	2047-12-08
2050-09-01	-400	2049-07-26
2050-09-01	-32	2050-07-29
2050-09-01	-1	2050-08-30
2050-09-01	1	2050-09-02
2050-09-01	29	2050-10-01
2050-09-01	32	2050-10-04
2050-09-01	365	2051-09-01
2050-09-01	1000	2053-05-26
2050-09-15	-1000	2047-12-22
2050-09-15	-400	2049-08-10
2050-09-15	-32	2050-08-13
2050-09-15	-1	2050-09-14
2050-09-15	1	2050-09-16
2050-09-15	29	2050-10-15
2050-09-15	32	2050-10-18
2050-09-15	365	2051-09-15
2050-09-15	1000	2053-06-09
2050-09-29	-1000	2048-01-06
2050-09-29	-400	2049-08-24
2050-09-29	-32	2050-08-27
2050-09-29	-1	2050-09-28
2050-09-29	1	2050-10-01
2050-09-29	29	2050-10-29
2050-09-29	32	2050-11-02
2050-09-29	365	2051-09-29
2050-09-29	1000	2053-06-23
2050-10-01	-1000	2048-01-07
2050-10-01	-400	2049-08-25
2050-10-01	-32	2050-08-28
2050-10-01	-1	2050-09-29
2050-10-01	1	2050-10-02
2050-10-01	29	2050-10-30
2050-10-01	32	2050-11-03
2050-10-01	365	2051-09-30
2050-10-01	1000	2053-06-24
2050-10-06	-1000	2048-01-12
2050-10-06	-400	2049-08-30
2050-10-06	-32	2050-09-03
2050-10-06	-1	2050-10-05
2050-10-06	1	2050-10-07
2050-10-06	29	2050-11-05
2050-10-06	32	2050-11-08
2050-10-06	365	2051-10-05
2050-10-06	1000	2053-06-29
2050-10-15	-1000	2048-01-21
2050-10-15	-400	2049-09-09
2050-10-15	-32	2050-09-12
2050-10-15	-1	2050-10-14
2050-10-15	1	2050-10-16
2050-10-15	29	2050-11-14
2050-10-15	32	2050-11-17
2050-10-15	365	2051-10-14
2050-10-15	1000	2053-07-08
2050-10-30	-1000	2048-02-05
2050-10-30	-400	2049-09-24
2050-10-30	-32	2050-09-27
2050-10-30	-1	2050-10-29
2050-10-30	1	2050-11-01
2050-10-30	29	2050-11-29
2050-10-30	32	2050-12-03
2050-10-30	365	2051-10-29
2050-10-30	1000	2053-07-23
2050-11-01	-1000	2048-02-06
2050-11-01	-400	2049-09-25
2050-11-01	-32	2050-09-28
2050-11-01	-1	2050-10-30
2050-11-01	1	2050-11-02
2050-11-01	29	2050-12-01
2050-11-01	32	2050-12-04
2050-11-01	365	2051-11-01
2050-11-01	1000	2053-07-24
2050-11-15	-1000	2048-02-20
2050-11-15	-400	2049-10-10
2050-11-15	-32	2050-10-13
2050-11-15	-1	2050-11-14
2050-11-15	1	2050-11-16
2050-11-15	29	2050-12-15
2050-11-15	32	2050-12-18
2050-11-15	365	2051-11-15
2050-11-15	1000	2053-08-08
2050-11-29	-1000	2048-03-03
2050-11-29	-400	2049-10-24
2050-11-29	-32	2050-10-27
2050-11-29	-1	2050-11-28
2050-11-29	1	2050-12-01
2050-11-29	29	2050-12-29
2050-11-29	32	2051-01-01
2050-11-29	365	2051-11-29
2050-11-29	1000	2053-08-22
2050-12-01	-1000	2048-03-04
2050-12-01	-400	2049-10-25
2050-12-01	-32	2050-10-28
2050-12-01	-1	2050-11-29
2050-12-01	1	2050-12-02
2050-12-01	29	2050-12-30
2050-12-01	32	2051-01-02
2050-12-01	365	2051-11-30
2050-12-01	1000	2053-08-23
2050-12-15	-1000	2048-03-18
2050-12-15	-400	2049-11-10
2050-12-15	-32	2050-11-12
2050-12-15	-1	2050-12-14
2050-12-15	1	2050-12-16
2050-12-15	29	2051-01-13
2050-12-15	32	2051-01-16
2050-12-15	365	2051-12-14
2050-12-15	1000	2053-09-07
2050-12-31	-1000	2048-04-02
2050-12-31	-400	2049-11-26
2050-12-31	-32	2050-11-28
2050-12-31	-1	2050-12-30
2050-12-31	1	2051-01-01
2050-12-31	29	2051-01-29
2050-12-31	32	2051-02-01
2050-12-31	365	2051-12-30
2050-12-31	1000	2053-09-23
2052-03-02	-1000	2049-06-03
2052-03-02	-400	2051-01-29
2052-03-02	-32	2052-02-01
2052-03-02	-1	2052-03-01
2052-03-02	1	2052-03-03
2052-03-02	29	2052-03-31
2052-03-02	32	2052-04-02
2052-03-02	365	2053-03-01
2052-03-02	1000	2054-11-28
2054-04-31	-1000	2051-08-03
2054-04-31	-400	2053-03-27
2054-04-31	-32	2054-03-30
2054-04-31	-1	2054-04-30
2054-04-31	1	2054-04-32
2054-04-31	29	2054-05-28
2054-04-31	32	2054-05-31
2054-04-31	365	2055-04-30
2054-04-31	1000	2057-01-29
2054-05-08	-1000	2051-08-12
2054-05-08	-400	2053-04-05
2054-05-08	-32	2054-04-08
2054-05-08	-1	2054-05-07
2054-05-08	1	2054-05-09
2054-05-08	29	2054-06-06
2054-05-08	32	2054-06-09
2054-05-08	365	2055-05-08
2054-05-08	1000	2057-02-07
2054-07-09	-1000	2051-10-15
2054-07-09	-400	2053-06-04
2054-07-09	-32	2054-06-07
2054-07-09	-1	2054-07-08
2054-07-09	1	2054-07-10
2054-07-09	29	2054-08-08
2054-07-09	32	2054-08-11
2054-07-09	365	2055-07-08
2054-07-09	1000	2057-04-06
2055-03-32	-1000	2052-07-03
2055-03-32	-400	2054-02-29
2055-03-32	-32	2055-02-31
2055-03-32	-1	2055-03-31
2055-03-32	1	2055-04-01
2055-03-32	29	2055-04-29
2055-03-32	32	2055-05-01
2055-03-32	365	2056-03-32
2055-03-32	1000	2057-12-29
2055-05-24	-1000	2052-08-28
2055-05-24	-400	2054-04-21
2055-05-24	-32	2055-04-23
2055-05-24	-1	2055-05-23
2055-05-24	1	2055-05-25
2055-05-24	29	2055-06-22
2055-05-24	32	2055-06-25
2055-05-24	365	2056-05-24
2055-05-24	1000	2058-02-23
2055-09-16	-1000	2052-12-23
2055-09-16	-400	2054-08-11
2055-09-16	-32	2055-08-13
2055-09-16	-1	2055-09-15
2055-09-16	1	2055-09-17
2055-09-16	29	2055-10-15
2055-09-16	32	2055-10-18
2055-09-16	365	2056-09-16
2055-09-16	1000	2058-06-10
2056-11-03	-1000	2054-02-08
2056-11-03	-400	2055-09-27
2056-11-03	-32	2056-09-30
2056-11-03	-1	2056-11-02
2056-11-03	1	2056-11-04
2056-11-03	29	2056-12-02
2056-11-03	32	2056-12-05
2056-11-03	365	2057-11-03
2056-11-03	1000	2059-07-25
2057-01-16	-1000	2054-04-18
2057-01-16	-400	2055-12-11
2057-01-16	-32	2056-12-14
2057-01-16	-1	2057-01-15
2057-01-16	1	2057-01-17
2057-01-16	29	2057-02-14
2057-01-16	32	2057-02-17
2057-01-16	365	2058-01-15
2057-01-16	1000	2059-10-09
2057-04-19	-1000	2054-07-22
2057-04-19	-400	2056-03-16
2057-04-19	-32	2057-03-18
2057-04-19	-1	2057-04-18
2057-04-19	1	2057-04-20
2057-04-19	29	2057-05-16
2057-04-19	32	2057-05-19
2057-04-19	365	2058-04-19
2057-04-19	1000	2060-01-17
2058-02-26	-1000	2055-05-27
2058-02-26	-400	2057-01-22
2058-02-26	-32	2058-01-24
2058-02-26	-1	2058-02-25
2058-02-26	1	2058-02-27
2058-02-26	29	2058-03-23
2058-02-26	32	2058-03-26
2058-02-26	365	2059-02-25
2058-02-26	1000	2060-11-21
2059-05-28	-1000	2056-09-03
2059-05-28	-400	2058-04-25
2059-05-28	-32	2059-04-27
2059-05-28	-1	2059-05-27
2059-05-28	1	2059-05-29
2059-05-28	29	2059-06-26
2059-05-28	32	2059-06-29
2059-05-28	365	2060-05-27
2059-05-28	1000	2062-02-26
2060-03-03	-1000	2057-06-04
2060-03-03	-400	2059-01-30
2060-03-03	-32	2060-02-02
2060-03-03	-1	2060-03-02
2060-03-03	1	2060-03-04
2060-03-03	29	2060-03-32
2060-03-03	32	2060-04-03
2060-03-03	365	2061-03-02
2060-03-03	1000	2062-11-29
2061-03-04	-1000	2058-06-06
2061-03-04	-400	2060-02-01
2061-03-04	-32	2061-02-04
2061-03-04	-1	2061-03-03
2061-03-04	1	2061-03-05
2061-03-04	29	2061-04-02
2061-03-04	32	2061-04-05
2061-03-04	365	2062-03-04
2061-03-04	1000	2063-12-01
2062-06-09	-1000	2059-09-15
2062-06-09	-400	2061-05-05
2062-06-09	-32	2062-05-08
2062-06-09	-1	2062-06-08
2062-06-09	1	2062-06-10
2062-06-09	29	2062-07-07
2062-06-09	32	2062-07-10
2062-06-09	365	2063-06-09
2062-06-09	1000	2065-03-07
2063-02-12	-1000	2060-05-13
2063-02-12	-400	2062-01-08
2063-02-12	-32	2063-01-11
2063-02-12	-1	2063-02-11
2063-02-12	1	2063-02-13
2063-02-12	29	2063-03-10
2063-02-12	32	2063-03-13
2063-02-12	365	2064-02-12
2063-02-12	1000	2065-11-08
2063-05-08	-1000	2060-08-12
2063-05-08	-400	2062-04-05
2063-05-08	-32	2063-04-07
2063-05-08	-1	2063-05-07
2063-05-08	1	2063-05-09
2063-05-08	29	2063-06-06
2063-05-08	32	2063-06-09
2063-05-08	365	2064-05-07
2063-05-08	1000	2066-02-06
2064-01-22	-1000	2061-04-24
2064-01-22	-400	2062-12-18
2064-01-22	-32	2063-12-20
2064-01-22	-1	2064-01-21
2064-01-22	1	2064-01-23
2064-01-22	29	2064-02-20
2064-01-22	32	2064-02-23
2064-01-22	365	2065-01-22
2064-01-22	1000	2066-10-15
2066-01-24	-1000	2063-04-26
2066-01-24	-400	2064-12-20
2066-01-24	-32	2065-12-23
2066-01-24	-1	2066-01-23
2066-01-24	1	2066-01-25
2066-01-24	29	2066-02-22
2066-01-24	32	2066-02-25
2066-01-24	365	2067-01-24
2066-01-24	1000	2068-10-18
2067-04-18	-1000	2064-07-21
2067-04-18	-400	2066-03-15
2067-04-18	-32	2067-03-18
2067-04-18	-1	2067-04-17
2067-04-18	1	2067-04-19
2067-04-18	29	2067-05-16
2067-04-18	32	2067-05-19
2067-04-18	365	2068-04-18
2067-04-18	1000	2070-01-16
2068-06-03	-1000	2065-09-09
2068-06-03	-400	2067-04-31
2068-06-03	-32	2068-05-02
2068-06-03	-1	2068-06-02
2068-06-03	1	2068-06-04
2068-06-03	29	2068-07-02
2068-06-03	32	2068-07-05
2068-06-03	365	2069-06-03
2068-06-03	1000	2071-03-02
2073-07-26	-1000	2070-11-03
2073-07-26	-400	2072-06-21
2073-07-26	-32	2073-06-24
2073-07-26	-1	2073-07-25
2073-07-26	1	2073-07-27
2073-07-26	29	2073-08-25
2073-07-26	32	2073-08-28
2073-07-26	365	2074-07-25
2073-07-26	1000	2076-04-23
2074-03-20	-1000	2071-06-22
2074-03-20	-400	2073-02-17
2074-03-20	-32	2074-02-19
2074-03-20	-1	2074-03-19
2074-03-20	1	2074-03-21
2074-03-20	29	2074-04-18
2074-03-20	32	2074-04-21
2074-03-20	365	2075-03-20
2074-03-20	1000	2076-12-17
2074-06-24	-1000	2071-09-30
2074-06-24	-400	2073-05-20
2074-06-24	-32	2074-05-23
2074-06-24	-1	2074-06-23
2074-06-24	1	2074-06-25
2074-06-24	29	2074-07-22
2074-06-24	32	2074-07-25
2074-06-24	365	2075-06-24
2074-06-24	1000	2077-03-22
2074-12-08	-1000	2072-03-11
2074-12-08	-400	2073-11-04
2074-12-08	-32	2074-11-06
2074-12-08	-1	2074-12-07
2074-12-08	1	2074-12-09
2074-12-08	29	2075-01-07
2074-12-08	32	2075-01-10
2074-12-08	365	2075-12-08
2074-12-08	1000	2077-09-01
2075-05-09	-1000	2072-08-13
2075-05-09	-400	2074-04-06
2075-05-09	-32	2075-04-08
2075-05-09	-1	2075-05-08
2075-05-09	1	2075-05-10
2075-05-09	29	2075-06-07
2075-05-09	32	2075-06-10
2075-05-09	365	2076-05-08
2075-05-09	1000	2078-02-07
2076-06-02	-1000	2073-09-08
2076-06-02	-400	2075-04-30
2076-06-02	-32	2076-05-01
2076-06-02	-1	2076-06-01
2076-06-02	1	2076-06-03
2076-06-02	29	2076-07-01
2076-06-02	32	2076-07-04
2076-06-02	365	2077-06-02
2076-06-02	1000	2079-03-01
2076-08-29	-1000	2073-12-07
2076-08-29	-400	2075-07-24
2076-08-29	-32	2076-07-27
2076-08-29	-1	2076-08-28
2076-08-29	1	2076-08-30
2076-08-29	29	2076-09-28
2076-08-29	32	2076-10-02
2076-08-29	365	2077-08-29
2076-08-29	1000	2079-05-25
2077-01-01	-1000	2074-04-03
2077-01-01	-400	2075-11-26
2077-01-01	-32	2076-11-29
2077-01-01	-1	2076-12-30
2077-01-01	1	2077-01-02
2077-01-01	29	2077-01-30
2077-01-01	32	2077-02-02
2077-01-01	365	2077-12-31
2077-01-01	1000	2079-09-24
2077-01-15	-1000	2074-04-17
2077-01-15	-400	2075-12-10
2077-01-15	-32	2076-12-13
2077-01-15	-1	2077-01-14
2077-01-15	1	2077-01-16
2077-01-15	29	2077-02-13
2077-01-15	32	2077-02-16
2077-01-15	365	2078-01-14
2077-01-15	1000	2079-10-08
2077-01-31	-1000	2074-05-01
2077-01-31	-400	2075-12-26
2077-01-31	-32	2076-12-29
2077-01-31	-1	2077-01-30
2077-01-31	1	2077-02-01
2077-01-31	29	2077-02-29
2077-01-31	32	2077-02-32
2077-01-31	365	2078-01-30
2077-01-31	1000	2079-10-24
2077-02-01	-1000	2074-05-02
2077-02-01	-400	2075-12-27
2077-02-01	-32	2076-12-30
2077-02-01	-1	2077-01-31
2077-02-01	1	2077-02-02
2077-02-01	29	2077-02-30
2077-02-01	32	2077-03-01
2077-02-01	365	2078-01-31
2077-02-01	1000	2079-10-25
2077-02-15	-1000	2074-05-16
2077-02-15	-400	2076-01-11
2077-02-15	-32	2077-01-14
2077-02-15	-1	2077-02-14
2077-02-15	1	2077-02-16
2077-02-15	29	2077-03-12
2077-02-15	32	2077-03-15
2077-02-15	365	2078-02-14
2077-02-15	1000	2079-11-10
2077-02-32	-1000	2074-06-02
2077-02-32	-400	2076-01-28
2077-02-32	-32	2077-01-31
2077-02-32	-1	2077-02-31
2077-02-32	1	2077-03-01
2077-02-32	29	2077-03-29
2077-02-32	32	2077-04-01
2077-02-32	365	2078-02-31
2077-02-32	1000	2079-11-27
2077-03-01	-1000	2074-06-03
2077-03-01	-400	2076-01-29
2077-03-01	-32	2077-02-01
2077-03-01	-1	2077-02-32
2077-03-01	1	2077-03-02
2077-03-01	29	2077-03-30
2077-03-01	32	2077-04-02
2077-03-01	365	2078-03-01
2077-03-01	1000	2079-11-28
2077-03-15	-1000	2074-06-17
2077-03-15	-400	2076-02-12
2077-03-15	-32	2077-02-15
2077-03-15	-1	2077-03-14
2077-03-15	1	2077-03-16
2077-03-15	29	2077-04-13
2077-03-15	32	2077-04-16
2077-03-15	365	2078-03-15
2077-03-15	1000	2079-12-12
2077-03-31	-1000	2074-07-02
2077-03-31	-400	2076-02-28
2077-03-31	-32	2077-02-31
2077-03-31	-1	2077-03-30
2077-03-31	1	2077-04-01
2077-03-31	29	2077-04-29
2077-03-31	32	2077-04-32
2077-03-31	365	2078-03-31
2077-03-31	1000	2079-12-28
2077-04-01	-1000	2074-07-03
2077-04-01	-400	2076-02-29
2077-04-01	-32	2077-02-32
2077-04-01	-1	2077-03-31
2077-04-01	1	2077-04-02
2077-04-01	29	2077-04-30
2077-04-01	32	2077-05-01
2077-04-01	365	2078-04-01
2077-04-01	1000	2079-12-29
2077-04-15	-1000	2074-07-17
2077-04-15	-400	2076-03-11
2077-04-15	-32	2077-03-14
2077-04-15	-1	2077-04-14
2077-04-15	1	2077-04-16
2077-04-15	29	2077-05-12
2077-04-15	32	2077-05-15
2077-04-15	365	2078-04-15
2077-04-15	1000	2080-01-13
2077-04-32	-1000	2074-08-04
2077-04-32	-400	2076-03-28
2077-04-32	-32	2077-03-31
2077-04-32	-1	2077-04-31
2077-04-32	1	2077-05-01
2077-04-32	29	2077-05-29
2077-04-32	32	2077-06-01
2077-04-32	365	2078-04-32
2077-04-32	1000	2080-01-30
2077-05-01	-1000	2074-08-05
2077-05-01	-400	2076-03-29
2077-05-01	-32	2077-04-01
2077-05-01	-1	2077-04-32
2077-05-01	1	2077-05-02
2077-05-01	29	2077-05-30
2077-05-01	32	2077-06-02
2077-05-01	365	2078-05-01
2077-05-01	1000	2080-01-31
2077-05-15	-1000	2074-08-19
2077-05-15	-400	2076-04-12
2077-05-15	-32	2077-04-15
2077-05-15	-1	2077-05-14
2077-05-15	1	2077-05-16
2077-05-15	29	2077-06-13
2077-05-15	32	2077-06-16
2077-05-15	365	2078-05-15
2077-05-15	1000	2080-02-14
2077-05-31	-1000	2074-09-06
2077-05-31	-400	2076-04-28
2077-05-31	-32	2077-04-31
2077-05-31	-1	2077-05-30
2077-05-31	1	2077-06-01
2077-05-31	29	2077-06-29
2077-05-31	32	2077-07-02
2077-05-31	365	2078-05-31
2077-05-31	1000	2080-02-30
2077-06-01	-1000	2074-09-07
2077-06-01	-400	2076-04-29
2077-06-01	-32	2077-04-32
2077-06-01	-1	2077-05-31
2077-06-01	1	2077-06-02
2077-06-01	29	2077-06-30
2077-06-01	32	2077-07-03
2077-06-01	365	2078-06-01
2077-06-01	1000	2080-02-31
2077-06-15	-1000	2074-09-21
2077-06-15	-400	2076-05-11
2077-06-15	-32	2077-05-14
2077-06-15	-1	2077-06-14
2077-06-15	1	2077-06-16
2077-06-15	29	2077-07-14
2077-06-15	32	2077-07-17
2077-06-15	365	2078-06-15
2077-06-15	1000	2080-03-13
2077-06-30	-1000	2074-10-06
2077-06-30	-400	2076-05-26
2077-06-30	-32	2077-05-29
2077-06-30	-1	2077-06-29
2077-06-30	1	2077-07-01
2077-06-30	29	2077-07-29
2077-06-30	32	2077-08-02
2077-06-30	365	2078-06-30
2077-06-30	1000	2080-03-28
2077-07-01	-1000	2074-10-07
2077-07-01	-400	2076-05-27
2077-07-01	-32	2077-05-30
2077-07-01	-1	2077-06-30
2077-07-01	1	2077-07-02
2077-07-01	29	2077-07-30
2077-07-01	32	2077-08-03
2077-07-01	365	2078-06-31
2077-07-01	1000	2080-03-29
2077-07-15	-1000	2074-10-21
2077-07-15	-400	2076-06-10
2077-07-15	-32	2077-06-13
2077-07-15	-1	2077-07-14
2077-07-15	1	2077-07-16
2077-07-15	29	2077-08-14
2077-07-15	32	2077-08-17
2077-07-15	365	2078-07-14
2077-07-15	1000	2080-04-12
2077-07-30	-1000	2074-11-07
2077-07-30	-400	2076-06-25
2077-07-30	-32	2077-06-28
2077-07-30	-1	2077-07-29
2077-07-30	1	2077-08-01
2077-07-30	29	2077-08-29
2077-07-30	32	2077-09-02
2077-07-30	365	2078-07-29
2077-07-30	1000	2080-04-27
2077-08-01	-1000	2074-11-08
2077-08-01	-400	2076-06-26
2077-08-01	-32	2077-06-29
2077-08-01	-1	2077-07-30
2077-08-01	1	2077-08-02
2077-08-01	29	2077-08-30
2077-08-01	32	2077-09-03
2077-08-01	365	2078-07-30
2077-08-01	1000	2080-04-28
2077-08-15	-1000	2074-11-22
2077-08-15	-400	2076-07-10
2077-08-15	-32	2077-07-13
2077-08-15	-1	2077-08-14
2077-08-15	1	2077-08-16
2077-08-15	29	2077-09-14
2077-08-15	32	2077-09-17
2077-08-15	365	2078-08-14
2077-08-15	1000	2080-05-10
2077-08-20	-1000	2074-11-27
2077-08-20	-400	2076-07-15
2077-08-20	-32	2077-07-18
2077-08-20	-1	2077-08-19
2077-08-20	1	2077-08-21
2077-08-20	29	2077-09-19
2077-08-20	32	2077-09-22
2077-08-20	365	2078-08-19
2077-08-20	1000	2080-05-15
2077-08-30	-1000	2074-12-07
2077-08-30	-400	2076-07-25
2077-08-30	-32	2077-07-28
2077-08-30	-1	2077-08-29
2077-08-30	1	2077-09-01
2077-08-30	29	2077-09-29
2077-08-30	32	2077-10-03
2077-08-30	365	2078-08-29
2077-08-30	1000	2080-05-25
2077-09-01	-1000	2074-12-08
2077-09-01	-400	2076-07-26
2077-09-01	-32	2077-07-29
2077-09-01	-1	2077-08-30
2077-09-01	1	2077-09-02
2077-09-01	29	2077-10-01
2077-09-01	32	2077-10-04
2077-09-01	365	2078-09-01
2077-09-01	1000	2080-05-26
2077-09-15	-1000	2074-12-22
2077-09-15	-400	2076-08-10
2077-09-15	-32	2077-08-13
2077-09-15	-1	2077-09-14
2077-09-15	1	2077-09-16
2077-09-15	29	2077-10-15
2077-09-15	32	2077-10-18
2077-09-15	365	2078-09-15
2077-09-15	1000	2080-06-09
2077-09-29	-1000	2075-01-06
2077-09-29	-400	2076-08-24
2077-09-29	-32	2077-08-27
2077-09-29	-1	2077-09-28
2077-09-29	1	2077-10-01
2077-09-29	29	2077-10-29
2077-09-29	32	2077-11-02
2077-09-29	365	2078-09-29
2077-09-29	1000	2080-06-23
2077-10-01	-1000	2075-01-07
2077-10-01	-400	2076-08-25
2077-10-01	-32	2077-08-28
2077-10-01	-1	2077-09-29
2077-10-01	1	2077-10-02
2077-10-01	29	2077-10-30
2077-10-01	32	2077-11-03
2077-10-01	365	2078-09-30
2077-10-01	1000	2080-06-24
2077-10-15	-1000	2075-01-21
2077-10-15	-400	2076-09-09
2077-10-15	-32	2077-09-12
2077-10-15	-1	2077-10-14
2077-10-15	1	2077-10-16
2077-10-15	29	2077-11-14
2077-10-15	32	2077-11-17
2077-10-15	365	2078-10-14
2077-10-15	1000	2080-07-08
2077-10-30	-1000	2075-02-05
2077-10-30	-400	2076-09-24
2077-10-30	-32	2077-09-27
2077-10-30	-1	2077-10-29
2077-10-30	1	2077-11-01
2077-10-30	29	2077-11-29
2077-10-30	32	2077-12-03
2077-10-30	365	2078-10-29
2077-10-30	1000	2080-07-23
2077-11-01	-1000	2075-02-06
2077-11-01	-400	2076-09-25
2077-11-01	-32	2077-09-28
2077-11-01	-1	2077-10-30
2077-11-01	1	2077-11-02
2077-11-01	29	2077-12-01
2077-11-01	32	2077-12-04
2077-11-01	365	2078-11-01
2077-11-01	1000	2080-07-24
2077-11-15	-1000	2075-02-20
2077-11-15	-400	2076-10-10
2077-11-15	-32	2077-10-13
2077-11-15	-1	2077-11-14
2077-11-15	1	2077-11-16
2077-11-15	29	2077-12-15
2077-11-15	32	2077-12-18
2077-11-15	365	2078-11-15
2077-11-15	1000	2080-08-08
2077-11-26	-1000	2075-02-31
2077-11-26	-400	2076-10-21
2077-11-26	-32	2077-10-24
2077-11-26	-1	2077-11-25
2077-11-26	1	2077-11-27
2077-11-26	29	2077-12-26
2077-11-26	32	2077-12-29
2077-11-26	365	2078-11-26
2077-11-26	1000	2080-08-19
2077-11-29	-1000	2075-03-03
2077-11-29	-400	2076-10-24
2077-11-29	-32	2077-10-27
2077-11-29	-1	2077-11-28
2077-11-29	1	2077-12-01
2077-11-29	29	2077-12-29
2077-11-29	32	2078-01-01
2077-11-29	365	2078-11-29
2077-11-29	1000	2080-08-22
2077-12-01	-1000	2075-03-04
2077-12-01	-400	2076-10-25
2077-12-01	-32	2077-10-28
2077-12-01	-1	2077-11-29
2077-12-01	1	2077-12-02
2077-12-01	29	2077-12-30
2077-12-01	32	2078-01-02
2077-12-01	365	2078-11-30
2077-12-01	1000	2080-08-23
2077-12-15	-1000	2075-03-18
2077-12-15	-400	2076-11-10
2077-12-15	-32	2077-11-12
2077-12-15	-1	2077-12-14
2077-12-15	1	2077-12-16
2077-12-15	29	2078-01-13
2077-12-15	32	2078-01-16
2077-12-15	365	2078-12-14
2077-12-15	1000	2080-09-07
2077-12-31	-1000	2075-04-02
2077-12-31	-400	2076-11-26
2077-12-31	-32	2077-11-28
2077-12-31	-1	2077-12-30
2077-12-31	1	2078-01-01
2077-12-31	29	2078-01-29
2077-12-31	32	2078-02-01
2077-12-31	365	2078-12-30
2077-12-31	1000	2080-09-23
2078-01-01	-1000	2075-04-03
2078-01-01	-400	2076-11-27
2078-01-01	-32	2077-11-29
2078-01-01	-1	2077-12-31
2078-01-01	1	2078-01-02
2078-01-01	29	2078-01-30
2078-01-01	32	2078-02-02
2078-01-01	365	2079-01-01
2078-01-01	1000	2080-09-24
2078-01-15	-1000	2075-04-17
2078-01-15	-400	2076-12-11
2078-01-15	-32	2077-12-14
2078-01-15	-1	2078-01-14
2078-01-15	1	2078-01-16
2078-01-15	29	2078-02-13
2078-01-15	32	2078-02-16
2078-01-15	365	2079-01-15
2078-01-15	1000	2080-10-09
2078-01-31	-1000	2075-05-02
2078-01-31	-400	2076-12-27
2078-01-31	-32	2077-12-30
2078-01-31	-1	2078-01-30
2078-01-31	1	2078-02-01
2078-01-31	29	2078-02-29
2078-01-31	32	2078-03-01
2078-01-31	365	2079-01-31
2078-01-31	1000	2080-10-25
2078-02-01	-1000	2075-05-03
2078-02-01	-400	2076-12-28
2078-02-01	-32	2077-12-31
2078-02-01	-1	2078-01-31
2078-02-01	1	2078-02-02
2078-02-01	29	2078-02-30
2078-02-01	32	2078-03-02
2078-02-01	365	2079-02-01
2078-02-01	1000	2080-10-26
2078-02-09	-1000	2075-05-11
2078-02-09	-400	2077-01-06
2078-02-09	-32	2078-01-08
2078-02-09	-1	2078-02-08
2078-02-09	1	2078-02-10
2078-02-09	29	2078-03-07
2078-02-09	32	2078-03-10
2078-02-09	365	2079-02-09
2078-02-09	1000	2080-11-05
2078-02-15	-1000	2075-05-17
2078-02-15	-400	2077-01-12
2078-02-15	-32	2078-01-14
2078-02-15	-1	2078-02-14
2078-02-15	1	2078-02-16
2078-02-15	29	2078-03-13
2078-02-15	32	2078-03-16
2078-02-15	365	2079-02-15
2078-02-15	1000	2080-11-11
2078-02-31	-1000	2075-06-02
2078-02-31	-400	2077-01-28
2078-02-31	-32	2078-01-30
2078-02-31	-1	2078-02-30
2078-02-31	1	2078-03-01
2078-02-31	29	2078-03-29
2078-02-31	32	2078-04-01
2078-02-31	365	2079-02-31
2078-02-31	1000	2080-11-27
2078-03-01	-1000	2075-06-03
2078-03-01	-400	2077-01-29
2078-03-01	-32	2078-01-31
2078-03-01	-1	2078-02-31
2078-03-01	1	2078-03-02
2078-03-01	29	2078-03-30
2078-03-01	32	2078-04-02
2078-03-01	365	2079-03-01
2078-03-01	1000	2080-11-28
2078-03-15	-1000	2075-06-17
2078-03-15	-400	2077-02-12
2078-03-15	-32	2078-02-14
2078-03-15	-1	2078-03-14
2078-03-15	1	2078-03-16
2078-03-15	29	2078-04-13
2078-03-15	32	2078-04-16
2078-03-15	365	2079-03-15
2078-03-15	1000	2080-12-12
2078-03-31	-1000	2075-07-02
2078-03-31	-400	2077-02-28
2078-03-31	-32	2078-02-30
2078-03-31	-1	2078-03-30
2078-03-31	1	2078-04-01
2078-03-31	29	2078-04-29
2078-03-31	32	2078-04-32
2078-03-31	365	2079-03-31
2078-03-31	1000	2080-12-28
2078-04-01	-1000	2075-07-03
2078-04-01	-400	2077-02-29
2078-04-01	-32	2078-02-31
2078-04-01	-1	2078-03-31
2078-04-01	1	2078-04-02
2078-04-01	29	2078-04-30
2078-04-01	32	2078-05-01
2078-04-01	365	2079-03-32
2078-04-01	1000	2080-12-29
2078-04-15	-1000	2075-07-17
2078-04-15	-400	2077-03-11
2078-04-15	-32	2078-03-14
2078-04-15	-1	2078-04-14
2078-04-15	1	2078-04-16
2078-04-15	29	2078-05-12
2078-04-15	32	2078-05-15
2078-04-15	365	2079-04-14
2078-04-15	1000	2081-01-13
2078-04-25	-1000	2075-07-27
2078-04-25	-400	2077-03-21
2078-04-25	-32	2078-03-24
2078-04-25	-1	2078-04-24
2078-04-25	1	2078-04-26
2078-04-25	29	2078-05-22
2078-04-25	32	2078-05-25
2078-04-25	365	2079-04-24
2078-04-25	1000	2081-01-23
2078-04-32	-1000	2075-08-04
2078-04-32	-400	2077-03-28
2078-04-32	-32	2078-03-31
2078-04-32	-1	2078-04-31
2078-04-32	1	2078-05-01
2078-04-32	29	2078-05-29
2078-04-32	32	2078-06-01
2078-04-32	365	2079-04-31
2078-04-32	1000	2081-01-30
2078-05-01	-1000	2075-08-05
2078-05-01	-400	2077-03-29
2078-05-01	-32	2078-04-01
2078-05-01	-1	2078-04-32
2078-05-01	1	2078-05-02
2078-05-01	29	2078-05-30
2078-05-01	32	2078-06-02
2078-05-01	365	2079-05-01
2078-05-01	1000	2081-01-31
2078-05-15	-1000	2075-08-19
2078-05-15	-400	2077-04-12
2078-05-15	-32	2078-04-15
2078-05-15	-1	2078-05-14
2078-05-15	1	2078-05-16
2078-05-15	29	2078-06-13
2078-05-15	32	2078-06-16
2078-05-15	365	2079-05-15
2078-05-15	1000	2081-02-14
2078-05-31	-1000	2075-09-06
2078-05-31	-400	2077-04-28
2078-05-31	-32	2078-04-31
2078-05-31	-1	2078-05-30
2078-05-31	1	2078-06-01
2078-05-31	29	2078-06-29
2078-05-31	32	2078-07-01
2078-05-31	365	2079-05-31
2078-05-31	1000	2081-02-30
2078-06-01	-1000	2075-09-07
2078-06-01	-400	2077-04-29
2078-06-01	-32	2078-04-32
2078-06-01	-1	2078-05-31
2078-06-01	1	2078-06-02
2078-06-01	29	2078-06-30
2078-06-01	32	2078-07-02
2078-06-01	365	2079-06-01
2078-06-01	1000	2081-02-31
2078-06-15	-1000	2075-09-21
2078-06-15	-400	2077-05-11
2078-06-15	-32	2078-05-14
2078-06-15	-1	2078-06-14
2078-06-15	1	2078-06-16
2078-06-15	29	2078-07-13
2078-06-15	32	2078-07-16
2078-06-15	365	2079-06-15
2078-06-15	1000	2081-03-13
2078-06-31	-1000	2075-10-07
2078-06-31	-400	2077-05-27
2078-06-31	-32	2078-05-30
2078-06-31	-1	2078-06-30
2078-06-31	1	2078-07-01
2078-06-31	29	2078-07-29
2078-06-31	32	2078-08-02
2078-06-31	365	2079-06-31
2078-06-31	1000	2081-03-29
2078-07-01	-1000	2075-10-08
2078-07-01	-400	2077-05-28
2078-07-01	-32	2078-05-31
2078-07-01	-1	2078-06-31
2078-07-01	1	2078-07-02
2078-07-01	29	2078-07-30
2078-07-01	32	2078-08-03
2078-07-01	365	2079-07-01
2078-07-01	1000	2081-03-30
2078-07-15	-1000	2075-10-22
2078-07-15	-400	2077-06-11
2078-07-15	-32	2078-06-14
2078-07-15	-1	2078-07-14
2078-07-15	1	2078-07-16
2078-07-15	29	2078-08-14
2078-07-15	32	2078-08-17
2078-07-15	365	2079-07-15
2078-07-15	1000	2081-04-13
2078-07-30	-1000	2075-11-08
2078-07-30	-400	2077-06-26
2078-07-30	-32	2078-06-29
2078-07-30	-1	2078-07-29
2078-07-30	1	2078-08-01
2078-07-30	29	2078-08-29
2078-07-30	32	2078-09-03
2078-07-30	365	2079-07-30
2078-07-30	1000	2081-04-28
2078-08-01	-1000	2075-11-09
2078-08-01	-400	2077-06-27
2078-08-01	-32	2078-06-30
2078-08-01	-1	2078-07-30
2078-08-01	1	2078-08-02
2078-08-01	29	2078-09-01
2078-08-01	32	2078-09-04
2078-08-01	365	2079-08-01
2078-08-01	1000	2081-04-29
2078-08-15	-1000	2075-11-23
2078-08-15	-400	2077-07-11
2078-08-15	-32	2078-07-13
2078-08-15	-1	2078-08-14
2078-08-15	1	2078-08-16
2078-08-15	29	2078-09-15
2078-08-15	32	2078-09-18
2078-08-15	365	2079-08-15
2078-08-15	1000	2081-05-11
2078-08-29	-1000	2075-12-07
2078-08-29	-400	2077-07-25
2078-08-29	-32	2078-07-27
2078-08-29	-1	2078-08-28
2078-08-29	1	2078-09-01
2078-08-29	29	2078-09-29
2078-08-29	32	2078-10-02
2078-08-29	365	2079-08-29
2078-08-29	1000	2081-05-25
2078-09-01	-1000	2075-12-08
2078-09-01	-400	2077-07-26
2078-09-01	-32	2078-07-28
2078-09-01	-1	2078-08-29
2078-09-01	1	2078-09-02
2078-09-01	29	2078-09-30
2078-09-01	32	2078-10-03
2078-09-01	365	2079-09-01
2078-09-01	1000	2081-05-26
2078-09-15	-1000	2075-12-22
2078-09-15	-400	2077-08-10
2078-09-15	-32	2078-08-12
2078-09-15	-1	2078-09-14
2078-09-15	1	2078-09-16
2078-09-15	29	2078-10-14
2078-09-15	32	2078-10-17
2078-09-15	365	2079-09-15
2078-09-15	1000	2081-06-09
2078-09-30	-1000	2076-01-07
2078-09-30	-400	2077-08-25
2078-09-30	-32	2078-08-27
2078-09-30	-1	2078-09-29
2078-09-30	1	2078-10-01
2078-09-30	29	2078-10-29
2078-09-30	32	2078-11-03
2078-09-30	365	2079-09-30
2078-09-30	1000	2081-06-24
2078-10-01	-1000	2076-01-08
2078-10-01	-400	2077-08-26
2078-10-01	-32	2078-08-28
2078-10-01	-1	2078-09-30
2078-10-01	1	2078-10-02
2078-10-01	29	2078-11-01
2078-10-01	32	2078-11-04
2078-10-01	365	2079-10-01
2078-10-01	1000	2081-06-25
2078-10-15	-1000	2076-01-22
2078-10-15	-400	2077-09-10
2078-10-15	-32	2078-09-13
2078-10-15	-1	2078-10-14
2078-10-15	1	2078-10-16
2078-10-15	29	2078-11-15
2078-10-15	32	2078-11-18
2078-10-15	365	2079-10-15
2078-10-15	1000	2081-07-09
2078-10-29	-1000	2076-02-05
2078-10-29	-400	2077-09-24
2078-10-29	-32	2078-09-27
2078-10-29	-1	2078-10-28
2078-10-29	1	2078-11-01
2078-10-29	29	2078-11-29
2078-10-29	32	2078-12-02
2078-10-29	365	2079-10-29
2078-10-29	1000	2081-07-23
2078-11-01	-1000	2076-02-06
2078-11-01	-400	2077-09-25
2078-11-01	-32	2078-09-28
2078-11-01	-1	2078-10-29
2078-11-01	1	2078-11-02
2078-11-01	29	2078-11-30
2078-11-01	32	2078-12-03
2078-11-01	365	2079-11-01
2078-11-01	1000	2081-07-24
2078-11-15	-1000	2076-02-20
2078-11-15	-400	2077-10-10
2078-11-15	-32	2078-10-12
2078-11-15	-1	2078-11-14
2078-11-15	1	2078-11-16
2078-11-15	29	2078-12-14
2078-11-15	32	2078-12-17
2078-11-15	365	2079-11-15
2078-11-15	1000	2081-08-08
2078-11-30	-1000	2076-03-03
2078-11-30	-400	2077-10-25
2078-11-30	-32	2078-10-27
2078-11-30	-1	2078-11-29
2078-11-30	1	2078-12-01
2078-11-30	29	2078-12-29
2078-11-30	32	2079-01-02
2078-11-30	365	2079-11-30
2078-11-30	1000	2081-08-23
2078-12-01	-1000	2076-03-04
2078-12-01	-400	2077-10-26
2078-12-01	-32	2078-10-28
2078-12-01	-1	2078-11-30
2078-12-01	1	2078-12-02
2078-12-01	29	2078-12-30
2078-12-01	32	2079-01-03
2078-12-01	365	2079-12-01
2078-12-01	1000	2081-08-24
2078-12-15	-1000	2076-03-18
2078-12-15	-400	2077-11-10
2078-12-15	-32	2078-11-13
2078-12-15	-1	2078-12-14
2078-12-15	1	2078-12-16
2078-12-15	29	2079-01-14
2078-12-15	32	2079-01-17
2078-12-15	365	2079-12-15
2078-12-15	1000	2081-09-08
2078-12-30	-1000	2076-04-02
2078-12-30	-400	2077-11-25
2078-12-30	-32	2078-11-28
2078-12-30	-1	2078-12-29
2078-12-30	1	2079-01-01
2078-12-30	29	2079-01-29
2078-12-30	32	2079-02-01
2078-12-30	365	2079-12-30
2078-12-30	1000	2081-09-23
2079-01-01	-1000	2076-04-03
2079-01-01	-400	2077-11-26
2079-01-01	-32	2078-11-29
2079-01-01	-1	2078-12-30
2079-01-01	1	2079-01-02
2079-01-01	29	2079-01-30
2079-01-01	32	2079-02-02
2079-01-01	365	2080-01-01
2079-01-01	1000	2081-09-24
2079-01-15	-1000	2076-04-17
2079-01-15	-400	2077-12-11
2079-01-15	-32	2078-12-13
2079-01-15	-1	2079-01-14
2079-01-15	1	2079-01-16
2079-01-15	29	2079-02-13
2079-01-15	32	2079-02-16
2079-01-15	365	2080-01-15
2079-01-15	1000	2081-10-09
2079-01-31	-1000	2076-05-01
2079-01-31	-400	2077-12-27
2079-01-31	-32	2078-12-29
2079-01-31	-1	2079-01-30
2079-01-31	1	2079-02-01
2079-01-31	29	2079-02-29
2079-01-31	32	2079-03-01
2079-01-31	365	2080-01-31
2079-01-31	1000	2081-10-25
2079-02-01	-1000	2076-05-02
2079-02-01	-400	2077-12-28
2079-02-01	-32	2078-12-30
2079-02-01	-1	2079-01-31
2079-02-01	1	2079-02-02
2079-02-01	29	2079-02-30
2079-02-01	32	2079-03-02
2079-02-01	365	2080-02-01
2079-02-01	1000	2081-10-26
2079-02-15	-1000	2076-05-16
2079-02-15	-400	2078-01-11
2079-02-15	-32	2079-01-14
2079-02-15	-1	2079-02-14
2079-02-15	1	2079-02-16
2079-02-15	29	2079-03-13
2079-02-15	32	2079-03-16
2079-02-15	365	2080-02-15
2079-02-15	1000	2081-11-10
2079-02-31	-1000	2076-06-01
2079-02-31	-400	2078-01-27
2079-02-31	-32	2079-01-30
2079-02-31	-1	2079-02-30
2079-02-31	1	2079-03-01
2079-02-31	29	2079-03-29
2079-02-31	32	2079-03-32
2079-02-31	365	2080-02-31
2079-02-31	1000	2081-11-26
2079-03-01	-1000	2076-06-02
2079-03-01	-400	2078-01-28
2079-03-01	-32	2079-01-31
2079-03-01	-1	2079-02-31
2079-03-01	1	2079-03-02
2079-03-01	29	2079-03-30
2079-03-01	32	2079-04-01
2079-03-01	365	2080-02-32
2079-03-01	1000	2081-11-27
2079-03-15	-1000	2076-06-16
2079-03-15	-400	2078-02-11
2079-03-15	-32	2079-02-14
2079-03-15	-1	2079-03-14
2079-03-15	1	2079-03-16
2079-03-15	29	2079-04-12
2079-03-15	32	2079-04-15
2079-03-15	365	2080-03-14
2079-03-15	1000	2081-12-12
2079-03-32	-1000	2076-07-03
2079-03-32	-400	2078-02-28
2079-03-32	-32	2079-02-31
2079-03-32	-1	2079-03-31
2079-03-32	1	2079-04-01
2079-03-32	29	2079-04-29
2079-03-32	32	2079-05-01
2079-03-32	365	2080-03-31
2079-03-32	1000	2081-12-29
2079-04-01	-1000	2076-07-04
2079-04-01	-400	2078-02-29
2079-04-01	-32	2079-03-01
2079-04-01	-1	2079-03-32
2079-04-01	1	2079-04-02
2079-04-01	29	2079-04-30
2079-04-01	32	2079-05-02
2079-04-01	365	2080-04-01
2079-04-01	1000	2081-12-30
2079-04-15	-1000	2076-07-18
2079-04-15	-400	2078-03-12
2079-04-15	-32	2079-03-15
2079-04-15	-1	2079-04-14
2079-04-15	1	2079-04-16
2079-04-15	29	2079-05-13
2079-04-15	32	2079-05-16
2079-04-15	365	2080-04-15
2079-04-15	1000	2082-01-13
2079-04-31	-1000	2076-08-04
2079-04-31	-400	2078-03-28
2079-04-31	-32	2079-03-31
2079-04-31	-1	2079-04-30
2079-04-31	1	2079-05-01
2079-04-31	29	2079-05-29
2079-04-31	32	2079-06-01
2079-04-31	365	2080-04-31
2079-04-31	1000	2082-01-29
2079-05-01	-1000	2076-08-05
2079-05-01	-400	2078-03-29
2079-05-01	-32	2079-03-32
2079-05-01	-1	2079-04-31
2079-05-01	1	2079-05-02
2079-05-01	29	2079-05-30
2079-05-01	32	2079-06-02
2079-05-01	365	2080-04-32
2079-05-01	1000	2082-01-30
2079-05-15	-1000	2076-08-19
2079-05-15	-400	2078-04-12
2079-05-15	-32	2079-04-14
2079-05-15	-1	2079-05-14
2079-05-15	1	2079-05-16
2079-05-15	29	2079-06-13
2079-05-15	32	2079-06-16
2079-05-15	365	2080-05-14
2079-05-15	1000	2082-02-13
2079-05-31	-1000	2076-09-05
2079-05-31	-400	2078-04-28
2079-05-31	-32	2079-04-30
2079-05-31	-1	2079-05-30
2079-05-31	1	2079-06-01
2079-05-31	29	2079-06-29
2079-05-31	32	2079-07-01
2079-05-31	365	2080-05-30
2079-05-31	1000	2082-02-29
2079-06-01	-1000	2076-09-06
2079-06-01	-400	2078-04-29
2079-06-01	-32	2079-04-31
2079-06-01	-1	2079-05-31
2079-06-01	1	2079-06-02
2079-06-01	29	2079-06-30
2079-06-01	32	2079-07-02
2079-06-01	365	2080-05-31
2079-06-01	1000	2082-02-30
2079-06-15	-1000	2076-09-20
2079-06-15	-400	2078-05-11
2079-06-15	-32	2079-05-14
2079-06-15	-1	2079-06-14
2079-06-15	1	2079-06-16
2079-06-15	29	2079-07-13
2079-06-15	32	2079-07-16
2079-06-15	365	2080-06-14
2079-06-15	1000	2082-03-13
2079-06-31	-1000	2076-10-07
2079-06-31	-400	2078-05-27
2079-06-31	-32	2079-05-30
2079-06-31	-1	2079-06-30
2079-06-31	1	2079-07-01
2079-06-31	29	2079-07-29
2079-06-31	32	2079-08-02
2079-06-31	365	2080-06-30
2079-06-31	1000	2082-03-29
2079-07-01	-1000	2076-10-08
2079-07-01	-400	2078-05-28
2079-07-01	-32	2079-05-31
2079-07-01	-1	2079-06-31
2079-07-01	1	2079-07-02
2079-07-01	29	2079-07-30
2079-07-01	32	2079-08-03
2079-07-01	365	2080-07-01
2079-07-01	1000	2082-03-30
2079-07-15	-1000	2076-10-22
2079-07-15	-400	2078-06-11
2079-07-15	-32	2079-06-14
2079-07-15	-1	2079-07-14
2079-07-15	1	2079-07-16
2079-07-15	29	2079-08-14
2079-07-15	32	2079-08-17
2079-07-15	365	2080-07-15
2079-07-15	1000	2082-04-12
2079-07-30	-1000	2076-11-08
2079-07-30	-400	2078-06-26
2079-07-30	-32	2079-06-29
2079-07-30	-1	2079-07-29
2079-07-30	1	2079-08-01
2079-07-30	29	2079-08-29
2079-07-30	32	2079-09-03
2079-07-30	365	2080-07-30
2079-07-30	1000	2082-04-27
2079-08-01	-1000	2076-11-09
2079-08-01	-400	2078-06-27
2079-08-01	-32	2079-06-30
2079-08-01	-1	2079-07-30
2079-08-01	1	2079-08-02
2079-08-01	29	2079-09-01
2079-08-01	32	2079-09-04
2079-08-01	365	2080-08-01
2079-08-01	1000	2082-04-28
2079-08-15	-1000	2076-11-23
2079-08-15	-400	2078-07-10
2079-08-15	-32	2079-07-13
2079-08-15	-1	2079-08-14
2079-08-15	1	2079-08-16
2079-08-15	29	2079-09-15
2079-08-15	32	2079-09-18
2079-08-15	365	2080-08-15
2079-08-15	1000	2082-05-11
2079-08-29	-1000	2076-12-07
2079-08-29	-400	2078-07-24
2079-08-29	-32	2079-07-27
2079-08-29	-1	2079-08-28
2079-08-29	1	2079-09-01
2079-08-29	29	2079-09-29
2079-08-29	32	2079-10-02
2079-08-29	365	2080-08-29
2079-08-29	1000	2082-05-25
2079-09-01	-1000	2076-12-08
2079-09-01	-400	2078-07-25
2079-09-01	-32	2079-07-28
2079-09-01	-1	2079-08-29
2079-09-01	1	2079-09-02
2079-09-01	29	2079-09-30
2079-09-01	32	2079-10-03
2079-09-01	365	2080-08-30
2079-09-01	1000	2082-05-26
2079-09-15	-1000	2076-12-22
2079-09-15	-400	2078-08-09
2079-09-15	-32	2079-08-12
2079-09-15	-1	2079-09-14
2079-09-15	1	2079-09-16
2079-09-15	29	2079-10-14
2079-09-15	32	2079-10-17
2079-09-15	365	2080-09-14
2079-09-15	1000	2082-06-09
2079-09-30	-1000	2077-01-07
2079-09-30	-400	2078-08-24
2079-09-30	-32	2079-08-27
2079-09-30	-1	2079-09-29
2079-09-30	1	2079-10-01
2079-09-30	29	2079-10-29
2079-09-30	32	2079-11-03
2079-09-30	365	2080-09-29
2079-09-30	1000	2082-06-24
2079-10-01	-1000	2077-01-08
2079-10-01	-400	2078-08-25
2079-10-01	-32	2079-08-28
2079-10-01	-1	2079-09-30
2079-10-01	1	2079-10-02
2079-10-01	29	2079-11-01
2079-10-01	32	2079-11-04
2079-10-01	365	2080-10-01
2079-10-01	1000	2082-06-25
2079-10-15	-1000	2077-01-22
2079-10-15	-400	2078-09-10
2079-10-15	-32	2079-09-13
2079-10-15	-1	2079-10-14
2079-10-15	1	2079-10-16
2079-10-15	29	2079-11-15
2079-10-15	32	2079-11-18
2079-10-15	365	2080-10-15
2079-10-15	1000	2082-07-08
2079-10-29	-1000	2077-02-05
2079-10-29	-400	2078-09-24
2079-10-29	-32	2079-09-27
2079-10-29	-1	2079-10-28
2079-10-29	1	2079-11-01
2079-10-29	29	2079-11-29
2079-10-29	32	2079-12-02
2079-10-29	365	2080-10-29
2079-10-29	1000	2082-07-22
2079-11-01	-1000	2077-02-06
2079-11-01	-400	2078-09-25
2079-11-01	-32	2079-09-28
2079-11-01	-1	2079-10-29
2079-11-01	1	2079-11-02
2079-11-01	29	2079-11-30
2079-11-01	32	2079-12-03
2079-11-01	365	2080-11-01
2079-11-01	1000	2082-07-23
2079-11-08	-1000	2077-02-13
2079-11-08	-400	2078-10-02
2079-11-08	-32	2079-10-05
2079-11-08	-1	2079-11-07
2079-11-08	1	2079-11-09
2079-11-08	29	2079-12-07
2079-11-08	32	2079-12-10
2079-11-08	365	2080-11-08
2079-11-08	1000	2082-07-30
2079-11-15	-1000	2077-02-20
2079-11-15	-400	2078-10-09
2079-11-15	-32	2079-10-12
2079-11-15	-1	2079-11-14
2079-11-15	1	2079-11-16
2079-11-15	29	2079-12-14
2079-11-15	32	2079-12-17
2079-11-15	365	2080-11-15
2079-11-15	1000	2082-08-07
2079-11-30	-1000	2077-03-03
2079-11-30	-400	2078-10-24
2079-11-30	-32	2079-10-27
2079-11-30	-1	2079-11-29
2079-11-30	1	2079-12-01
2079-11-30	29	2079-12-29
2079-11-30	32	2080-01-02
2079-11-30	365	2080-11-30
2079-11-30	1000	2082-08-22
2079-12-01	-1000	2077-03-04
2079-12-01	-400	2078-10-25
2079-12-01	-32	2079-10-28
2079-12-01	-1	2079-11-30
2079-12-01	1	2079-12-02
2079-12-01	29	2079-12-30
2079-12-01	32	2080-01-03
2079-12-01	365	2080-12-01
2079-12-01	1000	2082-08-23
2079-12-15	-1000	2077-03-18
2079-12-15	-400	2078-11-10
2079-12-15	-32	2079-11-13
2079-12-15	-1	2079-12-14
2079-12-15	1	2079-12-16
2079-12-15	29	2080-01-14
2079-12-15	32	2080-01-17
2079-12-15	365	2080-12-15
2079-12-15	1000	2082-09-08
2079-12-30	-1000	2077-04-02
2079-12-30	-400	2078-11-25
2079-12-30	-32	2079-11-28
2079-12-30	-1	2079-12-29
2079-12-30	1	2080-01-01
2079-12-30	29	2080-01-29
2079-12-30	32	2080-02-01
2079-12-30	365	2080-12-30
2079-12-30	1000	2082-09-23
2080-01-01	-1000	2077-04-03
2080-01-01	-400	2078-11-26
2080-01-01	-32	2079-11-29
2080-01-01	-1	2079-12-30
2080-01-01	1	2080-01-02
2080-01-01	29	2080-01-30
2080-01-01	32	2080-02-02
2080-01-01	365	2081-01-01
2080-01-01	1000	2082-09-24
2080-01-15	-1000	2077-04-17
2080-01-15	-400	2078-12-10
2080-01-15	-32	2079-12-13
2080-01-15	-1	2080-01-14
2080-01-15	1	2080-01-16
2080-01-15	29	2080-02-13
2080-01-15	32	2080-02-16
2080-01-15	365	2081-01-15
2080-01-15	1000	2082-10-08
2080-01-31	-1000	2077-05-01
2080-01-31	-400	2078-12-26
2080-01-31	-32	2079-12-29
2080-01-31	-1	2080-01-30
2080-01-31	1	2080-02-01
2080-01-31	29	2080-02-29
2080-01-31	32	2080-02-32
2080-01-31	365	2081-01-31
2080-01-31	1000	2082-10-24
2080-02-01	-1000	2077-05-02
2080-02-01	-400	2078-12-27
2080-02-01	-32	2079-12-30
2080-02-01	-1	2080-01-31
2080-02-01	1	2080-02-02
2080-02-01	29	2080-02-30
2080-02-01	32	2080-03-01
2080-02-01	365	2081-02-01
2080-02-01	1000	2082-10-25
2080-02-15	-1000	2077-05-16
2080-02-15	-400	2079-01-11
2080-02-15	-32	2080-01-14
2080-02-15	-1	2080-02-14
2080-02-15	1	2080-02-16
2080-02-15	29	2080-03-12
2080-02-15	32	2080-03-15
2080-02-15	365	2081-02-15
2080-02-15	1000	2082-11-10
2080-02-32	-1000	2077-06-02
2080-02-32	-400	2079-01-28
2080-02-32	-32	2080-01-31
2080-02-32	-1	2080-02-31
2080-02-32	1	2080-03-01
2080-02-32	29	2080-03-29
2080-02-32	32	2080-04-01
2080-02-32	365	2081-02-32
2080-02-32	1000	2082-11-27
2080-03-01	-1000	2077-06-03
2080-03-01	-400	2079-01-29
2080-03-01	-32	2080-02-01
2080-03-01	-1	2080-02-32
2080-03-01	1	2080-03-02
2080-03-01	29	2080-03-30
2080-03-01	32	2080-04-02
2080-03-01	365	2081-03-01
2080-03-01	1000	2082-11-28
2080-03-15	-1000	2077-06-17
2080-03-15	-400	2079-02-12
2080-03-15	-32	2080-02-15
2080-03-15	-1	2080-03-14
2080-03-15	1	2080-03-16
2080-03-15	29	2080-04-13
2080-03-15	32	2080-04-16
2080-03-15	365	2081-03-15
2080-03-15	1000	2082-12-12
2080-03-31	-1000	2077-07-03
2080-03-31	-400	2079-02-28
2080-03-31	-32	2080-02-31
2080-03-31	-1	2080-03-30
2080-03-31	1	2080-04-01
2080-03-31	29	2080-04-29
2080-03-31	32	2080-04-32
2080-03-31	365	2081-03-31
2080-03-31	1000	2082-12-28
2080-04-01	-1000	2077-07-04
2080-04-01	-400	2079-02-29
2080-04-01	-32	2080-02-32
2080-04-01	-1	2080-03-31
2080-04-01	1	2080-04-02
2080-04-01	29	2080-04-30
2080-04-01	32	2080-05-01
2080-04-01	365	2081-04-01
2080-04-01	1000	2082-12-29
2080-04-15	-1000	2077-07-18
2080-04-15	-400	2079-03-12
2080-04-15	-32	2080-03-14
2080-04-15	-1	2080-04-14
2080-04-15	1	2080-04-16
2080-04-15	29	2080-05-12
2080-04-15	32	2080-05-15
2080-04-15	365	2081-04-15
2080-04-15	1000	2083-01-13
2080-04-32	-1000	2077-08-05
2080-04-32	-400	2079-03-29
2080-04-32	-32	2080-03-31
2080-04-32	-1	2080-04-31
2080-04-32	1	2080-05-01
2080-04-32	29	2080-05-29
2080-04-32	32	2080-06-01
2080-04-32	365	2081-04-32
2080-04-32	1000	2083-01-30
2080-05-01	-1000	2077-08-06
2080-05-01	-400	2079-03-30
2080-05-01	-32	2080-04-01
2080-05-01	-1	2080-04-32
2080-05-01	1	2080-05-02
2080-05-01	29	2080-05-30
2080-05-01	32	2080-06-02
2080-05-01	365	2081-05-01
2080-05-01	1000	2083-01-31
2080-05-15	-1000	2077-08-20
2080-05-15	-400	2079-04-12
2080-05-15	-32	2080-04-15
2080-05-15	-1	2080-05-14
2080-05-15	1	2080-05-16
2080-05-15	29	2080-06-13
2080-05-15	32	2080-06-16
2080-05-15	365	2081-05-15
2080-05-15	1000	2083-02-14
2080-05-31	-1000	2077-09-06
2080-05-31	-400	2079-04-28
2080-05-31	-32	2080-04-31
2080-05-31	-1	2080-05-30
2080-05-31	1	2080-06-01
2080-05-31	29	2080-06-29
2080-05-31	32	2080-07-02
2080-05-31	365	2081-05-31
2080-05-31	1000	2083-02-30
2080-06-01	-1000	2077-09-07
2080-06-01	-400	2079-04-29
2080-06-01	-32	2080-04-32
2080-06-01	-1	2080-05-31
2080-06-01	1	2080-06-02
2080-06-01	29	2080-06-30
2080-06-01	32	2080-07-03
2080-06-01	365	2081-06-01
2080-06-01	1000	2083-02-31
2080-06-15	-1000	2077-09-21
2080-06-15	-400	2079-05-12
2080-06-15	-32	2080-05-14
2080-06-15	-1	2080-06-14
2080-06-15	1	2080-06-16
2080-06-15	29	2080-07-14
2080-06-15	32	2080-07-17
2080-06-15	365	2081-06-15
2080-06-15	1000	2083-03-14
2080-06-30	-1000	2077-10-07
2080-06-30	-400	2079-05-27
2080-06-30	-32	2080-05-29
2080-06-30	-1	2080-06-29
2080-06-30	1	2080-07-01
2080-06-30	29	2080-07-29
2080-06-30	32	2080-08-02
2080-06-30	365	2081-06-30
2080-06-30	1000	2083-03-29
2080-07-01	-1000	2077-10-08
2080-07-01	-400	2079-05-28
2080-07-01	-32	2080-05-30
2080-07-01	-1	2080-06-30
2080-07-01	1	2080-07-02
2080-07-01	29	2080-07-30
2080-07-01	32	2080-08-03
2080-07-01	365	2081-07-01
2080-07-01	1000	2083-03-30
2080-07-15	-1000	2077-10-22
2080-07-15	-400	2079-06-11
2080-07-15	-32	2080-06-13
2080-07-15	-1	2080-07-14
2080-07-15	1	2080-07-16
2080-07-15	29	2080-08-14
2080-07-15	32	2080-08-17
2080-07-15	365	2081-07-15
2080-07-15	1000	2083-04-12
2080-07-30	-1000	2077-11-07
2080-07-30	-400	2079-06-26
2080-07-30	-32	2080-06-28
2080-07-30	-1	2080-07-29
2080-07-30	1	2080-08-01
2080-07-30	29	2080-08-29
2080-07-30	32	2080-09-02
2080-07-30	365	2081-07-30
2080-07-30	1000	2083-04-27
2080-08-01	-1000	2077-11-08
2080-08-01	-400	2079-06-27
2080-08-01	-32	2080-06-29
2080-08-01	-1	2080-07-30
2080-08-01	1	2080-08-02
2080-08-01	29	2080-08-30
2080-08-01	32	2080-09-03
2080-08-01	365	2081-08-01
2080-08-01	1000	2083-04-28
2080-08-15	-1000	2077-11-22
2080-08-15	-400	2079-07-10
2080-08-15	-32	2080-07-13
2080-08-15	-1	2080-08-14
2080-08-15	1	2080-08-16
2080-08-15	29	2080-09-14
2080-08-15	32	2080-09-17
2080-08-15	365	2081-08-15
2080-08-15	1000	2083-05-11
2080-08-30	-1000	2077-12-08
2080-08-30	-400	2079-07-25
2080-08-30	-32	2080-07-28
2080-08-30	-1	2080-08-29
2080-08-30	1	2080-09-01
2080-08-30	29	2080-09-29
2080-08-30	32	2080-10-03
2080-08-30	365	2081-08-30
2080-08-30	1000	2083-05-26
2080-09-01	-1000	2077-12-09
2080-09-01	-400	2079-07-26
2080-09-01	-32	2080-07-29
2080-09-01	-1	2080-08-30
2080-09-01	1	2080-09-02
2080-09-01	29	2080-10-01
2080-09-01	32	2080-10-04
2080-09-01	365	2081-09-01
2080-09-01	1000	2083-05-27
2080-09-15	-1000	2077-12-23
2080-09-15	-400	2079-08-10
2080-09-15	-32	2080-08-13
2080-09-15	-1	2080-09-14
2080-09-15	1	2080-09-16
2080-09-15	29	2080-10-15
2080-09-15	32	2080-10-18
2080-09-15	365	2081-09-15
2080-09-15	1000	2083-06-10
2080-09-29	-1000	2078-01-06
2080-09-29	-400	2079-08-24
2080-09-29	-32	2080-08-27
2080-09-29	-1	2080-09-28
2080-09-29	1	2080-10-01
2080-09-29	29	2080-10-29
2080-09-29	32	2080-11-03
2080-09-29	365	2081-09-29
2080-09-29	1000	2083-06-24
2080-10-01	-1000	2078-01-07
2080-10-01	-400	2079-08-25
2080-10-01	-32	2080-08-28
2080-10-01	-1	2080-09-29
2080-10-01	1	2080-10-02
2080-10-01	29	2080-11-01
2080-10-01	32	2080-11-04
2080-10-01	365	2081-10-01
2080-10-01	1000	2083-06-25
2080-10-15	-1000	2078-01-21
2080-10-15	-400	2079-09-10
2080-10-15	-32	2080-09-12
2080-10-15	-1	2080-10-14
2080-10-15	1	2080-10-16
2080-10-15	29	2080-11-15
2080-10-15	32	2080-11-18
2080-10-15	365	2081-10-15
2080-10-15	1000	2083-07-08
2080-10-29	-1000	2078-02-04
2080-10-29	-400	2079-09-24
2080-10-29	-32	2080-09-26
2080-10-29	-1	2080-10-28
2080-10-29	1	2080-11-01
2080-10-29	29	2080-11-29
2080-10-29	32	2080-12-02
2080-10-29	365	2081-10-29
2080-10-29	1000	2083-07-22
2080-11-01	-1000	2078-02-05
2080-11-01	-400	2079-09-25
2080-11-01	-32	2080-09-27
2080-11-01	-1	2080-10-29
2080-11-01	1	2080-11-02
2080-11-01	29	2080-11-30
2080-11-01	32	2080-12-03
2080-11-01	365	2081-10-30
2080-11-01	1000	2083-07-23
2080-11-15	-1000	2078-02-19
2080-11-15	-400	2079-10-09
2080-11-15	-32	2080-10-12
2080-11-15	-1	2080-11-14
2080-11-15	1	2080-11-16
2080-11-15	29	2080-12-14
2080-11-15	32	2080-12-17
2080-11-15	365	2081-11-14
2080-11-15	1000	2083-08-07
2080-11-30	-1000	2078-03-03
2080-11-30	-400	2079-10-24
2080-11-30	-32	2080-10-27
2080-11-30	-1	2080-11-29
2080-11-30	1	2080-12-01
2080-11-30	29	2080-12-29
2080-11-30	32	2081-01-02
2080-11-30	365	2081-11-29
2080-11-30	1000	2083-08-22
2080-12-01	-1000	2078-03-04
2080-12-01	-400	2079-10-25
2080-12-01	-32	2080-10-28
2080-12-01	-1	2080-11-30
2080-12-01	1	2080-12-02
2080-12-01	29	2080-12-30
2080-12-01	32	2081-01-03
2080-12-01	365	2081-12-01
2080-12-01	1000	2083-08-23
2080-12-15	-1000	2078-03-18
2080-12-15	-400	2079-11-10
2080-12-15	-32	2080-11-13
2080-12-15	-1	2080-12-14
2080-12-15	1	2080-12-16
2080-12-15	29	2081-01-14
2080-12-15	32	2081-01-17
2080-12-15	365	2081-12-15
2080-12-15	1000	2083-09-08
2080-12-30	-1000	2078-04-02
2080-12-30	-400	2079-11-25
2080-12-30	-32	2080-11-28
2080-12-30	-1	2080-12-29
2080-12-30	1	2081-01-01
2080-12-30	29	2081-01-29
2080-12-30	32	2081-02-01
2080-12-30	365	2081-12-30
2080-12-30	1000	2083-09-23
2081-01-01	-1000	2078-04-03
2081-01-01	-400	2079-11-26
2081-01-01	-32	2080-11-29
2081-01-01	-1	2080-12-30
2081-01-01	1	2081-01-02
2081-01-01	29	2081-01-30
2081-01-01	32	2081-02-02
2081-01-01	365	2081-12-31
2081-01-01	1000	2083-09-24
2081-01-15	-1000	2078-04-17
2081-01-15	-400	2079-12-10
2081-01-15	-32	2080-12-13
2081-01-15	-1	2081-01-14
2081-01-15	1	2081-01-16
2081-01-15	29	2081-02-13
2081-01-15	32	2081-02-16
2081-01-15	365	2082-01-14
2081-01-15	1000	2083-10-08
2081-01-31	-1000	2078-05-01
2081-01-31	-400	2079-12-26
2081-01-31	-32	2080-12-29
2081-01-31	-1	2081-01-30
2081-01-31	1	2081-02-01
2081-01-31	29	2081-02-29
2081-01-31	32	2081-02-32
2081-01-31	365	2082-01-30
2081-01-31	1000	2083-10-24
2081-02-01	-1000	2078-05-02
2081-02-01	-400	2079-12-27
2081-02-01	-32	2080-12-30
2081-02-01	-1	2081-01-31
2081-02-01	1	2081-02-02
2081-02-01	29	2081-02-30
2081-02-01	32	2081-03-01
2081-02-01	365	2082-01-31
2081-02-01	1000	2083-10-25
2081-02-15	-1000	2078-05-16
2081-02-15	-400	2080-01-11
2081-02-15	-32	2081-01-14
2081-02-15	-1	2081-02-14
2081-02-15	1	2081-02-16
2081-02-15	29	2081-03-12
2081-02-15	32	2081-03-15
2081-02-15	365	2082-02-14
2081-02-15	1000	2083-11-10
2081-02-32	-1000	2078-06-02
2081-02-32	-400	2080-01-28
2081-02-32	-32	2081-01-31
2081-02-32	-1	2081-02-31
2081-02-32	1	2081-03-01
2081-02-32	29	2081-03-29
2081-02-32	32	2081-04-01
2081-02-32	365	2082-02-31
2081-02-32	1000	2083-11-27
2081-03-01	-1000	2078-06-03
2081-03-01	-400	2080-01-29
2081-03-01	-32	2081-02-01
2081-03-01	-1	2081-02-32
2081-03-01	1	2081-03-02
2081-03-01	29	2081-03-30
2081-03-01	32	2081-04-02
2081-03-01	365	2082-03-01
2081-03-01	1000	2083-11-28
2081-03-15	-1000	2078-06-17
2081-03-15	-400	2080-02-12
2081-03-15	-32	2081-02-15
2081-03-15	-1	2081-03-14
2081-03-15	1	2081-03-16
2081-03-15	29	2081-04-13
2081-03-15	32	2081-04-16
2081-03-15	365	2082-03-15
2081-03-15	1000	2083-12-12
2081-03-31	-1000	2078-07-02
2081-03-31	-400	2080-02-28
2081-03-31	-32	2081-02-31
2081-03-31	-1	2081-03-30
2081-03-31	1	2081-04-01
2081-03-31	29	2081-04-29
2081-03-31	32	2081-04-32
2081-03-31	365	2082-03-31
2081-03-31	1000	2083-12-28
2081-04-01	-1000	2078-07-03
2081-04-01	-400	2080-02-29
2081-04-01	-32	2081-02-32
2081-04-01	-1	2081-03-31
2081-04-01	1	2081-04-02
2081-04-01	29	2081-04-30
2081-04-01	32	2081-05-01
2081-04-01	365	2082-03-32
2081-04-01	1000	2083-12-29
2081-04-15	-1000	2078-07-17
2081-04-15	-400	2080-03-11
2081-04-15	-32	2081-03-14
2081-04-15	-1	2081-04-14
2081-04-15	1	2081-04-16
2081-04-15	29	2081-05-12
2081-04-15	32	2081-05-15
2081-04-15	365	2082-04-14
2081-04-15	1000	2084-01-13
2081-04-32	-1000	2078-08-04
2081-04-32	-400	2080-03-28
2081-04-32	-32	2081-03-31
2081-04-32	-1	2081-04-31
2081-04-32	1	2081-05-01
2081-04-32	29	2081-05-29
2081-04-32	32	2081-06-01
2081-04-32	365	2082-04-31
2081-04-32	1000	2084-01-30
2081-05-01	-1000	2078-08-05
2081-05-01	-400	2080-03-29
2081-05-01	-32	2081-04-01
2081-05-01	-1	2081-04-32
2081-05-01	1	2081-05-02
2081-05-01	29	2081-05-30
2081-05-01	32	2081-06-02
2081-05-01	365	2082-05-01
2081-05-01	1000	2084-01-31
2081-05-15	-1000	2078-08-19
2081-05-15	-400	2080-04-12
2081-05-15	-32	2081-04-15
2081-05-15	-1	2081-05-14
2081-05-15	1	2081-05-16
2081-05-15	29	2081-06-13
2081-05-15	32	2081-06-16
2081-05-15	365	2082-05-15
2081-05-15	1000	2084-02-14
2081-05-31	-1000	2078-09-06
2081-05-31	-400	2080-04-28
2081-05-31	-32	2081-04-31
2081-05-31	-1	2081-05-30
2081-05-31	1	2081-06-01
2081-05-31	29	2081-06-29
2081-05-31	32	2081-07-02
2081-05-31	365	2082-05-31
2081-05-31	1000	2084-02-30
2081-06-01	-1000	2078-09-07
2081-06-01	-400	2080-04-29
2081-06-01	-32	2081-04-32
2081-06-01	-1	2081-05-31
2081-06-01	1	2081-06-02
2081-06-01	29	2081-06-30
2081-06-01	32	2081-07-03
2081-06-01	365	2082-06-01
2081-06-01	1000	2084-02-31
2081-06-15	-1000	2078-09-21
2081-06-15	-400	2080-05-11
2081-06-15	-32	2081-05-14
2081-06-15	-1	2081-06-14
2081-06-15	1	2081-06-16
2081-06-15	29	2081-07-14
2081-06-15	32	2081-07-17
2081-06-15	365	2082-06-15
2081-06-15	1000	2084-03-14
2081-06-30	-1000	2078-10-06
2081-06-30	-400	2080-05-26
2081-06-30	-32	2081-05-29
2081-06-30	-1	2081-06-29
2081-06-30	1	2081-07-01
2081-06-30	29	2081-07-29
2081-06-30	32	2081-08-02
2081-06-30	365	2082-06-30
2081-06-30	1000	2084-03-29
2081-07-01	-1000	2078-10-07
2081-07-01	-400	2080-05-27
2081-07-01	-32	2081-05-30
2081-07-01	-1	2081-06-30
2081-07-01	1	2081-07-02
2081-07-01	29	2081-07-30
2081-07-01	32	2081-08-03
2081-07-01	365	2082-06-31
2081-07-01	1000	2084-03-30
2081-07-15	-1000	2078-10-21
2081-07-15	-400	2080-06-10
2081-07-15	-32	2081-06-13
2081-07-15	-1	2081-07-14
2081-07-15	1	2081-07-16
2081-07-15	29	2081-08-14
2081-07-15	32	2081-08-17
2081-07-15	365	2082-07-14
2081-07-15	1000	2084-04-12
2081-07-30	-1000	2078-11-07
2081-07-30	-400	2080-06-25
2081-07-30	-32	2081-06-28
2081-07-30	-1	2081-07-29
2081-07-30	1	2081-08-01
2081-07-30	29	2081-08-29
2081-07-30	32	2081-09-02
2081-07-30	365	2082-07-29
2081-07-30	1000	2084-04-27
2081-08-01	-1000	2078-11-08
2081-08-01	-400	2080-06-26
2081-08-01	-32	2081-06-29
2081-08-01	-1	2081-07-30
2081-08-01	1	2081-08-02
2081-08-01	29	2081-08-30
2081-08-01	32	2081-09-03
2081-08-01	365	2082-07-30
2081-08-01	1000	2084-04-28
2081-08-15	-1000	2078-11-22
2081-08-15	-400	2080-07-10
2081-08-15	-32	2081-07-13
2081-08-15	-1	2081-08-14
2081-08-15	1	2081-08-16
2081-08-15	29	2081-09-14
2081-08-15	32	2081-09-17
2081-08-15	365	2082-08-14
2081-08-15	1000	2084-05-11
2081-08-30	-1000	2078-12-07
2081-08-30	-400	2080-07-25
2081-08-30	-32	2081-07-28
2081-08-30	-1	2081-08-29
2081-08-30	1	2081-09-01
2081-08-30	29	2081-09-29
2081-08-30	32	2081-10-03
2081-08-30	365	2082-08-29
2081-08-30	1000	2084-05-26
2081-09-01	-1000	2078-12-08
2081-09-01	-400	2080-07-26
2081-09-01	-32	2081-07-29
2081-09-01	-1	2081-08-30
2081-09-01	1	2081-09-02
2081-09-01	29	2081-10-01
2081-09-01	32	2081-10-04
2081-09-01	365	2082-09-01
2081-09-01	1000	2084-05-27
2081-09-15	-1000	2078-12-22
2081-09-15	-400	2080-08-10
2081-09-15	-32	2081-08-13
2081-09-15	-1	2081-09-14
2081-09-15	1	2081-09-16
2081-09-15	29	2081-10-15
2081-09-15	32	2081-10-18
2081-09-15	365	2082-09-15
2081-09-15	1000	2084-06-10
2081-09-29	-1000	2079-01-06
2081-09-29	-400	2080-08-24
2081-09-29	-32	2081-08-27
2081-09-29	-1	2081-09-28
2081-09-29	1	2081-10-01
2081-09-29	29	2081-10-29
2081-09-29	32	2081-11-02
2081-09-29	365	2082-09-29
2081-09-29	1000	2084-06-24
2081-10-01	-1000	2079-01-07
2081-10-01	-400	2080-08-25
2081-10-01	-32	2081-08-28
2081-10-01	-1	2081-09-29
2081-10-01	1	2081-10-02
2081-10-01	29	2081-10-30
2081-10-01	32	2081-11-03
2081-10-01	365	2082-09-30
2081-10-01	1000	2084-06-25
2081-10-04	-1000	2079-01-10
2081-10-04	-400	2080-08-28
2081-10-04	-32	2081-09-01
2081-10-04	-1	2081-10-03
2081-10-04	1	2081-10-05
2081-10-04	29	2081-11-03
2081-10-04	32	2081-11-06
2081-10-04	365	2082-10-03
2081-10-04	1000	2084-06-28
2081-10-15	-1000	2079-01-21
2081-10-15	-400	2080-09-09
2081-10-15	-32	2081-09-12
2081-10-15	-1	2081-10-14
2081-10-15	1	2081-10-16
2081-10-15	29	2081-11-14
2081-10-15	32	2081-11-17
2081-10-15	365	2082-10-14
2081-10-15	1000	2084-07-09
2081-10-30	-1000	2079-02-05
2081-10-30	-400	2080-09-24
2081-10-30	-32	2081-09-27
2081-10-30	-1	2081-10-29
2081-10-30	1	2081-11-01
2081-10-30	29	2081-11-29
2081-10-30	32	2081-12-03
2081-10-30	365	2082-10-29
2081-10-30	1000	2084-07-24
2081-11-01	-1000	2079-02-06
2081-11-01	-400	2080-09-25
2081-11-01	-32	2081-09-28
2081-11-01	-1	2081-10-30
2081-11-01	1	2081-11-02
2081-11-01	29	2081-12-01
2081-11-01	32	2081-12-04
2081-11-01	365	2082-11-01
2081-11-01	1000	2084-07-25
2081-11-15	-1000	2079-02-20
2081-11-15	-400	2080-10-10
2081-11-15	-32	2081-10-13
2081-11-15	-1	2081-11-14
2081-11-15	1	2081-11-16
2081-11-15	29	2081-12-15
2081-11-15	32	2081-12-18
2081-11-15	365	2082-11-15
2081-11-15	1000	2084-08-09
2081-11-29	-1000	2079-03-03
2081-11-29	-400	2080-10-24
2081-11-29	-32	2081-10-27
2081-11-29	-1	2081-11-28
2081-11-29	1	2081-12-01
2081-11-29	29	2081-12-29
2081-11-29	32	2082-01-01
2081-11-29	365	2082-11-29
2081-11-29	1000	2084-08-23
2081-12-01	-1000	2079-03-04
2081-12-01	-400	2080-10-25
2081-12-01	-32	2081-10-28
2081-12-01	-1	2081-11-29
2081-12-01	1	2081-12-02
2081-12-01	29	2081-12-30
2081-12-01	32	2082-01-02
2081-12-01	365	2082-11-30
2081-12-01	1000	2084-08-24
2081-12-08	-1000	2079-03-11
2081-12-08	-400	2080-11-03
2081-12-08	-32	2081-11-05
2081-12-08	-1	2081-12-07
2081-12-08	1	2081-12-09
2081-12-08	29	2082-01-06
2081-12-08	32	2082-01-09
2081-12-08	365	2082-12-07
2081-12-08	1000	2084-09-01
2081-12-15	-1000	2079-03-18
2081-12-15	-400	2080-11-10
2081-12-15	-32	2081-11-12
2081-12-15	-1	2081-12-14
2081-12-15	1	2081-12-16
2081-12-15	29	2082-01-13
2081-12-15	32	2082-01-16
2081-12-15	365	2082-12-14
2081-12-15	1000	2084-09-08
2081-12-31	-1000	2079-04-02
2081-12-31	-400	2080-11-26
2081-12-31	-32	2081-11-28
2081-12-31	-1	2081-12-30
2081-12-31	1	2082-01-01
2081-12-31	29	2082-01-29
2081-12-31	32	2082-02-01
2081-12-31	365	2082-12-30
2081-12-31	1000	2084-09-24
2082-01-01	-1000	2079-04-03
2082-01-01	-400	2080-11-27
2082-01-01	-32	2081-11-29
2082-01-01	-1	2081-12-31
2082-01-01	1	2082-01-02
2082-01-01	29	2082-01-30
2082-01-01	32	2082-02-02
2082-01-01	365	2083-01-01
2082-01-01	1000	2084-09-25
2082-01-15	-1000	2079-04-17
2082-01-15	-400	2080-12-11
2082-01-15	-32	2081-12-14
2082-01-15	-1	2082-01-14
2082-01-15	1	2082-01-16
2082-01-15	29	2082-02-13
2082-01-15	32	2082-02-16
2082-01-15	365	2083-01-15
2082-01-15	1000	2084-10-10
2082-01-16	-1000	2079-04-18
2082-01-16	-400	2080-12-12
2082-01-16	-32	2081-12-15
2082-01-16	-1	2082-01-15
2082-01-16	1	2082-01-17
2082-01-16	29	2082-02-14
2082-01-16	32	2082-02-17
2082-01-16	365	2083-01-16
2082-01-16	1000	2084-10-11
2082-01-31	-1000	2079-05-02
2082-01-31	-400	2080-12-27
2082-01-31	-32	2081-12-30
2082-01-31	-1	2082-01-30
2082-01-31	1	2082-02-01
2082-01-31	29	2082-02-29
2082-01-31	32	2082-03-01
2082-01-31	365	2083-01-31
2082-01-31	1000	2084-10-26
2082-02-01	-1000	2079-05-03
2082-02-01	-400	2080-12-28
2082-02-01	-32	2081-12-31
2082-02-01	-1	2082-01-31
2082-02-01	1	2082-02-02
2082-02-01	29	2082-02-30
2082-02-01	32	2082-03-02
2082-02-01	365	2083-02-01
2082-02-01	1000	2084-10-27
2082-02-15	-1000	2079-05-17
2082-02-15	-400	2081-01-12
2082-02-15	-32	2082-01-14
2082-02-15	-1	2082-02-14
2082-02-15	1	2082-02-16
2082-02-15	29	2082-03-13
2082-02-15	32	2082-03-16
2082-02-15	365	2083-02-15
2082-02-15	1000	2084-11-11
2082-02-31	-1000	2079-06-02
2082-02-31	-400	2081-01-28
2082-02-31	-32	2082-01-30
2082-02-31	-1	2082-02-30
2082-02-31	1	2082-03-01
2082-02-31	29	2082-03-29
2082-02-31	32	2082-03-32
2082-02-31	365	2083-02-31
2082-02-31	1000	2084-11-27
2082-03-01	-1000	2079-06-03
2082-03-01	-400	2081-01-29
2082-03-01	-32	2082-01-31
2082-03-01	-1	2082-02-31
2082-03-01	1	2082-03-02
2082-03-01	29	2082-03-30
2082-03-01	32	2082-04-01
2082-03-01	365	2083-03-01
2082-03-01	1000	2084-11-28
2082-03-15	-1000	2079-06-17
2082-03-15	-400	2081-02-12
2082-03-15	-32	2082-02-14
2082-03-15	-1	2082-03-14
2082-03-15	1	2082-03-16
2082-03-15	29	2082-04-12
2082-03-15	32	2082-04-15
2082-03-15	365	2083-03-15
2082-03-15	1000	2084-12-12
2082-03-32	-1000	2079-07-03
2082-03-32	-400	2081-02-29
2082-03-32	-32	2082-02-31
2082-03-32	-1	2082-03-31
2082-03-32	1	2082-04-01
2082-03-32	29	2082-04-29
2082-03-32	32	2082-05-01
2082-03-32	365	2083-03-32
2082-03-32	1000	2084-12-29
2082-04-01	-1000	2079-07-04
2082-04-01	-400	2081-02-30
2082-04-01	-32	2082-03-01
2082-04-01	-1	2082-03-32
2082-04-01	1	2082-04-02
2082-04-01	29	2082-04-30
2082-04-01	32	2082-05-02
2082-04-01	365	2083-04-01
2082-04-01	1000	2084-12-30
2082-04-15	-1000	2079-07-18
2082-04-15	-400	2081-03-12
2082-04-15	-32	2082-03-15
2082-04-15	-1	2082-04-14
2082-04-15	1	2082-04-16
2082-04-15	29	2082-05-13
2082-04-15	32	2082-05-16
2082-04-15	365	2083-04-15
2082-04-15	1000	2085-01-14
2082-04-31	-1000	2079-08-04
2082-04-31	-400	2081-03-28
2082-04-31	-32	2082-03-31
2082-04-31	-1	2082-04-30
2082-04-31	1	2082-05-01
2082-04-31	29	2082-05-29
2082-04-31	32	2082-06-01
2082-04-31	365	2083-04-31
2082-04-31	1000	2085-01-30
2082-05-01	-1000	2079-08-05
2082-05-01	-400	2081-03-29
2082-05-01	-32	2082-03-32
2082-05-01	-1	2082-04-31
2082-05-01	1	2082-05-02
2082-05-01	29	2082-05-30
2082-05-01	32	2082-06-02
2082-05-01	365	2083-05-01
2082-05-01	1000	2085-01-31
2082-05-15	-1000	2079-08-19
2082-05-15	-400	2081-04-12
2082-05-15	-32	2082-04-14
2082-05-15	-1	2082-05-14
2082-05-15	1	2082-05-16
2082-05-15	29	2082-06-13
2082-05-15	32	2082-06-16
2082-05-15	365	2083-05-15
2082-05-15	1000	2085-02-14
2082-05-31	-1000	2079-09-06
2082-05-31	-400	2081-04-28
2082-05-31	-32	2082-04-30
2082-05-31	-1	2082-05-30
2082-05-31	1	2082-06-01
2082-05-31	29	2082-06-29
2082-05-31	32	2082-07-01
2082-05-31	365	2083-05-31
2082-05-31	1000	2085-02-30
2082-06-01	-1000	2079-09-07
2082-06-01	-400	2081-04-29
2082-06-01	-32	2082-04-31
2082-06-01	-1	2082-05-31
2082-06-01	1	2082-06-02
2082-06-01	29	2082-06-30
2082-06-01	32	2082-07-02
2082-06-01	365	2083-06-01
2082-06-01	1000	2085-02-31
2082-06-15	-1000	2079-09-21
2082-06-15	-400	2081-05-11
2082-06-15	-32	2082-05-14
2082-06-15	-1	2082-06-14
2082-06-15	1	2082-06-16
2082-06-15	29	2082-07-13
2082-06-15	32	2082-07-16
2082-06-15	365	2083-06-15
2082-06-15	1000	2085-03-13
2082-06-31	-1000	2079-10-07
2082-06-31	-400	2081-05-27
2082-06-31	-32	2082-05-30
2082-06-31	-1	2082-06-30
2082-06-31	1	2082-07-01
2082-06-31	29	2082-07-29
2082-06-31	32	2082-08-02
2082-06-31	365	2083-06-31
2082-06-31	1000	2085-03-29
2082-07-01	-1000	2079-10-08
2082-07-01	-400	2081-05-28
2082-07-01	-32	2082-05-31
2082-07-01	-1	2082-06-31
2082-07-01	1	2082-07-02
2082-07-01	29	2082-07-30
2082-07-01	32	2082-08-03
2082-07-01	365	2083-07-01
2082-07-01	1000	2085-03-30
2082-07-15	-1000	2079-10-22
2082-07-15	-400	2081-06-11
2082-07-15	-32	2082-06-14
2082-07-15	-1	2082-07-14
2082-07-15	1	2082-07-16
2082-07-15	29	2082-08-14
2082-07-15	32	2082-08-17
2082-07-15	365	2083-07-15
2082-07-15	1000	2085-04-13
2082-07-30	-1000	2079-11-08
2082-07-30	-400	2081-06-26
2082-07-30	-32	2082-06-29
2082-07-30	-1	2082-07-29
2082-07-30	1	2082-08-01
2082-07-30	29	2082-08-29
2082-07-30	32	2082-09-03
2082-07-30	365	2083-07-30
2082-07-30	1000	2085-04-28
2082-08-01	-1000	2079-11-09
2082-08-01	-400	2081-06-27
2082-08-01	-32	2082-06-30
2082-08-01	-1	2082-07-30
2082-08-01	1	2082-08-02
2082-08-01	29	2082-09-01
2082-08-01	32	2082-09-04
2082-08-01	365	2083-08-01
2082-08-01	1000	2085-04-29
2082-08-15	-1000	2079-11-23
2082-08-15	-400	2081-07-11
2082-08-15	-32	2082-07-13
2082-08-15	-1	2082-08-14
2082-08-15	1	2082-08-16
2082-08-15	29	2082-09-15
2082-08-15	32	2082-09-18
2082-08-15	365	2083-08-15
2082-08-15	1000	2085-05-11
2082-08-29	-1000	2079-12-07
2082-08-29	-400	2081-07-25
2082-08-29	-32	2082-07-27
2082-08-29	-1	2082-08-28
2082-08-29	1	2082-09-01
2082-08-29	29	2082-09-29
2082-08-29	32	2082-10-02
2082-08-29	365	2083-08-29
2082-08-29	1000	2085-05-25
2082-09-01	-1000	2079-12-08
2082-09-01	-400	2081-07-26
2082-09-01	-32	2082-07-28
2082-09-01	-1	2082-08-29
2082-09-01	1	2082-09-02
2082-09-01	29	2082-09-30
2082-09-01	32	2082-10-03
2082-09-01	365	2083-09-01
2082-09-01	1000	2085-05-26
2082-09-15	-1000	2079-12-22
2082-09-15	-400	2081-08-10
2082-09-15	-32	2082-08-12
2082-09-15	-1	2082-09-14
2082-09-15	1	2082-09-16
2082-09-15	29	2082-10-14
2082-09-15	32	2082-10-17
2082-09-15	365	2083-09-15
2082-09-15	1000	2085-06-10
2082-09-30	-1000	2080-01-07
2082-09-30	-400	2081-08-25
2082-09-30	-32	2082-08-27
2082-09-30	-1	2082-09-29
2082-09-30	1	2082-10-01
2082-09-30	29	2082-10-29
2082-09-30	32	2082-11-03
2082-09-30	365	2083-09-30
2082-09-30	1000	2085-06-25
2082-10-01	-1000	2080-01-08
2082-10-01	-400	2081-08-26
2082-10-01	-32	2082-08-28
2082-10-01	-1	2082-09-30
2082-10-01	1	2082-10-02
2082-10-01	29	2082-11-01
2082-10-01	32	2082-11-04
2082-10-01	365	2083-10-01
2082-10-01	1000	2085-06-26
2082-10-15	-1000	2080-01-22
2082-10-15	-400	2081-09-10
2082-10-15	-32	2082-09-13
2082-10-15	-1	2082-10-14
2082-10-15	1	2082-10-16
2082-10-15	29	2082-11-15
2082-10-15	32	2082-11-18
2082-10-15	365	2083-10-15
2082-10-15	1000	2085-07-09
2082-10-29	-1000	2080-02-05
2082-10-29	-400	2081-09-24
2082-10-29	-32	2082-09-27
2082-10-29	-1	2082-10-28
2082-10-29	1	2082-11-01
2082-10-29	29	2082-11-29
2082-10-29	32	2082-12-02
2082-10-29	365	2083-10-29
2082-10-29	1000	2085-07-23
2082-11-01	-1000	2080-02-06
2082-11-01	-400	2081-09-25
2082-11-01	-32	2082-09-28
2082-11-01	-1	2082-10-29
2082-11-01	1	2082-11-02
2082-11-01	29	2082-11-30
2082-11-01	32	2082-12-03
2082-11-01	365	2083-11-01
2082-11-01	1000	2085-07-24
2082-11-15	-1000	2080-02-20
2082-11-15	-400	2081-10-10
2082-11-15	-32	2082-10-12
2082-11-15	-1	2082-11-14
2082-11-15	1	2082-11-16
2082-11-15	29	2082-12-14
2082-11-15	32	2082-12-17
2082-11-15	365	2083-11-15
2082-11-15	1000	2085-08-08
2082-11-30	-1000	2080-03-03
2082-11-30	-400	2081-10-25
2082-11-30	-32	2082-10-27
2082-11-30	-1	2082-11-29
2082-11-30	1	2082-12-01
2082-11-30	29	2082-12-29
2082-11-30	32	2083-01-02
2082-11-30	365	2083-11-30
2082-11-30	1000	2085-08-23
2082-12-01	-1000	2080-03-04
2082-12-01	-400	2081-10-26
2082-12-01	-32	2082-10-28
2082-12-01	-1	2082-11-30
2082-12-01	1	2082-12-02
2082-12-01	29	2082-12-30
2082-12-01	32	2083-01-03
2082-12-01	365	2083-12-01
2082-12-01	1000	2085-08-24
2082-12-15	-1000	2080-03-18
2082-12-15	-400	2081-11-10
2082-12-15	-32	2082-11-13
2082-12-15	-1	2082-12-14
2082-12-15	1	2082-12-16
2082-12-15	29	2083-01-14
2082-12-15	32	2083-01-17
2082-12-15	365	2083-12-15
2082-12-15	1000	2085-09-08
2082-12-30	-1000	2080-04-02
2082-12-30	-400	2081-11-25
2082-12-30	-32	2082-11-28
2082-12-30	-1	2082-12-29
2082-12-30	1	2083-01-01
2082-12-30	29	2083-01-29
2082-12-30	32	2083-02-01
2082-12-30	365	2083-12-30
2082-12-30	1000	2085-09-23
2083-01-01	-1000	2080-04-03
2083-01-01	-400	2081-11-26
2083-01-01	-32	2082-11-29
2083-01-01	-1	2082-12-30
2083-01-01	1	2083-01-02
2083-01-01	29	2083-01-30
2083-01-01	32	2083-02-02
2083-01-01	365	2084-01-01
2083-01-01	1000	2085-09-24
2083-01-15	-1000	2080-04-17
2083-01-15	-400	2081-12-11
2083-01-15	-32	2082-12-13
2083-01-15	-1	2083-01-14
2083-01-15	1	2083-01-16
2083-01-15	29	2083-02-13
2083-01-15	32	2083-02-16
2083-01-15	365	2084-01-15
2083-01-15	1000	2085-10-09
2083-01-31	-1000	2080-05-01
2083-01-31	-400	2081-12-27
2083-01-31	-32	2082-12-29
2083-01-31	-1	2083-01-30
2083-01-31	1	2083-02-01
2083-01-31	29	2083-02-29
2083-01-31	32	2083-03-01
2083-01-31	365	2084-01-31
2083-01-31	1000	2085-10-25
2083-02-01	-1000	2080-05-02
2083-02-01	-400	2081-12-28
2083-02-01	-32	2082-12-30
2083-02-01	-1	2083-01-31
2083-02-01	1	2083-02-02
2083-02-01	29	2083-02-30
2083-02-01	32	2083-03-02
2083-02-01	365	2084-02-01
2083-02-01	1000	2085-10-26
2083-02-15	-1000	2080-05-16
2083-02-15	-400	2082-01-11
2083-02-15	-32	2083-01-14
2083-02-15	-1	2083-02-14
2083-02-15	1	2083-02-16
2083-02-15	29	2083-03-13
2083-02-15	32	2083-03-16
2083-02-15	365	2084-02-15
2083-02-15	1000	2085-11-10
2083-02-31	-1000	2080-06-01
2083-02-31	-400	2082-01-27
2083-02-31	-32	2083-01-30
2083-02-31	-1	2083-02-30
2083-02-31	1	2083-03-01
2083-02-31	29	2083-03-29
2083-02-31	32	2083-03-32
2083-02-31	365	2084-02-31
2083-02-31	1000	2085-11-26
2083-03-01	-1000	2080-06-02
2083-03-01	-400	2082-01-28
2083-03-01	-32	2083-01-31
2083-03-01	-1	2083-02-31
2083-03-01	1	2083-03-02
2083-03-01	29	2083-03-30
2083-03-01	32	2083-04-01
2083-03-01	365	2084-03-01
2083-03-01	1000	2085-11-27
2083-03-15	-1000	2080-06-16
2083-03-15	-400	2082-02-11
2083-03-15	-32	2083-02-14
2083-03-15	-1	2083-03-14
2083-03-15	1	2083-03-16
2083-03-15	29	2083-04-12
2083-03-15	32	2083-04-15
2083-03-15	365	2084-03-15
2083-03-15	1000	2085-12-11
2083-03-32	-1000	2080-07-03
2083-03-32	-400	2082-02-28
2083-03-32	-32	2083-02-31
2083-03-32	-1	2083-03-31
2083-03-32	1	2083-04-01
2083-03-32	29	2083-04-29
2083-03-32	32	2083-05-01
2083-03-32	365	2084-03-32
2083-03-32	1000	2085-12-28
2083-04-01	-1000	2080-07-04
2083-04-01	-400	2082-02-29
2083-04-01	-32	2083-03-01
2083-04-01	-1	2083-03-32
2083-04-01	1	2083-04-02
2083-04-01	29	2083-04-30
2083-04-01	32	2083-05-02
2083-04-01	365	2084-04-01
2083-04-01	1000	2085-12-29
2083-04-15	-1000	2080-07-18
2083-04-15	-400	2082-03-12
2083-04-15	-32	2083-03-15
2083-04-15	-1	2083-04-14
2083-04-15	1	2083-04-16
2083-04-15	29	2083-05-13
2083-04-15	32	2083-05-16
2083-04-15	365	2084-04-15
2083-04-15	1000	2086-01-13
2083-04-31	-1000	2080-08-04
2083-04-31	-400	2082-03-28
2083-04-31	-32	2083-03-31
2083-04-31	-1	2083-04-30
2083-04-31	1	2083-05-01
2083-04-31	29	2083-05-29
2083-04-31	32	2083-06-01
2083-04-31	365	2084-04-31
2083-04-31	1000	2086-01-29
2083-05-01	-1000	2080-08-05
2083-05-01	-400	2082-03-29
2083-05-01	-32	2083-03-32
2083-05-01	-1	2083-04-31
2083-05-01	1	2083-05-02
2083-05-01	29	2083-05-30
2083-05-01	32	2083-06-02
2083-05-01	365	2084-05-01
2083-05-01	1000	2086-01-30
2083-05-15	-1000	2080-08-19
2083-05-15	-400	2082-04-11
2083-05-15	-32	2083-04-14
2083-05-15	-1	2083-05-14
2083-05-15	1	2083-05-16
2083-05-15	29	2083-06-13
2083-05-15	32	2083-06-16
2083-05-15	365	2084-05-15
2083-05-15	1000	2086-02-14
2083-05-31	-1000	2080-09-05
2083-05-31	-400	2082-04-27
2083-05-31	-32	2083-04-30
2083-05-31	-1	2083-05-30
2083-05-31	1	2083-06-01
2083-05-31	29	2083-06-29
2083-05-31	32	2083-07-01
2083-05-31	365	2084-05-31
2083-05-31	1000	2086-02-30
2083-06-01	-1000	2080-09-06
2083-06-01	-400	2082-04-28
2083-06-01	-32	2083-04-31
2083-06-01	-1	2083-05-31
2083-06-01	1	2083-06-02
2083-06-01	29	2083-06-30
2083-06-01	32	2083-07-02
2083-06-01	365	2084-06-01
2083-06-01	1000	2086-02-31
2083-06-15	-1000	2080-09-20
2083-06-15	-400	2082-05-11
2083-06-15	-32	2083-05-14
2083-06-15	-1	2083-06-14
2083-06-15	1	2083-06-16
2083-06-15	29	2083-07-13
2083-06-15	32	2083-07-16
2083-06-15	365	2084-06-15
2083-06-15	1000	2086-03-13
2083-06-31	-1000	2080-10-07
2083-06-31	-400	2082-05-27
2083-06-31	-32	2083-05-30
2083-06-31	-1	2083-06-30
2083-06-31	1	2083-07-01
2083-06-31	29	2083-07-29
2083-06-31	32	2083-08-02
2083-06-31	365	2084-07-01
2083-06-31	1000	2086-03-29
2083-07-01	-1000	2080-10-08
2083-07-01	-400	2082-05-28
2083-07-01	-32	2083-05-31
2083-07-01	-1	2083-06-31
2083-07-01	1	2083-07-02
2083-07-01	29	2083-07-30
2083-07-01	32	2083-08-03
2083-07-01	365	2084-07-02
2083-07-01	1000	2086-03-30
2083-07-15	-1000	2080-10-22
2083-07-15	-400	2082-06-11
2083-07-15	-32	2083-06-14
2083-07-15	-1	2083-07-14
2083-07-15	1	2083-07-16
2083-07-15	29	2083-08-14
2083-07-15	32	2083-08-17
2083-07-15	365	2084-07-16
2083-07-15	1000	2086-04-13
2083-07-30	-1000	2080-11-08
2083-07-30	-400	2082-06-26
2083-07-30	-32	2083-06-29
2083-07-30	-1	2083-07-29
2083-07-30	1	2083-08-01
2083-07-30	29	2083-08-29
2083-07-30	32	2083-09-03
2083-07-30	365	2084-08-01
2083-07-30	1000	2086-04-28
2083-08-01	-1000	2080-11-09
2083-08-01	-400	2082-06-27
2083-08-01	-32	2083-06-30
2083-08-01	-1	2083-07-30
2083-08-01	1	2083-08-02
2083-08-01	29	2083-09-01
2083-08-01	32	2083-09-04
2083-08-01	365	2084-08-02
2083-08-01	1000	2086-04-29
2083-08-15	-1000	2080-11-23
2083-08-15	-400	2082-07-10
2083-08-15	-32	2083-07-13
2083-08-15	-1	2083-08-14
2083-08-15	1	2083-08-16
2083-08-15	29	2083-09-15
2083-08-15	32	2083-09-18
2083-08-15	365	2084-08-16
2083-08-15	1000	2086-05-11
2083-08-29	-1000	2080-12-07
2083-08-29	-400	2082-07-24
2083-08-29	-32	2083-07-27
2083-08-29	-1	2083-08-28
2083-08-29	1	2083-09-01
2083-08-29	29	2083-09-29
2083-08-29	32	2083-10-02
2083-08-29	365	2084-08-30
2083-08-29	1000	2086-05-25
2083-09-01	-1000	2080-12-08
2083-09-01	-400	2082-07-25
2083-09-01	-32	2083-07-28
2083-09-01	-1	2083-08-29
2083-09-01	1	2083-09-02
2083-09-01	29	2083-09-30
2083-09-01	32	2083-10-03
2083-09-01	365	2084-09-01
2083-09-01	1000	2086-05-26
2083-09-15	-1000	2080-12-22
2083-09-15	-400	2082-08-09
2083-09-15	-32	2083-08-12
2083-09-15	-1	2083-09-14
2083-09-15	1	2083-09-16
2083-09-15	29	2083-10-14
2083-09-15	32	2083-10-17
2083-09-15	365	2084-09-15
2083-09-15	1000	2086-06-09
2083-09-30	-1000	2081-01-07
2083-09-30	-400	2082-08-24
2083-09-30	-32	2083-08-27
2083-09-30	-1	2083-09-29
2083-09-30	1	2083-10-01
2083-09-30	29	2083-10-29
2083-09-30	32	2083-11-03
2083-09-30	365	2084-10-01
2083-09-30	1000	2086-06-24
2083-10-01	-1000	2081-01-08
2083-10-01	-400	2082-08-25
2083-10-01	-32	2083-08-28
2083-10-01	-1	2083-09-30
2083-10-01	1	2083-10-02
2083-10-01	29	2083-11-01
2083-10-01	32	2083-11-04
2083-10-01	365	2084-10-02
2083-10-01	1000	2086-06-25
2083-10-15	-1000	2081-01-22
2083-10-15	-400	2082-09-10
2083-10-15	-32	2083-09-13
2083-10-15	-1	2083-10-14
2083-10-15	1	2083-10-16
2083-10-15	29	2083-11-15
2083-10-15	32	2083-11-18
2083-10-15	365	2084-10-16
2083-10-15	1000	2086-07-09
2083-10-29	-1000	2081-02-05
2083-10-29	-400	2082-09-24
2083-10-29	-32	2083-09-27
2083-10-29	-1	2083-10-28
2083-10-29	1	2083-11-01
2083-10-29	29	2083-11-29
2083-10-29	32	2083-12-02
2083-10-29	365	2084-10-30
2083-10-29	1000	2086-07-23
2083-11-01	-1000	2081-02-06
2083-11-01	-400	2082-09-25
2083-11-01	-32	2083-09-28
2083-11-01	-1	2083-10-29
2083-11-01	1	2083-11-02
2083-11-01	29	2083-11-30
2083-11-01	32	2083-12-03
2083-11-01	365	2084-11-01
2083-11-01	1000	2086-07-24
2083-11-15	-1000	2081-02-20
2083-11-15	-400	2082-10-09
2083-11-15	-32	2083-10-12
2083-11-15	-1	2083-11-14
2083-11-15	1	2083-11-16
2083-11-15	29	2083-12-14
2083-11-15	32	2083-12-17
2083-11-15	365	2084-11-15
2083-11-15	1000	2086-08-08
2083-11-30	-1000	2081-03-03
2083-11-30	-400	2082-10-24
2083-11-30	-32	2083-10-27
2083-11-30	-1	2083-11-29
2083-11-30	1	2083-12-01
2083-11-30	29	2083-12-29
2083-11-30	32	2084-01-02
2083-11-30	365	2084-11-30
2083-11-30	1000	2086-08-23
2083-12-01	-1000	2081-03-04
2083-12-01	-400	2082-10-25
2083-12-01	-32	2083-10-28
2083-12-01	-1	2083-11-30
2083-12-01	1	2083-12-02
2083-12-01	29	2083-12-30
2083-12-01	32	2084-01-03
2083-12-01	365	2084-12-01
2083-12-01	1000	2086-08-24
2083-12-15	-1000	2081-03-18
2083-12-15	-400	2082-11-10
2083-12-15	-32	2083-11-13
2083-12-15	-1	2083-12-14
2083-12-15	1	2083-12-16
2083-12-15	29	2084-01-14
2083-12-15	32	2084-01-17
2083-12-15	365	2084-12-15
2083-12-15	1000	2086-09-08
2083-12-30	-1000	2081-04-02
2083-12-30	-400	2082-11-25
2083-12-30	-32	2083-11-28
2083-12-30	-1	2083-12-29
2083-12-30	1	2084-01-01
2083-12-30	29	2084-01-29
2083-12-30	32	2084-02-01
2083-12-30	365	2084-12-30
2083-12-30	1000	2086-09-23
2084-01-01	-1000	2081-04-03
2084-01-01	-400	2082-11-26
2084-01-01	-32	2083-11-29
2084-01-01	-1	2083-12-30
2084-01-01	1	2084-01-02
2084-01-01	29	2084-01-30
2084-01-01	32	2084-02-02
2084-01-01	365	2085-01-01
2084-01-01	1000	2086-09-24
2084-01-15	-1000	2081-04-17
2084-01-15	-400	2082-12-10
2084-01-15	-32	2083-12-13
2084-01-15	-1	2084-01-14
2084-01-15	1	2084-01-16
2084-01-15	29	2084-02-13
2084-01-15	32	2084-02-16
2084-01-15	365	2085-01-15
2084-01-15	1000	2086-10-09
2084-01-31	-1000	2081-05-01
2084-01-31	-400	2082-12-26
2084-01-31	-32	2083-12-29
2084-01-31	-1	2084-01-30
2084-01-31	1	2084-02-01
2084-01-31	29	2084-02-29
2084-01-31	32	2084-03-01
2084-01-31	365	2085-01-31
2084-01-31	1000	2086-10-25
2084-02-01	-1000	2081-05-02
2084-02-01	-400	2082-12-27
2084-02-01	-32	2083-12-30
2084-02-01	-1	2084-01-31
2084-02-01	1	2084-02-02
2084-02-01	29	2084-02-30
2084-02-01	32	2084-03-02
2084-02-01	365	2085-02-01
2084-02-01	1000	2086-10-26
2084-02-15	-1000	2081-05-16
2084-02-15	-400	2083-01-11
2084-02-15	-32	2084-01-14
2084-02-15	-1	2084-02-14
2084-02-15	1	2084-02-16
2084-02-15	29	2084-03-13
2084-02-15	32	2084-03-16
2084-02-15	365	2085-02-15
2084-02-15	1000	2086-11-10
2084-02-31	-1000	2081-06-01
2084-02-31	-400	2083-01-27
2084-02-31	-32	2084-01-30
2084-02-31	-1	2084-02-30
2084-02-31	1	2084-03-01
2084-02-31	29	2084-03-29
2084-02-31	32	2084-03-32
2084-02-31	365	2085-02-31
2084-02-31	1000	2086-11-26
2084-03-01	-1000	2081-06-02
2084-03-01	-400	2083-01-28
2084-03-01	-32	2084-01-31
2084-03-01	-1	2084-02-31
2084-03-01	1	2084-03-02
2084-03-01	29	2084-03-30
2084-03-01	32	2084-04-01
2084-03-01	365	2085-02-32
2084-03-01	1000	2086-11-27
2084-03-15	-1000	2081-06-16
2084-03-15	-400	2083-02-11
2084-03-15	-32	2084-02-14
2084-03-15	-1	2084-03-14
2084-03-15	1	2084-03-16
2084-03-15	29	2084-04-12
2084-03-15	32	2084-04-15
2084-03-15	365	2085-03-14
2084-03-15	1000	2086-12-11
2084-03-25	-1000	2081-06-26
2084-03-25	-400	2083-02-21
2084-03-25	-32	2084-02-24
2084-03-25	-1	2084-03-24
2084-03-25	1	2084-03-26
2084-03-25	29	2084-04-22
2084-03-25	32	2084-04-25
2084-03-25	365	2085-03-24
2084-03-25	1000	2086-12-21
2084-03-32	-1000	2081-07-03
2084-03-32	-400	2083-02-28
2084-03-32	-32	2084-02-31
2084-03-32	-1	2084-03-31
2084-03-32	1	2084-04-01
2084-03-32	29	2084-04-29
2084-03-32	32	2084-05-01
2084-03-32	365	2085-03-31
2084-03-32	1000	2086-12-28
2084-04-01	-1000	2081-07-04
2084-04-01	-400	2083-02-29
2084-04-01	-32	2084-03-01
2084-04-01	-1	2084-03-32
2084-04-01	1	2084-04-02
2084-04-01	29	2084-04-30
2084-04-01	32	2084-05-02
2084-04-01	365	2085-04-01
2084-04-01	1000	2086-12-29
2084-04-15	-1000	2081-07-18
2084-04-15	-400	2083-03-12
2084-04-15	-32	2084-03-15
2084-04-15	-1	2084-04-14
2084-04-15	1	2084-04-16
2084-04-15	29	2084-05-13
2084-04-15	32	2084-05-16
2084-04-15	365	2085-04-15
2084-04-15	1000	2087-01-13
2084-04-31	-1000	2081-08-04
2084-04-31	-400	2083-03-28
2084-04-31	-32	2084-03-31
2084-04-31	-1	2084-04-30
2084-04-31	1	2084-05-01
2084-04-31	29	2084-05-29
2084-04-31	32	2084-06-01
2084-04-31	365	2085-04-31
2084-04-31	1000	2087-01-29
2084-05-01	-1000	2081-08-05
2084-05-01	-400	2083-03-29
2084-05-01	-32	2084-03-32
2084-05-01	-1	2084-04-31
2084-05-01	1	2084-05-02
2084-05-01	29	2084-05-30
2084-05-01	32	2084-06-02
2084-05-01	365	2085-04-32
2084-05-01	1000	2087-01-30
2084-05-15	-1000	2081-08-19
2084-05-15	-400	2083-04-11
2084-05-15	-32	2084-04-14
2084-05-15	-1	2084-05-14
2084-05-15	1	2084-05-16
2084-05-15	29	2084-06-13
2084-05-15	32	2084-06-16
2084-05-15	365	2085-05-14
2084-05-15	1000	2087-02-13
2084-05-31	-1000	2081-09-05
2084-05-31	-400	2083-04-27
2084-05-31	-32	2084-04-30
2084-05-31	-1	2084-05-30
2084-05-31	1	2084-06-01
2084-05-31	29	2084-06-29
2084-05-31	32	2084-07-02
2084-05-31	365	2085-05-30
2084-05-31	1000	2087-02-29
2084-06-01	-1000	2081-09-06
2084-06-01	-400	2083-04-28
2084-06-01	-32	2084-04-31
2084-06-01	-1	2084-05-31
2084-06-01	1	2084-06-02
2084-06-01	29	2084-06-30
2084-06-01	32	2084-07-03
2084-06-01	365	2085-06-01
2084-06-01	1000	2087-02-30
2084-06-15	-1000	2081-09-20
2084-06-15	-400	2083-05-11
2084-06-15	-32	2084-05-14
2084-06-15	-1	2084-06-14
2084-06-15	1	2084-06-16
2084-06-15	29	2084-07-14
2084-06-15	32	2084-07-17
2084-06-15	365	2085-06-15
2084-06-15	1000	2087-03-13
2084-06-30	-1000	2081-10-06
2084-06-30	-400	2083-05-26
2084-06-30	-32	2084-05-29
2084-06-30	-1	2084-06-29
2084-06-30	1	2084-07-01
2084-06-30	29	2084-07-29
2084-06-30	32	2084-08-02
2084-06-30	365	2085-06-30
2084-06-30	1000	2087-03-28
2084-07-01	-1000	2081-10-07
2084-07-01	-400	2083-05-27
2084-07-01	-32	2084-05-30
2084-07-01	-1	2084-06-30
2084-07-01	1	2084-07-02
2084-07-01	29	2084-07-30
2084-07-01	32	2084-08-03
2084-07-01	365	2085-06-31
2084-07-01	1000	2087-03-29
2084-07-15	-1000	2081-10-21
2084-07-15	-400	2083-06-10
2084-07-15	-32	2084-06-13
2084-07-15	-1	2084-07-14
2084-07-15	1	2084-07-16
2084-07-15	29	2084-08-14
2084-07-15	32	2084-08-17
2084-07-15	365	2085-07-14
2084-07-15	1000	2087-04-11
2084-07-30	-1000	2081-11-06
2084-07-30	-400	2083-06-25
2084-07-30	-32	2084-06-28
2084-07-30	-1	2084-07-29
2084-07-30	1	2084-08-01
2084-07-30	29	2084-08-29
2084-07-30	32	2084-09-02
2084-07-30	365	2085-07-29
2084-07-30	1000	2087-04-26
2084-08-01	-1000	2081-11-07
2084-08-01	-400	2083-06-26
2084-08-01	-32	2084-06-29
2084-08-01	-1	2084-07-30
2084-08-01	1	2084-08-02
2084-08-01	29	2084-08-30
2084-08-01	32	2084-09-03
2084-08-01	365	2085-07-30
2084-08-01	1000	2087-04-27
2084-08-15	-1000	2081-11-21
2084-08-15	-400	2083-07-09
2084-08-15	-32	2084-07-13
2084-08-15	-1	2084-08-14
2084-08-15	1	2084-08-16
2084-08-15	29	2084-09-14
2084-08-15	32	2084-09-17
2084-08-15	365	2085-08-14
2084-08-15	1000	2087-05-10
2084-08-30	-1000	2081-12-07
2084-08-30	-400	2083-07-24
2084-08-30	-32	2084-07-28
2084-08-30	-1	2084-08-29
2084-08-30	1	2084-09-01
2084-08-30	29	2084-09-29
2084-08-30	32	2084-10-03
2084-08-30	365	2085-08-29
2084-08-30	1000	2087-05-25
2084-09-01	-1000	2081-12-08
2084-09-01	-400	2083-07-25
2084-09-01	-32	2084-07-29
2084-09-01	-1	2084-08-30
2084-09-01	1	2084-09-02
2084-09-01	29	2084-10-01
2084-09-01	32	2084-10-04
2084-09-01	365	2085-08-30
2084-09-01	1000	2087-05-26
2084-09-15	-1000	2081-12-22
2084-09-15	-400	2083-08-09
2084-09-15	-32	2084-08-13
2084-09-15	-1	2084-09-14
2084-09-15	1	2084-09-16
2084-09-15	29	2084-10-15
2084-09-15	32	2084-10-18
2084-09-15	365	2085-09-14
2084-09-15	1000	2087-06-09
2084-09-29	-1000	2082-01-05
2084-09-29	-400	2083-08-23
2084-09-29	-32	2084-08-27
2084-09-29	-1	2084-09-28
2084-09-29	1	2084-10-01
2084-09-29	29	2084-10-29
2084-09-29	32	2084-11-02
2084-09-29	365	2085-09-28
2084-09-29	1000	2087-06-23
2084-10-01	-1000	2082-01-06
2084-10-01	-400	2083-08-24
2084-10-01	-32	2084-08-28
2084-10-01	-1	2084-09-29
2084-10-01	1	2084-10-02
2084-10-01	29	2084-10-30
2084-10-01	32	2084-11-03
2084-10-01	365	2085-09-29
2084-10-01	1000	2087-06-24
2084-10-15	-1000	2082-01-20
2084-10-15	-400	2083-09-09
2084-10-15	-32	2084-09-12
2084-10-15	-1	2084-10-14
2084-10-15	1	2084-10-16
2084-10-15	29	2084-11-14
2084-10-15	32	2084-11-17
2084-10-15	365	2085-10-14
2084-10-15	1000	2087-07-07
2084-10-30	-1000	2082-02-04
2084-10-30	-400	2083-09-24
2084-10-30	-32	2084-09-27
2084-10-30	-1	2084-10-29
2084-10-30	1	2084-11-01
2084-10-30	29	2084-11-29
2084-10-30	32	2084-12-02
2084-10-30	365	2085-10-29
2084-10-30	1000	2087-07-22
2084-11-01	-1000	2082-02-05
2084-11-01	-400	2083-09-25
2084-11-01	-32	2084-09-28
2084-11-01	-1	2084-10-30
2084-11-01	1	2084-11-02
2084-11-01	29	2084-11-30
2084-11-01	32	2084-12-03
2084-11-01	365	2085-10-30
2084-11-01	1000	2087-07-23
2084-11-15	-1000	2082-02-19
2084-11-15	-400	2083-10-09
2084-11-15	-32	2084-10-13
2084-11-15	-1	2084-11-14
2084-11-15	1	2084-11-16
2084-11-15	29	2084-12-14
2084-11-15	32	2084-12-17
2084-11-15	365	2085-11-14
2084-11-15	1000	2087-08-07
2084-11-30	-1000	2082-03-03
2084-11-30	-400	2083-10-24
2084-11-30	-32	2084-10-28
2084-11-30	-1	2084-11-29
2084-11-30	1	2084-12-01
2084-11-30	29	2084-12-29
2084-11-30	32	2085-01-02
2084-11-30	365	2085-11-29
2084-11-30	1000	2087-08-22
2084-12-01	-1000	2082-03-04
2084-12-01	-400	2083-10-25
2084-12-01	-32	2084-10-29
2084-12-01	-1	2084-11-30
2084-12-01	1	2084-12-02
2084-12-01	29	2084-12-30
2084-12-01	32	2085-01-03
2084-12-01	365	2085-11-30
2084-12-01	1000	2087-08-23
2084-12-15	-1000	2082-03-18
2084-12-15	-400	2083-11-10
2084-12-15	-32	2084-11-13
2084-12-15	-1	2084-12-14
2084-12-15	1	2084-12-16
2084-12-15	29	2085-01-14
2084-12-15	32	2085-01-17
2084-12-15	365	2085-12-14
2084-12-15	1000	2087-09-07
2084-12-30	-1000	2082-04-01
2084-12-30	-400	2083-11-25
2084-12-30	-32	2084-11-28
2084-12-30	-1	2084-12-29
2084-12-30	1	2085-01-01
2084-12-30	29	2085-01-29
2084-12-30	32	2085-02-01
2084-12-30	365	2085-12-29
2084-12-30	1000	2087-09-22
2085-02-30	-1000	2082-05-31
2085-02-30	-400	2084-01-26
2085-02-30	-32	2085-01-29
2085-02-30	-1	2085-02-29
2085-02-30	1	2085-02-31
2085-02-30	29	2085-03-27
2085-02-30	32	2085-03-30
2085-02-30	365	2086-02-30
2085-02-30	1000	2087-11-23
2085-05-08	-1000	2082-08-12
2085-05-08	-400	2084-04-05
2085-05-08	-32	2085-04-08
2085-05-08	-1	2085-05-07
2085-05-08	1	2085-05-09
2085-05-08	29	2085-06-07
2085-05-08	32	2085-06-10
2085-05-08	365	2086-05-08
2085-05-08	1000	2088-02-06
2087-01-01	-1000	2084-04-03
2087-01-01	-400	2085-11-26
2087-01-01	-32	2086-11-29
2087-01-01	-1	2086-12-30
2087-01-01	1	2087-01-02
2087-01-01	29	2087-01-30
2087-01-01	32	2087-02-02
2087-01-01	365	2087-12-29
2087-01-01	1000	2089-09-23
2087-01-15	-1000	2084-04-17
2087-01-15	-400	2085-12-10
2087-01-15	-32	2086-12-13
2087-01-15	-1	2087-01-14
2087-01-15	1	2087-01-16
2087-01-15	29	2087-02-13
2087-01-15	32	2087-02-16
2087-01-15	365	2088-01-13
2087-01-15	1000	2089-10-08
2087-01-31	-1000	2084-05-02
2087-01-31	-400	2085-12-26
2087-01-31	-32	2086-12-29
2087-01-31	-1	2087-01-30
2087-01-31	1	2087-02-01
2087-01-31	29	2087-02-29
2087-01-31	32	2087-03-01
2087-01-31	365	2088-01-29
2087-01-31	1000	2089-10-24
2087-02-01	-1000	2084-05-03
2087-02-01	-400	2085-12-27
2087-02-01	-32	2086-12-30
2087-02-01	-1	2087-01-31
2087-02-01	1	2087-02-02
2087-02-01	29	2087-02-30
2087-02-01	32	2087-03-02
2087-02-01	365	2088-01-30
2087-02-01	1000	2089-10-25
2087-02-15	-1000	2084-05-17
2087-02-15	-400	2086-01-11
2087-02-15	-32	2087-01-14
2087-02-15	-1	2087-02-14
2087-02-15	1	2087-02-16
2087-02-15	29	2087-03-13
2087-02-15	32	2087-03-16
2087-02-15	365	2088-02-14
2087-02-15	1000	2089-11-09
2087-02-31	-1000	2084-06-02
2087-02-31	-400	2086-01-27
2087-02-31	-32	2087-01-30
2087-02-31	-1	2087-02-30
2087-02-31	1	2087-03-01
2087-02-31	29	2087-03-29
2087-02-31	32	2087-03-32
2087-02-31	365	2088-02-30
2087-02-31	1000	2089-11-25
2087-03-01	-1000	2084-06-03
2087-03-01	-400	2086-01-28
2087-03-01	-32	2087-01-31
2087-03-01	-1	2087-02-31
2087-03-01	1	2087-03-02
2087-03-01	29	2087-03-30
2087-03-01	32	2087-04-01
2087-03-01	365	2088-02-31
2087-03-01	1000	2089-11-26
2087-03-15	-1000	2084-06-17
2087-03-15	-400	2086-02-12
2087-03-15	-32	2087-02-14
2087-03-15	-1	2087-03-14
2087-03-15	1	2087-03-16
2087-03-15	29	2087-04-12
2087-03-15	32	2087-04-15
2087-03-15	365	2088-03-14
2087-03-15	1000	2089-12-10
2087-03-32	-1000	2084-07-04
2087-03-32	-400	2086-02-29
2087-03-32	-32	2087-02-31
2087-03-32	-1	2087-03-31
2087-03-32	1	2087-04-01
2087-03-32	29	2087-04-29
2087-03-32	32	2087-05-01
2087-03-32	365	2088-03-31
2087-03-32	1000	2089-12-27
2087-04-01	-1000	2084-07-05
2087-04-01	-400	2086-02-30
2087-04-01	-32	2087-03-01
2087-04-01	-1	2087-03-32
2087-04-01	1	2087-04-02
2087-04-01	29	2087-04-30
2087-04-01	32	2087-05-02
2087-04-01	365	2088-03-32
2087-04-01	1000	2089-12-28
2087-04-15	-1000	2084-07-19
2087-04-15	-400	2086-03-12
2087-04-15	-32	2087-03-15
2087-04-15	-1	2087-04-14
2087-04-15	1	2087-04-16
2087-04-15	29	2087-05-13
2087-04-15	32	2087-05-16
2087-04-15	365	2088-04-14
2087-04-15	1000	2090-01-12
2087-04-31	-1000	2084-08-05
2087-04-31	-400	2086-03-28
2087-04-31	-32	2087-03-31
2087-04-31	-1	2087-04-30
2087-04-31	1	2087-05-01
2087-04-31	29	2087-05-29
2087-04-31	32	2087-06-01
2087-04-31	365	2088-04-30
2087-04-31	1000	2090-01-28
2087-05-01	-1000	2084-08-06
2087-05-01	-400	2086-03-29
2087-05-01	-32	2087-03-32
2087-05-01	-1	2087-04-31
2087-05-01	1	2087-05-02
2087-05-01	29	2087-05-30
2087-05-01	32	2087-06-02
2087-05-01	365	2088-04-31
2087-05-01	1000	2090-01-29
2087-05-15	-1000	2084-08-20
2087-05-15	-400	2086-04-12
2087-05-15	-32	2087-04-14
2087-05-15	-1	2087-05-14
2087-05-15	1	2087-05-16
2087-05-15	29	2087-06-13
2087-05-15	32	2087-06-16
2087-05-15	365	2088-05-13
2087-05-15	1000	2090-02-13
2087-05-31	-1000	2084-09-06
2087-05-31	-400	2086-04-28
2087-05-31	-32	2087-04-30
2087-05-31	-1	2087-05-30
2087-05-31	1	2087-06-01
2087-05-31	29	2087-06-29
2087-05-31	32	2087-07-01
2087-05-31	365	2088-05-29
2087-05-31	1000	2090-02-29
2087-06-01	-1000	2084-09-07
2087-06-01	-400	2086-04-29
2087-06-01	-32	2087-04-31
2087-06-01	-1	2087-05-31
2087-06-01	1	2087-06-02
2087-06-01	29	2087-06-30
2087-06-01	32	2087-07-02
2087-06-01	365	2088-05-30
2087-06-01	1000	2090-02-30
2087-06-15	-1000	2084-09-21
2087-06-15	-400	2086-05-11
2087-06-15	-32	2087-05-14
2087-06-15	-1	2087-06-14
2087-06-15	1	2087-06-16
2087-06-15	29	2087-07-13
2087-06-15	32	2087-07-16
2087-06-15	365	2088-06-14
2087-06-15	1000	2090-03-13
2087-06-31	-1000	2084-10-08
2087-06-31	-400	2086-05-27
2087-06-31	-32	2087-05-30
2087-06-31	-1	2087-06-30
2087-06-31	1	2087-07-01
2087-06-31	29	2087-07-29
2087-06-31	32	2087-08-02
2087-06-31	365	2088-06-30
2087-06-31	1000	2090-03-29
2087-07-01	-1000	2084-10-09
2087-07-01	-400	2086-05-28
2087-07-01	-32	2087-05-31
2087-07-01	-1	2087-06-31
2087-07-01	1	2087-07-02
2087-07-01	29	2087-07-30
2087-07-01	32	2087-08-03
2087-07-01	365	2088-06-31
2087-07-01	1000	2090-03-30
2087-07-15	-1000	2084-10-23
2087-07-15	-400	2086-06-11
2087-07-15	-32	2087-06-14
2087-07-15	-1	2087-07-14
2087-07-15	1	2087-07-16
2087-07-15	29	2087-08-14
2087-07-15	32	2087-08-17
2087-07-15	365	2088-07-14
2087-07-15	1000	2090-04-12
2087-07-30	-1000	2084-11-08
2087-07-30	-400	2086-06-26
2087-07-30	-32	2087-06-29
2087-07-30	-1	2087-07-29
2087-07-30	1	2087-08-01
2087-07-30	29	2087-08-29
2087-07-30	32	2087-09-02
2087-07-30	365	2088-07-29
2087-07-30	1000	2090-04-27
2087-08-01	-1000	2084-11-09
2087-08-01	-400	2086-06-27
2087-08-01	-32	2087-06-30
2087-08-01	-1	2087-07-30
2087-08-01	1	2087-08-02
2087-08-01	29	2087-08-30
2087-08-01	32	2087-09-03
2087-08-01	365	2088-07-30
2087-08-01	1000	2090-04-28
2087-08-15	-1000	2084-11-23
2087-08-15	-400	2086-07-11
2087-08-15	-32	2087-07-13
2087-08-15	-1	2087-08-14
2087-08-15	1	2087-08-16
2087-08-15	29	2087-09-14
2087-08-15	32	2087-09-17
2087-08-15	365	2088-08-14
2087-08-15	1000	2090-05-11
2087-08-30	-1000	2084-12-08
2087-08-30	-400	2086-07-26
2087-08-30	-32	2087-07-28
2087-08-30	-1	2087-08-29
2087-08-30	1	2087-09-01
2087-08-30	29	2087-09-29
2087-08-30	32	2087-10-02
2087-08-30	365	2088-08-29
2087-08-30	1000	2090-05-26
2087-09-01	-1000	2084-12-09
2087-09-01	-400	2086-07-27
2087-09-01	-32	2087-07-29
2087-09-01	-1	2087-08-30
2087-09-01	1	2087-09-02
2087-09-01	29	2087-09-30
2087-09-01	32	2087-10-03
2087-09-01	365	2088-08-30
2087-09-01	1000	2090-05-27
2087-09-15	-1000	2084-12-23
2087-09-15	-400	2086-08-11
2087-09-15	-32	2087-08-13
2087-09-15	-1	2087-09-14
2087-09-15	1	2087-09-16
2087-09-15	29	2087-10-14
2087-09-15	32	2087-10-17
2087-09-15	365	2088-09-14
2087-09-15	1000	2090-06-10
2087-09-30	-1000	2085-01-08
2087-09-30	-400	2086-08-26
2087-09-30	-32	2087-08-28
2087-09-30	-1	2087-09-29
2087-09-30	1	2087-10-01
2087-09-30	29	2087-10-29
2087-09-30	32	2087-11-02
2087-09-30	365	2088-09-29
2087-09-30	1000	2090-06-25
2087-10-01	-1000	2085-01-09
2087-10-01	-400	2086-08-27
2087-10-01	-32	2087-08-29
2087-10-01	-1	2087-09-30
2087-10-01	1	2087-10-02
2087-10-01	29	2087-10-30
2087-10-01	32	2087-11-03
2087-10-01	365	2088-10-01
2087-10-01	1000	2090-06-26
2087-10-15	-1000	2085-01-23
2087-10-15	-400	2086-09-11
2087-10-15	-32	2087-09-13
2087-10-15	-1	2087-10-14
2087-10-15	1	2087-10-16
2087-10-15	29	2087-11-14
2087-10-15	32	2087-11-17
2087-10-15	365	2088-10-15
2087-10-15	1000	2090-07-09
2087-10-30	-1000	2085-02-07
2087-10-30	-400	2086-09-26
2087-10-30	-32	2087-09-28
2087-10-30	-1	2087-10-29
2087-10-30	1	2087-11-01
2087-10-30	29	2087-11-29
2087-10-30	32	2087-12-02
2087-10-30	365	2088-10-30
2087-10-30	1000	2090-07-24
2087-11-01	-1000	2085-02-08
2087-11-01	-400	2086-09-27
2087-11-01	-32	2087-09-29
2087-11-01	-1	2087-10-30
2087-11-01	1	2087-11-02
2087-11-01	29	2087-11-30
2087-11-01	32	2087-12-03
2087-11-01	365	2088-11-01
2087-11-01	1000	2090-07-25
2087-11-15	-1000	2085-02-22
2087-11-15	-400	2086-10-12
2087-11-15	-32	2087-10-13
2087-11-15	-1	2087-11-14
2087-11-15	1	2087-11-16
2087-11-15	29	2087-12-14
2087-11-15	32	2087-12-17
2087-11-15	365	2088-11-15
2087-11-15	1000	2090-08-09
2087-11-30	-1000	2085-03-05
2087-11-30	-400	2086-10-27
2087-11-30	-32	2087-10-28
2087-11-30	-1	2087-11-29
2087-11-30	1	2087-12-01
2087-11-30	29	2087-12-29
2087-11-30	32	2088-01-02
2087-11-30	365	2088-11-30
2087-11-30	1000	2090-08-24
2087-12-01	-1000	2085-03-06
2087-12-01	-400	2086-10-28
2087-12-01	-32	2087-10-29
2087-12-01	-1	2087-11-30
2087-12-01	1	2087-12-02
2087-12-01	29	2087-12-30
2087-12-01	32	2088-01-03
2087-12-01	365	2088-12-01
2087-12-01	1000	2090-08-25
2087-12-15	-1000	2085-03-20
2087-12-15	-400	2086-11-12
2087-12-15	-32	2087-11-13
2087-12-15	-1	2087-12-14
2087-12-15	1	2087-12-16
2087-12-15	29	2088-01-14
2087-12-15	32	2088-01-17
2087-12-15	365	2088-12-15
2087-12-15	1000	2090-09-10
2087-12-19	-1000	2085-03-24
2087-12-19	-400	2086-11-16
2087-12-19	-32	2087-11-17
2087-12-19	-1	2087-12-18
2087-12-19	1	2087-12-20
2087-12-19	29	2088-01-18
2087-12-19	32	2088-01-21
2087-12-19	365	2088-12-19
2087-12-19	1000	2090-09-14
2087-12-30	-1000	2085-04-04
2087-12-30	-400	2086-11-27
2087-12-30	-32	2087-11-28
2087-12-30	-1	2087-12-29
2087-12-30	1	2088-01-01
2087-12-30	29	2088-01-29
2087-12-30	32	2088-02-02
2087-12-30	365	2088-12-30
2087-12-30	1000	2090-09-25
2088-04-19	-1000	2085-07-23
2088-04-19	-400	2087-03-17
2088-04-19	-32	2088-03-19
2088-04-19	-1	2088-04-18
2088-04-19	1	2088-04-20
2088-04-19	29	2088-05-16
2088-04-19	32	2088-05-19
2088-04-19	365	2089-04-19
2088-04-19	1000	2091-01-18
2088-11-26	-1000	2086-03-01
2088-11-26	-400	2087-10-21
2088-11-26	-32	2088-10-24
2088-11-26	-1	2088-11-25
2088-11-26	1	2088-11-27
2088-11-26	29	2088-12-25
2088-11-26	32	2088-12-28
2088-11-26	365	2089-11-26
2088-11-26	1000	2091-08-20
2090-01-01	-1000	2087-04-04
2090-01-01	-400	2088-11-26
2090-01-01	-32	2089-11-29
2090-01-01	-1	2089-12-30
2090-01-01	1	2090-01-02
2090-01-01	29	2090-01-30
2090-01-01	32	2090-02-03
2090-01-01	365	2091-01-02
2090-01-01	1000	2092-09-25
2090-01-15	-1000	2087-04-18
2090-01-15	-400	2088-12-10
2090-01-15	-32	2089-12-13
2090-01-15	-1	2090-01-14
2090-01-15	1	2090-01-16
2090-01-15	29	2090-02-14
2090-01-15	32	2090-02-17
2090-01-15	365	2091-01-16
2090-01-15	1000	2092-10-10
2090-01-30	-1000	2087-05-02
2090-01-30	-400	2088-12-25
2090-01-30	-32	2089-12-28
2090-01-30	-1	2090-01-29
2090-01-30	1	2090-02-01
2090-01-30	29	2090-02-29
2090-01-30	32	2090-03-01
2090-01-30	365	2091-01-31
2090-01-30	1000	2092-10-25
2090-02-01	-1000	2087-05-03
2090-02-01	-400	2088-12-26
2090-02-01	-32	2089-12-29
2090-02-01	-1	2090-01-30
2090-02-01	1	2090-02-02
2090-02-01	29	2090-02-30
2090-02-01	32	2090-03-02
2090-02-01	365	2091-02-01
2090-02-01	1000	2092-10-26
2090-02-15	-1000	2087-05-17
2090-02-15	-400	2089-01-10
2090-02-15	-32	2090-01-13
2090-02-15	-1	2090-02-14
2090-02-15	1	2090-02-16
2090-02-15	29	2090-03-13
2090-02-15	32	2090-03-16
2090-02-15	365	2091-02-15
2090-02-15	1000	2092-11-11
2090-02-31	-1000	2087-06-02
2090-02-31	-400	2089-01-26
2090-02-31	-32	2090-01-29
2090-02-31	-1	2090-02-30
2090-02-31	1	2090-03-01
2090-02-31	29	2090-03-29
2090-02-31	32	2090-03-32
2090-02-31	365	2091-02-31
2090-02-31	1000	2092-11-27
2090-03-01	-1000	2087-06-03
2090-03-01	-400	2089-01-27
2090-03-01	-32	2090-01-30
2090-03-01	-1	2090-02-31
2090-03-01	1	2090-03-02
2090-03-01	29	2090-03-30
2090-03-01	32	2090-04-01
2090-03-01	365	2091-03-01
2090-03-01	1000	2092-11-28
2090-03-15	-1000	2087-06-17
2090-03-15	-400	2089-02-11
2090-03-15	-32	2090-02-14
2090-03-15	-1	2090-03-14
2090-03-15	1	2090-03-16
2090-03-15	29	2090-04-12
2090-03-15	32	2090-04-15
2090-03-15	365	2091-03-15
2090-03-15	1000	2092-12-12
2090-03-32	-1000	2087-07-03
2090-03-32	-400	2089-02-28
2090-03-32	-32	2090-02-31
2090-03-32	-1	2090-03-31
2090-03-32	1	2090-04-01
2090-03-32	29	2090-04-29
2090-03-32	32	2090-05-01
2090-03-32	365	2091-03-32
2090-03-32	1000	2092-12-29
2090-04-01	-1000	2087-07-04
2090-04-01	-400	2089-02-29
2090-04-01	-32	2090-03-01
2090-04-01	-1	2090-03-32
2090-04-01	1	2090-04-02
2090-04-01	29	2090-04-30
2090-04-01	32	2090-05-02
2090-04-01	365	2091-04-01
2090-04-01	1000	2092-12-30
2090-04-15	-1000	2087-07-18
2090-04-15	-400	2089-03-11
2090-04-15	-32	2090-03-15
2090-04-15	-1	2090-04-14
2090-04-15	1	2090-04-16
2090-04-15	29	2090-05-13
2090-04-15	32	2090-05-16
2090-04-15	365	2091-04-15
2090-04-15	1000	2093-01-13
2090-04-31	-1000	2087-08-04
2090-04-31	-400	2089-03-27
2090-04-31	-32	2090-03-31
2090-04-31	-1	2090-04-30
2090-04-31	1	2090-05-01
2090-04-31	29	2090-05-29
2090-04-31	32	2090-06-01
2090-04-31	365	2091-04-31
2090-04-31	1000	2093-01-29
2090-05-01	-1000	2087-08-05
2090-05-01	-400	2089-03-28
2090-05-01	-32	2090-03-32
2090-05-01	-1	2090-04-31
2090-05-01	1	2090-05-02
2090-05-01	29	2090-05-30
2090-05-01	32	2090-06-02
2090-05-01	365	2091-04-32
2090-05-01	1000	2093-01-30
2090-05-15	-1000	2087-08-19
2090-05-15	-400	2089-04-11
2090-05-15	-32	2090-04-14
2090-05-15	-1	2090-05-14
2090-05-15	1	2090-05-16
2090-05-15	29	2090-06-13
2090-05-15	32	2090-06-16
2090-05-15	365	2091-05-14
2090-05-15	1000	2093-02-13
2090-05-31	-1000	2087-09-05
2090-05-31	-400	2089-04-27
2090-05-31	-32	2090-04-30
2090-05-31	-1	2090-05-30
2090-05-31	1	2090-06-01
2090-05-31	29	2090-06-29
2090-05-31	32	2090-07-01
2090-05-31	365	2091-05-30
2090-05-31	1000	2093-02-29
2090-06-01	-1000	2087-09-06
2090-06-01	-400	2089-04-28
2090-06-01	-32	2090-04-31
2090-06-01	-1	2090-05-31
2090-06-01	1	2090-06-02
2090-06-01	29	2090-06-30
2090-06-01	32	2090-07-02
2090-06-01	365	2091-05-31
2090-06-01	1000	2093-02-30
2090-06-15	-1000	2087-09-20
2090-06-15	-400	2089-05-10
2090-06-15	-32	2090-05-14
2090-06-15	-1	2090-06-14
2090-06-15	1	2090-06-16
2090-06-15	29	2090-07-13
2090-06-15	32	2090-07-16
2090-06-15	365	2091-06-14
2090-06-15	1000	2093-03-13
2090-06-31	-1000	2087-10-06
2090-06-31	-400	2089-05-26
2090-06-31	-32	2090-05-30
2090-06-31	-1	2090-06-30
2090-06-31	1	2090-07-01
2090-06-31	29	2090-07-29
2090-06-31	32	2090-08-02
2090-06-31	365	2091-06-30
2090-06-31	1000	2093-03-29
2090-07-01	-1000	2087-10-07
2090-07-01	-400	2089-05-27
2090-07-01	-32	2090-05-31
2090-07-01	-1	2090-06-31
2090-07-01	1	2090-07-02
2090-07-01	29	2090-07-30
2090-07-01	32	2090-08-03
2090-07-01	365	2091-07-01
2090-07-01	1000	2093-03-30
2090-07-15	-1000	2087-10-21
2090-07-15	-400	2089-06-10
2090-07-15	-32	2090-06-14
2090-07-15	-1	2090-07-14
2090-07-15	1	2090-07-16
2090-07-15	29	2090-08-14
2090-07-15	32	2090-08-17
2090-07-15	365	2091-07-15
2090-07-15	1000	2093-04-13
2090-07-30	-1000	2087-11-06
2090-07-30	-400	2089-06-25
2090-07-30	-32	2090-06-29
2090-07-30	-1	2090-07-29
2090-07-30	1	2090-08-01
2090-07-30	29	2090-08-29
2090-07-30	32	2090-09-03
2090-07-30	365	2091-07-30
2090-07-30	1000	2093-04-28
2090-08-01	-1000	2087-11-07
2090-08-01	-400	2089-06-26
2090-08-01	-32	2090-06-30
2090-08-01	-1	2090-07-30
2090-08-01	1	2090-08-02
2090-08-01	29	2090-09-01
2090-08-01	32	2090-09-04
2090-08-01	365	2091-08-01
2090-08-01	1000	2093-04-29
2090-08-15	-1000	2087-11-21
2090-08-15	-400	2089-07-10
2090-08-15	-32	2090-07-13
2090-08-15	-1	2090-08-14
2090-08-15	1	2090-08-16
2090-08-15	29	2090-09-15
2090-08-15	32	2090-09-18
2090-08-15	365	2091-08-15
2090-08-15	1000	2093-05-11
2090-08-20	-1000	2087-11-26
2090-08-20	-400	2089-07-15
2090-08-20	-32	2090-07-18
2090-08-20	-1	2090-08-19
2090-08-20	1	2090-08-21
2090-08-20	29	2090-09-20
2090-08-20	32	2090-09-23
2090-08-20	365	2091-08-20
2090-08-20	1000	2093-05-16
2090-08-29	-1000	2087-12-05
2090-08-29	-400	2089-07-24
2090-08-29	-32	2090-07-27
2090-08-29	-1	2090-08-28
2090-08-29	1	2090-09-01
2090-08-29	29	2090-09-29
2090-08-29	32	2090-10-02
2090-08-29	365	2091-08-29
2090-08-29	1000	2093-05-25
2090-09-01	-1000	2087-12-06
2090-09-01	-400	2089-07-25
2090-09-01	-32	2090-07-28
2090-09-01	-1	2090-08-29
2090-09-01	1	2090-09-02
2090-09-01	29	2090-09-30
2090-09-01	32	2090-10-03
2090-09-01	365	2091-09-01
2090-09-01	1000	2093-05-26
2090-09-13	-1000	2087-12-18
2090-09-13	-400	2089-08-07
2090-09-13	-32	2090-08-10
2090-09-13	-1	2090-09-12
2090-09-13	1	2090-09-14
2090-09-13	29	2090-10-12
2090-09-13	32	2090-10-15
2090-09-13	365	2091-09-13
2090-09-13	1000	2093-06-07
2090-09-15	-1000	2087-12-20
2090-09-15	-400	2089-08-09
2090-09-15	-32	2090-08-12
2090-09-15	-1	2090-09-14
2090-09-15	1	2090-09-16
2090-09-15	29	2090-10-14
2090-09-15	32	2090-10-17
2090-09-15	365	2091-09-15
2090-09-15	1000	2093-06-09
2090-09-30	-1000	2088-01-05
2090-09-30	-400	2089-08-24
2090-09-30	-32	2090-08-27
2090-09-30	-1	2090-09-29
2090-09-30	1	2090-10-01
2090-09-30	29	2090-10-29
2090-09-30	32	2090-11-03
2090-09-30	365	2091-09-30
2090-09-30	1000	2093-06-24
2090-10-01	-1000	2088-01-06
2090-10-01	-400	2089-08-25
2090-10-01	-32	2090-08-28
2090-10-01	-1	2090-09-30
2090-10-01	1	2090-10-02
2090-10-01	29	2090-11-01
2090-10-01	32	2090-11-04
2090-10-01	365	2091-10-01
2090-10-01	1000	2093-06-25
2090-10-15	-1000	2088-01-20
2090-10-15	-400	2089-09-09
2090-10-15	-32	2090-09-13
2090-10-15	-1	2090-10-14
2090-10-15	1	2090-10-16
2090-10-15	29	2090-11-15
2090-10-15	32	2090-11-18
2090-10-15	365	2091-10-15
2090-10-15	1000	2093-07-08
2090-10-29	-1000	2088-02-04
2090-10-29	-400	2089-09-23
2090-10-29	-32	2090-09-27
2090-10-29	-1	2090-10-28
2090-10-29	1	2090-11-01
2090-10-29	29	2090-11-29
2090-10-29	32	2090-12-02
2090-10-29	365	2091-10-29
2090-10-29	1000	2093-07-22
2090-11-01	-1000	2088-02-05
2090-11-01	-400	2089-09-24
2090-11-01	-32	2090-09-28
2090-11-01	-1	2090-10-29
2090-11-01	1	2090-11-02
2090-11-01	29	2090-11-30
2090-11-01	32	2090-12-03
2090-11-01	365	2091-11-01
2090-11-01	1000	2093-07-23
2090-11-15	-1000	2088-02-19
2090-11-15	-400	2089-10-09
2090-11-15	-32	2090-10-12
2090-11-15	-1	2090-11-14
2090-11-15	1	2090-11-16
2090-11-15	29	2090-12-14
2090-11-15	32	2090-12-17
2090-11-15	365	2091-11-15
2090-11-15	1000	2093-08-08
2090-11-30	-1000	2088-03-03
2090-11-30	-400	2089-10-24
2090-11-30	-32	2090-10-27
2090-11-30	-1	2090-11-29
2090-11-30	1	2090-12-01
2090-11-30	29	2090-12-29
2090-11-30	32	2091-01-02
2090-11-30	365	2091-11-30
2090-11-30	1000	2093-08-23
2090-12-01	-1000	2088-03-04
2090-12-01	-400	2089-10-25
2090-12-01	-32	2090-10-28
2090-12-01	-1	2090-11-30
2090-12-01	1	2090-12-02
2090-12-01	29	2090-12-30
2090-12-01	32	2091-01-03
2090-12-01	365	2091-12-01
2090-12-01	1000	2093-08-24
2090-12-15	-1000	2088-03-18
2090-12-15	-400	2089-11-09
2090-12-15	-32	2090-11-13
2090-12-15	-1	2090-12-14
2090-12-15	1	2090-12-16
2090-12-15	29	2091-01-14
2090-12-15	32	2091-01-17
2090-12-15	365	2091-12-15
2090-12-15	1000	2093-09-08
2090-12-30	-1000	2088-04-01
2090-12-30	-400	2089-11-24
2090-12-30	-32	2090-11-28
2090-12-30	-1	2090-12-29
2090-12-30	1	2091-01-01
2090-12-30	29	2091-01-29
2090-12-30	32	2091-02-01
2090-12-30	365	2091-12-30
2090-12-30	1000	2093-09-23
2092-05-09	-1000	2089-08-13
2092-05-09	-400	2091-04-06
2092-05-09	-32	2092-04-09
2092-05-09	-1	2092-05-08
2092-05-09	1	2092-05-10
2092-05-09	29	2092-06-07
2092-05-09	32	2092-06-10
2092-05-09	365	2093-05-09
2092-05-09	1000	2095-02-08
2093-06-12	-1000	2090-09-18
2093-06-12	-400	2092-05-08
2093-06-12	-32	2093-05-11
2093-06-12	-1	2093-06-11
2093-06-12	1	2093-06-13
2093-06-12	29	2093-07-10
2093-06-12	32	2093-07-13
2093-06-12	365	2094-06-12
2093-06-12	1000	2096-03-10
2094-10-15	-1000	2092-01-22
2094-10-15	-400	2093-09-10
2094-10-15	-32	2094-09-13
2094-10-15	-1	2094-10-14
2094-10-15	1	2094-10-16
2094-10-15	29	2094-11-15
2094-10-15	32	2094-11-18
2094-10-15	365	2095-10-15
2094-10-15	1000	2097-07-08
2095-08-02	-1000	2092-11-10
2095-08-02	-400	2094-06-28
2095-08-02	-32	2095-06-30
2095-08-02	-1	2095-08-01
2095-08-02	1	2095-08-03
2095-08-02	29	2095-09-02
2095-08-02	32	2095-09-05
2095-08-02	365	2096-08-02
2095-08-02	1000	2098-04-29
2096-07-29	-1000	2093-11-06
2096-07-29	-400	2095-06-24
2096-07-29	-32	2096-06-27
2096-07-29	-1	2096-07-28
2096-07-29	1	2096-07-30
2096-07-29	29	2096-08-28
2096-07-29	32	2096-09-01
2096-07-29	365	2097-07-28
2096-07-29	1000	2099-04-26
2096-12-31	-1000	2094-04-02
2096-12-31	-400	2095-11-26
2096-12-31	-32	2096-11-29
2096-12-31	-1	2096-12-30
2096-12-31	1	2097-01-01
2096-12-31	29	2097-01-29
2096-12-31	32	2097-02-01
2096-12-31	365	2097-12-30
2096-12-31	1000	2099-09-24
2097-07-01	-1000	2094-10-08
2097-07-01	-400	2096-05-28
2097-07-01	-32	2097-05-31
2097-07-01	-1	2097-06-31
2097-07-01	1	2097-07-02
2097-07-01	29	2097-08-01
2097-07-01	32	2097-08-04
2097-07-01	365	2098-07-01
2097-07-01	1000	2100-03-30
2099-02-09	-1000	2096-05-10
2099-02-09	-400	2098-01-05
2099-02-09	-32	2099-01-08
2099-02-09	-1	2099-02-08
2099-02-09	1	2099-02-10
2099-02-09	29	2099-03-07
2099-02-09	32	2099-03-10
2099-02-09	365	2100-02-09
2099-02-09	1000	2101-11-04
2099-08-25	-1000	2096-12-03
2099-08-25	-400	2098-07-20
2099-08-25	-32	2099-07-23
2099-08-25	-1	2099-08-24
2099-08-25	1	2099-08-26
2099-08-25	29	2099-09-25
2099-08-25	32	2099-09-28
2099-08-25	365	2100-08-25
2099-08-25	1000	2102-05-21
2099-11-22	-1000	2097-02-26
2099-11-22	-400	2098-10-16
2099-11-22	-32	2099-10-19
2099-11-22	-1	2099-11-21
2099-11-22	1	2099-11-23
2099-11-22	29	2099-12-21
2099-11-22	32	2099-12-24
2099-11-22	365	2100-11-22
2099-11-22	1000	2102-08-14
2100-01-01	-1000	2097-04-03
2100-01-01	-400	2098-11-26
2100-01-01	-32	2099-11-29
2100-01-01	-1	2099-12-30
2100-01-01	1	2100-01-02
2100-01-01	29	2100-01-30
2100-01-01	32	2100-02-02
2100-01-01	365	2100-12-31
2100-01-01	1000	2102-09-24
2100-01-15	-1000	2097-04-17
2100-01-15	-400	2098-12-10
2100-01-15	-32	2099-12-13
2100-01-15	-1	2100-01-14
2100-01-15	1	2100-01-16
2100-01-15	29	2100-02-13
2100-01-15	32	2100-02-16
2100-01-15	365	2101-01-14
2100-01-15	1000	2102-10-08
2100-01-31	-1000	2097-05-01
2100-01-31	-400	2098-12-26
2100-01-31	-32	2099-12-29
2100-01-31	-1	2100-01-30
2100-01-31	1	2100-02-01
2100-01-31	29	2100-02-29
2100-01-31	32	2100-02-32
2100-01-31	365	2101-01-30
2100-01-31	1000	2102-10-24
2100-02-01	-1000	2097-05-02
2100-02-01	-400	2098-12-27
2100-02-01	-32	2099-12-30
2100-02-01	-1	2100-01-31
2100-02-01	1	2100-02-02
2100-02-01	29	2100-02-30
2100-02-01	32	2100-03-01
2100-02-01	365	2101-01-31
2100-02-01	1000	2102-10-25
2100-02-15	-1000	2097-05-16
2100-02-15	-400	2099-01-11
2100-02-15	-32	2100-01-14
2100-02-15	-1	2100-02-14
2100-02-15	1	2100-02-16
2100-02-15	29	2100-03-12
2100-02-15	32	2100-03-15
2100-02-15	365	2101-02-14
2100-02-15	1000	2102-11-10
2100-02-32	-1000	2097-06-02
2100-02-32	-400	2099-01-28
2100-02-32	-32	2100-01-31
2100-02-32	-1	2100-02-31
2100-02-32	1	2100-03-01
2100-02-32	29	2100-03-29
2100-02-32	32	2100-04-01
2100-02-32	365	2101-02-31
2100-02-32	1000	2102-11-27
2100-03-01	-1000	2097-06-03
2100-03-01	-400	2099-01-29
2100-03-01	-32	2100-02-01
2100-03-01	-1	2100-02-32
2100-03-01	1	2100-03-02
2100-03-01	29	2100-03-30
2100-03-01	32	2100-04-02
2100-03-01	365	2101-03-01
2100-03-01	1000	2102-11-28
2100-03-15	-1000	2097-06-17
2100-03-15	-400	2099-02-12
2100-03-15	-32	2100-02-15
2100-03-15	-1	2100-03-14
2100-03-15	1	2100-03-16
2100-03-15	29	2100-04-13
2100-03-15	32	2100-04-16
2100-03-15	365	2101-03-15
2100-03-15	1000	2102-12-12
2100-03-31	-1000	2097-07-02
2100-03-31	-400	2099-02-28
2100-03-31	-32	2100-02-31
2100-03-31	-1	2100-03-30
2100-03-31	1	2100-04-01
2100-03-31	29	2100-04-29
2100-03-31	32	2100-04-32
2100-03-31	365	2101-03-31
2100-03-31	1000	2102-12-28
2100-04-01	-1000	2097-07-03
2100-04-01	-400	2099-02-29
2100-04-01	-32	2100-02-32
2100-04-01	-1	2100-03-31
2100-04-01	1	2100-04-02
2100-04-01	29	2100-04-30
2100-04-01	32	2100-05-01
2100-04-01	365	2101-04-01
2100-04-01	1000	2102-12-29
2100-04-15	-1000	2097-07-17
2100-04-15	-400	2099-03-12
2100-04-15	-32	2100-03-14
2100-04-15	-1	2100-04-14
2100-04-15	1	2100-04-16
2100-04-15	29	2100-05-12
2100-04-15	32	2100-05-15
2100-04-15	365	2101-04-15
2100-04-15	1000	2103-01-13
2100-04-32	-1000	2097-08-05
2100-04-32	-400	2099-03-29
2100-04-32	-32	2100-03-31
2100-04-32	-1	2100-04-31
2100-04-32	1	2100-05-01
2100-04-32	29	2100-05-29
2100-04-32	32	2100-06-01
2100-04-32	365	2101-04-32
2100-04-32	1000	2103-01-30
2100-05-01	-1000	2097-08-06
2100-05-01	-400	2099-03-30
2100-05-01	-32	2100-04-01
2100-05-01	-1	2100-04-32
2100-05-01	1	2100-05-02
2100-05-01	29	2100-05-30
2100-05-01	32	2100-06-02
2100-05-01	365	2101-05-01
2100-05-01	1000	2103-01-31
2100-05-15	-1000	2097-08-20
2100-05-15	-400	2099-04-12
2100-05-15	-32	2100-04-15
2100-05-15	-1	2100-05-14
2100-05-15	1	2100-05-16
2100-05-15	29	2100-06-13
2100-05-15	32	2100-06-16
2100-05-15	365	2101-05-15
2100-05-15	1000	2103-02-14
2100-05-31	-1000	2097-09-06
2100-05-31	-400	2099-04-28
2100-05-31	-32	2100-04-31
2100-05-31	-1	2100-05-30
2100-05-31	1	2100-06-01
2100-05-31	29	2100-06-29
2100-05-31	32	2100-07-02
2100-05-31	365	2101-05-31
2100-05-31	1000	2103-02-30
2100-06-01	-1000	2097-09-07
2100-06-01	-400	2099-04-29
2100-06-01	-32	2100-04-32
2100-06-01	-1	2100-05-31
2100-06-01	1	2100-06-02
2100-06-01	29	2100-06-30
2100-06-01	32	2100-07-03
2100-06-01	365	2101-06-01
2100-06-01	1000	2103-02-31
2100-06-15	-1000	2097-09-21
2100-06-15	-400	2099-05-11
2100-06-15	-32	2100-05-14
2100-06-15	-1	2100-06-14
2100-06-15	1	2100-06-16
2100-06-15	29	2100-07-14
2100-06-15	32	2100-07-17
2100-06-15	365	2101-06-15
2100-06-15	1000	2103-03-13
2100-06-30	-1000	2097-10-06
2100-06-30	-400	2099-05-26
2100-06-30	-32	2100-05-29
2100-06-30	-1	2100-06-29
2100-06-30	1	2100-07-01
2100-06-30	29	2100-07-29
2100-06-30	32	2100-08-02
2100-06-30	365	2101-06-30
2100-06-30	1000	2103-03-28
2100-07-01	-1000	2097-10-07
2100-07-01	-400	2099-05-27
2100-07-01	-32	2100-05-30
2100-07-01	-1	2100-06-30
2100-07-01	1	2100-07-02
2100-07-01	29	2100-07-30
2100-07-01	32	2100-08-03
2100-07-01	365	2101-06-31
2100-07-01	1000	2103-03-29
2100-07-15	-1000	2097-10-21
2100-07-15	-400	2099-06-10
2100-07-15	-32	2100-06-13
2100-07-15	-1	2100-07-14
2100-07-15	1	2100-07-16
2100-07-15	29	2100-08-14
2100-07-15	32	2100-08-17
2100-07-15	365	2101-07-14
2100-07-15	1000	2103-04-12
2100-07-30	-1000	2097-11-07
2100-07-30	-400	2099-06-25
2100-07-30	-32	2100-06-28
2100-07-30	-1	2100-07-29
2100-07-30	1	2100-08-01
2100-07-30	29	2100-08-29
2100-07-30	32	2100-09-02
2100-07-30	365	2101-07-29
2100-07-30	1000	2103-04-27
2100-08-01	-1000	2097-11-08
2100-08-01	-400	2099-06-26
2100-08-01	-32	2100-06-29
2100-08-01	-1	2100-07-30
2100-08-01	1	2100-08-02
2100-08-01	29	2100-08-30
2100-08-01	32	2100-09-03
2100-08-01	365	2101-08-01
2100-08-01	1000	2103-04-28
2100-08-15	-1000	2097-11-22
2100-08-15	-400	2099-07-10
2100-08-15	-32	2100-07-13
2100-08-15	-1	2100-08-14
2100-08-15	1	2100-08-16
2100-08-15	29	2100-09-14
2100-08-15	32	2100-09-17
2100-08-15	365	2101-08-15
2100-08-15	1000	2103-05-10
2100-08-30	-1000	2097-12-07
2100-08-30	-400	2099-07-25
2100-08-30	-32	2100-07-28
2100-08-30	-1	2100-08-29
2100-08-30	1	2100-09-01
2100-08-30	29	2100-09-29
2100-08-30	32	2100-10-03
2100-08-30	365	2101-08-30
2100-08-30	1000	2103-05-25
2100-09-01	-1000	2097-12-08
2100-09-01	-400	2099-07-26
2100-09-01	-32	2100-07-29
2100-09-01	-1	2100-08-30
2100-09-01	1	2100-09-02
2100-09-01	29	2100-10-01
2100-09-01	32	2100-10-04
2100-09-01	365	2101-09-01
2100-09-01	1000	2103-05-26
2100-09-15	-1000	2097-12-22
2100-09-15	-400	2099-08-10
2100-09-15	-32	2100-08-13
2100-09-15	-1	2100-09-14
2100-09-15	1	2100-09-16
2100-09-15	29	2100-10-15
2100-09-15	32	2100-10-18
2100-09-15	365	2101-09-15
2100-09-15	1000	2103-06-09
2100-09-29	-1000	2098-01-06
2100-09-29	-400	2099-08-24
2100-09-29	-32	2100-08-27
2100-09-29	-1	2100-09-28
2100-09-29	1	2100-10-01
2100-09-29	29	2100-10-29
2100-09-29	32	2100-11-03
2100-09-29	365	2101-09-29
2100-09-29	1000	2103-06-23
2100-10-01	-1000	2098-01-07
2100-10-01	-400	2099-08-25
2100-10-01	-32	2100-08-28
2100-10-01	-1	2100-09-29
2100-10-01	1	2100-10-02
2100-10-01	29	2100-11-01
2100-10-01	32	2100-11-04
2100-10-01	365	2101-09-30
2100-10-01	1000	2103-06-24
2100-10-04	-1000	2098-01-10
2100-10-04	-400	2099-08-28
2100-10-04	-32	2100-09-01
2100-10-04	-1	2100-10-03
2100-10-04	1	2100-10-05
2100-10-04	29	2100-11-04
2100-10-04	32	2100-11-07
2100-10-04	365	2101-10-03
2100-10-04	1000	2103-06-27
2100-10-15	-1000	2098-01-21
2100-10-15	-400	2099-09-10
2100-10-15	-32	2100-09-12
2100-10-15	-1	2100-10-14
2100-10-15	1	2100-10-16
2100-10-15	29	2100-11-15
2100-10-15	32	2100-11-18
2100-10-15	365	2101-10-14
2100-10-15	1000	2103-07-08
2100-10-29	-1000	2098-02-04
2100-10-29	-400	2099-09-24
2100-10-29	-32	2100-09-26
2100-10-29	-1	2100-10-28
2100-10-29	1	2100-11-01
2100-10-29	29	2100-11-29
2100-10-29	32	2100-12-02
2100-10-29	365	2101-10-28
2100-10-29	1000	2103-07-22
2100-11-01	-1000	2098-02-05
2100-11-01	-400	2099-09-25
2100-11-01	-32	2100-09-27
2100-11-01	-1	2100-10-29
2100-11-01	1	2100-11-02
2100-11-01	29	2100-11-30
2100-11-01	32	2100-12-03
2100-11-01	365	2101-10-29
2100-11-01	1000	2103-07-23
2100-11-15	-1000	2098-02-19
2100-11-15	-400	2099-10-09
2100-11-15	-32	2100-10-12
2100-11-15	-1	2100-11-14
2100-11-15	1	2100-11-16
2100-11-15	29	2100-12-14
2100-11-15	32	2100-12-17
2100-11-15	365	2101-11-14
2100-11-15	1000	2103-08-07
2100-11-30	-1000	2098-03-03
2100-11-30	-400	2099-10-24
2100-11-30	-32	2100-10-27
2100-11-30	-1	2100-11-29
2100-11-30	1	2100-12-01
2100-11-30	29	2100-12-29
2100-11-30	32	2101-01-01
2100-11-30	365	2101-11-29
2100-11-30	1000	2103-08-22
2100-12-01	-1000	2098-03-04
2100-12-01	-400	2099-10-25
2100-12-01	-32	2100-10-28
2100-12-01	-1	2100-11-30
2100-12-01	1	2100-12-02
2100-12-01	29	2100-12-30
2100-12-01	32	2101-01-02
2100-12-01	365	2101-11-30
2100-12-01	1000	2103-08-23
2100-12-15	-1000	2098-03-18
2100-12-15	-400	2099-11-10
2100-12-15	-32	2100-11-13
2100-12-15	-1	2100-12-14
2100-12-15	1	2100-12-16
2100-12-15	29	2101-01-13
2100-12-15	32	2101-01-16
2100-12-15	365	2101-12-14
2100-12-15	1000	2103-09-08
2100-12-31	-1000	2098-04-02
2100-12-31	-400	2099-11-26
2100-12-31	-32	2100-11-29
2100-12-31	-1	2100-12-30
2100-12-31	1	2101-01-01
2100-12-31	29	2101-01-29
2100-12-31	32	2101-02-01
2100-12-31	365	2101-12-30
2100-12-31	1000	2103-09-24
2101-12-09	-1000	2099-03-13
2101-12-09	-400	2100-11-05
2101-12-09	-32	2101-11-07
2101-12-09	-1	2101-12-08
2101-12-09	1	2101-12-10
2101-12-09	29	2102-01-08
2101-12-09	32	2102-01-11
2101-12-09	365	2102-12-09
2101-12-09	1000	2104-09-02
2103-03-18	-1000	2100-06-20
2103-03-18	-400	2102-02-15
2103-03-18	-32	2103-02-18
2103-03-18	-1	2103-03-17
2103-03-18	1	2103-03-19
2103-03-18	29	2103-04-16
2103-03-18	32	2103-04-19
2103-03-18	365	2104-03-18
2103-03-18	1000	2105-12-15
2105-11-26	-1000	2103-02-31
2105-11-26	-400	2104-10-21
2105-11-26	-32	2105-10-23
2105-11-26	-1	2105-11-25
2105-11-26	1	2105-11-27
2105-11-26	29	2105-12-25
2105-11-26	32	2105-12-28
2105-11-26	365	2106-11-26
2105-11-26	1000	2108-08-19
2108-02-01	-1000	2105-05-02
2108-02-01	-400	2106-12-27
2108-02-01	-32	2107-12-30
2108-02-01	-1	2108-01-31
2108-02-01	1	2108-02-02
2108-02-01	29	2108-02-30
2108-02-01	32	2108-03-01
2108-02-01	365	2109-01-31
2108-02-01	1000	2110-10-25
2111-11-03	-1000	2109-02-07
2111-11-03	-400	2110-09-27
2111-11-03	-32	2111-09-29
2111-11-03	-1	2111-11-02
2111-11-03	1	2111-11-04
2111-11-03	29	2111-12-02
2111-11-03	32	2111-12-05
2111-11-03	365	2112-11-02
2111-11-03	1000	2114-07-25
2112-04-05	-1000	2109-07-07
2112-04-05	-400	2111-03-01
2112-04-05	-32	2112-03-04
2112-04-05	-1	2112-04-04
2112-04-05	1	2112-04-06
2112-04-05	29	2112-05-02
2112-04-05	32	2112-05-05
2112-04-05	365	2113-04-04
2112-04-05	1000	2115-01-03
2112-10-10	-1000	2110-01-16
2112-10-10	-400	2111-09-04
2112-10-10	-32	2112-09-07
2112-10-10	-1	2112-10-09
2112-10-10	1	2112-10-11
2112-10-10	29	2112-11-09
2112-10-10	32	2112-11-12
2112-10-10	365	2113-10-09
2112-10-10	1000	2115-07-03
2113-06-26	-1000	2110-10-02
2113-06-26	-400	2112-05-22
2113-06-26	-32	2113-05-25
2113-06-26	-1	2113-06-25
2113-06-26	1	2113-06-27
2113-06-26	29	2113-07-24
2113-06-26	32	2113-07-27
2113-06-26	365	2114-06-25
2113-06-26	1000	2116-03-24
2113-08-15	-1000	2110-11-23
2113-08-15	-400	2112-07-11
2113-08-15	-32	2113-07-13
2113-08-15	-1	2113-08-14
2113-08-15	1	2113-08-16
2113-08-15	29	2113-09-15
2113-08-15	32	2113-09-18
2113-08-15	365	2114-08-15
2113-08-15	1000	2116-05-11
2114-01-12	-1000	2111-04-14
2114-01-12	-400	2112-12-08
2114-01-12	-32	2113-12-10
2114-01-12	-1	2114-01-11
2114-01-12	1	2114-01-13
2114-01-12	29	2114-02-10
2114-01-12	32	2114-02-13
2114-01-12	365	2115-01-12
2114-01-12	1000	2116-10-06
2114-10-06	-1000	2112-01-13
2114-10-06	-400	2113-09-01
2114-10-06	-32	2114-09-04
2114-10-06	-1	2114-10-05
2114-10-06	1	2114-10-07
2114-10-06	29	2114-11-06
2114-10-06	32	2114-11-09
2114-10-06	365	2115-10-06
2114-10-06	1000	2117-06-30
2115-09-22	-1000	2112-12-30
2115-09-22	-400	2114-08-17
2115-09-22	-32	2115-08-20
2115-09-22	-1	2115-09-21
2115-09-22	1	2115-09-23
2115-09-22	29	2115-10-22
2115-09-22	32	2115-10-25
2115-09-22	365	2116-09-22
2115-09-22	1000	2118-06-16
2116-04-20	-1000	2113-07-22
2116-04-20	-400	2115-03-16
2116-04-20	-32	2116-03-19
2116-04-20	-1	2116-04-19
2116-04-20	1	2116-04-21
2116-04-20	29	2116-05-17
2116-04-20	32	2116-05-20
2116-04-20	365	2117-04-19
2116-04-20	1000	2119-01-18
2116-06-21	-1000	2113-09-27
2116-06-21	-400	2115-05-17
2116-06-21	-32	2116-05-20
2116-06-21	-1	2116-06-20
2116-06-21	1	2116-06-22
2116-06-21	29	2116-07-20
2116-06-21	32	2116-07-23
2116-06-21	365	2117-06-21
2116-06-21	1000	2119-03-19
2117-08-02	-1000	2114-11-10
2117-08-02	-400	2116-06-28
2117-08-02	-32	2117-06-31
2117-08-02	-1	2117-08-01
2117-08-02	1	2117-08-03
2117-08-02	29	2117-09-02
2117-08-02	32	2117-09-05
2117-08-02	365	2118-08-02
2117-08-02	1000	2120-04-30
2120-10-15	-1000	2118-01-22
2120-10-15	-400	2119-09-10
2120-10-15	-32	2120-09-13
2120-10-15	-1	2120-10-14
2120-10-15	1	2120-10-16
2120-10-15	29	2120-11-15
2120-10-15	32	2120-11-18
2120-10-15	365	2121-10-15
2120-10-15	1000	2123-07-09
2124-06-07	-1000	2121-09-13
2124-06-07	-400	2123-05-03
2124-06-07	-32	2124-05-06
2124-06-07	-1	2124-06-06
2124-06-07	1	2124-06-08
2124-06-07	29	2124-07-05
2124-06-07	32	2124-07-08
2124-06-07	365	2125-06-07
2124-06-07	1000	2127-03-05
2124-10-01	-1000	2122-01-08
2124-10-01	-400	2123-08-26
2124-10-01	-32	2124-08-29
2124-10-01	-1	2124-09-30
2124-10-01	1	2124-10-02
2124-10-01	29	2124-11-01
2124-10-01	32	2124-11-04
2124-10-01	365	2125-10-01
2124-10-01	1000	2127-06-25
2125-07-30	-1000	2122-11-08
2125-07-30	-400	2124-06-26
2125-07-30	-32	2125-06-29
2125-07-30	-1	2125-07-29
2125-07-30	1	2125-08-01
2125-07-30	29	2125-08-29
2125-07-30	32	2125-09-03
2125-07-30	365	2126-07-30
2125-07-30	1000	2128-04-28
2125-11-28	-1000	2123-03-01
2125-11-28	-400	2124-10-22
2125-11-28	-32	2125-10-25
2125-11-28	-1	2125-11-27
2125-11-28	1	2125-11-29
2125-11-28	29	2125-12-27
2125-11-28	32	2125-12-30
2125-11-28	365	2126-11-28
2125-11-28	1000	2128-08-21
2128-08-08	-1000	2125-11-15
2128-08-08	-400	2127-07-03
2128-08-08	-32	2128-07-05
2128-08-08	-1	2128-08-07
2128-08-08	1	2128-08-09
2128-08-08	29	2128-09-07
2128-08-08	32	2128-09-10
2128-08-08	365	2129-08-07
2128-08-08	1000	2131-05-03
2129-04-01	-1000	2126-07-04
2129-04-01	-400	2128-02-29
2129-04-01	-32	2129-03-01
2129-04-01	-1	2129-03-32
2129-04-01	1	2129-04-02
2129-04-01	29	2129-04-30
2129-04-01	32	2129-05-02
2129-04-01	365	2130-04-01
2129-04-01	1000	2131-12-30
2130-02-06	-1000	2127-05-07
2130-02-06	-400	2129-01-02
2130-02-06	-32	2130-01-05
2130-02-06	-1	2130-02-05
2130-02-06	1	2130-02-07
2130-02-06	29	2130-03-03
2130-02-06	32	2130-03-06
2130-02-06	365	2131-02-06
2130-02-06	1000	2132-11-01
2131-12-15	-1000	2129-03-18
2131-12-15	-400	2130-11-10
2131-12-15	-32	2131-11-13
2131-12-15	-1	2131-12-14
2131-12-15	1	2131-12-16
2131-12-15	29	2132-01-13
2131-12-15	32	2132-01-16
2131-12-15	365	2132-12-14
2131-12-15	1000	2134-09-07
2133-01-21	-1000	2130-04-23
2133-01-21	-400	2131-12-17
2133-01-21	-32	2132-12-19
2133-01-21	-1	2133-01-20
2133-01-21	1	2133-01-22
2133-01-21	29	2133-02-19
2133-01-21	32	2133-02-22
2133-01-21	365	2134-01-21
2133-01-21	1000	2135-10-15
2133-11-09	-1000	2131-02-14
2133-11-09	-400	2132-10-03
2133-11-09	-32	2133-10-06
2133-11-09	-1	2133-11-08
2133-11-09	1	2133-11-10
2133-11-09	29	2133-12-08
2133-11-09	32	2133-12-11
2133-11-09	365	2134-11-09
2133-11-09	1000	2136-08-01
2134-09-13	-1000	2131-12-21
2134-09-13	-400	2133-08-08
2134-09-13	-32	2134-08-11
2134-09-13	-1	2134-09-12
2134-09-13	1	2134-09-14
2134-09-13	29	2134-10-13
2134-09-13	32	2134-10-16
2134-09-13	365	2135-09-13
2134-09-13	1000	2137-06-08
2136-10-17	-1000	2134-01-24
2136-10-17	-400	2135-09-12
2136-10-17	-32	2136-09-15
2136-10-17	-1	2136-10-16
2136-10-17	1	2136-10-18
2136-10-17	29	2136-11-17
2136-10-17	32	2136-11-20
2136-10-17	365	2137-10-17
2136-10-17	1000	2139-07-11
2137-11-22	-1000	2135-02-27
2137-11-22	-400	2136-10-16
2137-11-22	-32	2137-10-19
2137-11-22	-1	2137-11-21
2137-11-22	1	2137-11-23
2137-11-22	29	2137-12-21
2137-11-22	32	2137-12-24
2137-11-22	365	2138-11-22
2137-11-22	1000	2140-08-14
2139-07-13	-1000	2136-10-19
2139-07-13	-400	2138-06-08
2139-07-13	-32	2139-06-11
2139-07-13	-1	2139-07-12
2139-07-13	1	2139-07-14
2139-07-13	29	2139-08-12
2139-07-13	32	2139-08-15
2139-07-13	365	2140-07-12
2139-07-13	1000	2142-04-10
2141-06-20	-1000	2138-09-26
2141-06-20	-400	2140-05-17
2141-06-20	-32	2141-05-20
2141-06-20	-1	2141-06-19
2141-06-20	1	2141-06-21
2141-06-20	29	2141-07-19
2141-06-20	32	2141-07-22
2141-06-20	365	2142-06-20
2141-06-20	1000	2144-03-19
2141-09-23	-1000	2138-12-30
2141-09-23	-400	2140-08-17
2141-09-23	-32	2141-08-20
2141-09-23	-1	2141-09-22
2141-09-23	1	2141-09-24
2141-09-23	29	2141-10-22
2141-09-23	32	2141-10-25
2141-09-23	365	2142-09-22
2141-09-23	1000	2144-06-17
2141-09-28	-1000	2139-01-05
2141-09-28	-400	2140-08-22
2141-09-28	-32	2141-08-25
2141-09-28	-1	2141-09-27
2141-09-28	1	2141-09-29
2141-09-28	29	2141-10-27
2141-09-28	32	2141-11-01
2141-09-28	365	2142-09-27
2141-09-28	1000	2144-06-22
2141-12-29	-1000	2139-04-01
2141-12-29	-400	2140-11-24
2141-12-29	-32	2141-11-27
2141-12-29	-1	2141-12-28
2141-12-29	1	2141-12-30
2141-12-29	29	2142-01-28
2141-12-29	32	2142-01-31
2141-12-29	365	2142-12-29
2141-12-29	1000	2144-09-22
2143-04-13	-1000	2140-07-15
2143-04-13	-400	2142-03-09
2143-04-13	-32	2143-03-12
2143-04-13	-1	2143-04-12
2143-04-13	1	2143-04-14
2143-04-13	29	2143-05-10
2143-04-13	32	2143-05-13
2143-04-13	365	2144-04-12
2143-04-13	1000	2146-01-11
2144-05-31	-1000	2141-09-06
2144-05-31	-400	2143-04-28
2144-05-31	-32	2144-04-30
2144-05-31	-1	2144-05-30
2144-05-31	1	2144-06-01
2144-05-31	29	2144-06-29
2144-05-31	32	2144-07-01
2144-05-31	365	2145-05-30
2144-05-31	1000	2147-02-30
2145-01-14	-1000	2142-04-16
2145-01-14	-400	2143-12-10
2145-01-14	-32	2144-12-12
2145-01-14	-1	2145-01-13
2145-01-14	1	2145-01-15
2145-01-14	29	2145-02-12
2145-01-14	32	2145-02-15
2145-01-14	365	2146-01-14
2145-01-14	1000	2147-10-08
2146-06-26	-1000	2143-10-03
2146-06-26	-400	2145-05-22
2146-06-26	-32	2146-05-25
2146-06-26	-1	2146-06-25
2146-06-26	1	2146-06-27
2146-06-26	29	2146-07-25
2146-06-26	32	2146-07-28
2146-06-26	365	2147-06-26
2146-06-26	1000	2149-03-25
2146-11-16	-1000	2144-02-20
2146-11-16	-400	2145-10-10
2146-11-16	-32	2146-10-13
2146-11-16	-1	2146-11-15
2146-11-16	1	2146-11-17
2146-11-16	29	2146-12-15
2146-11-16	32	2146-12-18
2146-11-16	365	2147-11-15
2146-11-16	1000	2149-08-08
2147-12-03	-1000	2145-03-06
2147-12-03	-400	2146-10-27
2147-12-03	-32	2147-10-30
2147-12-03	-1	2147-12-02
2147-12-03	1	2147-12-04
2147-12-03	29	2148-01-01
2147-12-03	32	2148-01-04
2147-12-03	365	2148-12-02
2147-12-03	1000	2150-08-25
2148-10-25	-1000	2146-02-01
2148-10-25	-400	2147-09-20
2148-10-25	-32	2148-09-23
2148-10-25	-1	2148-10-24
2148-10-25	1	2148-10-26
2148-10-25	29	2148-11-25
2148-10-25	32	2148-11-28
2148-10-25	365	2149-10-25
2148-10-25	1000	2151-07-18
2150-01-01	-1000	2147-04-03
2150-01-01	-400	2148-11-26
2150-01-01	-32	2149-11-29
2150-01-01	-1	2149-12-30
2150-01-01	1	2150-01-02
2150-01-01	29	2150-01-30
2150-01-01	32	2150-02-02
2150-01-01	365	2150-12-31
2150-01-01	1000	2152-09-24
2150-01-15	-1000	2147-04-17
2150-01-15	-400	2148-12-10
2150-01-15	-32	2149-12-13
2150-01-15	-1	2150-01-14
2150-01-15	1	2150-01-16
2150-01-15	29	2150-02-13
2150-01-15	32	2150-02-16
2150-01-15	365	2151-01-14
2150-01-15	1000	2152-10-08
2150-01-31	-1000	2147-05-01
2150-01-31	-400	2148-12-26
2150-01-31	-32	2149-12-29
2150-01-31	-1	2150-01-30
2150-01-31	1	2150-02-01
2150-01-31	29	2150-02-29
2150-01-31	32	2150-02-32
2150-01-31	365	2151-01-30
2150-01-31	1000	2152-10-24
2150-02-01	-1000	2147-05-02
2150-02-01	-400	2148-12-27
2150-02-01	-32	2149-12-30
2150-02-01	-1	2150-01-31
2150-02-01	1	2150-02-02
2150-02-01	29	2150-02-30
2150-02-01	32	2150-03-01
2150-02-01	365	2151-01-31
2150-02-01	1000	2152-10-25
2150-02-15	-1000	2147-05-16
2150-02-15	-400	2149-01-11
2150-02-15	-32	2150-01-14
2150-02-15	-1	2150-02-14
2150-02-15	1	2150-02-16
2150-02-15	29	2150-03-12
2150-02-15	32	2150-03-15
2150-02-15	365	2151-02-14
2150-02-15	1000	2152-11-10
2150-02-32	-1000	2147-06-02
2150-02-32	-400	2149-01-28
2150-02-32	-32	2150-01-31
2150-02-32	-1	2150-02-31
2150-02-32	1	2150-03-01
2150-02-32	29	2150-03-29
2150-02-32	32	2150-04-01
2150-02-32	365	2151-02-31
2150-02-32	1000	2152-11-27
2150-03-01	-1000	2147-06-03
2150-03-01	-400	2149-01-29
2150-03-01	-32	2150-02-01
2150-03-01	-1	2150-02-32
2150-03-01	1	2150-03-02
2150-03-01	29	2150-03-30
2150-03-01	32	2150-04-02
2150-03-01	365	2151-03-01
2150-03-01	1000	2152-11-28
2150-03-15	-1000	2147-06-17
2150-03-15	-400	2149-02-12
2150-03-15	-32	2150-02-15
2150-03-15	-1	2150-03-14
2150-03-15	1	2150-03-16
2150-03-15	29	2150-04-13
2150-03-15	32	2150-04-16
2150-03-15	365	2151-03-15
2150-03-15	1000	2152-12-12
2150-03-30	-1000	2147-07-02
2150-03-30	-400	2149-02-27
2150-03-30	-32	2150-02-30
2150-03-30	-1	2150-03-29
2150-03-30	1	2150-03-31
2150-03-30	29	2150-04-28
2150-03-30	32	2150-04-31
2150-03-30	365	2151-03-30
2150-03-30	1000	2152-12-27
2150-03-31	-1000	2147-07-03
2150-03-31	-400	2149-02-28
2150-03-31	-32	2150-02-31
2150-03-31	-1	2150-03-30
2150-03-31	1	2150-04-01
2150-03-31	29	2150-04-29
2150-03-31	32	2150-04-32
2150-03-31	365	2151-03-31
2150-03-31	1000	2152-12-28
2150-04-01	-1000	2147-07-04
2150-04-01	-400	2149-02-29
2150-04-01	-32	2150-02-32
2150-04-01	-1	2150-03-31
2150-04-01	1	2150-04-02
2150-04-01	29	2150-04-30
2150-04-01	32	2150-05-01
2150-04-01	365	2151-04-01
2150-04-01	1000	2152-12-29
2150-04-15	-1000	2147-07-18
2150-04-15	-400	2149-03-12
2150-04-15	-32	2150-03-14
2150-04-15	-1	2150-04-14
2150-04-15	1	2150-04-16
2150-04-15	29	2150-05-12
2150-04-15	32	2150-05-15
2150-04-15	365	2151-04-15
2150-04-15	1000	2153-01-13
2150-04-32	-1000	2147-08-05
2150-04-32	-400	2149-03-29
2150-04-32	-32	2150-03-31
2150-04-32	-1	2150-04-31
2150-04-32	1	2150-05-01
2150-04-32	29	2150-05-29
2150-04-32	32	2150-06-01
2150-04-32	365	2151-04-32
2150-04-32	1000	2153-01-30
2150-05-01	-1000	2147-08-06
2150-05-01	-400	2149-03-30
2150-05-01	-32	2150-04-01
2150-05-01	-1	2150-04-32
2150-05-01	1	2150-05-02
2150-05-01	29	2150-05-30
2150-05-01	32	2150-06-02
2150-05-01	365	2151-05-01
2150-05-01	1000	2153-01-31
2150-05-15	-1000	2147-08-20
2150-05-15	-400	2149-04-12
2150-05-15	-32	2150-04-15
2150-05-15	-1	2150-05-14
2150-05-15	1	2150-05-16
2150-05-15	29	2150-06-13
2150-05-15	32	2150-06-16
2150-05-15	365	2151-05-15
2150-05-15	1000	2153-02-14
2150-05-31	-1000	2147-09-06
2150-05-31	-400	2149-04-28
2150-05-31	-32	2150-04-31
2150-05-31	-1	2150-05-30
2150-05-31	1	2150-06-01
2150-05-31	29	2150-06-29
2150-05-31	32	2150-07-02
2150-05-31	365	2151-05-31
2150-05-31	1000	2153-02-30
2150-06-01	-1000	2147-09-07
2150-06-01	-400	2149-04-29
2150-06-01	-32	2150-04-32
2150-06-01	-1	2150-05-31
2150-06-01	1	2150-06-02
2150-06-01	29	2150-06-30
2150-06-01	32	2150-07-03
2150-06-01	365	2151-06-01
2150-06-01	1000	2153-02-31
2150-06-15	-1000	2147-09-21
2150-06-15	-400	2149-05-11
2150-06-15	-32	2150-05-14
2150-06-15	-1	2150-06-14
2150-06-15	1	2150-06-16
2150-06-15	29	2150-07-14
2150-06-15	32	2150-07-17
2150-06-15	365	2151-06-15
2150-06-15	1000	2153-03-14
2150-06-30	-1000	2147-10-07
2150-06-30	-400	2149-05-26
2150-06-30	-32	2150-05-29
2150-06-30	-1	2150-06-29
2150-06-30	1	2150-07-01
2150-06-30	29	2150-07-29
2150-06-30	32	2150-08-02
2150-06-30	365	2151-06-30
2150-06-30	1000	2153-03-29
2150-07-01	-1000	2147-10-08
2150-07-01	-400	2149-05-27
2150-07-01	-32	2150-05-30
2150-07-01	-1	2150-06-30
2150-07-01	1	2150-07-02
2150-07-01	29	2150-07-30
2150-07-01	32	2150-08-03
2150-07-01	365	2151-06-31
2150-07-01	1000	2153-03-30
2150-07-15	-1000	2147-10-22
2150-07-15	-400	2149-06-10
2150-07-15	-32	2150-06-13
2150-07-15	-1	2150-07-14
2150-07-15	1	2150-07-16
2150-07-15	29	2150-08-14
2150-07-15	32	2150-08-17
2150-07-15	365	2151-07-14
2150-07-15	1000	2153-04-12
2150-07-30	-1000	2147-11-07
2150-07-30	-400	2149-06-25
2150-07-30	-32	2150-06-28
2150-07-30	-1	2150-07-29
2150-07-30	1	2150-08-01
2150-07-30	29	2150-08-29
2150-07-30	32	2150-09-02
2150-07-30	365	2151-07-29
2150-07-30	1000	2153-04-27
2150-08-01	-1000	2147-11-08
2150-08-01	-400	2149-06-26
2150-08-01	-32	2150-06-29
2150-08-01	-1	2150-07-30
2150-08-01	1	2150-08-02
2150-08-01	29	2150-08-30
2150-08-01	32	2150-09-03
2150-08-01	365	2151-08-01
2150-08-01	1000	2153-04-28
2150-08-15	-1000	2147-11-22
2150-08-15	-400	2149-07-10
2150-08-15	-32	2150-07-13
2150-08-15	-1	2150-08-14
2150-08-15	1	2150-08-16
2150-08-15	29	2150-09-14
2150-08-15	32	2150-09-17
2150-08-15	365	2151-08-15
2150-08-15	1000	2153-05-10
2150-08-30	-1000	2147-12-08
2150-08-30	-400	2149-07-25
2150-08-30	-32	2150-07-28
2150-08-30	-1	2150-08-29
2150-08-30	1	2150-09-01
2150-08-30	29	2150-09-29
2150-08-30	32	2150-10-03
2150-08-30	365	2151-08-30
2150-08-30	1000	2153-05-25
2150-09-01	-1000	2147-12-09
2150-09-01	-400	2149-07-26
2150-09-01	-32	2150-07-29
2150-09-01	-1	2150-08-30
2150-09-01	1	2150-09-02
2150-09-01	29	2150-10-01
2150-09-01	32	2150-10-04
2150-09-01	365	2151-09-01
2150-09-01	1000	2153-05-26
2150-09-15	-1000	2147-12-23
2150-09-15	-400	2149-08-10
2150-09-15	-32	2150-08-13
2150-09-15	-1	2150-09-14
2150-09-15	1	2150-09-16
2150-09-15	29	2150-10-15
2150-09-15	32	2150-10-18
2150-09-15	365	2151-09-15
2150-09-15	1000	2153-06-09
2150-09-29	-1000	2148-01-06
2150-09-29	-400	2149-08-24
2150-09-29	-32	2150-08-27
2150-09-29	-1	2150-09-28
2150-09-29	1	2150-10-01
2150-09-29	29	2150-10-29
2150-09-29	32	2150-11-03
2150-09-29	365	2151-09-29
2150-09-29	1000	2153-06-23
2150-10-01	-1000	2148-01-07
2150-10-01	-400	2149-08-25
2150-10-01	-32	2150-08-28
2150-10-01	-1	2150-09-29
2150-10-01	1	2150-10-02
2150-10-01	29	2150-11-01
2150-10-01	32	2150-11-04
2150-10-01	365	2151-09-30
2150-10-01	1000	2153-06-24
2150-10-15	-1000	2148-01-21
2150-10-15	-400	2149-09-10
2150-10-15	-32	2150-09-12
2150-10-15	-1	2150-10-14
2150-10-15	1	2150-10-16
2150-10-15	29	2150-11-15
2150-10-15	32	2150-11-18
2150-10-15	365	2151-10-14
2150-10-15	1000	2153-07-08
2150-10-29	-1000	2148-02-04
2150-10-29	-400	2149-09-24
2150-10-29	-32	2150-09-26
2150-10-29	-1	2150-10-28
2150-10-29	1	2150-11-01
2150-10-29	29	2150-11-29
2150-10-29	32	2150-12-02
2150-10-29	365	2151-10-28
2150-10-29	1000	2153-07-22
2150-11-01	-1000	2148-02-05
2150-11-01	-400	2149-09-25
2150-11-01	-32	2150-09-27
2150-11-01	-1	2150-10-29
2150-11-01	1	2150-11-02
2150-11-01	29	2150-11-30
2150-11-01	32	2150-12-03
2150-11-01	365	2151-10-29
2150-11-01	1000	2153-07-23
2150-11-15	-1000	2148-02-19
2150-11-15	-400	2149-10-09
2150-11-15	-32	2150-10-12
2150-11-15	-1	2150-11-14
2150-11-15	1	2150-11-16
2150-11-15	29	2150-12-14
2150-11-15	32	2150-12-17
2150-11-15	365	2151-11-14
2150-11-15	1000	2153-08-07
2150-11-30	-1000	2148-03-03
2150-11-30	-400	2149-10-24
2150-11-30	-32	2150-10-27
2150-11-30	-1	2150-11-29
2150-11-30	1	2150-12-01
2150-11-30	29	2150-12-29
2150-11-30	32	2151-01-01
2150-11-30	365	2151-11-29
2150-11-30	1000	2153-08-22
2150-12-01	-1000	2148-03-04
2150-12-01	-400	2149-10-25
2150-12-01	-32	2150-10-28
2150-12-01	-1	2150-11-30
2150-12-01	1	2150-12-02
2150-12-01	29	2150-12-30
2150-12-01	32	2151-01-02
2150-12-01	365	2151-12-01
2150-12-01	1000	2153-08-23
2150-12-15	-1000	2148-03-18
2150-12-15	-400	2149-11-10
2150-12-15	-32	2150-11-13
2150-12-15	-1	2150-12-14
2150-12-15	1	2150-12-16
2150-12-15	29	2151-01-13
2150-12-15	32	2151-01-16
2150-12-15	365	2151-12-15
2150-12-15	1000	2153-09-08
2150-12-31	-1000	2148-04-02
2150-12-31	-400	2149-11-26
2150-12-31	-32	2150-11-29
2150-12-31	-1	2150-12-30
2150-12-31	1	2151-01-01
2150-12-31	29	2151-01-29
2150-12-31	32	2151-02-01
2150-12-31	365	2151-12-31
2150-12-31	1000	2153-09-24
2152-04-19	-1000	2149-07-22
2152-04-19	-400	2151-03-16
2152-04-19	-32	2152-03-19
2152-04-19	-1	2152-04-18
2152-04-19	1	2152-04-20
2152-04-19	29	2152-05-17
2152-04-19	32	2152-05-20
2152-04-19	365	2153-04-19
2152-04-19	1000	2155-01-17
2152-12-02	-1000	2150-03-05
2152-12-02	-400	2151-10-26
2152-12-02	-32	2152-10-29
2152-12-02	-1	2152-12-01
2152-12-02	1	2152-12-03
2152-12-02	29	2153-01-01
2152-12-02	32	2153-01-04
2152-12-02	365	2153-12-02
2152-12-02	1000	2155-08-25
2153-09-25	-1000	2151-01-01
2153-09-25	-400	2152-08-19
2153-09-25	-32	2153-08-22
2153-09-25	-1	2153-09-24
2153-09-25	1	2153-09-26
2153-09-25	29	2153-10-24
2153-09-25	32	2153-10-27
2153-09-25	365	2154-09-24
2153-09-25	1000	2156-06-19
2157-02-09	-1000	2154-05-10
2157-02-09	-400	2156-01-05
2157-02-09	-32	2157-01-08
2157-02-09	-1	2157-02-08
2157-02-09	1	2157-02-10
2157-02-09	29	2157-03-06
2157-02-09	32	2157-03-09
2157-02-09	365	2158-02-09
2157-02-09	1000	2159-11-04
2164-02-23	-1000	2161-05-24
2164-02-23	-400	2163-01-19
2164-02-23	-32	2164-01-22
2164-02-23	-1	2164-02-22
2164-02-23	1	2164-02-24
2164-02-23	29	2164-03-21
2164-02-23	32	2164-03-24
2164-02-23	365	2165-02-23
2164-02-23	1000	2166-11-18
2164-04-20	-1000	2161-07-23
2164-04-20	-400	2163-03-17
2164-04-20	-32	2164-03-20
2164-04-20	-1	2164-04-19
2164-04-20	1	2164-04-21
2164-04-20	29	2164-05-18
2164-04-20	32	2164-05-21
2164-04-20	365	2165-04-20
2164-04-20	1000	2167-01-18
2164-05-20	-1000	2161-08-24
2164-05-20	-400	2163-04-17
2164-05-20	-32	2164-04-19
2164-05-20	-1	2164-05-19
2164-05-20	1	2164-05-21
2164-05-20	29	2164-06-18
2164-05-20	32	2164-06-21
2164-05-20	365	2165-05-19
2164-05-20	1000	2167-02-18
2164-07-11	-1000	2161-10-18
2164-07-11	-400	2163-06-07
2164-07-11	-32	2164-06-10
2164-07-11	-1	2164-07-10
2164-07-11	1	2164-07-12
2164-07-11	29	2164-08-10
2164-07-11	32	2164-08-13
2164-07-11	365	2165-07-11
2164-07-11	1000	2167-04-09
2164-08-11	-1000	2161-11-19
2164-08-11	-400	2163-07-06
2164-08-11	-32	2164-07-09
2164-08-11	-1	2164-08-10
2164-08-11	1	2164-08-12
2164-08-11	29	2164-09-11
2164-08-11	32	2164-09-14
2164-08-11	365	2165-08-11
2164-08-11	1000	2167-05-07
2164-09-23	-1000	2161-12-30
2164-09-23	-400	2163-08-17
2164-09-23	-32	2164-08-20
2164-09-23	-1	2164-09-22
2164-09-23	1	2164-09-24
2164-09-23	29	2164-10-22
2164-09-23	32	2164-10-25
2164-09-23	365	2165-09-22
2164-09-23	1000	2167-06-17
2165-02-19	-1000	2162-05-20
2165-02-19	-400	2164-01-15
2165-02-19	-32	2165-01-18
2165-02-19	-1	2165-02-18
2165-02-19	1	2165-02-20
2165-02-19	29	2165-03-16
2165-02-19	32	2165-03-19
2165-02-19	365	2166-02-19
2165-02-19	1000	2167-11-14
2166-07-01	-1000	2163-10-07
2166-07-01	-400	2165-05-27
2166-07-01	-32	2166-05-30
2166-07-01	-1	2166-06-30
2166-07-01	1	2166-07-02
2166-07-01	29	2166-07-30
2166-07-01	32	2166-08-03
2166-07-01	365	2167-06-31
2166-07-01	1000	2169-03-29
2167-04-07	-1000	2164-07-09
2167-04-07	-400	2166-03-03
2167-04-07	-32	2167-03-06
2167-04-07	-1	2167-04-06
2167-04-07	1	2167-04-08
2167-04-07	29	2167-05-04
2167-04-07	32	2167-05-07
2167-04-07	365	2168-04-06
2167-04-07	1000	2170-01-04
2167-04-22	-1000	2164-07-24
2167-04-22	-400	2166-03-18
2167-04-22	-32	2167-03-21
2167-04-22	-1	2167-04-21
2167-04-22	1	2167-04-23
2167-04-22	29	2167-05-19
2167-04-22	32	2167-05-22
2167-04-22	365	2168-04-21
2167-04-22	1000	2170-01-19
2167-04-31	-1000	2164-08-03
2167-04-31	-400	2166-03-27
2167-04-31	-32	2167-03-30
2167-04-31	-1	2167-04-30
2167-04-31	1	2167-04-32
2167-04-31	29	2167-05-28
2167-04-31	32	2167-05-31
2167-04-31	365	2168-04-30
2167-04-31	1000	2170-01-28
2167-05-02	-1000	2164-08-06
2167-05-02	-400	2166-03-30
2167-05-02	-32	2167-04-02
2167-05-02	-1	2167-05-01
2167-05-02	1	2167-05-03
2167-05-02	29	2167-05-31
2167-05-02	32	2167-06-03
2167-05-02	365	2168-05-02
2167-05-02	1000	2170-02-01
2168-11-14	-1000	2166-02-19
2168-11-14	-400	2167-10-08
2168-11-14	-32	2168-10-11
2168-11-14	-1	2168-11-13
2168-11-14	1	2168-11-15
2168-11-14	29	2168-12-13
2168-11-14	32	2168-12-16
2168-11-14	365	2169-11-14
2168-11-14	1000	2171-08-06
2171-12-15	-1000	2169-03-18
2171-12-15	-400	2170-11-10
2171-12-15	-32	2171-11-13
2171-12-15	-1	2171-12-14
2171-12-15	1	2171-12-16
2171-12-15	29	2172-01-14
2171-12-15	32	2172-01-17
2171-12-15	365	2172-12-15
2171-12-15	1000	2174-09-08
2172-04-05	-1000	2169-07-08
2172-04-05	-400	2171-03-02
2172-04-05	-32	2172-03-05
2172-04-05	-1	2172-04-04
2172-04-05	1	2172-04-06
2172-04-05	29	2172-05-03
2172-04-05	32	2172-05-06
2172-04-05	365	2173-04-05
2172-04-05	1000	2175-01-03
2173-04-15	-1000	2170-07-18
2173-04-15	-400	2172-03-12
2173-04-15	-32	2173-03-14
2173-04-15	-1	2173-04-14
2173-04-15	1	2173-04-16
2173-04-15	29	2173-05-12
2173-04-15	32	2173-05-15
2173-04-15	365	2174-04-15
2173-04-15	1000	2176-01-13
2174-02-21	-1000	2171-05-22
2174-02-21	-400	2173-01-17
2174-02-21	-32	2174-01-19
2174-02-21	-1	2174-02-20
2174-02-21	1	2174-02-22
2174-02-21	29	2174-03-18
2174-02-21	32	2174-03-21
2174-02-21	365	2175-02-20
2174-02-21	1000	2176-11-16
2175-11-18	-1000	2173-02-23
2175-11-18	-400	2174-10-13
2175-11-18	-32	2175-10-15
2175-11-18	-1	2175-11-17
2175-11-18	1	2175-11-19
2175-11-18	29	2175-12-17
2175-11-18	32	2175-12-20
2175-11-18	365	2176-11-18
2175-11-18	1000	2178-08-11
2177-12-09	-1000	2175-03-12
2177-12-09	-400	2176-11-04
2177-12-09	-32	2177-11-07
2177-12-09	-1	2177-12-08
2177-12-09	1	2177-12-10
2177-12-09	29	2178-01-07
2177-12-09	32	2178-01-10
2177-12-09	365	2178-12-09
2177-12-09	1000	2180-09-02
2178-10-02	-1000	2176-01-09
2178-10-02	-400	2177-08-27
2178-10-02	-32	2178-08-30
2178-10-02	-1	2178-10-01
2178-10-02	1	2178-10-03
2178-10-02	29	2178-11-02
2178-10-02	32	2178-11-05
2178-10-02	365	2179-10-02
2178-10-02	1000	2181-06-26
2178-10-12	-1000	2176-01-19
2178-10-12	-400	2177-09-07
2178-10-12	-32	2178-09-10
2178-10-12	-1	2178-10-11
2178-10-12	1	2178-10-13
2178-10-12	29	2178-11-12
2178-10-12	32	2178-11-15
2178-10-12	365	2179-10-12
2178-10-12	1000	2181-07-06
2180-02-08	-1000	2177-05-09
2180-02-08	-400	2179-01-04
2180-02-08	-32	2180-01-07
2180-02-08	-1	2180-02-07
2180-02-08	1	2180-02-09
2180-02-08	29	2180-03-06
2180-02-08	32	2180-03-09
2180-02-08	365	2181-02-08
2180-02-08	1000	2182-11-03
2180-06-22	-1000	2177-09-28
2180-06-22	-400	2179-05-19
2180-06-22	-32	2180-05-21
2180-06-22	-1	2180-06-21
2180-06-22	1	2180-06-23
2180-06-22	29	2180-07-21
2180-06-22	32	2180-07-24
2180-06-22	365	2181-06-22
2180-06-22	1000	2183-03-21
2181-06-19	-1000	2178-09-25
2181-06-19	-400	2180-05-15
2181-06-19	-32	2181-05-18
2181-06-19	-1	2181-06-18
2181-06-19	1	2181-06-20
2181-06-19	29	2181-07-18
2181-06-19	32	2181-07-21
2181-06-19	365	2182-06-19
2181-06-19	1000	2184-03-18
2182-02-24	-1000	2179-05-26
2182-02-24	-400	2181-01-21
2182-02-24	-32	2182-01-23
2182-02-24	-1	2182-02-23
2182-02-24	1	2182-02-25
2182-02-24	29	2182-03-22
2182-02-24	32	2182-03-25
2182-02-24	365	2183-02-24
2182-02-24	1000	2184-11-20
2182-03-23	-1000	2179-06-25
2182-03-23	-400	2181-02-20
2182-03-23	-32	2182-02-22
2182-03-23	-1	2182-03-22
2182-03-23	1	2182-03-24
2182-03-23	29	2182-04-21
2182-03-23	32	2182-04-24
2182-03-23	365	2183-03-23
2182-03-23	1000	2184-12-20
2182-10-11	-1000	2180-01-18
2182-10-11	-400	2181-09-06
2182-10-11	-32	2182-09-09
2182-10-11	-1	2182-10-10
2182-10-11	1	2182-10-12
2182-10-11	29	2182-11-11
2182-10-11	32	2182-11-14
2182-10-11	365	2183-10-11
2182-10-11	1000	2185-07-05
2182-12-25	-1000	2180-03-29
2182-12-25	-400	2181-11-21
2182-12-25	-32	2182-11-23
2182-12-25	-1	2182-12-24
2182-12-25	1	2182-12-26
2182-12-25	29	2183-01-24
2182-12-25	32	2183-01-27
2182-12-25	365	2183-12-25
2182-12-25	1000	2185-09-18
2184-05-12	-1000	2181-08-17
2184-05-12	-400	2183-04-09
2184-05-12	-32	2184-04-12
2184-05-12	-1	2184-05-11
2184-05-12	1	2184-05-13
2184-05-12	29	2184-06-10
2184-05-12	32	2184-06-13
2184-05-12	365	2185-05-12
2184-05-12	1000	2187-02-11
2186-01-20	-1000	2183-04-22
2186-01-20	-400	2184-12-16
2186-01-20	-32	2185-12-19
2186-01-20	-1	2186-01-19
2186-01-20	1	2186-01-21
2186-01-20	29	2186-02-18
2186-01-20	32	2186-02-21
2186-01-20	365	2187-01-20
2186-01-20	1000	2188-10-14
2186-11-17	-1000	2184-02-22
2186-11-17	-400	2185-10-12
2186-11-17	-32	2186-10-14
2186-11-17	-1	2186-11-16
2186-11-17	1	2186-11-18
2186-11-17	29	2186-12-16
2186-11-17	32	2186-12-19
2186-11-17	365	2187-11-17
2186-11-17	1000	2189-08-10
2187-05-02	-1000	2184-08-06
2187-05-02	-400	2186-03-30
2187-05-02	-32	2187-04-01
2187-05-02	-1	2187-05-01
2187-05-02	1	2187-05-03
2187-05-02	29	2187-05-31
2187-05-02	32	2187-06-03
2187-05-02	365	2188-05-01
2187-05-02	1000	2190-01-31
2189-03-02	-1000	2186-06-04
2189-03-02	-400	2188-01-30
2189-03-02	-32	2189-02-02
2189-03-02	-1	2189-03-01
2189-03-02	1	2189-03-03
2189-03-02	29	2189-03-31
2189-03-02	32	2189-04-03
2189-03-02	365	2190-03-02
2189-03-02	1000	2191-11-29
2189-03-13	-1000	2186-06-15
2189-03-13	-400	2188-02-10
2189-03-13	-32	2189-02-13
2189-03-13	-1	2189-03-12
2189-03-13	1	2189-03-14
2189-03-13	29	2189-04-11
2189-03-13	32	2189-04-14
2189-03-13	365	2190-03-13
2189-03-13	1000	2191-12-10
2190-10-12	-1000	2188-01-19
2190-10-12	-400	2189-09-07
2190-10-12	-32	2190-09-10
2190-10-12	-1	2190-10-11
2190-10-12	1	2190-10-13
2190-10-12	29	2190-11-12
2190-10-12	32	2190-11-15
2190-10-12	365	2191-10-12
2190-10-12	1000	2193-07-06
2193-09-09	-1000	2190-12-16
2193-09-09	-400	2192-08-04
2193-09-09	-32	2193-08-07
2193-09-09	-1	2193-09-08
2193-09-09	1	2193-09-10
2193-09-09	29	2193-10-09
2193-09-09	32	2193-10-12
2193-09-09	365	2194-09-09
2193-09-09	1000	2196-06-03
2195-05-26	-1000	2192-08-30
2195-05-26	-400	2194-04-23
2195-05-26	-32	2195-04-25
2195-05-26	-1	2195-05-25
2195-05-26	1	2195-05-27
2195-05-26	29	2195-06-24
2195-05-26	32	2195-06-27
2195-05-26	365	2196-05-25
2195-05-26	1000	2198-02-24
2196-02-13	-1000	2193-05-14
2196-02-13	-400	2195-01-09
2196-02-13	-32	2196-01-12
2196-02-13	-1	2196-02-12
2196-02-13	1	2196-02-14
2196-02-13	29	2196-03-10
2196-02-13	32	2196-03-13
2196-02-13	365	2197-02-13
2196-02-13	1000	2198-11-08
2196-03-25	-1000	2193-06-27
2196-03-25	-400	2195-02-22
2196-03-25	-32	2196-02-25
2196-03-25	-1	2196-03-24
2196-03-25	1	2196-03-26
2196-03-25	29	2196-04-23
2196-03-25	32	2196-04-26
2196-03-25	365	2197-03-25
2196-03-25	1000	2198-12-22
2196-12-16	-1000	2194-03-19
2196-12-16	-400	2195-11-11
2196-12-16	-32	2196-11-14
2196-12-16	-1	2196-12-15
2196-12-16	1	2196-12-17
2196-12-16	29	2197-01-15
2196-12-16	32	2197-01-18
2196-12-16	365	2197-12-16
2196-12-16	1000	2199-09-09
2198-01-01	-1000	2195-04-03
2198-01-01	-400	2196-11-27
2198-01-01	-32	2197-11-29
2198-01-01	-1	2197-12-31
2198-01-01	1	2198-01-02
2198-01-01	29	2198-01-30
2198-01-01	32	2198-02-02
2198-01-01	365	2199-01-01
2198-01-01	1000	ERR
2198-01-15	-1000	2195-04-17
2198-01-15	-400	2196-12-11
2198-01-15	-32	2197-12-14
2198-01-15	-1	2198-01-14
2198-01-15	1	2198-01-16
2198-01-15	29	2198-02-13
2198-01-15	32	2198-02-16
2198-01-15	365	2199-01-15
2198-01-15	1000	ERR
2198-01-19	-1000	2195-04-21
2198-01-19	-400	2196-12-15
2198-01-19	-32	2197-12-18
2198-01-19	-1	2198-01-18
2198-01-19	1	2198-01-20
2198-01-19	29	2198-02-17
2198-01-19	32	2198-02-20
2198-01-19	365	2199-01-19
2198-01-19	1000	ERR
2198-01-31	-1000	2195-05-02
2198-01-31	-400	2196-12-27
2198-01-31	-32	2197-12-30
2198-01-31	-1	2198-01-30
2198-01-31	1	2198-02-01
2198-01-31	29	2198-02-29
2198-01-31	32	2198-03-01
2198-01-31	365	2199-01-31
2198-01-31	1000	ERR
2198-02-01	-1000	2195-05-03
2198-02-01	-400	2196-12-28
2198-02-01	-32	2197-12-31
2198-02-01	-1	2198-01-31
2198-02-01	1	2198-02-02
2198-02-01	29	2198-02-30
2198-02-01	32	2198-03-02
2198-02-01	365	2199-02-01
2198-02-01	1000	ERR
2198-02-15	-1000	2195-05-17
2198-02-15	-400	2197-01-12
2198-02-15	-32	2198-01-14
2198-02-15	-1	2198-02-14
2198-02-15	1	2198-02-16
2198-02-15	29	2198-03-13
2198-02-15	32	2198-03-16
2198-02-15	365	2199-02-15
2198-02-15	1000	ERR
2198-02-31	-1000	2195-06-02
2198-02-31	-400	2197-01-28
2198-02-31	-32	2198-01-30
2198-02-31	-1	2198-02-30
2198-02-31	1	2198-03-01
2198-02-31	29	2198-03-29
2198-02-31	32	2198-03-32
2198-02-31	365	2199-02-31
2198-02-31	1000	ERR
2198-03-01	-1000	2195-06-03
2198-03-01	-400	2197-01-29
2198-03-01	-32	2198-01-31
2198-03-01	-1	2198-02-31
2198-03-01	1	2198-03-02
2198-03-01	29	2198-03-30
2198-03-01	32	2198-04-01
2198-03-01	365	2199-03-01
2198-03-01	1000	ERR
2198-03-15	-1000	2195-06-17
2198-03-15	-400	2197-02-12
2198-03-15	-32	2198-02-14
2198-03-15	-1	2198-03-14
2198-03-15	1	2198-03-16
2198-03-15	29	2198-04-12
2198-03-15	32	2198-04-15
2198-03-15	365	2199-03-15
2198-03-15	1000	ERR
2198-03-32	-1000	2195-07-03
2198-03-32	-400	2197-02-29
2198-03-32	-32	2198-02-31
2198-03-32	-1	2198-03-31
2198-03-32	1	2198-04-01
2198-03-32	29	2198-04-29
2198-03-32	32	2198-05-01
2198-03-32	365	2199-03-32
2198-03-32	1000	ERR
2198-04-01	-1000	2195-07-04
2198-04-01	-400	2197-02-30
2198-04-01	-32	2198-03-01
2198-04-01	-1	2198-03-32
2198-04-01	1	2198-04-02
2198-04-01	29	2198-04-30
2198-04-01	32	2198-05-02
2198-04-01	365	2199-04-01
2198-04-01	1000	ERR
2198-04-15	-1000	2195-07-18
2198-04-15	-400	2197-03-12
2198-04-15	-32	2198-03-15
2198-04-15	-1	2198-04-14
2198-04-15	1	2198-04-16
2198-04-15	29	2198-05-13
2198-04-15	32	2198-05-16
2198-04-15	365	2199-04-15
2198-04-15	1000	ERR
2198-04-31	-1000	2195-08-04
2198-04-31	-400	2197-03-28
2198-04-31	-32	2198-03-31
2198-04-31	-1	2198-04-30
2198-04-31	1	2198-05-01
2198-04-31	29	2198-05-29
2198-04-31	32	2198-06-01
2198-04-31	365	2199-04-31
2198-04-31	1000	ERR
2198-05-01	-1000	2195-08-05
2198-05-01	-400	2197-03-29
2198-05-01	-32	2198-03-32
2198-05-01	-1	2198-04-31
2198-05-01	1	2198-05-02
2198-05-01	29	2198-05-30
2198-05-01	32	2198-06-02
2198-05-01	365	2199-05-01
2198-05-01	1000	ERR
2198-05-15	-1000	2195-08-19
2198-05-15	-400	2197-04-12
2198-05-15	-32	2198-04-14
2198-05-15	-1	2198-05-14
2198-05-15	1	2198-05-16
2198-05-15	29	2198-06-13
2198-05-15	32	2198-06-16
2198-05-15	365	2199-05-15
2198-05-15	1000	ERR
2198-05-31	-1000	2195-09-06
2198-05-31	-400	2197-04-28
2198-05-31	-32	2198-04-30
2198-05-31	-1	2198-05-30
2198-05-31	1	2198-06-01
2198-05-31	29	2198-06-29
2198-05-31	32	2198-07-01
2198-05-31	365	2199-05-31
2198-05-31	1000	ERR
2198-06-01	-1000	2195-09-07
2198-06-01	-400	2197-04-29
2198-06-01	-32	2198-04-31
2198-06-01	-1	2198-05-31
2198-06-01	1	2198-06-02
2198-06-01	29	2198-06-30
2198-06-01	32	2198-07-02
2198-06-01	365	2199-05-32
2198-06-01	1000	ERR
2198-06-15	-1000	2195-09-21
2198-06-15	-400	2197-05-11
2198-06-15	-32	2198-05-14
2198-06-15	-1	2198-06-14
2198-06-15	1	2198-06-16
2198-06-15	29	2198-07-13
2198-06-15	32	2198-07-16
2198-06-15	365	2199-06-14
2198-06-15	1000	ERR
2198-06-31	-1000	2195-10-07
2198-06-31	-400	2197-05-27
2198-06-31	-32	2198-05-30
2198-06-31	-1	2198-06-30
2198-06-31	1	2198-07-01
2198-06-31	29	2198-07-29
2198-06-31	32	2198-08-02
2198-06-31	365	2199-06-30
2198-06-31	1000	ERR
2198-07-01	-1000	2195-10-08
2198-07-01	-400	2197-05-28
2198-07-01	-32	2198-05-31
2198-07-01	-1	2198-06-31
2198-07-01	1	2198-07-02
2198-07-01	29	2198-07-30
2198-07-01	32	2198-08-03
2198-07-01	365	2199-07-01
2198-07-01	1000	ERR
2198-07-15	-1000	2195-10-22
2198-07-15	-400	2197-06-11
2198-07-15	-32	2198-06-14
2198-07-15	-1	2198-07-14
2198-07-15	1	2198-07-16
2198-07-15	29	2198-08-14
2198-07-15	32	2198-08-17
2198-07-15	365	2199-07-15
2198-07-15	1000	ERR
2198-07-30	-1000	2195-11-08
2198-07-30	-400	2197-06-26
2198-07-30	-32	2198-06-29
2198-07-30	-1	2198-07-29
2198-07-30	1	2198-08-01
2198-07-30	29	2198-08-29
2198-07-30	32	2198-09-03
2198-07-30	365	2199-07-30
2198-07-30	1000	ERR
2198-08-01	-1000	2195-11-09
2198-08-01	-400	2197-06-27
2198-08-01	-32	2198-06-30
2198-08-01	-1	2198-07-30
2198-08-01	1	2198-08-02
2198-08-01	29	2198-09-01
2198-08-01	32	2198-09-04
2198-08-01	365	2199-08-01
2198-08-01	1000	ERR
2198-08-15	-1000	2195-11-23
2198-08-15	-400	2197-07-11
2198-08-15	-32	2198-07-13
2198-08-15	-1	2198-08-14
2198-08-15	1	2198-08-16
2198-08-15	29	2198-09-15
2198-08-15	32	2198-09-18
2198-08-15	365	2199-08-15
2198-08-15	1000	ERR
2198-08-29	-1000	2195-12-07
2198-08-29	-400	2197-07-25
2198-08-29	-32	2198-07-27
2198-08-29	-1	2198-08-28
2198-08-29	1	2198-09-01
2198-08-29	29	2198-09-29
2198-08-29	32	2198-10-02
2198-08-29	365	2199-08-29
2198-08-29	1000	ERR
2198-09-01	-1000	2195-12-08
2198-09-01	-400	2197-07-26
2198-09-01	-32	2198-07-28
2198-09-01	-1	2198-08-29
2198-09-01	1	2198-09-02
2198-09-01	29	2198-09-30
2198-09-01	32	2198-10-03
2198-09-01	365	2199-09-01
2198-09-01	1000	ERR
2198-09-15	-1000	2195-12-22
2198-09-15	-400	2197-08-10
2198-09-15	-32	2198-08-12
2198-09-15	-1	2198-09-14
2198-09-15	1	2198-09-16
2198-09-15	29	2198-10-14
2198-09-15	32	2198-10-17
2198-09-15	365	2199-09-15
2198-09-15	1000	ERR
2198-09-30	-1000	2196-01-07
2198-09-30	-400	2197-08-25
2198-09-30	-32	2198-08-27
2198-09-30	-1	2198-09-29
2198-09-30	1	2198-10-01
2198-09-30	29	2198-10-29
2198-09-30	32	2198-11-03
2198-09-30	365	2199-09-30
2198-09-30	1000	ERR
2198-10-01	-1000	2196-01-08
2198-10-01	-400	2197-08-26
2198-10-01	-32	2198-08-28
2198-10-01	-1	2198-09-30
2198-10-01	1	2198-10-02
2198-10-01	29	2198-11-01
2198-10-01	32	2198-11-04
2198-10-01	365	2199-10-01
2198-10-01	1000	ERR
2198-10-15	-1000	2196-01-22
2198-10-15	-400	2197-09-10
2198-10-15	-32	2198-09-13
2198-10-15	-1	2198-10-14
2198-10-15	1	2198-10-16
2198-10-15	29	2198-11-15
2198-10-15	32	2198-11-18
2198-10-15	365	2199-10-15
2198-10-15	1000	ERR
2198-10-29	-1000	2196-02-05
2198-10-29	-400	2197-09-24
2198-10-29	-32	2198-09-27
2198-10-29	-1	2198-10-28
2198-10-29	1	2198-11-01
2198-10-29	29	2198-11-29
2198-10-29	32	2198-12-02
2198-10-29	365	2199-10-29
2198-10-29	1000	ERR
2198-11-01	-1000	2196-02-06
2198-11-01	-400	2197-09-25
2198-11-01	-32	2198-09-28
2198-11-01	-1	2198-10-29
2198-11-01	1	2198-11-02
2198-11-01	29	2198-11-30
2198-11-01	32	2198-12-03
2198-11-01	365	2199-11-01
2198-11-01	1000	ERR
2198-11-15	-1000	2196-02-20
2198-11-15	-400	2197-10-10
2198-11-15	-32	2198-10-12
2198-11-15	-1	2198-11-14
2198-11-15	1	2198-11-16
2198-11-15	29	2198-12-14
2198-11-15	32	2198-12-17
2198-11-15	365	2199-11-15
2198-11-15	1000	ERR
2198-11-30	-1000	2196-03-03
2198-11-30	-400	2197-10-25
2198-11-30	-32	2198-10-27
2198-11-30	-1	2198-11-29
2198-11-30	1	2198-12-01
2198-11-30	29	2198-12-29
2198-11-30	32	2199-01-02
2198-11-30	365	2199-11-30
2198-11-30	1000	ERR
2198-12-01	-1000	2196-03-04
2198-12-01	-400	2197-10-26
2198-12-01	-32	2198-10-28
2198-12-01	-1	2198-11-30
2198-12-01	1	2198-12-02
2198-12-01	29	2198-12-30
2198-12-01	32	2199-01-03
2198-12-01	365	2199-12-01
2198-12-01	1000	ERR
2198-12-15	-1000	2196-03-18
2198-12-15	-400	2197-11-10
2198-12-15	-32	2198-11-13
2198-12-15	-1	2198-12-14
2198-12-15	1	2198-12-16
2198-12-15	29	2199-01-14
2198-12-15	32	2199-01-17
2198-12-15	365	2199-12-15
2198-12-15	1000	ERR
2198-12-30	-1000	2196-04-02
2198-12-30	-400	2197-11-25
2198-12-30	-32	2198-11-28
2198-12-30	-1	2198-12-29
2198-12-30	1	2199-01-01
2198-12-30	29	2199-01-29
2198-12-30	32	2199-02-01
2198-12-30	365	2199-12-30
2198-12-30	1000	ERR
2199-01-01	-1000	2196-04-03
2199-01-01	-400	2197-11-26
2199-01-01	-32	2198-11-29
2199-01-01	-1	2198-12-30
2199-01-01	1	2199-01-02
2199-01-01	29	2199-01-30
2199-01-01	32	2199-02-02
2199-01-01	365	ERR
2199-01-01	1000	ERR
2199-01-15	-1000	2196-04-17
2199-01-15	-400	2197-12-11
2199-01-15	-32	2198-12-13
2199-01-15	-1	2199-01-14
2199-01-15	1	2199-01-16
2199-01-15	29	2199-02-13
2199-01-15	32	2199-02-16
2199-01-15	365	ERR
2199-01-15	1000	ERR
2199-01-31	-1000	2196-05-01
2199-01-31	-400	2197-12-27
2199-01-31	-32	2198-12-29
2199-01-31	-1	2199-01-30
2199-01-31	1	2199-02-01
2199-01-31	29	2199-02-29
2199-01-31	32	2199-03-01
2199-01-31	365	ERR
2199-01-31	1000	ERR
2199-02-01	-1000	2196-05-02
2199-02-01	-400	2197-12-28
2199-02-01	-32	2198-12-30
2199-02-01	-1	2199-01-31
2199-02-01	1	2199-02-02
2199-02-01	29	2199-02-30
2199-02-01	32	2199-03-02
2199-02-01	365	ERR
2199-02-01	1000	ERR
2199-02-15	-1000	2196-05-16
2199-02-15	-400	2198-01-11
2199-02-15	-32	2199-01-14
2199-02-15	-1	2199-02-14
2199-02-15	1	2199-02-16
2199-02-15	29	2199-03-13
2199-02-15	32	2199-03-16
2199-02-15	365	ERR
2199-02-15	1000	ERR
2199-02-31	-1000	2196-06-01
2199-02-31	-400	2198-01-27
2199-02-31	-32	2199-01-30
2199-02-31	-1	2199-02-30
2199-02-31	1	2199-03-01
2199-02-31	29	2199-03-29
2199-02-31	32	2199-03-32
2199-02-31	365	ERR
2199-02-31	1000	ERR
2199-03-01	-1000	2196-06-02
2199-03-01	-400	2198-01-28
2199-03-01	-32	2199-01-31
2199-03-01	-1	2199-02-31
2199-03-01	1	2199-03-02
2199-03-01	29	2199-03-30
2199-03-01	32	2199-04-01
2199-03-01	365	ERR
2199-03-01	1000	ERR
2199-03-15	-1000	2196-06-16
2199-03-15	-400	2198-02-11
2199-03-15	-32	2199-02-14
2199-03-15	-1	2199-03-14
2199-03-15	1	2199-03-16
2199-03-15	29	2199-04-12
2199-03-15	32	2199-04-15
2199-03-15	365	ERR
2199-03-15	1000	ERR
2199-03-32	-1000	2196-07-03
2199-03-32	-400	2198-02-28
2199-03-32	-32	2199-02-31
2199-03-32	-1	2199-03-31
2199-03-32	1	2199-04-01
2199-03-32	29	2199-04-29
2199-03-32	32	2199-05-01
2199-03-32	365	ERR
2199-03-32	1000	ERR
2199-04-01	-1000	2196-07-04
2199-04-01	-400	2198-02-29
2199-04-01	-32	2199-03-01
2199-04-01	-1	2199-03-32
2199-04-01	1	2199-04-02
2199-04-01	29	2199-04-30
2199-04-01	32	2199-05-02
2199-04-01	365	ERR
2199-04-01	1000	ERR
2199-04-15	-1000	2196-07-18
2199-04-15	-400	2198-03-12
2199-04-15	-32	2199-03-15
2199-04-15	-1	2199-04-14
2199-04-15	1	2199-04-16
2199-04-15	29	2199-05-13
2199-04-15	32	2199-05-16
2199-04-15	365	ERR
2199-04-15	1000	ERR
2199-04-31	-1000	2196-08-04
2199-04-31	-400	2198-03-28
2199-04-31	-32	2199-03-31
2199-04-31	-1	2199-04-30
2199-04-31	1	2199-05-01
2199-04-31	29	2199-05-29
2199-04-31	32	2199-05-32
2199-04-31	365	ERR
2199-04-31	1000	ERR
2199-05-01	-1000	2196-08-05
2199-05-01	-400	2198-03-29
2199-05-01	-32	2199-03-32
2199-05-01	-1	2199-04-31
2199-05-01	1	2199-05-02
2199-05-01	29	2199-05-30
2199-05-01	32	2199-06-01
2199-05-01	365	ERR
2199-05-01	1000	ERR
2199-05-15	-1000	2196-08-19
2199-05-15	-400	2198-04-11
2199-05-15	-32	2199-04-14
2199-05-15	-1	2199-05-14
2199-05-15	1	2199-05-16
2199-05-15	29	2199-06-12
2199-05-15	32	2199-06-15
2199-05-15	365	ERR
2199-05-15	1000	ERR
2199-05-32	-1000	2196-09-06
2199-05-32	-400	2198-04-28
2199-05-32	-32	2199-04-31
2199-05-32	-1	2199-05-31
2199-05-32	1	2199-06-01
2199-05-32	29	2199-06-29
2199-05-32	32	2199-07-02
2199-05-32	365	ERR
2199-05-32	1000	ERR
2199-06-01	-1000	2196-09-07
2199-06-01	-400	2198-04-29
2199-06-01	-32	2199-05-01
2199-06-01	-1	2199-05-32
2199-06-01	1	2199-06-02
2199-06-01	29	2199-06-30
2199-06-01	32	2199-07-03
2199-06-01	365	ERR
2199-06-01	1000	ERR
2199-06-15	-1000	2196-09-21
2199-06-15	-400	2198-05-12
2199-06-15	-32	2199-05-15
2199-06-15	-1	2199-06-14
2199-06-15	1	2199-06-16
2199-06-15	29	2199-07-14
2199-06-15	32	2199-07-17
2199-06-15	365	ERR
2199-06-15	1000	ERR
2199-06-30	-1000	2196-10-07
2199-06-30	-400	2198-05-27
2199-06-30	-32	2199-05-30
2199-06-30	-1	2199-06-29
2199-06-30	1	2199-07-01
2199-06-30	29	2199-07-29
2199-06-30	32	2199-08-02
2199-06-30	365	ERR
2199-06-30	1000	ERR
2199-07-01	-1000	2196-10-08
2199-07-01	-400	2198-05-28
2199-07-01	-32	2199-05-31
2199-07-01	-1	2199-06-30
2199-07-01	1	2199-07-02
2199-07-01	29	2199-07-30
2199-07-01	32	2199-08-03
2199-07-01	365	ERR
2199-07-01	1000	ERR
2199-07-15	-1000	2196-10-22
2199-07-15	-400	2198-06-11
2199-07-15	-32	2199-06-13
2199-07-15	-1	2199-07-14
2199-07-15	1	2199-07-16
2199-07-15	29	2199-08-14
2199-07-15	32	2199-08-17
2199-07-15	365	ERR
2199-07-15	1000	ERR
2199-07-30	-1000	2196-11-08
2199-07-30	-400	2198-06-26
2199-07-30	-32	2199-06-28
2199-07-30	-1	2199-07-29
2199-07-30	1	2199-08-01
2199-07-30	29	2199-08-29
2199-07-30	32	2199-09-03
2199-07-30	365	ERR
2199-07-30	1000	ERR
2199-08-01	-1000	2196-11-09
2199-08-01	-400	2198-06-27
2199-08-01	-32	2199-06-29
2199-08-01	-1	2199-07-30
2199-08-01	1	2199-08-02
2199-08-01	29	2199-09-01
2199-08-01	32	2199-09-04
2199-08-01	365	ERR
2199-08-01	1000	ERR
2199-08-15	-1000	2196-11-23
2199-08-15	-400	2198-07-10
2199-08-15	-32	2199-07-13
2199-08-15	-1	2199-08-14
2199-08-15	1	2199-08-16
2199-08-15	29	2199-09-15
2199-08-15	32	2199-09-18
2199-08-15	365	ERR
2199-08-15	1000	ERR
2199-08-29	-1000	2196-12-07
2199-08-29	-400	2198-07-24
2199-08-29	-32	2199-07-27
2199-08-29	-1	2199-08-28
2199-08-29	1	2199-09-01
2199-08-29	29	2199-09-29
2199-08-29	32	2199-10-02
2199-08-29	365	ERR
2199-08-29	1000	ERR
2199-09-01	-1000	2196-12-08
2199-09-01	-400	2198-07-25
2199-09-01	-32	2199-07-28
2199-09-01	-1	2199-08-29
2199-09-01	1	2199-09-02
2199-09-01	29	2199-09-30
2199-09-01	32	2199-10-03
2199-09-01	365	ERR
2199-09-01	1000	ERR
2199-09-15	-1000	2196-12-22
2199-09-15	-400	2198-08-09
2199-09-15	-32	2199-08-12
2199-09-15	-1	2199-09-14
2199-09-15	1	2199-09-16
2199-09-15	29	2199-10-14
2199-09-15	32	2199-10-17
2199-09-15	365	ERR
2199-09-15	1000	ERR
2199-09-30	-1000	2197-01-07
2199-09-30	-400	2198-08-24
2199-09-30	-32	2199-08-27
2199-09-30	-1	2199-09-29
2199-09-30	1	2199-10-01
2199-09-30	29	2199-10-29
2199-09-30	32	2199-11-03
2199-09-30	365	ERR
2199-09-30	1000	ERR
2199-10-01	-1000	2197-01-08
2199-10-01	-400	2198-08-25
2199-10-01	-32	2199-08-28
2199-10-01	-1	2199-09-30
2199-10-01	1	2199-10-02
2199-10-01	29	2199-11-01
2199-10-01	32	2199-11-04
2199-10-01	365	ERR
2199-10-01	1000	ERR
2199-10-15	-1000	2197-01-22
2199-10-15	-400	2198-09-10
2199-10-15	-32	2199-09-13
2199-10-15	-1	2199-10-14
2199-10-15	1	2199-10-16
2199-10-15	29	2199-11-15
2199-10-15	32	2199-11-18
2199-10-15	365	ERR
2199-10-15	1000	ERR
2199-10-17	-1000	2197-01-24
2199-10-17	-400	2198-09-12
2199-10-17	-32	2199-09-15
2199-10-17	-1	2199-10-16
2199-10-17	1	2199-10-18
2199-10-17	29	2199-11-17
2199-10-17	32	2199-11-20
2199-10-17	365	ERR
2199-10-17	1000	ERR
2199-10-29	-1000	2197-02-05
2199-10-29	-400	2198-09-24
2199-10-29	-32	2199-09-27
2199-10-29	-1	2199-10-28
2199-10-29	1	2199-11-01
2199-10-29	29	2199-11-29
2199-10-29	32	2199-12-02
2199-10-29	365	ERR
2199-10-29	1000	ERR
2199-11-01	-1000	2197-02-06
2199-11-01	-400	2198-09-25
2199-11-01	-32	2199-09-28
2199-11-01	-1	2199-10-29
2199-11-01	1	2199-11-02
2199-11-01	29	2199-11-30
2199-11-01	32	2199-12-03
2199-11-01	365	ERR
2199-11-01	1000	ERR
2199-11-15	-1000	2197-02-20
2199-11-15	-400	2198-10-09
2199-11-15	-32	2199-10-12
2199-11-15	-1	2199-11-14
2199-11-15	1	2199-11-16
2199-11-15	29	2199-12-14
2199-11-15	32	2199-12-17
2199-11-15	365	ERR
2199-11-15	1000	ERR
2199-11-30	-1000	2197-03-03
2199-11-30	-400	2198-10-24
2199-11-30	-32	2199-10-27
2199-11-30	-1	2199-11-29
2199-11-30	1	2199-12-01
2199-11-30	29	2199-12-29
2199-11-30	32	ERR
2199-11-30	365	ERR
2199-11-30	1000	ERR
2199-12-01	-1000	2197-03-04
2199-12-01	-400	2198-10-25
2199-12-01	-32	2199-10-28
2199-12-01	-1	2199-11-30
2199-12-01	1	2199-12-02
2199-12-01	29	2199-12-30
2199-12-01	32	ERR
2199-12-01	365	ERR
2199-12-01	1000	ERR
2199-12-15	-1000	2197-03-18
2199-12-15	-400	2198-11-10
2199-12-15	-32	2199-11-13
2199-12-15	-1	2199-12-14
2199-12-15	1	2199-12-16
2199-12-15	29	ERR
2199-12-15	32	ERR
2199-12-15	365	ERR
2199-12-15	1000	ERR
2199-12-30	-1000	2197-04-02
2199-12-30	-400	2198-11-25
2199-12-30	-32	2199-11-28
2199-12-30	-1	2199-12-29
2199-12-30	1	ERR
2199-12-30	29	ERR
2199-12-30	32	ERR
2199-12-30	365	ERR
2199-12-30	1000	ERR
