bs	months	clamp	overflow
1901-01-01	-25	ERR	ERR
1901-01-01	-12	ERR	ERR
1901-01-01	-5	ERR	ERR
1901-01-01	-2	ERR	ERR
1901-01-01	-1	ERR	ERR
1901-01-01	1	1901-02-01	1901-02-01
1901-01-01	2	1901-03-01	1901-03-01
1901-01-01	5	1901-06-01	1901-06-01
1901-01-01	12	1902-01-01	1902-01-01
1901-01-01	25	1903-02-01	1903-02-01
1901-01-15	-25	ERR	ERR
1901-01-15	-12	ERR	ERR
1901-01-15	-5	ERR	ERR
1901-01-15	-2	ERR	ERR
1901-01-15	-1	ERR	ERR
1901-01-15	1	1901-02-15	1901-02-15
1901-01-15	2	1901-03-15	1901-03-15
1901-01-15	5	1901-06-15	1901-06-15
1901-01-15	12	1902-01-15	1902-01-15
1901-01-15	25	1903-02-15	1903-02-15
1901-01-31	-25	ERR	ERR
1901-01-31	-12	ERR	ERR
1901-01-31	-5	ERR	ERR
1901-01-31	-2	ERR	ERR
1901-01-31	-1	ERR	ERR
1901-01-31	1	1901-02-31	1901-02-31
1901-01-31	2	1901-03-31	1901-03-31
1901-01-31	5	1901-06-31	1901-06-31
1901-01-31	12	1902-01-31	1902-01-31
1901-01-31	25	1903-02-31	1903-02-31
1901-02-01	-25	ERR	ERR
1901-02-01	-12	ERR	ERR
1901-02-01	-5	ERR	ERR
1901-02-01	-2	ERR	ERR
1901-02-01	-1	1901-01-01	1901-01-01
1901-02-01	1	1901-03-01	1901-03-01
1901-02-01	2	1901-04-01	1901-04-01
1901-02-01	5	1901-07-01	1901-07-01
1901-02-01	12	1902-02-01	1902-02-01
1901-02-01	25	1903-03-01	1903-03-01
1901-02-15	-25	ERR	ERR
1901-02-15	-12	ERR	ERR
1901-02-15	-5	ERR	ERR
1901-02-15	-2	ERR	ERR
1901-02-15	-1	1901-01-15	1901-01-15
1901-02-15	1	1901-03-15	1901-03-15
1901-02-15	2	1901-04-15	1901-04-15
1901-02-15	5	1901-07-15	1901-07-15
1901-02-15	12	1902-02-15	1902-02-15
1901-02-15	25	1903-03-15	1903-03-15
1901-02-31	-25	ERR	ERR
1901-02-31	-12	ERR	ERR
1901-02-31	-5	ERR	ERR
1901-02-31	-2	ERR	ERR
1901-02-31	-1	1901-01-31	1901-01-31
1901-02-31	1	1901-03-31	1901-03-31
1901-02-31	2	1901-04-31	1901-04-31
1901-02-31	5	1901-07-30	1901-08-01
1901-02-31	12	1902-02-31	1902-02-31
1901-02-31	25	1903-03-31	1903-03-31
1901-03-01	-25	ERR	ERR
1901-03-01	-12	ERR	ERR
1901-03-01	-5	ERR	ERR
1901-03-01	-2	1901-01-01	1901-01-01
1901-03-01	-1	1901-02-01	1901-02-01
1901-03-01	1	1901-04-01	1901-04-01
1901-03-01	2	1901-05-01	1901-05-01
1901-03-01	5	1901-08-01	1901-08-01
1901-03-01	12	1902-03-01	1902-03-01
1901-03-01	25	1903-04-01	1903-04-01
1901-03-10	-25	ERR	ERR
1901-03-10	-12	ERR	ERR
1901-03-10	-5	ERR	ERR
1901-03-10	-2	1901-01-10	1901-01-10
1901-03-10	-1	1901-02-10	1901-02-10
1901-03-10	1	1901-04-10	1901-04-10
1901-03-10	2	1901-05-10	1901-05-10
1901-03-10	5	1901-08-10	1901-08-10
1901-03-10	12	1902-03-10	1902-03-10
1901-03-10	25	1903-04-10	1903-04-10
1901-03-15	-25	ERR	ERR
1901-03-15	-12	ERR	ERR
1901-03-15	-5	ERR	ERR
1901-03-15	-2	1901-01-15	1901-01-15
1901-03-15	-1	1901-02-15	1901-02-15
1901-03-15	1	1901-04-15	1901-04-15
1901-03-15	2	1901-05-15	1901-05-15
1901-03-15	5	1901-08-15	1901-08-15
1901-03-15	12	1902-03-15	1902-03-15
1901-03-15	25	1903-04-15	1903-04-15
1901-03-32	-25	ERR	ERR
1901-03-32	-12	ERR	ERR
1901-03-32	-5	ERR	ERR
1901-03-32	-2	1901-01-31	1901-02-01
1901-03-32	-1	1901-02-31	1901-03-01
1901-03-32	1	1901-04-31	1901-05-01
1901-03-32	2	1901-05-31	1901-06-01
1901-03-32	5	1901-08-29	1901-09-03
1901-03-32	12	1902-03-31	1902-04-01
1901-03-32	25	1903-04-32	1903-04-32
1901-04-01	-25	ERR	ERR
1901-04-01	-12	ERR	ERR
1901-04-01	-5	ERR	ERR
1901-04-01	-2	1901-02-01	1901-02-01
1901-04-01	-1	1901-03-01	1901-03-01
1901-04-01	1	1901-05-01	1901-05-01
1901-04-01	2	1901-06-01	1901-06-01
1901-04-01	5	1901-09-01	1901-09-01
1901-04-01	12	1902-04-01	1902-04-01
1901-04-01	25	1903-05-01	1903-05-01
1901-04-15	-25	ERR	ERR
1901-04-15	-12	ERR	ERR
1901-04-15	-5	ERR	ERR
1901-04-15	-2	1901-02-15	1901-02-15
1901-04-15	-1	1901-03-15	1901-03-15
1901-04-15	1	1901-05-15	1901-05-15
1901-04-15	2	1901-06-15	1901-06-15
1901-04-15	5	1901-09-15	1901-09-15
1901-04-15	12	1902-04-15	1902-04-15
1901-04-15	25	1903-05-15	1903-05-15
1901-04-31	-25	ERR	ERR
1901-04-31	-12	ERR	ERR
1901-04-31	-5	ERR	ERR
1901-04-31	-2	1901-02-31	1901-02-31
1901-04-31	-1	1901-03-31	1901-03-31
1901-04-31	1	1901-05-31	1901-05-31
1901-04-31	2	1901-06-31	1901-06-31
1901-04-31	5	1901-09-30	1901-10-01
1901-04-31	12	1902-04-31	1902-04-31
1901-04-31	25	1903-05-31	1903-05-31
1901-05-01	-25	ERR	ERR
1901-05-01	-12	ERR	ERR
1901-05-01	-5	ERR	ERR
1901-05-01	-2	1901-03-01	1901-03-01
1901-05-01	-1	1901-04-01	1901-04-01
1901-05-01	1	1901-06-01	1901-06-01
1901-05-01	2	1901-07-01	1901-07-01
1901-05-01	5	1901-10-01	1901-10-01
1901-05-01	12	1902-05-01	1902-05-01
1901-05-01	25	1903-06-01	1903-06-01
1901-05-15	-25	ERR	ERR
1901-05-15	-12	ERR	ERR
1901-05-15	-5	ERR	ERR
1901-05-15	-2	1901-03-15	1901-03-15
1901-05-15	-1	1901-04-15	1901-04-15
1901-05-15	1	1901-06-15	1901-06-15
1901-05-15	2	1901-07-15	1901-07-15
1901-05-15	5	1901-10-15	1901-10-15
1901-05-15	12	1902-05-15	1902-05-15
1901-05-15	25	1903-06-15	1903-06-15
1901-05-31	-25	ERR	ERR
1901-05-31	-12	ERR	ERR
1901-05-31	-5	ERR	ERR
1901-05-31	-2	1901-03-31	1901-03-31
1901-05-31	-1	1901-04-31	1901-04-31
1901-05-31	1	1901-06-31	1901-06-31
1901-05-31	2	1901-07-30	1901-08-01
1901-05-31	5	1901-10-29	1901-11-02
1901-05-31	12	1902-05-31	1902-05-31
1901-05-31	25	1903-06-30	1903-07-01
1901-06-01	-25	ERR	ERR
1901-06-01	-12	ERR	ERR
1901-06-01	-5	1901-01-01	1901-01-01
1901-06-01	-2	1901-04-01	1901-04-01
1901-06-01	-1	1901-05-01	1901-05-01
1901-06-01	1	1901-07-01	1901-07-01
1901-06-01	2	1901-08-01	1901-08-01
1901-06-01	5	1901-11-01	1901-11-01
1901-06-01	12	1902-06-01	1902-06-01
1901-06-01	25	1903-07-01	1903-07-01
1901-06-15	-25	ERR	ERR
1901-06-15	-12	ERR	ERR
1901-06-15	-5	1901-01-15	1901-01-15
1901-06-15	-2	1901-04-15	1901-04-15
1901-06-15	-1	1901-05-15	1901-05-15
1901-06-15	1	1901-07-15	1901-07-15
1901-06-15	2	1901-08-15	1901-08-15
1901-06-15	5	1901-11-15	1901-11-15
1901-06-15	12	1902-06-15	1902-06-15
1901-06-15	25	1903-07-15	1903-07-15
1901-06-31	-25	ERR	ERR
1901-06-31	-12	ERR	ERR
1901-06-31	-5	1901-01-31	1901-01-31
1901-06-31	-2	1901-04-31	1901-04-31
1901-06-31	-1	1901-05-31	1901-05-31
1901-06-31	1	1901-07-30	1901-08-01
1901-06-31	2	1901-08-29	1901-09-02
1901-06-31	5	1901-11-30	1901-12-01
1901-06-31	12	1902-06-30	1902-07-01
1901-06-31	25	1903-07-30	1903-08-01
1901-07-01	-25	ERR	ERR
1901-07-01	-12	ERR	ERR
1901-07-01	-5	1901-02-01	1901-02-01
1901-07-01	-2	1901-05-01	1901-05-01
1901-07-01	-1	1901-06-01	1901-06-01
1901-07-01	1	1901-08-01	1901-08-01
1901-07-01	2	1901-09-01	1901-09-01
1901-07-01	5	1901-12-01	1901-12-01
1901-07-01	12	1902-07-01	1902-07-01
1901-07-01	25	1903-08-01	1903-08-01
1901-07-15	-25	ERR	ERR
1901-07-15	-12	ERR	ERR
1901-07-15	-5	1901-02-15	1901-02-15
1901-07-15	-2	1901-05-15	1901-05-15
1901-07-15	-1	1901-06-15	1901-06-15
1901-07-15	1	1901-08-15	1901-08-15
1901-07-15	2	1901-09-15	1901-09-15
1901-07-15	5	1901-12-15	1901-12-15
1901-07-15	12	1902-07-15	1902-07-15
1901-07-15	25	1903-08-15	1903-08-15
1901-07-30	-25	ERR	ERR
1901-07-30	-12	ERR	ERR
1901-07-30	-5	1901-02-30	1901-02-30
1901-07-30	-2	1901-05-30	1901-05-30
1901-07-30	-1	1901-06-30	1901-06-30
1901-07-30	1	1901-08-29	1901-09-01
1901-07-30	2	1901-09-30	1901-09-30
1901-07-30	5	1901-12-30	1901-12-30
1901-07-30	12	1902-07-30	1902-07-30
1901-07-30	25	1903-08-30	1903-08-30
1901-08-01	-25	ERR	ERR
1901-08-01	-12	ERR	ERR
1901-08-01	-5	1901-03-01	1901-03-01
1901-08-01	-2	1901-06-01	1901-06-01
1901-08-01	-1	1901-07-01	1901-07-01
1901-08-01	1	1901-09-01	1901-09-01
1901-08-01	2	1901-10-01	1901-10-01
1901-08-01	5	1902-01-01	1902-01-01
1901-08-01	12	1902-08-01	1902-08-01
1901-08-01	25	1903-09-01	1903-09-01
1901-08-15	-25	ERR	ERR
1901-08-15	-12	ERR	ERR
1901-08-15	-5	1901-03-15	1901-03-15
1901-08-15	-2	1901-06-15	1901-06-15
1901-08-15	-1	1901-07-15	1901-07-15
1901-08-15	1	1901-09-15	1901-09-15
1901-08-15	2	1901-10-15	1901-10-15
1901-08-15	5	1902-01-15	1902-01-15
1901-08-15	12	1902-08-15	1902-08-15
1901-08-15	25	1903-09-15	1903-09-15
1901-08-29	-25	ERR	ERR
1901-08-29	-12	ERR	ERR
1901-08-29	-5	1901-03-29	1901-03-29
1901-08-29	-2	1901-06-29	1901-06-29
1901-08-29	-1	1901-07-29	1901-07-29
1901-08-29	1	1901-09-29	1901-09-29
1901-08-29	2	1901-10-29	1901-10-29
1901-08-29	5	1902-01-29	1902-01-29
1901-08-29	12	1902-08-29	1902-08-29
1901-08-29	25	1903-09-29	1903-09-29
1901-09-01	-25	ERR	ERR
1901-09-01	-12	ERR	ERR
1901-09-01	-5	1901-04-01	1901-04-01
1901-09-01	-2	1901-07-01	1901-07-01
1901-09-01	-1	1901-08-01	1901-08-01
1901-09-01	1	1901-10-01	1901-10-01
1901-09-01	2	1901-11-01	1901-11-01
1901-09-01	5	1902-02-01	1902-02-01
1901-09-01	12	1902-09-01	1902-09-01
1901-09-01	25	1903-10-01	1903-10-01
1901-09-15	-25	ERR	ERR
1901-09-15	-12	ERR	ERR
1901-09-15	-5	1901-04-15	1901-04-15
1901-09-15	-2	1901-07-15	1901-07-15
1901-09-15	-1	1901-08-15	1901-08-15
1901-09-15	1	1901-10-15	1901-10-15
1901-09-15	2	1901-11-15	1901-11-15
1901-09-15	5	1902-02-15	1902-02-15
1901-09-15	12	1902-09-15	1902-09-15
1901-09-15	25	1903-10-15	1903-10-15
1901-09-30	-25	ERR	ERR
1901-09-30	-12	ERR	ERR
1901-09-30	-5	1901-04-30	1901-04-30
1901-09-30	-2	1901-07-30	1901-07-30
1901-09-30	-1	1901-08-29	1901-09-01
1901-09-30	1	1901-10-29	1901-11-01
1901-09-30	2	1901-11-30	1901-11-30
1901-09-30	5	1902-02-30	1902-02-30
1901-09-30	12	1902-09-30	1902-09-30
1901-09-30	25	1903-10-29	1903-11-01
1901-10-01	-25	ERR	ERR
1901-10-01	-12	ERR	ERR
1901-10-01	-5	1901-05-01	1901-05-01
1901-10-01	-2	1901-08-01	1901-08-01
1901-10-01	-1	1901-09-01	1901-09-01
1901-10-01	1	1901-11-01	1901-11-01
1901-10-01	2	1901-12-01	1901-12-01
1901-10-01	5	1902-03-01	1902-03-01
1901-10-01	12	1902-10-01	1902-10-01
1901-10-01	25	1903-11-01	1903-11-01
1901-10-15	-25	ERR	ERR
1901-10-15	-12	ERR	ERR
1901-10-15	-5	1901-05-15	1901-05-15
1901-10-15	-2	1901-08-15	1901-08-15
1901-10-15	-1	1901-09-15	1901-09-15
1901-10-15	1	1901-11-15	1901-11-15
1901-10-15	2	1901-12-15	1901-12-15
1901-10-15	5	1902-03-15	1902-03-15
1901-10-15	12	1902-10-15	1902-10-15
1901-10-15	25	1903-11-15	1903-11-15
1901-10-29	-25	ERR	ERR
1901-10-29	-12	ERR	ERR
1901-10-29	-5	1901-05-29	1901-05-29
1901-10-29	-2	1901-08-29	1901-08-29
1901-10-29	-1	1901-09-29	1901-09-29
1901-10-29	1	1901-11-29	1901-11-29
1901-10-29	2	1901-12-29	1901-12-29
1901-10-29	5	1902-03-29	1902-03-29
1901-10-29	12	1902-10-29	1902-10-29
1901-10-29	25	1903-11-29	1903-11-29
1901-11-01	-25	ERR	ERR
1901-11-01	-12	ERR	ERR
1901-11-01	-5	1901-06-01	1901-06-01
1901-11-01	-2	1901-09-01	1901-09-01
1901-11-01	-1	1901-10-01	1901-10-01
1901-11-01	1	1901-12-01	1901-12-01
1901-11-01	2	1902-01-01	1902-01-01
1901-11-01	5	1902-04-01	1902-04-01
1901-11-01	12	1902-11-01	1902-11-01
1901-11-01	25	1903-12-01	1903-12-01
1901-11-06	-25	ERR	ERR
1901-11-06	-12	ERR	ERR
1901-11-06	-5	1901-06-06	1901-06-06
1901-11-06	-2	1901-09-06	1901-09-06
1901-11-06	-1	1901-10-06	1901-10-06
1901-11-06	1	1901-12-06	1901-12-06
1901-11-06	2	1902-01-06	1902-01-06
1901-11-06	5	1902-04-06	1902-04-06
1901-11-06	12	1902-11-06	1902-11-06
1901-11-06	25	1903-12-06	1903-12-06
1901-11-15	-25	ERR	ERR
1901-11-15	-12	ERR	ERR
1901-11-15	-5	1901-06-15	1901-06-15
1901-11-15	-2	1901-09-15	1901-09-15
1901-11-15	-1	1901-10-15	1901-10-15
1901-11-15	1	1901-12-15	1901-12-15
1901-11-15	2	1902-01-15	1902-01-15
1901-11-15	5	1902-04-15	1902-04-15
1901-11-15	12	1902-11-15	1902-11-15
1901-11-15	25	1903-12-15	1903-12-15
1901-11-30	-25	ERR	ERR
1901-11-30	-12	ERR	ERR
1901-11-30	-5	1901-06-30	1901-06-30
1901-11-30	-2	1901-09-30	1901-09-30
1901-11-30	-1	1901-10-29	1901-11-01
1901-11-30	1	1901-12-30	1901-12-30
1901-11-30	2	1902-01-30	1902-01-30
1901-11-30	5	1902-04-30	1902-04-30
1901-11-30	12	1902-11-30	1902-11-30
1901-11-30	25	1903-12-30	1903-12-30
1901-12-01	-25	ERR	ERR
1901-12-01	-12	ERR	ERR
1901-12-01	-5	1901-07-01	1901-07-01
1901-12-01	-2	1901-10-01	1901-10-01
1901-12-01	-1	1901-11-01	1901-11-01
1901-12-01	1	1902-01-01	1902-01-01
1901-12-01	2	1902-02-01	1902-02-01
1901-12-01	5	1902-05-01	1902-05-01
1901-12-01	12	1902-12-01	1902-12-01
1901-12-01	25	1904-01-01	1904-01-01
1901-12-15	-25	ERR	ERR
1901-12-15	-12	ERR	ERR
1901-12-15	-5	1901-07-15	1901-07-15
1901-12-15	-2	1901-10-15	1901-10-15
1901-12-15	-1	1901-11-15	1901-11-15
1901-12-15	1	1902-01-15	1902-01-15
1901-12-15	2	1902-02-15	1902-02-15
1901-12-15	5	1902-05-15	1902-05-15
1901-12-15	12	1902-12-15	1902-12-15
1901-12-15	25	1904-01-15	1904-01-15
1901-12-30	-25	ERR	ERR
1901-12-30	-12	ERR	ERR
1901-12-30	-5	1901-07-30	1901-07-30
1901-12-30	-2	1901-10-29	1901-11-01
1901-12-30	-1	1901-11-30	1901-11-30
1901-12-30	1	1902-01-30	1902-01-30
1901-12-30	2	1902-02-30	1902-02-30
1901-12-30	5	1902-05-30	1902-05-30
1901-12-30	12	1902-12-30	1902-12-30
1901-12-30	25	1904-01-30	1904-01-30
1902-01-01	-25	ERR	ERR
1902-01-01	-12	1901-01-01	1901-01-01
1902-01-01	-5	1901-08-01	1901-08-01
1902-01-01	-2	1901-11-01	1901-11-01
1902-01-01	-1	1901-12-01	1901-12-01
1902-01-01	1	1902-02-01	1902-02-01
1902-01-01	2	1902-03-01	1902-03-01
1902-01-01	5	1902-06-01	1902-06-01
1902-01-01	12	1903-01-01	1903-01-01
1902-01-01	25	1904-02-01	1904-02-01
1902-01-15	-25	ERR	ERR
1902-01-15	-12	1901-01-15	1901-01-15
1902-01-15	-5	1901-08-15	1901-08-15
1902-01-15	-2	1901-11-15	1901-11-15
1902-01-15	-1	1901-12-15	1901-12-15
1902-01-15	1	1902-02-15	1902-02-15
1902-01-15	2	1902-03-15	1902-03-15
1902-01-15	5	1902-06-15	1902-06-15
1902-01-15	12	1903-01-15	1903-01-15
1902-01-15	25	1904-02-15	1904-02-15
1902-01-31	-25	ERR	ERR
1902-01-31	-12	1901-01-31	1901-01-31
1902-01-31	-5	1901-08-29	1901-09-02
1902-01-31	-2	1901-11-30	1901-12-01
1902-01-31	-1	1901-12-30	1902-01-01
1902-01-31	1	1902-02-31	1902-02-31
1902-01-31	2	1902-03-31	1902-03-31
1902-01-31	5	1902-06-30	1902-07-01
1902-01-31	12	1903-01-31	1903-01-31
1902-01-31	25	1904-02-31	1904-02-31
1902-02-01	-25	ERR	ERR
1902-02-01	-12	1901-02-01	1901-02-01
1902-02-01	-5	1901-09-01	1901-09-01
1902-02-01	-2	1901-12-01	1901-12-01
1902-02-01	-1	1902-01-01	1902-01-01
1902-02-01	1	1902-03-01	1902-03-01
1902-02-01	2	1902-04-01	1902-04-01
1902-02-01	5	1902-07-01	1902-07-01
1902-02-01	12	1903-02-01	1903-02-01
1902-02-01	25	1904-03-01	1904-03-01
1902-02-15	-25	ERR	ERR
1902-02-15	-12	1901-02-15	1901-02-15
1902-02-15	-5	1901-09-15	1901-09-15
1902-02-15	-2	1901-12-15	1901-12-15
1902-02-15	-1	1902-01-15	1902-01-15
1902-02-15	1	1902-03-15	1902-03-15
1902-02-15	2	1902-04-15	1902-04-15
1902-02-15	5	1902-07-15	1902-07-15
1902-02-15	12	1903-02-15	1903-02-15
1902-02-15	25	1904-03-15	1904-03-15
1902-02-32	-25	ERR	ERR
1902-02-32	-12	1901-02-31	1901-03-01
1902-02-32	-5	1901-09-30	1901-10-02
1902-02-32	-2	1901-12-30	1902-01-02
1902-02-32	-1	1902-01-31	1902-02-01
1902-02-32	1	1902-03-31	1902-04-01
1902-02-32	2	1902-04-32	1902-04-32
1902-02-32	5	1902-07-30	1902-08-02
1902-02-32	12	1903-02-32	1903-02-32
1902-02-32	25	1904-03-31	1904-04-01
1902-03-01	-25	ERR	ERR
1902-03-01	-12	1901-03-01	1901-03-01
1902-03-01	-5	1901-10-01	1901-10-01
1902-03-01	-2	1902-01-01	1902-01-01
1902-03-01	-1	1902-02-01	1902-02-01
1902-03-01	1	1902-04-01	1902-04-01
1902-03-01	2	1902-05-01	1902-05-01
1902-03-01	5	1902-08-01	1902-08-01
1902-03-01	12	1903-03-01	1903-03-01
1902-03-01	25	1904-04-01	1904-04-01
1902-03-04	-25	ERR	ERR
1902-03-04	-12	1901-03-04	1901-03-04
1902-03-04	-5	1901-10-04	1901-10-04
1902-03-04	-2	1902-01-04	1902-01-04
1902-03-04	-1	1902-02-04	1902-02-04
1902-03-04	1	1902-04-04	1902-04-04
1902-03-04	2	1902-05-04	1902-05-04
1902-03-04	5	1902-08-04	1902-08-04
1902-03-04	12	1903-03-04	1903-03-04
1902-03-04	25	1904-04-04	1904-04-04
1902-03-15	-25	ERR	ERR
1902-03-15	-12	1901-03-15	1901-03-15
1902-03-15	-5	1901-10-15	1901-10-15
1902-03-15	-2	1902-01-15	1902-01-15
1902-03-15	-1	1902-02-15	1902-02-15
1902-03-15	1	1902-04-15	1902-04-15
1902-03-15	2	1902-05-15	1902-05-15
1902-03-15	5	1902-08-15	1902-08-15
1902-03-15	12	1903-03-15	1903-03-15
1902-03-15	25	1904-04-15	1904-04-15
1902-03-31	-25	ERR	ERR
1902-03-31	-12	1901-03-31	1901-03-31
1902-03-31	-5	1901-10-29	1901-11-02
1902-03-31	-2	1902-01-31	1902-01-31
1902-03-31	-1	1902-02-31	1902-02-31
1902-03-31	1	1902-04-31	1902-04-31
1902-03-31	2	1902-05-31	1902-05-31
1902-03-31	5	1902-08-29	1902-09-02
1902-03-31	12	1903-03-31	1903-03-31
1902-03-31	25	1904-04-31	1904-04-31
1902-04-01	-25	ERR	ERR
1902-04-01	-12	1901-04-01	1901-04-01
1902-04-01	-5	1901-11-01	1901-11-01
1902-04-01	-2	1902-02-01	1902-02-01
1902-04-01	-1	1902-03-01	1902-03-01
1902-04-01	1	1902-05-01	1902-05-01
1902-04-01	2	1902-06-01	1902-06-01
1902-04-01	5	1902-09-01	1902-09-01
1902-04-01	12	1903-04-01	1903-04-01
1902-04-01	25	1904-05-01	1904-05-01
1902-04-15	-25	ERR	ERR
1902-04-15	-12	1901-04-15	1901-04-15
1902-04-15	-5	1901-11-15	1901-11-15
1902-04-15	-2	1902-02-15	1902-02-15
1902-04-15	-1	1902-03-15	1902-03-15
1902-04-15	1	1902-05-15	1902-05-15
1902-04-15	2	1902-06-15	1902-06-15
1902-04-15	5	1902-09-15	1902-09-15
1902-04-15	12	1903-04-15	1903-04-15
1902-04-15	25	1904-05-15	1904-05-15
1902-04-32	-25	ERR	ERR
1902-04-32	-12	1901-04-31	1901-05-01
1902-04-32	-5	1901-11-30	1901-12-02
1902-04-32	-2	1902-02-32	1902-02-32
1902-04-32	-1	1902-03-31	1902-04-01
1902-04-32	1	1902-05-31	1902-06-01
1902-04-32	2	1902-06-30	1902-07-02
1902-04-32	5	1902-09-30	1902-10-02
1902-04-32	12	1903-04-32	1903-04-32
1902-04-32	25	1904-05-31	1904-06-01
1902-05-01	-25	ERR	ERR
1902-05-01	-12	1901-05-01	1901-05-01
1902-05-01	-5	1901-12-01	1901-12-01
1902-05-01	-2	1902-03-01	1902-03-01
1902-05-01	-1	1902-04-01	1902-04-01
1902-05-01	1	1902-06-01	1902-06-01
1902-05-01	2	1902-07-01	1902-07-01
1902-05-01	5	1902-10-01	1902-10-01
1902-05-01	12	1903-05-01	1903-05-01
1902-05-01	25	1904-06-01	1904-06-01
1902-05-15	-25	ERR	ERR
1902-05-15	-12	1901-05-15	1901-05-15
1902-05-15	-5	1901-12-15	1901-12-15
1902-05-15	-2	1902-03-15	1902-03-15
1902-05-15	-1	1902-04-15	1902-04-15
1902-05-15	1	1902-06-15	1902-06-15
1902-05-15	2	1902-07-15	1902-07-15
1902-05-15	5	1902-10-15	1902-10-15
1902-05-15	12	1903-05-15	1903-05-15
1902-05-15	25	1904-06-15	1904-06-15
1902-05-31	-25	ERR	ERR
1902-05-31	-12	1901-05-31	1901-05-31
1902-05-31	-5	1901-12-30	1902-01-01
1902-05-31	-2	1902-03-31	1902-03-31
1902-05-31	-1	1902-04-31	1902-04-31
1902-05-31	1	1902-06-30	1902-07-01
1902-05-31	2	1902-07-30	1902-08-01
1902-05-31	5	1902-10-29	1902-11-02
1902-05-31	12	1903-05-31	1903-05-31
1902-05-31	25	1904-06-31	1904-06-31
1902-06-01	-25	ERR	ERR
1902-06-01	-12	1901-06-01	1901-06-01
1902-06-01	-5	1902-01-01	1902-01-01
1902-06-01	-2	1902-04-01	1902-04-01
1902-06-01	-1	1902-05-01	1902-05-01
1902-06-01	1	1902-07-01	1902-07-01
1902-06-01	2	1902-08-01	1902-08-01
1902-06-01	5	1902-11-01	1902-11-01
1902-06-01	12	1903-06-01	1903-06-01
1902-06-01	25	1904-07-01	1904-07-01
1902-06-15	-25	ERR	ERR
1902-06-15	-12	1901-06-15	1901-06-15
1902-06-15	-5	1902-01-15	1902-01-15
1902-06-15	-2	1902-04-15	1902-04-15
1902-06-15	-1	1902-05-15	1902-05-15
1902-06-15	1	1902-07-15	1902-07-15
1902-06-15	2	1902-08-15	1902-08-15
1902-06-15	5	1902-11-15	1902-11-15
1902-06-15	12	1903-06-15	1903-06-15
1902-06-15	25	1904-07-15	1904-07-15
1902-06-30	-25	ERR	ERR
1902-06-30	-12	1901-06-30	1901-06-30
1902-06-30	-5	1902-01-30	1902-01-30
1902-06-30	-2	1902-04-30	1902-04-30
1902-06-30	-1	1902-05-30	1902-05-30
1902-06-30	1	1902-07-30	1902-07-30
1902-06-30	2	1902-08-29	1902-09-01
1902-06-30	5	1902-11-30	1902-11-30
1902-06-30	12	1903-06-30	1903-06-30
1902-06-30	25	1904-07-30	1904-07-30
1902-07-01	-25	ERR	ERR
1902-07-01	-12	1901-07-01	1901-07-01
1902-07-01	-5	1902-02-01	1902-02-01
1902-07-01	-2	1902-05-01	1902-05-01
1902-07-01	-1	1902-06-01	1902-06-01
1902-07-01	1	1902-08-01	1902-08-01
1902-07-01	2	1902-09-01	1902-09-01
1902-07-01	5	1902-12-01	1902-12-01
1902-07-01	12	1903-07-01	1903-07-01
1902-07-01	25	1904-08-01	1904-08-01
1902-07-15	-25	ERR	ERR
1902-07-15	-12	1901-07-15	1901-07-15
1902-07-15	-5	1902-02-15	1902-02-15
1902-07-15	-2	1902-05-15	1902-05-15
1902-07-15	-1	1902-06-15	1902-06-15
1902-07-15	1	1902-08-15	1902-08-15
1902-07-15	2	1902-09-15	1902-09-15
1902-07-15	5	1902-12-15	1902-12-15
1902-07-15	12	1903-07-15	1903-07-15
1902-07-15	25	1904-08-15	1904-08-15
1902-07-30	-25	ERR	ERR
1902-07-30	-12	1901-07-30	1901-07-30
1902-07-30	-5	1902-02-30	1902-02-30
1902-07-30	-2	1902-05-30	1902-05-30
1902-07-30	-1	1902-06-30	1902-06-30
1902-07-30	1	1902-08-29	1902-09-01
1902-07-30	2	1902-09-30	1902-09-30
1902-07-30	5	1902-12-30	1902-12-30
1902-07-30	12	1903-07-30	1903-07-30
1902-07-30	25	1904-08-29	1904-09-01
1902-08-01	-25	ERR	ERR
1902-08-01	-12	1901-08-01	1901-08-01
1902-08-01	-5	1902-03-01	1902-03-01
1902-08-01	-2	1902-06-01	1902-06-01
1902-08-01	-1	1902-07-01	1902-07-01
1902-08-01	1	1902-09-01	1902-09-01
1902-08-01	2	1902-10-01	1902-10-01
1902-08-01	5	1903-01-01	1903-01-01
1902-08-01	12	1903-08-01	1903-08-01
1902-08-01	25	1904-09-01	1904-09-01
1902-08-15	-25	ERR	ERR
1902-08-15	-12	1901-08-15	1901-08-15
1902-08-15	-5	1902-03-15	1902-03-15
1902-08-15	-2	1902-06-15	1902-06-15
1902-08-15	-1	1902-07-15	1902-07-15
1902-08-15	1	1902-09-15	1902-09-15
1902-08-15	2	1902-10-15	1902-10-15
1902-08-15	5	1903-01-15	1903-01-15
1902-08-15	12	1903-08-15	1903-08-15
1902-08-15	25	1904-09-15	1904-09-15
1902-08-29	-25	ERR	ERR
1902-08-29	-12	1901-08-29	1901-08-29
1902-08-29	-5	1902-03-29	1902-03-29
1902-08-29	-2	1902-06-29	1902-06-29
1902-08-29	-1	1902-07-29	1902-07-29
1902-08-29	1	1902-09-29	1902-09-29
1902-08-29	2	1902-10-29	1902-10-29
1902-08-29	5	1903-01-29	1903-01-29
1902-08-29	12	1903-08-29	1903-08-29
1902-08-29	25	1904-09-29	1904-09-29
1902-09-01	-25	ERR	ERR
1902-09-01	-12	1901-09-01	1901-09-01
1902-09-01	-5	1902-04-01	1902-04-01
1902-09-01	-2	1902-07-01	1902-07-01
1902-09-01	-1	1902-08-01	1902-08-01
1902-09-01	1	1902-10-01	1902-10-01
1902-09-01	2	1902-11-01	1902-11-01
1902-09-01	5	1903-02-01	1903-02-01
1902-09-01	12	1903-09-01	1903-09-01
1902-09-01	25	1904-10-01	1904-10-01
1902-09-15	-25	ERR	ERR
1902-09-15	-12	1901-09-15	1901-09-15
1902-09-15	-5	1902-04-15	1902-04-15
1902-09-15	-2	1902-07-15	1902-07-15
1902-09-15	-1	1902-08-15	1902-08-15
1902-09-15	1	1902-10-15	1902-10-15
1902-09-15	2	1902-11-15	1902-11-15
1902-09-15	5	1903-02-15	1903-02-15
1902-09-15	12	1903-09-15	1903-09-15
1902-09-15	25	1904-10-15	1904-10-15
1902-09-30	-25	ERR	ERR
1902-09-30	-12	1901-09-30	1901-09-30
1902-09-30	-5	1902-04-30	1902-04-30
1902-09-30	-2	1902-07-30	1902-07-30
1902-09-30	-1	1902-08-29	1902-09-01
1902-09-30	1	1902-10-29	1902-11-01
1902-09-30	2	1902-11-30	1902-11-30
1902-09-30	5	1903-02-30	1903-02-30
1902-09-30	12	1903-09-29	1903-10-01
1902-09-30	25	1904-10-29	1904-11-01
1902-10-01	-25	ERR	ERR
1902-10-01	-12	1901-10-01	1901-10-01
1902-10-01	-5	1902-05-01	1902-05-01
1902-10-01	-2	1902-08-01	1902-08-01
1902-10-01	-1	1902-09-01	1902-09-01
1902-10-01	1	1902-11-01	1902-11-01
1902-10-01	2	1902-12-01	1902-12-01
1902-10-01	5	1903-03-01	1903-03-01
1902-10-01	12	1903-10-01	1903-10-01
1902-10-01	25	1904-11-01	1904-11-01
1902-10-15	-25	ERR	ERR
1902-10-15	-12	1901-10-15	1901-10-15
1902-10-15	-5	1902-05-15	1902-05-15
1902-10-15	-2	1902-08-15	1902-08-15
1902-10-15	-1	1902-09-15	1902-09-15
1902-10-15	1	1902-11-15	1902-11-15
1902-10-15	2	1902-12-15	1902-12-15
1902-10-15	5	1903-03-15	1903-03-15
1902-10-15	12	1903-10-15	1903-10-15
1902-10-15	25	1904-11-15	1904-11-15
1902-10-29	-25	ERR	ERR
1902-10-29	-12	1901-10-29	1901-10-29
1902-10-29	-5	1902-05-29	1902-05-29
1902-10-29	-2	1902-08-29	1902-08-29
1902-10-29	-1	1902-09-29	1902-09-29
1902-10-29	1	1902-11-29	1902-11-29
1902-10-29	2	1902-12-29	1902-12-29
1902-10-29	5	1903-03-29	1903-03-29
1902-10-29	12	1903-10-29	1903-10-29
1902-10-29	25	1904-11-29	1904-11-29
1902-11-01	-25	ERR	ERR
1902-11-01	-12	1901-11-01	1901-11-01
1902-11-01	-5	1902-06-01	1902-06-01
1902-11-01	-2	1902-09-01	1902-09-01
1902-11-01	-1	1902-10-01	1902-10-01
1902-11-01	1	1902-12-01	1902-12-01
1902-11-01	2	1903-01-01	1903-01-01
1902-11-01	5	1903-04-01	1903-04-01
1902-11-01	12	1903-11-01	1903-11-01
1902-11-01	25	1904-12-01	1904-12-01
1902-11-15	-25	ERR	ERR
1902-11-15	-12	1901-11-15	1901-11-15
1902-11-15	-5	1902-06-15	1902-06-15
1902-11-15	-2	1902-09-15	1902-09-15
1902-11-15	-1	1902-10-15	1902-10-15
1902-11-15	1	1902-12-15	1902-12-15
1902-11-15	2	1903-01-15	1903-01-15
1902-11-15	5	1903-04-15	1903-04-15
1902-11-15	12	1903-11-15	1903-11-15
1902-11-15	25	1904-12-15	1904-12-15
1902-11-30	-25	ERR	ERR
1902-11-30	-12	1901-11-30	1901-11-30
1902-11-30	-5	1902-06-30	1902-06-30
1902-11-30	-2	1902-09-30	1902-09-30
1902-11-30	-1	1902-10-29	1902-11-01
1902-11-30	1	1902-12-30	1902-12-30
1902-11-30	2	1903-01-30	1903-01-30
1902-11-30	5	1903-04-30	1903-04-30
1902-11-30	12	1903-11-30	1903-11-30
1902-11-30	25	1904-12-30	1904-12-30
1902-12-01	-25	ERR	ERR
1902-12-01	-12	1901-12-01	1901-12-01
1902-12-01	-5	1902-07-01	1902-07-01
1902-12-01	-2	1902-10-01	1902-10-01
1902-12-01	-1	1902-11-01	1902-11-01
1902-12-01	1	1903-01-01	1903-01-01
1902-12-01	2	1903-02-01	1903-02-01
1902-12-01	5	1903-05-01	1903-05-01
1902-12-01	12	1903-12-01	1903-12-01
1902-12-01	25	1905-01-01	1905-01-01
1902-12-15	-25	ERR	ERR
1902-12-15	-12	1901-12-15	1901-12-15
1902-12-15	-5	1902-07-15	1902-07-15
1902-12-15	-2	1902-10-15	1902-10-15
1902-12-15	-1	1902-11-15	1902-11-15
1902-12-15	1	1903-01-15	1903-01-15
1902-12-15	2	1903-02-15	1903-02-15
1902-12-15	5	1903-05-15	1903-05-15
1902-12-15	12	1903-12-15	1903-12-15
1902-12-15	25	1905-01-15	1905-01-15
1902-12-30	-25	ERR	ERR
1902-12-30	-12	1901-12-30	1901-12-30
1902-12-30	-5	1902-07-30	1902-07-30
1902-12-30	-2	1902-10-29	1902-11-01
1902-12-30	-1	1902-11-30	1902-11-30
1902-12-30	1	1903-01-30	1903-01-30
1902-12-30	2	1903-02-30	1903-02-30
1902-12-30	5	1903-05-30	1903-05-30
1902-12-30	12	1903-12-30	1903-12-30
1902-12-30	25	1905-01-30	1905-01-30
1903-09-01	-25	1901-08-01	1901-08-01
1903-09-01	-12	1902-09-01	1902-09-01
1903-09-01	-5	1903-04-01	1903-04-01
1903-09-01	-2	1903-07-01	1903-07-01
1903-09-01	-1	1903-08-01	1903-08-01
1903-09-01	1	1903-10-01	1903-10-01
1903-09-01	2	1903-11-01	1903-11-01
1903-09-01	5	1904-02-01	1904-02-01
1903-09-01	12	1904-09-01	1904-09-01
1903-09-01	25	1905-10-01	1905-10-01
1903-09-11	-25	1901-08-11	1901-08-11
1903-09-11	-12	1902-09-11	1902-09-11
1903-09-11	-5	1903-04-11	1903-04-11
1903-09-11	-2	1903-07-11	1903-07-11
1903-09-11	-1	1903-08-11	1903-08-11
1903-09-11	1	1903-10-11	1903-10-11
1903-09-11	2	1903-11-11	1903-11-11
1903-09-11	5	1904-02-11	1904-02-11
1903-09-11	12	1904-09-11	1904-09-11
1903-09-11	25	1905-10-11	1905-10-11
1904-08-02	-25	1902-07-02	1902-07-02
1904-08-02	-12	1903-08-02	1903-08-02
1904-08-02	-5	1904-03-02	1904-03-02
1904-08-02	-2	1904-06-02	1904-06-02
1904-08-02	-1	1904-07-02	1904-07-02
1904-08-02	1	1904-09-02	1904-09-02
1904-08-02	2	1904-10-02	1904-10-02
1904-08-02	5	1905-01-02	1905-01-02
1904-08-02	12	1905-08-02	1905-08-02
1904-08-02	25	1906-09-02	1906-09-02
1904-11-08	-25	1902-10-08	1902-10-08
1904-11-08	-12	1903-11-08	1903-11-08
1904-11-08	-5	1904-06-08	1904-06-08
1904-11-08	-2	1904-09-08	1904-09-08
1904-11-08	-1	1904-10-08	1904-10-08
1904-11-08	1	1904-12-08	1904-12-08
1904-11-08	2	1905-01-08	1905-01-08
1904-11-08	5	1905-04-08	1905-04-08
1904-11-08	12	1905-11-08	1905-11-08
1904-11-08	25	1906-12-08	1906-12-08
1904-12-17	-25	1902-11-17	1902-11-17
1904-12-17	-12	1903-12-17	1903-12-17
1904-12-17	-5	1904-07-17	1904-07-17
1904-12-17	-2	1904-10-17	1904-10-17
1904-12-17	-1	1904-11-17	1904-11-17
1904-12-17	1	1905-01-17	1905-01-17
1904-12-17	2	1905-02-17	1905-02-17
1904-12-17	5	1905-05-17	1905-05-17
1904-12-17	12	1905-12-17	1905-12-17
1904-12-17	25	1907-01-17	1907-01-17
1905-12-07	-25	1903-11-07	1903-11-07
1905-12-07	-12	1904-12-07	1904-12-07
1905-12-07	-5	1905-07-07	1905-07-07
1905-12-07	-2	1905-10-07	1905-10-07
1905-12-07	-1	1905-11-07	1905-11-07
1905-12-07	1	1906-01-07	1906-01-07
1905-12-07	2	1906-02-07	1906-02-07
1905-12-07	5	1906-05-07	1906-05-07
1905-12-07	12	1906-12-07	1906-12-07
1905-12-07	25	1908-01-07	1908-01-07
1906-07-21	-25	1904-06-21	1904-06-21
1906-07-21	-12	1905-07-21	1905-07-21
1906-07-21	-5	1906-02-21	1906-02-21
1906-07-21	-2	1906-05-21	1906-05-21
1906-07-21	-1	1906-06-21	1906-06-21
1906-07-21	1	1906-08-21	1906-08-21
1906-07-21	2	1906-09-21	1906-09-21
1906-07-21	5	1906-12-21	1906-12-21
1906-07-21	12	1907-07-21	1907-07-21
1906-07-21	25	1908-08-21	1908-08-21
1906-10-19	-25	1904-09-19	1904-09-19
1906-10-19	-12	1905-10-19	1905-10-19
1906-10-19	-5	1906-05-19	1906-05-19
1906-10-19	-2	1906-08-19	1906-08-19
1906-10-19	-1	1906-09-19	1906-09-19
1906-10-19	1	1906-11-19	1906-11-19
1906-10-19	2	1906-12-19	1906-12-19
1906-10-19	5	1907-03-19	1907-03-19
1906-10-19	12	1907-10-19	1907-10-19
1906-10-19	25	1908-11-19	1908-11-19
1908-03-26	-25	1906-02-26	1906-02-26
1908-03-26	-12	1907-03-26	1907-03-26
1908-03-26	-5	1907-10-26	1907-10-26
1908-03-26	-2	1908-01-26	1908-01-26
1908-03-26	-1	1908-02-26	1908-02-26
1908-03-26	1	1908-04-26	1908-04-26
1908-03-26	2	1908-05-26	1908-05-26
1908-03-26	5	1908-08-26	1908-08-26
1908-03-26	12	1909-03-26	1909-03-26
1908-03-26	25	1910-04-26	1910-04-26
1908-11-15	-25	1906-10-15	1906-10-15
1908-11-15	-12	1907-11-15	1907-11-15
1908-11-15	-5	1908-06-15	1908-06-15
1908-11-15	-2	1908-09-15	1908-09-15
1908-11-15	-1	1908-10-15	1908-10-15
1908-11-15	1	1908-12-15	1908-12-15
1908-11-15	2	1909-01-15	1909-01-15
1908-11-15	5	1909-04-15	1909-04-15
1908-11-15	12	1909-11-15	1909-11-15
1908-11-15	25	1910-12-15	1910-12-15
1909-02-12	-25	1907-01-12	1907-01-12
1909-02-12	-12	1908-02-12	1908-02-12
1909-02-12	-5	1908-09-12	1908-09-12
1909-02-12	-2	1908-12-12	1908-12-12
1909-02-12	-1	1909-01-12	1909-01-12
1909-02-12	1	1909-03-12	1909-03-12
1909-02-12	2	1909-04-12	1909-04-12
1909-02-12	5	1909-07-12	1909-07-12
1909-02-12	12	1910-02-12	1910-02-12
1909-02-12	25	1911-03-12	1911-03-12
1909-11-04	-25	1907-10-04	1907-10-04
1909-11-04	-12	1908-11-04	1908-11-04
1909-11-04	-5	1909-06-04	1909-06-04
1909-11-04	-2	1909-09-04	1909-09-04
1909-11-04	-1	1909-10-04	1909-10-04
1909-11-04	1	1909-12-04	1909-12-04
1909-11-04	2	1910-01-04	1910-01-04
1909-11-04	5	1910-04-04	1910-04-04
1909-11-04	12	1910-11-04	1910-11-04
1909-11-04	25	1911-12-04	1911-12-04
1910-03-22	-25	1908-02-22	1908-02-22
1910-03-22	-12	1909-03-22	1909-03-22
1910-03-22	-5	1909-10-22	1909-10-22
1910-03-22	-2	1910-01-22	1910-01-22
1910-03-22	-1	1910-02-22	1910-02-22
1910-03-22	1	1910-04-22	1910-04-22
1910-03-22	2	1910-05-22	1910-05-22
1910-03-22	5	1910-08-22	1910-08-22
1910-03-22	12	1911-03-22	1911-03-22
1910-03-22	25	1912-04-22	1912-04-22
1911-04-27	-25	1909-03-27	1909-03-27
1911-04-27	-12	1910-04-27	1910-04-27
1911-04-27	-5	1910-11-27	1910-11-27
1911-04-27	-2	1911-02-27	1911-02-27
1911-04-27	-1	1911-03-27	1911-03-27
1911-04-27	1	1911-05-27	1911-05-27
1911-04-27	2	1911-06-27	1911-06-27
1911-04-27	5	1911-09-27	1911-09-27
1911-04-27	12	1912-04-27	1912-04-27
1911-04-27	25	1913-05-27	1913-05-27
1911-07-19	-25	1909-06-19	1909-06-19
1911-07-19	-12	1910-07-19	1910-07-19
1911-07-19	-5	1911-02-19	1911-02-19
1911-07-19	-2	1911-05-19	1911-05-19
1911-07-19	-1	1911-06-19	1911-06-19
1911-07-19	1	1911-08-19	1911-08-19
1911-07-19	2	1911-09-19	1911-09-19
1911-07-19	5	1911-12-19	1911-12-19
1911-07-19	12	1912-07-19	1912-07-19
1911-07-19	25	1913-08-19	1913-08-19
1912-06-29	-25	1910-05-29	1910-05-29
1912-06-29	-12	1911-06-29	1911-06-29
1912-06-29	-5	1912-01-29	1912-01-29
1912-06-29	-2	1912-04-29	1912-04-29
1912-06-29	-1	1912-05-29	1912-05-29
1912-06-29	1	1912-07-29	1912-07-29
1912-06-29	2	1912-08-29	1912-08-29
1912-06-29	5	1912-11-29	1912-11-29
1912-06-29	12	1913-06-29	1913-06-29
1912-06-29	25	1914-07-29	1914-07-29
1913-05-26	-25	1911-04-26	1911-04-26
1913-05-26	-12	1912-05-26	1912-05-26
1913-05-26	-5	1912-12-26	1912-12-26
1913-05-26	-2	1913-03-26	1913-03-26
1913-05-26	-1	1913-04-26	1913-04-26
1913-05-26	1	1913-06-26	1913-06-26
1913-05-26	2	1913-07-26	1913-07-26
1913-05-26	5	1913-10-26	1913-10-26
1913-05-26	12	1914-05-26	1914-05-26
1913-05-26	25	1915-06-26	1915-06-26
1913-07-27	-25	1911-06-27	1911-06-27
1913-07-27	-12	1912-07-27	1912-07-27
1913-07-27	-5	1913-02-27	1913-02-27
1913-07-27	-2	1913-05-27	1913-05-27
1913-07-27	-1	1913-06-27	1913-06-27
1913-07-27	1	1913-08-27	1913-08-27
1913-07-27	2	1913-09-27	1913-09-27
1913-07-27	5	1913-12-27	1913-12-27
1913-07-27	12	1914-07-27	1914-07-27
1913-07-27	25	1915-08-27	1915-08-27
1913-09-23	-25	1911-08-23	1911-08-23
1913-09-23	-12	1912-09-23	1912-09-23
1913-09-23	-5	1913-04-23	1913-04-23
1913-09-23	-2	1913-07-23	1913-07-23
1913-09-23	-1	1913-08-23	1913-08-23
1913-09-23	1	1913-10-23	1913-10-23
1913-09-23	2	1913-11-23	1913-11-23
1913-09-23	5	1914-02-23	1914-02-23
1913-09-23	12	1914-09-23	1914-09-23
1913-09-23	25	1915-10-23	1915-10-23
1914-03-11	-25	1912-02-11	1912-02-11
1914-03-11	-12	1913-03-11	1913-03-11
1914-03-11	-5	1913-10-11	1913-10-11
1914-03-11	-2	1914-01-11	1914-01-11
1914-03-11	-1	1914-02-11	1914-02-11
1914-03-11	1	1914-04-11	1914-04-11
1914-03-11	2	1914-05-11	1914-05-11
1914-03-11	5	1914-08-11	1914-08-11
1914-03-11	12	1915-03-11	1915-03-11
1914-03-11	25	1916-04-11	1916-04-11
1914-04-12	-25	1912-03-12	1912-03-12
1914-04-12	-12	1913-04-12	1913-04-12
1914-04-12	-5	1913-11-12	1913-11-12
1914-04-12	-2	1914-02-12	1914-02-12
1914-04-12	-1	1914-03-12	1914-03-12
1914-04-12	1	1914-05-12	1914-05-12
1914-04-12	2	1914-06-12	1914-06-12
1914-04-12	5	1914-09-12	1914-09-12
1914-04-12	12	1915-04-12	1915-04-12
1914-04-12	25	1916-05-12	1916-05-12
1914-04-18	-25	1912-03-18	1912-03-18
1914-04-18	-12	1913-04-18	1913-04-18
1914-04-18	-5	1913-11-18	1913-11-18
1914-04-18	-2	1914-02-18	1914-02-18
1914-04-18	-1	1914-03-18	1914-03-18
1914-04-18	1	1914-05-18	1914-05-18
1914-04-18	2	1914-06-18	1914-06-18
1914-04-18	5	1914-09-18	1914-09-18
1914-04-18	12	1915-04-18	1915-04-18
1914-04-18	25	1916-05-18	1916-05-18
1916-03-07	-25	1914-02-07	1914-02-07
1916-03-07	-12	1915-03-07	1915-03-07
1916-03-07	-5	1915-10-07	1915-10-07
1916-03-07	-2	1916-01-07	1916-01-07
1916-03-07	-1	1916-02-07	1916-02-07
1916-03-07	1	1916-04-07	1916-04-07
1916-03-07	2	1916-05-07	1916-05-07
1916-03-07	5	1916-08-07	1916-08-07
1916-03-07	12	1917-03-07	1917-03-07
1916-03-07	25	1918-04-07	1918-04-07
1916-03-30	-25	1914-02-30	1914-02-30
1916-03-30	-12	1915-03-30	1915-03-30
1916-03-30	-5	1915-10-30	1915-10-30
1916-03-30	-2	1916-01-30	1916-01-30
1916-03-30	-1	1916-02-30	1916-02-30
1916-03-30	1	1916-04-30	1916-04-30
1916-03-30	2	1916-05-30	1916-05-30
1916-03-30	5	1916-08-29	1916-09-01
1916-03-30	12	1917-03-30	1917-03-30
1916-03-30	25	1918-04-30	1918-04-30
1916-08-16	-25	1914-07-16	1914-07-16
1916-08-16	-12	1915-08-16	1915-08-16
1916-08-16	-5	1916-03-16	1916-03-16
1916-08-16	-2	1916-06-16	1916-06-16
1916-08-16	-1	1916-07-16	1916-07-16
1916-08-16	1	1916-09-16	1916-09-16
1916-08-16	2	1916-10-16	1916-10-16
1916-08-16	5	1917-01-16	1917-01-16
1916-08-16	12	1917-08-16	1917-08-16
1916-08-16	25	1918-09-16	1918-09-16
1917-08-21	-25	1915-07-21	1915-07-21
1917-08-21	-12	1916-08-21	1916-08-21
1917-08-21	-5	1917-03-21	1917-03-21
1917-08-21	-2	1917-06-21	1917-06-21
1917-08-21	-1	1917-07-21	1917-07-21
1917-08-21	1	1917-09-21	1917-09-21
1917-08-21	2	1917-10-21	1917-10-21
1917-08-21	5	1918-01-21	1918-01-21
1917-08-21	12	1918-08-21	1918-08-21
1917-08-21	25	1919-09-21	1919-09-21
1920-01-25	-25	1917-12-25	1917-12-25
1920-01-25	-12	1919-01-25	1919-01-25
1920-01-25	-5	1919-08-25	1919-08-25
1920-01-25	-2	1919-11-25	1919-11-25
1920-01-25	-1	1919-12-25	1919-12-25
1920-01-25	1	1920-02-25	1920-02-25
1920-01-25	2	1920-03-25	1920-03-25
1920-01-25	5	1920-06-25	1920-06-25
1920-01-25	12	1921-01-25	1921-01-25
1920-01-25	25	1922-02-25	1922-02-25
1921-07-07	-25	1919-06-07	1919-06-07
1921-07-07	-12	1920-07-07	1920-07-07
1921-07-07	-5	1921-02-07	1921-02-07
1921-07-07	-2	1921-05-07	1921-05-07
1921-07-07	-1	1921-06-07	1921-06-07
1921-07-07	1	1921-08-07	1921-08-07
1921-07-07	2	1921-09-07	1921-09-07
1921-07-07	5	1921-12-07	1921-12-07
1921-07-07	12	1922-07-07	1922-07-07
1921-07-07	25	1923-08-07	1923-08-07
1922-03-15	-25	1920-02-15	1920-02-15
1922-03-15	-12	1921-03-15	1921-03-15
1922-03-15	-5	1921-10-15	1921-10-15
1922-03-15	-2	1922-01-15	1922-01-15
1922-03-15	-1	1922-02-15	1922-02-15
1922-03-15	1	1922-04-15	1922-04-15
1922-03-15	2	1922-05-15	1922-05-15
1922-03-15	5	1922-08-15	1922-08-15
1922-03-15	12	1923-03-15	1923-03-15
1922-03-15	25	1924-04-15	1924-04-15
1924-06-20	-25	1922-05-20	1922-05-20
1924-06-20	-12	1923-06-20	1923-06-20
1924-06-20	-5	1924-01-20	1924-01-20
1924-06-20	-2	1924-04-20	1924-04-20
1924-06-20	-1	1924-05-20	1924-05-20
1924-06-20	1	1924-07-20	1924-07-20
1924-06-20	2	1924-08-20	1924-08-20
1924-06-20	5	1924-11-20	1924-11-20
1924-06-20	12	1925-06-20	1925-06-20
1924-06-20	25	1926-07-20	1926-07-20
1925-06-15	-25	1923-05-15	1923-05-15
1925-06-15	-12	1924-06-15	1924-06-15
1925-06-15	-5	1925-01-15	1925-01-15
1925-06-15	-2	1925-04-15	1925-04-15
1925-06-15	-1	1925-05-15	1925-05-15
1925-06-15	1	1925-07-15	1925-07-15
1925-06-15	2	1925-08-15	1925-08-15
1925-06-15	5	1925-11-15	1925-11-15
1925-06-15	12	1926-06-15	1926-06-15
1925-06-15	25	1927-07-15	1927-07-15
1927-12-10	-25	1925-11-10	1925-11-10
1927-12-10	-12	1926-12-10	1926-12-10
1927-12-10	-5	1927-07-10	1927-07-10
1927-12-10	-2	1927-10-10	1927-10-10
1927-12-10	-1	1927-11-10	1927-11-10
1927-12-10	1	1928-01-10	1928-01-10
1927-12-10	2	1928-02-10	1928-02-10
1927-12-10	5	1928-05-10	1928-05-10
1927-12-10	12	1928-12-10	1928-12-10
1927-12-10	25	1930-01-10	1930-01-10
1929-01-10	-25	1926-12-10	1926-12-10
1929-01-10	-12	1928-01-10	1928-01-10
1929-01-10	-5	1928-08-10	1928-08-10
1929-01-10	-2	1928-11-10	1928-11-10
1929-01-10	-1	1928-12-10	1928-12-10
1929-01-10	1	1929-02-10	1929-02-10
1929-01-10	2	1929-03-10	1929-03-10
1929-01-10	5	1929-06-10	1929-06-10
1929-01-10	12	1930-01-10	1930-01-10
1929-01-10	25	1931-02-10	1931-02-10
1930-10-06	-25	1928-09-06	1928-09-06
1930-10-06	-12	1929-10-06	1929-10-06
1930-10-06	-5	1930-05-06	1930-05-06
1930-10-06	-2	1930-08-06	1930-08-06
1930-10-06	-1	1930-09-06	1930-09-06
1930-10-06	1	1930-11-06	1930-11-06
1930-10-06	2	1930-12-06	1930-12-06
1930-10-06	5	1931-03-06	1931-03-06
1930-10-06	12	1931-10-06	1931-10-06
1930-10-06	25	1932-11-06	1932-11-06
1931-11-02	-25	1929-10-02	1929-10-02
1931-11-02	-12	1930-11-02	1930-11-02
1931-11-02	-5	1931-06-02	1931-06-02
1931-11-02	-2	1931-09-02	1931-09-02
1931-11-02	-1	1931-10-02	1931-10-02
1931-11-02	1	1931-12-02	1931-12-02
1931-11-02	2	1932-01-02	1932-01-02
1931-11-02	5	1932-04-02	1932-04-02
1931-11-02	12	1932-11-02	1932-11-02
1931-11-02	25	1933-12-02	1933-12-02
1932-09-18	-25	1930-08-18	1930-08-18
1932-09-18	-12	1931-09-18	1931-09-18
1932-09-18	-5	1932-04-18	1932-04-18
1932-09-18	-2	1932-07-18	1932-07-18
1932-09-18	-1	1932-08-18	1932-08-18
1932-09-18	1	1932-10-18	1932-10-18
1932-09-18	2	1932-11-18	1932-11-18
1932-09-18	5	1933-02-18	1933-02-18
1932-09-18	12	1933-09-18	1933-09-18
1932-09-18	25	1934-10-18	1934-10-18
1933-02-04	-25	1931-01-04	1931-01-04
1933-02-04	-12	1932-02-04	1932-02-04
1933-02-04	-5	1932-09-04	1932-09-04
1933-02-04	-2	1932-12-04	1932-12-04
1933-02-04	-1	1933-01-04	1933-01-04
1933-02-04	1	1933-03-04	1933-03-04
1933-02-04	2	1933-04-04	1933-04-04
1933-02-04	5	1933-07-04	1933-07-04
1933-02-04	12	1934-02-04	1934-02-04
1933-02-04	25	1935-03-04	1935-03-04
1934-03-11	-25	1932-02-11	1932-02-11
1934-03-11	-12	1933-03-11	1933-03-11
1934-03-11	-5	1933-10-11	1933-10-11
1934-03-11	-2	1934-01-11	1934-01-11
1934-03-11	-1	1934-02-11	1934-02-11
1934-03-11	1	1934-04-11	1934-04-11
1934-03-11	2	1934-05-11	1934-05-11
1934-03-11	5	1934-08-11	1934-08-11
1934-03-11	12	1935-03-11	1935-03-11
1934-03-11	25	1936-04-11	1936-04-11
1935-06-04	-25	1933-05-04	1933-05-04
1935-06-04	-12	1934-06-04	1934-06-04
1935-06-04	-5	1935-01-04	1935-01-04
1935-06-04	-2	1935-04-04	1935-04-04
1935-06-04	-1	1935-05-04	1935-05-04
1935-06-04	1	1935-07-04	1935-07-04
1935-06-04	2	1935-08-04	1935-08-04
1935-06-04	5	1935-11-04	1935-11-04
1935-06-04	12	1936-06-04	1936-06-04
1935-06-04	25	1937-07-04	1937-07-04
1937-04-15	-25	1935-03-15	1935-03-15
1937-04-15	-12	1936-04-15	1936-04-15
1937-04-15	-5	1936-11-15	1936-11-15
1937-04-15	-2	1937-02-15	1937-02-15
1937-04-15	-1	1937-03-15	1937-03-15
1937-04-15	1	1937-05-15	1937-05-15
1937-04-15	2	1937-06-15	1937-06-15
1937-04-15	5	1937-09-15	1937-09-15
1937-04-15	12	1938-04-15	1938-04-15
1937-04-15	25	1939-05-15	1939-05-15
1937-06-10	-25	1935-05-10	1935-05-10
1937-06-10	-12	1936-06-10	1936-06-10
1937-06-10	-5	1937-01-10	1937-01-10
1937-06-10	-2	1937-04-10	1937-04-10
1937-06-10	-1	1937-05-10	1937-05-10
1937-06-10	1	1937-07-10	1937-07-10
1937-06-10	2	1937-08-10	1937-08-10
1937-06-10	5	1937-11-10	1937-11-10
1937-06-10	12	1938-06-10	1938-06-10
1937-06-10	25	1939-07-10	1939-07-10
1938-05-07	-25	1936-04-07	1936-04-07
1938-05-07	-12	1937-05-07	1937-05-07
1938-05-07	-5	1937-12-07	1937-12-07
1938-05-07	-2	1938-03-07	1938-03-07
1938-05-07	-1	1938-04-07	1938-04-07
1938-05-07	1	1938-06-07	1938-06-07
1938-05-07	2	1938-07-07	1938-07-07
1938-05-07	5	1938-10-07	1938-10-07
1938-05-07	12	1939-05-07	1939-05-07
1938-05-07	25	1940-06-07	1940-06-07
1938-07-08	-25	1936-06-08	1936-06-08
1938-07-08	-12	1937-07-08	1937-07-08
1938-07-08	-5	1938-02-08	1938-02-08
1938-07-08	-2	1938-05-08	1938-05-08
1938-07-08	-1	1938-06-08	1938-06-08
1938-07-08	1	1938-08-08	1938-08-08
1938-07-08	2	1938-09-08	1938-09-08
1938-07-08	5	1938-12-08	1938-12-08
1938-07-08	12	1939-07-08	1939-07-08
1938-07-08	25	1940-08-08	1940-08-08
1939-05-10	-25	1937-04-10	1937-04-10
1939-05-10	-12	1938-05-10	1938-05-10
1939-05-10	-5	1938-12-10	1938-12-10
1939-05-10	-2	1939-03-10	1939-03-10
1939-05-10	-1	1939-04-10	1939-04-10
1939-05-10	1	1939-06-10	1939-06-10
1939-05-10	2	1939-07-10	1939-07-10
1939-05-10	5	1939-10-10	1939-10-10
1939-05-10	12	1940-05-10	1940-05-10
1939-05-10	25	1941-06-10	1941-06-10
1941-04-07	-25	1939-03-07	1939-03-07
1941-04-07	-12	1940-04-07	1940-04-07
1941-04-07	-5	1940-11-07	1940-11-07
1941-04-07	-2	1941-02-07	1941-02-07
1941-04-07	-1	1941-03-07	1941-03-07
1941-04-07	1	1941-05-07	1941-05-07
1941-04-07	2	1941-06-07	1941-06-07
1941-04-07	5	1941-09-07	1941-09-07
1941-04-07	12	1942-04-07	1942-04-07
1941-04-07	25	1943-05-07	1943-05-07
1941-06-01	-25	1939-05-01	1939-05-01
1941-06-01	-12	1940-06-01	1940-06-01
1941-06-01	-5	1941-01-01	1941-01-01
1941-06-01	-2	1941-04-01	1941-04-01
1941-06-01	-1	1941-05-01	1941-05-01
1941-06-01	1	1941-07-01	1941-07-01
1941-06-01	2	1941-08-01	1941-08-01
1941-06-01	5	1941-11-01	1941-11-01
1941-06-01	12	1942-06-01	1942-06-01
1941-06-01	25	1943-07-01	1943-07-01
1941-08-17	-25	1939-07-17	1939-07-17
1941-08-17	-12	1940-08-17	1940-08-17
1941-08-17	-5	1941-03-17	1941-03-17
1941-08-17	-2	1941-06-17	1941-06-17
1941-08-17	-1	1941-07-17	1941-07-17
1941-08-17	1	1941-09-17	1941-09-17
1941-08-17	2	1941-10-17	1941-10-17
1941-08-17	5	1942-01-17	1942-01-17
1941-08-17	12	1942-08-17	1942-08-17
1941-08-17	25	1943-09-17	1943-09-17
1943-02-17	-25	1941-01-17	1941-01-17
1943-02-17	-12	1942-02-17	1942-02-17
1943-02-17	-5	1942-09-17	1942-09-17
1943-02-17	-2	1942-12-17	1942-12-17
1943-02-17	-1	1943-01-17	1943-01-17
1943-02-17	1	1943-03-17	1943-03-17
1943-02-17	2	1943-04-17	1943-04-17
1943-02-17	5	1943-07-17	1943-07-17
1943-02-17	12	1944-02-17	1944-02-17
1943-02-17	25	1945-03-17	1945-03-17
1943-05-30	-25	1941-04-30	1941-04-30
1943-05-30	-12	1942-05-30	1942-05-30
1943-05-30	-5	1942-12-30	1942-12-30
1943-05-30	-2	1943-03-30	1943-03-30
1943-05-30	-1	1943-04-30	1943-04-30
1943-05-30	1	1943-06-30	1943-06-30
1943-05-30	2	1943-07-30	1943-07-30
1943-05-30	5	1943-10-29	1943-11-01
1943-05-30	12	1944-05-30	1944-05-30
1943-05-30	25	1945-06-30	1945-06-30
1943-12-12	-25	1941-11-12	1941-11-12
1943-12-12	-12	1942-12-12	1942-12-12
1943-12-12	-5	1943-07-12	1943-07-12
1943-12-12	-2	1943-10-12	1943-10-12
1943-12-12	-1	1943-11-12	1943-11-12
1943-12-12	1	1944-01-12	1944-01-12
1943-12-12	2	1944-02-12	1944-02-12
1943-12-12	5	1944-05-12	1944-05-12
1943-12-12	12	1944-12-12	1944-12-12
1943-12-12	25	1946-01-12	1946-01-12
1945-03-04	-25	1943-02-04	1943-02-04
1945-03-04	-12	1944-03-04	1944-03-04
1945-03-04	-5	1944-10-04	1944-10-04
1945-03-04	-2	1945-01-04	1945-01-04
1945-03-04	-1	1945-02-04	1945-02-04
1945-03-04	1	1945-04-04	1945-04-04
1945-03-04	2	1945-05-04	1945-05-04
1945-03-04	5	1945-08-04	1945-08-04
1945-03-04	12	1946-03-04	1946-03-04
1945-03-04	25	1947-04-04	1947-04-04
1945-05-27	-25	1943-04-27	1943-04-27
1945-05-27	-12	1944-05-27	1944-05-27
1945-05-27	-5	1944-12-27	1944-12-27
1945-05-27	-2	1945-03-27	1945-03-27
1945-05-27	-1	1945-04-27	1945-04-27
1945-05-27	1	1945-06-27	1945-06-27
1945-05-27	2	1945-07-27	1945-07-27
1945-05-27	5	1945-10-27	1945-10-27
1945-05-27	12	1946-05-27	1946-05-27
1945-05-27	25	1947-06-27	1947-06-27
1945-07-28	-25	1943-06-28	1943-06-28
1945-07-28	-12	1944-07-28	1944-07-28
1945-07-28	-5	1945-02-28	1945-02-28
1945-07-28	-2	1945-05-28	1945-05-28
1945-07-28	-1	1945-06-28	1945-06-28
1945-07-28	1	1945-08-28	1945-08-28
1945-07-28	2	1945-09-28	1945-09-28
1945-07-28	5	1945-12-28	1945-12-28
1945-07-28	12	1946-07-28	1946-07-28
1945-07-28	25	1947-08-28	1947-08-28
1946-06-29	-25	1944-05-29	1944-05-29
1946-06-29	-12	1945-06-29	1945-06-29
1946-06-29	-5	1946-01-29	1946-01-29
1946-06-29	-2	1946-04-29	1946-04-29
1946-06-29	-1	1946-05-29	1946-05-29
1946-06-29	1	1946-07-29	1946-07-29
1946-06-29	2	1946-08-29	1946-08-29
1946-06-29	5	1946-11-29	1946-11-29
1946-06-29	12	1947-06-29	1947-06-29
1946-06-29	25	1948-07-29	1948-07-29
1947-06-18	-25	1945-05-18	1945-05-18
1947-06-18	-12	1946-06-18	1946-06-18
1947-06-18	-5	1947-01-18	1947-01-18
1947-06-18	-2	1947-04-18	1947-04-18
1947-06-18	-1	1947-05-18	1947-05-18
1947-06-18	1	1947-07-18	1947-07-18
1947-06-18	2	1947-08-18	1947-08-18
1947-06-18	5	1947-11-18	1947-11-18
1947-06-18	12	1948-06-18	1948-06-18
1947-06-18	25	1949-07-18	1949-07-18
1947-09-09	-25	1945-08-09	1945-08-09
1947-09-09	-12	1946-09-09	1946-09-09
1947-09-09	-5	1947-04-09	1947-04-09
1947-09-09	-2	1947-07-09	1947-07-09
1947-09-09	-1	1947-08-09	1947-08-09
1947-09-09	1	1947-10-09	1947-10-09
1947-09-09	2	1947-11-09	1947-11-09
1947-09-09	5	1948-02-09	1948-02-09
1947-09-09	12	1948-09-09	1948-09-09
1947-09-09	25	1949-10-09	1949-10-09
1949-07-13	-25	1947-06-13	1947-06-13
1949-07-13	-12	1948-07-13	1948-07-13
1949-07-13	-5	1949-02-13	1949-02-13
1949-07-13	-2	1949-05-13	1949-05-13
1949-07-13	-1	1949-06-13	1949-06-13
1949-07-13	1	1949-08-13	1949-08-13
1949-07-13	2	1949-09-13	1949-09-13
1949-07-13	5	1949-12-13	1949-12-13
1949-07-13	12	1950-07-13	1950-07-13
1949-07-13	25	1951-08-13	1951-08-13
1950-01-01	-25	1947-12-01	1947-12-01
1950-01-01	-12	1949-01-01	1949-01-01
1950-01-01	-5	1949-08-01	1949-08-01
1950-01-01	-2	1949-11-01	1949-11-01
1950-01-01	-1	1949-12-01	1949-12-01
1950-01-01	1	1950-02-01	1950-02-01
1950-01-01	2	1950-03-01	1950-03-01
1950-01-01	5	1950-06-01	1950-06-01
1950-01-01	12	1951-01-01	1951-01-01
1950-01-01	25	1952-02-01	1952-02-01
1950-01-15	-25	1947-12-15	1947-12-15
1950-01-15	-12	1949-01-15	1949-01-15
1950-01-15	-5	1949-08-15	1949-08-15
1950-01-15	-2	1949-11-15	1949-11-15
1950-01-15	-1	1949-12-15	1949-12-15
1950-01-15	1	1950-02-15	1950-02-15
1950-01-15	2	1950-03-15	1950-03-15
1950-01-15	5	1950-06-15	1950-06-15
1950-01-15	12	1951-01-15	1951-01-15
1950-01-15	25	1952-02-15	1952-02-15
1950-01-31	-25	1947-12-30	1948-01-01
1950-01-31	-12	1949-01-31	1949-01-31
1950-01-31	-5	1949-08-30	1949-09-01
1950-01-31	-2	1949-11-30	1949-12-01
1950-01-31	-1	1949-12-31	1949-12-31
1950-01-31	1	1950-02-31	1950-02-31
1950-01-31	2	1950-03-31	1950-03-31
1950-01-31	5	1950-06-31	1950-06-31
1950-01-31	12	1951-01-31	1951-01-31
1950-01-31	25	1952-02-31	1952-02-31
1950-02-01	-25	1948-01-01	1948-01-01
1950-02-01	-12	1949-02-01	1949-02-01
1950-02-01	-5	1949-09-01	1949-09-01
1950-02-01	-2	1949-12-01	1949-12-01
1950-02-01	-1	1950-01-01	1950-01-01
1950-02-01	1	1950-03-01	1950-03-01
1950-02-01	2	1950-04-01	1950-04-01
1950-02-01	5	1950-07-01	1950-07-01
1950-02-01	12	1951-02-01	1951-02-01
1950-02-01	25	1952-03-01	1952-03-01
1950-02-15	-25	1948-01-15	1948-01-15
1950-02-15	-12	1949-02-15	1949-02-15
1950-02-15	-5	1949-09-15	1949-09-15
1950-02-15	-2	1949-12-15	1949-12-15
1950-02-15	-1	1950-01-15	1950-01-15
1950-02-15	1	1950-03-15	1950-03-15
1950-02-15	2	1950-04-15	1950-04-15
1950-02-15	5	1950-07-15	1950-07-15
1950-02-15	12	1951-02-15	1951-02-15
1950-02-15	25	1952-03-15	1952-03-15
1950-02-31	-25	1948-01-31	1948-01-31
1950-02-31	-12	1949-02-31	1949-02-31
1950-02-31	-5	1949-09-29	1949-10-02
1950-02-31	-2	1949-12-31	1949-12-31
1950-02-31	-1	1950-01-31	1950-01-31
1950-02-31	1	1950-03-31	1950-03-31
1950-02-31	2	1950-04-31	1950-04-31
1950-02-31	5	1950-07-29	1950-08-02
1950-02-31	12	1951-02-31	1951-02-31
1950-02-31	25	1952-03-31	1952-03-31
1950-03-01	-25	1948-02-01	1948-02-01
1950-03-01	-12	1949-03-01	1949-03-01
1950-03-01	-5	1949-10-01	1949-10-01
1950-03-01	-2	1950-01-01	1950-01-01
1950-03-01	-1	1950-02-01	1950-02-01
1950-03-01	1	1950-04-01	1950-04-01
1950-03-01	2	1950-05-01	1950-05-01
1950-03-01	5	1950-08-01	1950-08-01
1950-03-01	12	1951-03-01	1951-03-01
1950-03-01	25	1952-04-01	1952-04-01
1950-03-15	-25	1948-02-15	1948-02-15
1950-03-15	-12	1949-03-15	1949-03-15
1950-03-15	-5	1949-10-15	1949-10-15
1950-03-15	-2	1950-01-15	1950-01-15
1950-03-15	-1	1950-02-15	1950-02-15
1950-03-15	1	1950-04-15	1950-04-15
1950-03-15	2	1950-05-15	1950-05-15
1950-03-15	5	1950-08-15	1950-08-15
1950-03-15	12	1951-03-15	1951-03-15
1950-03-15	25	1952-04-15	1952-04-15
1950-03-31	-25	1948-02-31	1948-02-31
1950-03-31	-12	1949-03-31	1949-03-31
1950-03-31	-5	1949-10-29	1949-11-02
1950-03-31	-2	1950-01-31	1950-01-31
1950-03-31	-1	1950-02-31	1950-02-31
1950-03-31	1	1950-04-31	1950-04-31
1950-03-31	2	1950-05-31	1950-05-31
1950-03-31	5	1950-08-30	1950-09-01
1950-03-31	12	1951-03-31	1951-03-31
1950-03-31	25	1952-04-31	1952-04-31
1950-04-01	-25	1948-03-01	1948-03-01
1950-04-01	-12	1949-04-01	1949-04-01
1950-04-01	-5	1949-11-01	1949-11-01
1950-04-01	-2	1950-02-01	1950-02-01
1950-04-01	-1	1950-03-01	1950-03-01
1950-04-01	1	1950-05-01	1950-05-01
1950-04-01	2	1950-06-01	1950-06-01
1950-04-01	5	1950-09-01	1950-09-01
1950-04-01	12	1951-04-01	1951-04-01
1950-04-01	25	1952-05-01	1952-05-01
1950-04-15	-25	1948-03-15	1948-03-15
1950-04-15	-12	1949-04-15	1949-04-15
1950-04-15	-5	1949-11-15	1949-11-15
1950-04-15	-2	1950-02-15	1950-02-15
1950-04-15	-1	1950-03-15	1950-03-15
1950-04-15	1	1950-05-15	1950-05-15
1950-04-15	2	1950-06-15	1950-06-15
1950-04-15	5	1950-09-15	1950-09-15
1950-04-15	12	1951-04-15	1951-04-15
1950-04-15	25	1952-05-15	1952-05-15
1950-04-32	-25	1948-03-32	1948-03-32
1950-04-32	-12	1949-04-32	1949-04-32
1950-04-32	-5	1949-11-30	1949-12-02
1950-04-32	-2	1950-02-31	1950-03-01
1950-04-32	-1	1950-03-31	1950-04-01
1950-04-32	1	1950-05-31	1950-06-01
1950-04-32	2	1950-06-31	1950-07-01
1950-04-32	5	1950-09-30	1950-10-02
1950-04-32	12	1951-04-31	1951-05-01
1950-04-32	25	1952-05-31	1952-06-01
1950-05-01	-25	1948-04-01	1948-04-01
1950-05-01	-12	1949-05-01	1949-05-01
1950-05-01	-5	1949-12-01	1949-12-01
1950-05-01	-2	1950-03-01	1950-03-01
1950-05-01	-1	1950-04-01	1950-04-01
1950-05-01	1	1950-06-01	1950-06-01
1950-05-01	2	1950-07-01	1950-07-01
1950-05-01	5	1950-10-01	1950-10-01
1950-05-01	12	1951-05-01	1951-05-01
1950-05-01	25	1952-06-01	1952-06-01
1950-05-15	-25	1948-04-15	1948-04-15
1950-05-15	-12	1949-05-15	1949-05-15
1950-05-15	-5	1949-12-15	1949-12-15
1950-05-15	-2	1950-03-15	1950-03-15
1950-05-15	-1	1950-04-15	1950-04-15
1950-05-15	1	1950-06-15	1950-06-15
1950-05-15	2	1950-07-15	1950-07-15
1950-05-15	5	1950-10-15	1950-10-15
1950-05-15	12	1951-05-15	1951-05-15
1950-05-15	25	1952-06-15	1952-06-15
1950-05-31	-25	1948-04-31	1948-04-31
1950-05-31	-12	1949-05-31	1949-05-31
1950-05-31	-5	1949-12-31	1949-12-31
1950-05-31	-2	1950-03-31	1950-03-31
1950-05-31	-1	1950-04-31	1950-04-31
1950-05-31	1	1950-06-31	1950-06-31
1950-05-31	2	1950-07-29	1950-08-02
1950-05-31	5	1950-10-29	1950-11-02
1950-05-31	12	1951-05-31	1951-05-31
1950-05-31	25	1952-06-30	1952-07-01
1950-06-01	-25	1948-05-01	1948-05-01
1950-06-01	-12	1949-06-01	1949-06-01
1950-06-01	-5	1950-01-01	1950-01-01
1950-06-01	-2	1950-04-01	1950-04-01
1950-06-01	-1	1950-05-01	1950-05-01
1950-06-01	1	1950-07-01	1950-07-01
1950-06-01	2	1950-08-01	1950-08-01
1950-06-01	5	1950-11-01	1950-11-01
1950-06-01	12	1951-06-01	1951-06-01
1950-06-01	25	1952-07-01	1952-07-01
1950-06-15	-25	1948-05-15	1948-05-15
1950-06-15	-12	1949-06-15	1949-06-15
1950-06-15	-5	1950-01-15	1950-01-15
1950-06-15	-2	1950-04-15	1950-04-15
1950-06-15	-1	1950-05-15	1950-05-15
1950-06-15	1	1950-07-15	1950-07-15
1950-06-15	2	1950-08-15	1950-08-15
1950-06-15	5	1950-11-15	1950-11-15
1950-06-15	12	1951-06-15	1951-06-15
1950-06-15	25	1952-07-15	1952-07-15
1950-06-31	-25	1948-05-31	1948-05-31
1950-06-31	-12	1949-06-30	1949-07-01
1950-06-31	-5	1950-01-31	1950-01-31
1950-06-31	-2	1950-04-31	1950-04-31
1950-06-31	-1	1950-05-31	1950-05-31
1950-06-31	1	1950-07-29	1950-08-02
1950-06-31	2	1950-08-30	1950-09-01
1950-06-31	5	1950-11-29	1950-12-02
1950-06-31	12	1951-06-31	1951-06-31
1950-06-31	25	1952-07-30	1952-08-01
1950-07-01	-25	1948-06-01	1948-06-01
1950-07-01	-12	1949-07-01	1949-07-01
1950-07-01	-5	1950-02-01	1950-02-01
1950-07-01	-2	1950-05-01	1950-05-01
1950-07-01	-1	1950-06-01	1950-06-01
1950-07-01	1	1950-08-01	1950-08-01
1950-07-01	2	1950-09-01	1950-09-01
1950-07-01	5	1950-12-01	1950-12-01
1950-07-01	12	1951-07-01	1951-07-01
1950-07-01	25	1952-08-01	1952-08-01
1950-07-15	-25	1948-06-15	1948-06-15
1950-07-15	-12	1949-07-15	1949-07-15
1950-07-15	-5	1950-02-15	1950-02-15
1950-07-15	-2	1950-05-15	1950-05-15
1950-07-15	-1	1950-06-15	1950-06-15
1950-07-15	1	1950-08-15	1950-08-15
1950-07-15	2	1950-09-15	1950-09-15
1950-07-15	5	1950-12-15	1950-12-15
1950-07-15	12	1951-07-15	1951-07-15
1950-07-15	25	1952-08-15	1952-08-15
1950-07-29	-25	1948-06-29	1948-06-29
1950-07-29	-12	1949-07-29	1949-07-29
1950-07-29	-5	1950-02-29	1950-02-29
1950-07-29	-2	1950-05-29	1950-05-29
1950-07-29	-1	1950-06-29	1950-06-29
1950-07-29	1	1950-08-29	1950-08-29
1950-07-29	2	1950-09-29	1950-09-29
1950-07-29	5	1950-12-29	1950-12-29
1950-07-29	12	1951-07-29	1951-07-29
1950-07-29	25	1952-08-29	1952-08-29
1950-08-01	-25	1948-07-01	1948-07-01
1950-08-01	-12	1949-08-01	1949-08-01
1950-08-01	-5	1950-03-01	1950-03-01
1950-08-01	-2	1950-06-01	1950-06-01
1950-08-01	-1	1950-07-01	1950-07-01
1950-08-01	1	1950-09-01	1950-09-01
1950-08-01	2	1950-10-01	1950-10-01
1950-08-01	5	1951-01-01	1951-01-01
1950-08-01	12	1951-08-01	1951-08-01
1950-08-01	25	1952-09-01	1952-09-01
1950-08-15	-25	1948-07-15	1948-07-15
1950-08-15	-12	1949-08-15	1949-08-15
1950-08-15	-5	1950-03-15	1950-03-15
1950-08-15	-2	1950-06-15	1950-06-15
1950-08-15	-1	1950-07-15	1950-07-15
1950-08-15	1	1950-09-15	1950-09-15
1950-08-15	2	1950-10-15	1950-10-15
1950-08-15	5	1951-01-15	1951-01-15
1950-08-15	12	1951-08-15	1951-08-15
1950-08-15	25	1952-09-15	1952-09-15
1950-08-30	-25	1948-07-30	1948-07-30
1950-08-30	-12	1949-08-30	1949-08-30
1950-08-30	-5	1950-03-30	1950-03-30
1950-08-30	-2	1950-06-30	1950-06-30
1950-08-30	-1	1950-07-29	1950-08-01
1950-08-30	1	1950-09-30	1950-09-30
1950-08-30	2	1950-10-29	1950-11-01
1950-08-30	5	1951-01-30	1951-01-30
1950-08-30	12	1951-08-29	1951-09-01
1950-08-30	25	1952-09-30	1952-09-30
1950-09-01	-25	1948-08-01	1948-08-01
1950-09-01	-12	1949-09-01	1949-09-01
1950-09-01	-5	1950-04-01	1950-04-01
1950-09-01	-2	1950-07-01	1950-07-01
1950-09-01	-1	1950-08-01	1950-08-01
1950-09-01	1	1950-10-01	1950-10-01
1950-09-01	2	1950-11-01	1950-11-01
1950-09-01	5	1951-02-01	1951-02-01
1950-09-01	12	1951-09-01	1951-09-01
1950-09-01	25	1952-10-01	1952-10-01
1950-09-15	-25	1948-08-15	1948-08-15
1950-09-15	-12	1949-09-15	1949-09-15
1950-09-15	-5	1950-04-15	1950-04-15
1950-09-15	-2	1950-07-15	1950-07-15
1950-09-15	-1	1950-08-15	1950-08-15
1950-09-15	1	1950-10-15	1950-10-15
1950-09-15	2	1950-11-15	1950-11-15
1950-09-15	5	1951-02-15	1951-02-15
1950-09-15	12	1951-09-15	1951-09-15
1950-09-15	25	1952-10-15	1952-10-15
1950-09-30	-25	1948-08-29	1948-09-01
1950-09-30	-12	1949-09-29	1949-10-01
1950-09-30	-5	1950-04-30	1950-04-30
1950-09-30	-2	1950-07-29	1950-08-01
1950-09-30	-1	1950-08-30	1950-08-30
1950-09-30	1	1950-10-29	1950-11-01
1950-09-30	2	1950-11-29	1950-12-01
1950-09-30	5	1951-02-30	1951-02-30
1950-09-30	12	1951-09-30	1951-09-30
1950-09-30	25	1952-10-29	1952-11-01
1950-10-01	-25	1948-09-01	1948-09-01
1950-10-01	-12	1949-10-01	1949-10-01
1950-10-01	-5	1950-05-01	1950-05-01
1950-10-01	-2	1950-08-01	1950-08-01
1950-10-01	-1	1950-09-01	1950-09-01
1950-10-01	1	1950-11-01	1950-11-01
1950-10-01	2	1950-12-01	1950-12-01
1950-10-01	5	1951-03-01	1951-03-01
1950-10-01	12	1951-10-01	1951-10-01
1950-10-01	25	1952-11-01	1952-11-01
1950-10-15	-25	1948-09-15	1948-09-15
1950-10-15	-12	1949-10-15	1949-10-15
1950-10-15	-5	1950-05-15	1950-05-15
1950-10-15	-2	1950-08-15	1950-08-15
1950-10-15	-1	1950-09-15	1950-09-15
1950-10-15	1	1950-11-15	1950-11-15
1950-10-15	2	1950-12-15	1950-12-15
1950-10-15	5	1951-03-15	1951-03-15
1950-10-15	12	1951-10-15	1951-10-15
1950-10-15	25	1952-11-15	1952-11-15
1950-10-29	-25	1948-09-29	1948-09-29
1950-10-29	-12	1949-10-29	1949-10-29
1950-10-29	-5	1950-05-29	1950-05-29
1950-10-29	-2	1950-08-29	1950-08-29
1950-10-29	-1	1950-09-29	1950-09-29
1950-10-29	1	1950-11-29	1950-11-29
1950-10-29	2	1950-12-29	1950-12-29
1950-10-29	5	1951-03-29	1951-03-29
1950-10-29	12	1951-10-29	1951-10-29
1950-10-29	25	1952-11-29	1952-11-29
1950-11-01	-25	1948-10-01	1948-10-01
1950-11-01	-12	1949-11-01	1949-11-01
1950-11-01	-5	1950-06-01	1950-06-01
1950-11-01	-2	1950-09-01	1950-09-01
1950-11-01	-1	1950-10-01	1950-10-01
1950-11-01	1	1950-12-01	1950-12-01
1950-11-01	2	1951-01-01	1951-01-01
1950-11-01	5	1951-04-01	1951-04-01
1950-11-01	12	1951-11-01	1951-11-01
1950-11-01	25	1952-12-01	1952-12-01
1950-11-15	-25	1948-10-15	1948-10-15
1950-11-15	-12	1949-11-15	1949-11-15
1950-11-15	-5	1950-06-15	1950-06-15
1950-11-15	-2	1950-09-15	1950-09-15
1950-11-15	-1	1950-10-15	1950-10-15
1950-11-15	1	1950-12-15	1950-12-15
1950-11-15	2	1951-01-15	1951-01-15
1950-11-15	5	1951-04-15	1951-04-15
1950-11-15	12	1951-11-15	1951-11-15
1950-11-15	25	1952-12-15	1952-12-15
1950-11-29	-25	1948-10-29	1948-10-29
1950-11-29	-12	1949-11-29	1949-11-29
1950-11-29	-5	1950-06-29	1950-06-29
1950-11-29	-2	1950-09-29	1950-09-29
1950-11-29	-1	1950-10-29	1950-10-29
1950-11-29	1	1950-12-29	1950-12-29
1950-11-29	2	1951-01-29	1951-01-29
1950-11-29	5	1951-04-29	1951-04-29
1950-11-29	12	1951-11-29	1951-11-29
1950-11-29	25	1952-12-29	1952-12-29
1950-12-01	-25	1948-11-01	1948-11-01
1950-12-01	-12	1949-12-01	1949-12-01
1950-12-01	-5	1950-07-01	1950-07-01
1950-12-01	-2	1950-10-01	1950-10-01
1950-12-01	-1	1950-11-01	1950-11-01
1950-12-01	1	1951-01-01	1951-01-01
1950-12-01	2	1951-02-01	1951-02-01
1950-12-01	5	1951-05-01	1951-05-01
1950-12-01	12	1951-12-01	1951-12-01
1950-12-01	25	1953-01-01	1953-01-01
1950-12-15	-25	1948-11-15	1948-11-15
1950-12-15	-12	1949-12-15	1949-12-15
1950-12-15	-5	1950-07-15	1950-07-15
1950-12-15	-2	1950-10-15	1950-10-15
1950-12-15	-1	1950-11-15	1950-11-15
1950-12-15	1	1951-01-15	1951-01-15
1950-12-15	2	1951-02-15	1951-02-15
1950-12-15	5	1951-05-15	1951-05-15
1950-12-15	12	1951-12-15	1951-12-15
1950-12-15	25	1953-01-15	1953-01-15
1950-12-31	-25	1948-11-30	1948-12-01
1950-12-31	-12	1949-12-31	1949-12-31
1950-12-31	-5	1950-07-29	1950-08-02
1950-12-31	-2	1950-10-29	1950-11-02
1950-12-31	-1	1950-11-29	1950-12-02
1950-12-31	1	1951-01-31	1951-01-31
1950-12-31	2	1951-02-31	1951-02-31
1950-12-31	5	1951-05-31	1951-05-31
1950-12-31	12	1951-12-30	1952-01-01
1950-12-31	25	1953-01-31	1953-01-31
1951-05-08	-25	1949-04-08	1949-04-08
1951-05-08	-12	1950-05-08	1950-05-08
1951-05-08	-5	1950-12-08	1950-12-08
1951-05-08	-2	1951-03-08	1951-03-08
1951-05-08	-1	1951-04-08	1951-04-08
1951-05-08	1	1951-06-08	1951-06-08
1951-05-08	2	1951-07-08	1951-07-08
1951-05-08	5	1951-10-08	1951-10-08
1951-05-08	12	1952-05-08	1952-05-08
1951-05-08	25	1953-06-08	1953-06-08
1952-04-10	-25	1950-03-10	1950-03-10
1952-04-10	-12	1951-04-10	1951-04-10
1952-04-10	-5	1951-11-10	1951-11-10
1952-04-10	-2	1952-02-10	1952-02-10
1952-04-10	-1	1952-03-10	1952-03-10
1952-04-10	1	1952-05-10	1952-05-10
1952-04-10	2	1952-06-10	1952-06-10
1952-04-10	5	1952-09-10	1952-09-10
1952-04-10	12	1953-04-10	1953-04-10
1952-04-10	25	1954-05-10	1954-05-10
1952-08-09	-25	1950-07-09	1950-07-09
1952-08-09	-12	1951-08-09	1951-08-09
1952-08-09	-5	1952-03-09	1952-03-09
1952-08-09	-2	1952-06-09	1952-06-09
1952-08-09	-1	1952-07-09	1952-07-09
1952-08-09	1	1952-09-09	1952-09-09
1952-08-09	2	1952-10-09	1952-10-09
1952-08-09	5	1953-01-09	1953-01-09
1952-08-09	12	1953-08-09	1953-08-09
1952-08-09	25	1954-09-09	1954-09-09
1952-12-02	-25	1950-11-02	1950-11-02
1952-12-02	-12	1951-12-02	1951-12-02
1952-12-02	-5	1952-07-02	1952-07-02
1952-12-02	-2	1952-10-02	1952-10-02
1952-12-02	-1	1952-11-02	1952-11-02
1952-12-02	1	1953-01-02	1953-01-02
1952-12-02	2	1953-02-02	1953-02-02
1952-12-02	5	1953-05-02	1953-05-02
1952-12-02	12	1953-12-02	1953-12-02
1952-12-02	25	1955-01-02	1955-01-02
1955-05-12	-25	1953-04-12	1953-04-12
1955-05-12	-12	1954-05-12	1954-05-12
1955-05-12	-5	1954-12-12	1954-12-12
1955-05-12	-2	1955-03-12	1955-03-12
1955-05-12	-1	1955-04-12	1955-04-12
1955-05-12	1	1955-06-12	1955-06-12
1955-05-12	2	1955-07-12	1955-07-12
1955-05-12	5	1955-10-12	1955-10-12
1955-05-12	12	1956-05-12	1956-05-12
1955-05-12	25	1957-06-12	1957-06-12
1955-09-21	-25	1953-08-21	1953-08-21
1955-09-21	-12	1954-09-21	1954-09-21
1955-09-21	-5	1955-04-21	1955-04-21
1955-09-21	-2	1955-07-21	1955-07-21
1955-09-21	-1	1955-08-21	1955-08-21
1955-09-21	1	1955-10-21	1955-10-21
1955-09-21	2	1955-11-21	1955-11-21
1955-09-21	5	1956-02-21	1956-02-21
1955-09-21	12	1956-09-21	1956-09-21
1955-09-21	25	1957-10-21	1957-10-21
1955-10-04	-25	1953-09-04	1953-09-04
1955-10-04	-12	1954-10-04	1954-10-04
1955-10-04	-5	1955-05-04	1955-05-04
1955-10-04	-2	1955-08-04	1955-08-04
1955-10-04	-1	1955-09-04	1955-09-04
1955-10-04	1	1955-11-04	1955-11-04
1955-10-04	2	1955-12-04	1955-12-04
1955-10-04	5	1956-03-04	1956-03-04
1955-10-04	12	1956-10-04	1956-10-04
1955-10-04	25	1957-11-04	1957-11-04
1955-11-12	-25	1953-10-12	1953-10-12
1955-11-12	-12	1954-11-12	1954-11-12
1955-11-12	-5	1955-06-12	1955-06-12
1955-11-12	-2	1955-09-12	1955-09-12
1955-11-12	-1	1955-10-12	1955-10-12
1955-11-12	1	1955-12-12	1955-12-12
1955-11-12	2	1956-01-12	1956-01-12
1955-11-12	5	1956-04-12	1956-04-12
1955-11-12	12	1956-11-12	1956-11-12
1955-11-12	25	1957-12-12	1957-12-12
1956-09-20	-25	1954-08-20	1954-08-20
1956-09-20	-12	1955-09-20	1955-09-20
1956-09-20	-5	1956-04-20	1956-04-20
1956-09-20	-2	1956-07-20	1956-07-20
1956-09-20	-1	1956-08-20	1956-08-20
1956-09-20	1	1956-10-20	1956-10-20
1956-09-20	2	1956-11-20	1956-11-20
1956-09-20	5	1957-02-20	1957-02-20
1956-09-20	12	1957-09-20	1957-09-20
1956-09-20	25	1958-10-20	1958-10-20
1956-10-26	-25	1954-09-26	1954-09-26
1956-10-26	-12	1955-10-26	1955-10-26
1956-10-26	-5	1956-05-26	1956-05-26
1956-10-26	-2	1956-08-26	1956-08-26
1956-10-26	-1	1956-09-26	1956-09-26
1956-10-26	1	1956-11-26	1956-11-26
1956-10-26	2	1956-12-26	1956-12-26
1956-10-26	5	1957-03-26	1957-03-26
1956-10-26	12	1957-10-26	1957-10-26
1956-10-26	25	1958-11-26	1958-11-26
1957-09-02	-25	1955-08-02	1955-08-02
1957-09-02	-12	1956-09-02	1956-09-02
1957-09-02	-5	1957-04-02	1957-04-02
1957-09-02	-2	1957-07-02	1957-07-02
1957-09-02	-1	1957-08-02	1957-08-02
1957-09-02	1	1957-10-02	1957-10-02
1957-09-02	2	1957-11-02	1957-11-02
1957-09-02	5	1958-02-02	1958-02-02
1957-09-02	12	1958-09-02	1958-09-02
1957-09-02	25	1959-10-02	1959-10-02
1958-06-27	-25	1956-05-27	1956-05-27
1958-06-27	-12	1957-06-27	1957-06-27
1958-06-27	-5	1958-01-27	1958-01-27
1958-06-27	-2	1958-04-27	1958-04-27
1958-06-27	-1	1958-05-27	1958-05-27
1958-06-27	1	1958-07-27	1958-07-27
1958-06-27	2	1958-08-27	1958-08-27
1958-06-27	5	1958-11-27	1958-11-27
1958-06-27	12	1959-06-27	1959-06-27
1958-06-27	25	1960-07-27	1960-07-27
1960-05-09	-25	1958-04-09	1958-04-09
1960-05-09	-12	1959-05-09	1959-05-09
1960-05-09	-5	1959-12-09	1959-12-09
1960-05-09	-2	1960-03-09	1960-03-09
1960-05-09	-1	1960-04-09	1960-04-09
1960-05-09	1	1960-06-09	1960-06-09
1960-05-09	2	1960-07-09	1960-07-09
1960-05-09	5	1960-10-09	1960-10-09
1960-05-09	12	1961-05-09	1961-05-09
1960-05-09	25	1962-06-09	1962-06-09
1960-12-05	-25	1958-11-05	1958-11-05
1960-12-05	-12	1959-12-05	1959-12-05
1960-12-05	-5	1960-07-05	1960-07-05
1960-12-05	-2	1960-10-05	1960-10-05
1960-12-05	-1	1960-11-05	1960-11-05
1960-12-05	1	1961-01-05	1961-01-05
1960-12-05	2	1961-02-05	1961-02-05
1960-12-05	5	1961-05-05	1961-05-05
1960-12-05	12	1961-12-05	1961-12-05
1960-12-05	25	1963-01-05	1963-01-05
1964-02-28	-25	1962-01-28	1962-01-28
1964-02-28	-12	1963-02-28	1963-02-28
1964-02-28	-5	1963-09-28	1963-09-28
1964-02-28	-2	1963-12-28	1963-12-28
1964-02-28	-1	1964-01-28	1964-01-28
1964-02-28	1	1964-03-28	1964-03-28
1964-02-28	2	1964-04-28	1964-04-28
1964-02-28	5	1964-07-28	1964-07-28
1964-02-28	12	1965-02-28	1965-02-28
1964-02-28	25	1966-03-28	1966-03-28
1965-02-13	-25	1963-01-13	1963-01-13
1965-02-13	-12	1964-02-13	1964-02-13
1965-02-13	-5	1964-09-13	1964-09-13
1965-02-13	-2	1964-12-13	1964-12-13
1965-02-13	-1	1965-01-13	1965-01-13
1965-02-13	1	1965-03-13	1965-03-13
1965-02-13	2	1965-04-13	1965-04-13
1965-02-13	5	1965-07-13	1965-07-13
1965-02-13	12	1966-02-13	1966-02-13
1965-02-13	25	1967-03-13	1967-03-13
1965-06-20	-25	1963-05-20	1963-05-20
1965-06-20	-12	1964-06-20	1964-06-20
1965-06-20	-5	1965-01-20	1965-01-20
1965-06-20	-2	1965-04-20	1965-04-20
1965-06-20	-1	1965-05-20	1965-05-20
1965-06-20	1	1965-07-20	1965-07-20
1965-06-20	2	1965-08-20	1965-08-20
1965-06-20	5	1965-11-20	1965-11-20
1965-06-20	12	1966-06-20	1966-06-20
1965-06-20	25	1967-07-20	1967-07-20
1965-08-11	-25	1963-07-11	1963-07-11
1965-08-11	-12	1964-08-11	1964-08-11
1965-08-11	-5	1965-03-11	1965-03-11
1965-08-11	-2	1965-06-11	1965-06-11
1965-08-11	-1	1965-07-11	1965-07-11
1965-08-11	1	1965-09-11	1965-09-11
1965-08-11	2	1965-10-11	1965-10-11
1965-08-11	5	1966-01-11	1966-01-11
1965-08-11	12	1966-08-11	1966-08-11
1965-08-11	25	1967-09-11	1967-09-11
1966-04-22	-25	1964-03-22	1964-03-22
1966-04-22	-12	1965-04-22	1965-04-22
1966-04-22	-5	1965-11-22	1965-11-22
1966-04-22	-2	1966-02-22	1966-02-22
1966-04-22	-1	1966-03-22	1966-03-22
1966-04-22	1	1966-05-22	1966-05-22
1966-04-22	2	1966-06-22	1966-06-22
1966-04-22	5	1966-09-22	1966-09-22
1966-04-22	12	1967-04-22	1967-04-22
1966-04-22	25	1968-05-22	1968-05-22
1966-04-30	-25	1964-03-30	1964-03-30
1966-04-30	-12	1965-04-30	1965-04-30
1966-04-30	-5	1965-11-29	1965-12-01
1966-04-30	-2	1966-02-30	1966-02-30
1966-04-30	-1	1966-03-30	1966-03-30
1966-04-30	1	1966-05-30	1966-05-30
1966-04-30	2	1966-06-30	1966-06-30
1966-04-30	5	1966-09-30	1966-09-30
1966-04-30	12	1967-04-30	1967-04-30
1966-04-30	25	1968-05-30	1968-05-30
1966-09-12	-25	1964-08-12	1964-08-12
1966-09-12	-12	1965-09-12	1965-09-12
1966-09-12	-5	1966-04-12	1966-04-12
1966-09-12	-2	1966-07-12	1966-07-12
1966-09-12	-1	1966-08-12	1966-08-12
1966-09-12	1	1966-10-12	1966-10-12
1966-09-12	2	1966-11-12	1966-11-12
1966-09-12	5	1967-02-12	1967-02-12
1966-09-12	12	1967-09-12	1967-09-12
1966-09-12	25	1968-10-12	1968-10-12
1969-04-26	-25	1967-03-26	1967-03-26
1969-04-26	-12	1968-04-26	1968-04-26
1969-04-26	-5	1968-11-26	1968-11-26
1969-04-26	-2	1969-02-26	1969-02-26
1969-04-26	-1	1969-03-26	1969-03-26
1969-04-26	1	1969-05-26	1969-05-26
1969-04-26	2	1969-06-26	1969-06-26
1969-04-26	5	1969-09-26	1969-09-26
1969-04-26	12	1970-04-26	1970-04-26
1969-04-26	25	1971-05-26	1971-05-26
1970-01-09	-25	1967-12-09	1967-12-09
1970-01-09	-12	1969-01-09	1969-01-09
1970-01-09	-5	1969-08-09	1969-08-09
1970-01-09	-2	1969-11-09	1969-11-09
1970-01-09	-1	1969-12-09	1969-12-09
1970-01-09	1	1970-02-09	1970-02-09
1970-01-09	2	1970-03-09	1970-03-09
1970-01-09	5	1970-06-09	1970-06-09
1970-01-09	12	1971-01-09	1971-01-09
1970-01-09	25	1972-02-09	1972-02-09
1971-02-21	-25	1969-01-21	1969-01-21
1971-02-21	-12	1970-02-21	1970-02-21
1971-02-21	-5	1970-09-21	1970-09-21
1971-02-21	-2	1970-12-21	1970-12-21
1971-02-21	-1	1971-01-21	1971-01-21
1971-02-21	1	1971-03-21	1971-03-21
1971-02-21	2	1971-04-21	1971-04-21
1971-02-21	5	1971-07-21	1971-07-21
1971-02-21	12	1972-02-21	1972-02-21
1971-02-21	25	1973-03-21	1973-03-21
1972-03-05	-25	1970-02-05	1970-02-05
1972-03-05	-12	1971-03-05	1971-03-05
1972-03-05	-5	1971-10-05	1971-10-05
1972-03-05	-2	1972-01-05	1972-01-05
1972-03-05	-1	1972-02-05	1972-02-05
1972-03-05	1	1972-04-05	1972-04-05
1972-03-05	2	1972-05-05	1972-05-05
1972-03-05	5	1972-08-05	1972-08-05
1972-03-05	12	1973-03-05	1973-03-05
1972-03-05	25	1974-04-05	1974-04-05
1974-11-19	-25	1972-10-19	1972-10-19
1974-11-19	-12	1973-11-19	1973-11-19
1974-11-19	-5	1974-06-19	1974-06-19
1974-11-19	-2	1974-09-19	1974-09-19
1974-11-19	-1	1974-10-19	1974-10-19
1974-11-19	1	1974-12-19	1974-12-19
1974-11-19	2	1975-01-19	1975-01-19
1974-11-19	5	1975-04-19	1975-04-19
1974-11-19	12	1975-11-19	1975-11-19
1974-11-19	25	1976-12-19	1976-12-19
1975-09-24	-25	1973-08-24	1973-08-24
1975-09-24	-12	1974-09-24	1974-09-24
1975-09-24	-5	1975-04-24	1975-04-24
1975-09-24	-2	1975-07-24	1975-07-24
1975-09-24	-1	1975-08-24	1975-08-24
1975-09-24	1	1975-10-24	1975-10-24
1975-09-24	2	1975-11-24	1975-11-24
1975-09-24	5	1976-02-24	1976-02-24
1975-09-24	12	1976-09-24	1976-09-24
1975-09-24	25	1977-10-24	1977-10-24
1977-12-09	-25	1975-11-09	1975-11-09
1977-12-09	-12	1976-12-09	1976-12-09
1977-12-09	-5	1977-07-09	1977-07-09
1977-12-09	-2	1977-10-09	1977-10-09
1977-12-09	-1	1977-11-09	1977-11-09
1977-12-09	1	1978-01-09	1978-01-09
1977-12-09	2	1978-02-09	1978-02-09
1977-12-09	5	1978-05-09	1978-05-09
1977-12-09	12	1978-12-09	1978-12-09
1977-12-09	25	1980-01-09	1980-01-09
1978-10-21	-25	1976-09-21	1976-09-21
1978-10-21	-12	1977-10-21	1977-10-21
1978-10-21	-5	1978-05-21	1978-05-21
1978-10-21	-2	1978-08-21	1978-08-21
1978-10-21	-1	1978-09-21	1978-09-21
1978-10-21	1	1978-11-21	1978-11-21
1978-10-21	2	1978-12-21	1978-12-21
1978-10-21	5	1979-03-21	1979-03-21
1978-10-21	12	1979-10-21	1979-10-21
1978-10-21	25	1980-11-21	1980-11-21
1979-07-02	-25	1977-06-02	1977-06-02
1979-07-02	-12	1978-07-02	1978-07-02
1979-07-02	-5	1979-02-02	1979-02-02
1979-07-02	-2	1979-05-02	1979-05-02
1979-07-02	-1	1979-06-02	1979-06-02
1979-07-02	1	1979-08-02	1979-08-02
1979-07-02	2	1979-09-02	1979-09-02
1979-07-02	5	1979-12-02	1979-12-02
1979-07-02	12	1980-07-02	1980-07-02
1979-07-02	25	1981-08-02	1981-08-02
1980-05-09	-25	1978-04-09	1978-04-09
1980-05-09	-12	1979-05-09	1979-05-09
1980-05-09	-5	1979-12-09	1979-12-09
1980-05-09	-2	1980-03-09	1980-03-09
1980-05-09	-1	1980-04-09	1980-04-09
1980-05-09	1	1980-06-09	1980-06-09
1980-05-09	2	1980-07-09	1980-07-09
1980-05-09	5	1980-10-09	1980-10-09
1980-05-09	12	1981-05-09	1981-05-09
1980-05-09	25	1982-06-09	1982-06-09
1980-12-18	-25	1978-11-18	1978-11-18
1980-12-18	-12	1979-12-18	1979-12-18
1980-12-18	-5	1980-07-18	1980-07-18
1980-12-18	-2	1980-10-18	1980-10-18
1980-12-18	-1	1980-11-18	1980-11-18
1980-12-18	1	1981-01-18	1981-01-18
1980-12-18	2	1981-02-18	1981-02-18
1980-12-18	5	1981-05-18	1981-05-18
1980-12-18	12	1981-12-18	1981-12-18
1980-12-18	25	1983-01-18	1983-01-18
1981-12-05	-25	1979-11-05	1979-11-05
1981-12-05	-12	1980-12-05	1980-12-05
1981-12-05	-5	1981-07-05	1981-07-05
1981-12-05	-2	1981-10-05	1981-10-05
1981-12-05	-1	1981-11-05	1981-11-05
1981-12-05	1	1982-01-05	1982-01-05
1981-12-05	2	1982-02-05	1982-02-05
1981-12-05	5	1982-05-05	1982-05-05
1981-12-05	12	1982-12-05	1982-12-05
1981-12-05	25	1984-01-05	1984-01-05
1983-11-10	-25	1981-10-10	1981-10-10
1983-11-10	-12	1982-11-10	1982-11-10
1983-11-10	-5	1983-06-10	1983-06-10
1983-11-10	-2	1983-09-10	1983-09-10
1983-11-10	-1	1983-10-10	1983-10-10
1983-11-10	1	1983-12-10	1983-12-10
1983-11-10	2	1984-01-10	1984-01-10
1983-11-10	5	1984-04-10	1984-04-10
1983-11-10	12	1984-11-10	1984-11-10
1983-11-10	25	1985-12-10	1985-12-10
1984-07-16	-25	1982-06-16	1982-06-16
1984-07-16	-12	1983-07-16	1983-07-16
1984-07-16	-5	1984-02-16	1984-02-16
1984-07-16	-2	1984-05-16	1984-05-16
1984-07-16	-1	1984-06-16	1984-06-16
1984-07-16	1	1984-08-16	1984-08-16
1984-07-16	2	1984-09-16	1984-09-16
1984-07-16	5	1984-12-16	1984-12-16
1984-07-16	12	1985-07-16	1985-07-16
1984-07-16	25	1986-08-16	1986-08-16
1984-11-14	-25	1982-10-14	1982-10-14
1984-11-14	-12	1983-11-14	1983-11-14
1984-11-14	-5	1984-06-14	1984-06-14
1984-11-14	-2	1984-09-14	1984-09-14
1984-11-14	-1	1984-10-14	1984-10-14
1984-11-14	1	1984-12-14	1984-12-14
1984-11-14	2	1985-01-14	1985-01-14
1984-11-14	5	1985-04-14	1985-04-14
1984-11-14	12	1985-11-14	1985-11-14
1984-11-14	25	1986-12-14	1986-12-14
1987-07-16	-25	1985-06-16	1985-06-16
1987-07-16	-12	1986-07-16	1986-07-16
1987-07-16	-5	1987-02-16	1987-02-16
1987-07-16	-2	1987-05-16	1987-05-16
1987-07-16	-1	1987-06-16	1987-06-16
1987-07-16	1	1987-08-16	1987-08-16
1987-07-16	2	1987-09-16	1987-09-16
1987-07-16	5	1987-12-16	1987-12-16
1987-07-16	12	1988-07-16	1988-07-16
1987-07-16	25	1989-08-16	1989-08-16
1987-07-30	-25	1985-06-30	1985-06-30
1987-07-30	-12	1986-07-30	1986-07-30
1987-07-30	-5	1987-02-30	1987-02-30
1987-07-30	-2	1987-05-30	1987-05-30
1987-07-30	-1	1987-06-30	1987-06-30
1987-07-30	1	1987-08-29	1987-09-01
1987-07-30	2	1987-09-30	1987-09-30
1987-07-30	5	1987-12-30	1987-12-30
1987-07-30	12	1988-07-30	1988-07-30
1987-07-30	25	1989-08-29	1989-09-01
1987-12-20	-25	1985-11-20	1985-11-20
1987-12-20	-12	1986-12-20	1986-12-20
1987-12-20	-5	1987-07-20	1987-07-20
1987-12-20	-2	1987-10-20	1987-10-20
1987-12-20	-1	1987-11-20	1987-11-20
1987-12-20	1	1988-01-20	1988-01-20
1987-12-20	2	1988-02-20	1988-02-20
1987-12-20	5	1988-05-20	1988-05-20
1987-12-20	12	1988-12-20	1988-12-20
1987-12-20	25	1990-01-20	1990-01-20
1988-02-10	-25	1986-01-10	1986-01-10
1988-02-10	-12	1987-02-10	1987-02-10
1988-02-10	-5	1987-09-10	1987-09-10
1988-02-10	-2	1987-12-10	1987-12-10
1988-02-10	-1	1988-01-10	1988-01-10
1988-02-10	1	1988-03-10	1988-03-10
1988-02-10	2	1988-04-10	1988-04-10
1988-02-10	5	1988-07-10	1988-07-10
1988-02-10	12	1989-02-10	1989-02-10
1988-02-10	25	1990-03-10	1990-03-10
1989-02-19	-25	1987-01-19	1987-01-19
1989-02-19	-12	1988-02-19	1988-02-19
1989-02-19	-5	1988-09-19	1988-09-19
1989-02-19	-2	1988-12-19	1988-12-19
1989-02-19	-1	1989-01-19	1989-01-19
1989-02-19	1	1989-03-19	1989-03-19
1989-02-19	2	1989-04-19	1989-04-19
1989-02-19	5	1989-07-19	1989-07-19
1989-02-19	12	1990-02-19	1990-02-19
1989-02-19	25	1991-03-19	1991-03-19
1989-07-19	-25	1987-06-19	1987-06-19
1989-07-19	-12	1988-07-19	1988-07-19
1989-07-19	-5	1989-02-19	1989-02-19
1989-07-19	-2	1989-05-19	1989-05-19
1989-07-19	-1	1989-06-19	1989-06-19
1989-07-19	1	1989-08-19	1989-08-19
1989-07-19	2	1989-09-19	1989-09-19
1989-07-19	5	1989-12-19	1989-12-19
1989-07-19	12	1990-07-19	1990-07-19
1989-07-19	25	1991-08-19	1991-08-19
1989-11-17	-25	1987-10-17	1987-10-17
1989-11-17	-12	1988-11-17	1988-11-17
1989-11-17	-5	1989-06-17	1989-06-17
1989-11-17	-2	1989-09-17	1989-09-17
1989-11-17	-1	1989-10-17	1989-10-17
1989-11-17	1	1989-12-17	1989-12-17
1989-11-17	2	1990-01-17	1990-01-17
1989-11-17	5	1990-04-17	1990-04-17
1989-11-17	12	1990-11-17	1990-11-17
1989-11-17	25	1991-12-17	1991-12-17
1989-11-29	-25	1987-10-29	1987-10-29
1989-11-29	-12	1988-11-29	1988-11-29
1989-11-29	-5	1989-06-29	1989-06-29
1989-11-29	-2	1989-09-29	1989-09-29
1989-11-29	-1	1989-10-29	1989-10-29
1989-11-29	1	1989-12-29	1989-12-29
1989-11-29	2	1990-01-29	1990-01-29
1989-11-29	5	1990-04-29	1990-04-29
1989-11-29	12	1990-11-29	1990-11-29
1989-11-29	25	1991-12-29	1991-12-29
1990-03-14	-25	1988-02-14	1988-02-14
1990-03-14	-12	1989-03-14	1989-03-14
1990-03-14	-5	1989-10-14	1989-10-14
1990-03-14	-2	1990-01-14	1990-01-14
1990-03-14	-1	1990-02-14	1990-02-14
1990-03-14	1	1990-04-14	1990-04-14
1990-03-14	2	1990-05-14	1990-05-14
1990-03-14	5	1990-08-14	1990-08-14
1990-03-14	12	1991-03-14	1991-03-14
1990-03-14	25	1992-04-14	1992-04-14
1993-02-25	-25	1991-01-25	1991-01-25
1993-02-25	-12	1992-02-25	1992-02-25
1993-02-25	-5	1992-09-25	1992-09-25
1993-02-25	-2	1992-12-25	1992-12-25
1993-02-25	-1	1993-01-25	1993-01-25
1993-02-25	1	1993-03-25	1993-03-25
1993-02-25	2	1993-04-25	1993-04-25
1993-02-25	5	1993-07-25	1993-07-25
1993-02-25	12	1994-02-25	1994-02-25
1993-02-25	25	1995-03-25	1995-03-25
1994-01-31	-25	1991-12-30	1992-01-01
1994-01-31	-12	1993-01-31	1993-01-31
1994-01-31	-5	1993-08-29	1993-09-02
1994-01-31	-2	1993-11-30	1993-12-01
1994-01-31	-1	1993-12-30	1994-01-01
1994-01-31	1	1994-02-31	1994-02-31
1994-01-31	2	1994-03-31	1994-03-31
1994-01-31	5	1994-06-31	1994-06-31
1994-01-31	12	1995-01-31	1995-01-31
1994-01-31	25	1996-02-31	1996-02-31
1994-05-25	-25	1992-04-25	1992-04-25
1994-05-25	-12	1993-05-25	1993-05-25
1994-05-25	-5	1993-12-25	1993-12-25
1994-05-25	-2	1994-03-25	1994-03-25
1994-05-25	-1	1994-04-25	1994-04-25
1994-05-25	1	1994-06-25	1994-06-25
1994-05-25	2	1994-07-25	1994-07-25
1994-05-25	5	1994-10-25	1994-10-25
1994-05-25	12	1995-05-25	1995-05-25
1994-05-25	25	1996-06-25	1996-06-25
1994-10-12	-25	1992-09-12	1992-09-12
1994-10-12	-12	1993-10-12	1993-10-12
1994-10-12	-5	1994-05-12	1994-05-12
1994-10-12	-2	1994-08-12	1994-08-12
1994-10-12	-1	1994-09-12	1994-09-12
1994-10-12	1	1994-11-12	1994-11-12
1994-10-12	2	1994-12-12	1994-12-12
1994-10-12	5	1995-03-12	1995-03-12
1994-10-12	12	1995-10-12	1995-10-12
1994-10-12	25	1996-11-12	1996-11-12
1996-09-28	-25	1994-08-28	1994-08-28
1996-09-28	-12	1995-09-28	1995-09-28
1996-09-28	-5	1996-04-28	1996-04-28
1996-09-28	-2	1996-07-28	1996-07-28
1996-09-28	-1	1996-08-28	1996-08-28
1996-09-28	1	1996-10-28	1996-10-28
1996-09-28	2	1996-11-28	1996-11-28
1996-09-28	5	1997-02-28	1997-02-28
1996-09-28	12	1997-09-28	1997-09-28
1996-09-28	25	1998-10-28	1998-10-28
1997-01-26	-25	1994-12-26	1994-12-26
1997-01-26	-12	1996-01-26	1996-01-26
1997-01-26	-5	1996-08-26	1996-08-26
1997-01-26	-2	1996-11-26	1996-11-26
1997-01-26	-1	1996-12-26	1996-12-26
1997-01-26	1	1997-02-26	1997-02-26
1997-01-26	2	1997-03-26	1997-03-26
1997-01-26	5	1997-06-26	1997-06-26
1997-01-26	12	1998-01-26	1998-01-26
1997-01-26	25	1999-02-26	1999-02-26
1997-03-30	-25	1995-02-30	1995-02-30
1997-03-30	-12	1996-03-30	1996-03-30
1997-03-30	-5	1996-10-30	1996-10-30
1997-03-30	-2	1997-01-30	1997-01-30
1997-03-30	-1	1997-02-30	1997-02-30
1997-03-30	1	1997-04-30	1997-04-30
1997-03-30	2	1997-05-30	1997-05-30
1997-03-30	5	1997-08-29	1997-09-01
1997-03-30	12	1998-03-30	1998-03-30
1997-03-30	25	1999-04-30	1999-04-30
1997-10-27	-25	1995-09-27	1995-09-27
1997-10-27	-12	1996-10-27	1996-10-27
1997-10-27	-5	1997-05-27	1997-05-27
1997-10-27	-2	1997-08-27	1997-08-27
1997-10-27	-1	1997-09-27	1997-09-27
1997-10-27	1	1997-11-27	1997-11-27
1997-10-27	2	1997-12-27	1997-12-27
1997-10-27	5	1998-03-27	1998-03-27
1997-10-27	12	1998-10-27	1998-10-27
1997-10-27	25	1999-11-27	1999-11-27
2000-01-01	-25	1997-12-01	1997-12-01
2000-01-01	-12	1999-01-01	1999-01-01
2000-01-01	-5	1999-08-01	1999-08-01
2000-01-01	-2	1999-11-01	1999-11-01
2000-01-01	-1	1999-12-01	1999-12-01
2000-01-01	1	2000-02-01	2000-02-01
2000-01-01	2	2000-03-01	2000-03-01
2000-01-01	5	2000-06-01	2000-06-01
2000-01-01	12	2001-01-01	2001-01-01
2000-01-01	25	2002-02-01	2002-02-01
2000-01-15	-25	1997-12-15	1997-12-15
2000-01-15	-12	1999-01-15	1999-01-15
2000-01-15	-5	1999-08-15	1999-08-15
2000-01-15	-2	1999-11-15	1999-11-15
2000-01-15	-1	1999-12-15	1999-12-15
2000-01-15	1	2000-02-15	2000-02-15
2000-01-15	2	2000-03-15	2000-03-15
2000-01-15	5	2000-06-15	2000-06-15
2000-01-15	12	2001-01-15	2001-01-15
2000-01-15	25	2002-02-15	2002-02-15
2000-01-30	-25	1997-12-30	1997-12-30
2000-01-30	-12	1999-01-30	1999-01-30
2000-01-30	-5	1999-08-30	1999-08-30
2000-01-30	-2	1999-11-30	1999-11-30
2000-01-30	-1	1999-12-30	1999-12-30
2000-01-30	1	2000-02-30	2000-02-30
2000-01-30	2	2000-03-30	2000-03-30
2000-01-30	5	2000-06-30	2000-06-30
2000-01-30	12	2001-01-30	2001-01-30
2000-01-30	25	2002-02-30	2002-02-30
2000-02-01	-25	1998-01-01	1998-01-01
2000-02-01	-12	1999-02-01	1999-02-01
2000-02-01	-5	1999-09-01	1999-09-01
2000-02-01	-2	1999-12-01	1999-12-01
2000-02-01	-1	2000-01-01	2000-01-01
2000-02-01	1	2000-03-01	2000-03-01
2000-02-01	2	2000-04-01	2000-04-01
2000-02-01	5	2000-07-01	2000-07-01
2000-02-01	12	2001-02-01	2001-02-01
2000-02-01	25	2002-03-01	2002-03-01
2000-02-15	-25	1998-01-15	1998-01-15
2000-02-15	-12	1999-02-15	1999-02-15
2000-02-15	-5	1999-09-15	1999-09-15
2000-02-15	-2	1999-12-15	1999-12-15
2000-02-15	-1	2000-01-15	2000-01-15
2000-02-15	1	2000-03-15	2000-03-15
2000-02-15	2	2000-04-15	2000-04-15
2000-02-15	5	2000-07-15	2000-07-15
2000-02-15	12	2001-02-15	2001-02-15
2000-02-15	25	2002-03-15	2002-03-15
2000-02-32	-25	1998-01-31	1998-02-01
2000-02-32	-12	1999-02-32	1999-02-32
2000-02-32	-5	1999-09-29	1999-10-03
2000-02-32	-2	1999-12-31	2000-01-01
2000-02-32	-1	2000-01-30	2000-02-02
2000-02-32	1	2000-03-31	2000-04-01
2000-02-32	2	2000-04-32	2000-04-32
2000-02-32	5	2000-07-30	2000-08-02
2000-02-32	12	2001-02-31	2001-03-01
2000-02-32	25	2002-03-32	2002-03-32
2000-03-01	-25	1998-02-01	1998-02-01
2000-03-01	-12	1999-03-01	1999-03-01
2000-03-01	-5	1999-10-01	1999-10-01
2000-03-01	-2	2000-01-01	2000-01-01
2000-03-01	-1	2000-02-01	2000-02-01
2000-03-01	1	2000-04-01	2000-04-01
2000-03-01	2	2000-05-01	2000-05-01
2000-03-01	5	2000-08-01	2000-08-01
2000-03-01	12	2001-03-01	2001-03-01
2000-03-01	25	2002-04-01	2002-04-01
2000-03-15	-25	1998-02-15	1998-02-15
2000-03-15	-12	1999-03-15	1999-03-15
2000-03-15	-5	1999-10-15	1999-10-15
2000-03-15	-2	2000-01-15	2000-01-15
2000-03-15	-1	2000-02-15	2000-02-15
2000-03-15	1	2000-04-15	2000-04-15
2000-03-15	2	2000-05-15	2000-05-15
2000-03-15	5	2000-08-15	2000-08-15
2000-03-15	12	2001-03-15	2001-03-15
2000-03-15	25	2002-04-15	2002-04-15
2000-03-31	-25	1998-02-31	1998-02-31
2000-03-31	-12	1999-03-31	1999-03-31
2000-03-31	-5	1999-10-29	1999-11-02
2000-03-31	-2	2000-01-30	2000-02-01
2000-03-31	-1	2000-02-31	2000-02-31
2000-03-31	1	2000-04-31	2000-04-31
2000-03-31	2	2000-05-31	2000-05-31
2000-03-31	5	2000-08-30	2000-09-01
2000-03-31	12	2001-03-31	2001-03-31
2000-03-31	25	2002-04-31	2002-04-31
2000-04-01	-25	1998-03-01	1998-03-01
2000-04-01	-12	1999-04-01	1999-04-01
2000-04-01	-5	1999-11-01	1999-11-01
2000-04-01	-2	2000-02-01	2000-02-01
2000-04-01	-1	2000-03-01	2000-03-01
2000-04-01	1	2000-05-01	2000-05-01
2000-04-01	2	2000-06-01	2000-06-01
2000-04-01	5	2000-09-01	2000-09-01
2000-04-01	12	2001-04-01	2001-04-01
2000-04-01	25	2002-05-01	2002-05-01
2000-04-15	-25	1998-03-15	1998-03-15
2000-04-15	-12	1999-04-15	1999-04-15
2000-04-15	-5	1999-11-15	1999-11-15
2000-04-15	-2	2000-02-15	2000-02-15
2000-04-15	-1	2000-03-15	2000-03-15
2000-04-15	1	2000-05-15	2000-05-15
2000-04-15	2	2000-06-15	2000-06-15
2000-04-15	5	2000-09-15	2000-09-15
2000-04-15	12	2001-04-15	2001-04-15
2000-04-15	25	2002-05-15	2002-05-15
2000-04-32	-25	1998-03-32	1998-03-32
2000-04-32	-12	1999-04-32	1999-04-32
2000-04-32	-5	1999-11-30	1999-12-02
2000-04-32	-2	2000-02-32	2000-02-32
2000-04-32	-1	2000-03-31	2000-04-01
2000-04-32	1	2000-05-31	2000-06-01
2000-04-32	2	2000-06-30	2000-07-02
2000-04-32	5	2000-09-29	2000-10-03
2000-04-32	12	2001-04-31	2001-05-01
2000-04-32	25	2002-05-31	2002-06-01
2000-05-01	-25	1998-04-01	1998-04-01
2000-05-01	-12	1999-05-01	1999-05-01
2000-05-01	-5	1999-12-01	1999-12-01
2000-05-01	-2	2000-03-01	2000-03-01
2000-05-01	-1	2000-04-01	2000-04-01
2000-05-01	1	2000-06-01	2000-06-01
2000-05-01	2	2000-07-01	2000-07-01
2000-05-01	5	2000-10-01	2000-10-01
2000-05-01	12	2001-05-01	2001-05-01
2000-05-01	25	2002-06-01	2002-06-01
2000-05-15	-25	1998-04-15	1998-04-15
2000-05-15	-12	1999-05-15	1999-05-15
2000-05-15	-5	1999-12-15	1999-12-15
2000-05-15	-2	2000-03-15	2000-03-15
2000-05-15	-1	2000-04-15	2000-04-15
2000-05-15	1	2000-06-15	2000-06-15
2000-05-15	2	2000-07-15	2000-07-15
2000-05-15	5	2000-10-15	2000-10-15
2000-05-15	12	2001-05-15	2001-05-15
2000-05-15	25	2002-06-15	2002-06-15
2000-05-31	-25	1998-04-31	1998-04-31
2000-05-31	-12	1999-05-31	1999-05-31
2000-05-31	-5	1999-12-31	1999-12-31
2000-05-31	-2	2000-03-31	2000-03-31
2000-05-31	-1	2000-04-31	2000-04-31
2000-05-31	1	2000-06-30	2000-07-01
2000-05-31	2	2000-07-30	2000-08-01
2000-05-31	5	2000-10-30	2000-11-01
2000-05-31	12	2001-05-31	2001-05-31
2000-05-31	25	2002-06-30	2002-07-01
2000-06-01	-25	1998-05-01	1998-05-01
2000-06-01	-12	1999-06-01	1999-06-01
2000-06-01	-5	2000-01-01	2000-01-01
2000-06-01	-2	2000-04-01	2000-04-01
2000-06-01	-1	2000-05-01	2000-05-01
2000-06-01	1	2000-07-01	2000-07-01
2000-06-01	2	2000-08-01	2000-08-01
2000-06-01	5	2000-11-01	2000-11-01
2000-06-01	12	2001-06-01	2001-06-01
2000-06-01	25	2002-07-01	2002-07-01
2000-06-15	-25	1998-05-15	1998-05-15
2000-06-15	-12	1999-06-15	1999-06-15
2000-06-15	-5	2000-01-15	2000-01-15
2000-06-15	-2	2000-04-15	2000-04-15
2000-06-15	-1	2000-05-15	2000-05-15
2000-06-15	1	2000-07-15	2000-07-15
2000-06-15	2	2000-08-15	2000-08-15
2000-06-15	5	2000-11-15	2000-11-15
2000-06-15	12	2001-06-15	2001-06-15
2000-06-15	25	2002-07-15	2002-07-15
2000-06-30	-25	1998-05-30	1998-05-30
2000-06-30	-12	1999-06-30	1999-06-30
2000-06-30	-5	2000-01-30	2000-01-30
2000-06-30	-2	2000-04-30	2000-04-30
2000-06-30	-1	2000-05-30	2000-05-30
2000-06-30	1	2000-07-30	2000-07-30
2000-06-30	2	2000-08-30	2000-08-30
2000-06-30	5	2000-11-29	2000-12-01
2000-06-30	12	2001-06-30	2001-06-30
2000-06-30	25	2002-07-30	2002-07-30
2000-07-01	-25	1998-06-01	1998-06-01
2000-07-01	-12	1999-07-01	1999-07-01
2000-07-01	-5	2000-02-01	2000-02-01
2000-07-01	-2	2000-05-01	2000-05-01
2000-07-01	-1	2000-06-01	2000-06-01
2000-07-01	1	2000-08-01	2000-08-01
2000-07-01	2	2000-09-01	2000-09-01
2000-07-01	5	2000-12-01	2000-12-01
2000-07-01	12	2001-07-01	2001-07-01
2000-07-01	25	2002-08-01	2002-08-01
2000-07-03	-25	1998-06-03	1998-06-03
2000-07-03	-12	1999-07-03	1999-07-03
2000-07-03	-5	2000-02-03	2000-02-03
2000-07-03	-2	2000-05-03	2000-05-03
2000-07-03	-1	2000-06-03	2000-06-03
2000-07-03	1	2000-08-03	2000-08-03
2000-07-03	2	2000-09-03	2000-09-03
2000-07-03	5	2000-12-03	2000-12-03
2000-07-03	12	2001-07-03	2001-07-03
2000-07-03	25	2002-08-03	2002-08-03
2000-07-15	-25	1998-06-15	1998-06-15
2000-07-15	-12	1999-07-15	1999-07-15
2000-07-15	-5	2000-02-15	2000-02-15
2000-07-15	-2	2000-05-15	2000-05-15
2000-07-15	-1	2000-06-15	2000-06-15
2000-07-15	1	2000-08-15	2000-08-15
2000-07-15	2	2000-09-15	2000-09-15
2000-07-15	5	2000-12-15	2000-12-15
2000-07-15	12	2001-07-15	2001-07-15
2000-07-15	25	2002-08-15	2002-08-15
2000-07-30	-25	1998-06-30	1998-06-30
2000-07-30	-12	1999-07-30	1999-07-30
2000-07-30	-5	2000-02-30	2000-02-30
2000-07-30	-2	2000-05-30	2000-05-30
2000-07-30	-1	2000-06-30	2000-06-30
2000-07-30	1	2000-08-30	2000-08-30
2000-07-30	2	2000-09-29	2000-10-01
2000-07-30	5	2000-12-30	2000-12-30
2000-07-30	12	2001-07-30	2001-07-30
2000-07-30	25	2002-08-29	2002-09-01
2000-08-01	-25	1998-07-01	1998-07-01
2000-08-01	-12	1999-08-01	1999-08-01
2000-08-01	-5	2000-03-01	2000-03-01
2000-08-01	-2	2000-06-01	2000-06-01
2000-08-01	-1	2000-07-01	2000-07-01
2000-08-01	1	2000-09-01	2000-09-01
2000-08-01	2	2000-10-01	2000-10-01
2000-08-01	5	2001-01-01	2001-01-01
2000-08-01	12	2001-08-01	2001-08-01
2000-08-01	25	2002-09-01	2002-09-01
2000-08-15	-25	1998-07-15	1998-07-15
2000-08-15	-12	1999-08-15	1999-08-15
2000-08-15	-5	2000-03-15	2000-03-15
2000-08-15	-2	2000-06-15	2000-06-15
2000-08-15	-1	2000-07-15	2000-07-15
2000-08-15	1	2000-09-15	2000-09-15
2000-08-15	2	2000-10-15	2000-10-15
2000-08-15	5	2001-01-15	2001-01-15
2000-08-15	12	2001-08-15	2001-08-15
2000-08-15	25	2002-09-15	2002-09-15
2000-08-18	-25	1998-07-18	1998-07-18
2000-08-18	-12	1999-08-18	1999-08-18
2000-08-18	-5	2000-03-18	2000-03-18
2000-08-18	-2	2000-06-18	2000-06-18
2000-08-18	-1	2000-07-18	2000-07-18
2000-08-18	1	2000-09-18	2000-09-18
2000-08-18	2	2000-10-18	2000-10-18
2000-08-18	5	2001-01-18	2001-01-18
2000-08-18	12	2001-08-18	2001-08-18
2000-08-18	25	2002-09-18	2002-09-18
2000-08-30	-25	1998-07-30	1998-07-30
2000-08-30	-12	1999-08-30	1999-08-30
2000-08-30	-5	2000-03-30	2000-03-30
2000-08-30	-2	2000-06-30	2000-06-30
2000-08-30	-1	2000-07-30	2000-07-30
2000-08-30	1	2000-09-29	2000-10-01
2000-08-30	2	2000-10-30	2000-10-30
2000-08-30	5	2001-01-30	2001-01-30
2000-08-30	12	2001-08-29	2001-09-01
2000-08-30	25	2002-09-30	2002-09-30
2000-09-01	-25	1998-08-01	1998-08-01
2000-09-01	-12	1999-09-01	1999-09-01
2000-09-01	-5	2000-04-01	2000-04-01
2000-09-01	-2	2000-07-01	2000-07-01
2000-09-01	-1	2000-08-01	2000-08-01
2000-09-01	1	2000-10-01	2000-10-01
2000-09-01	2	2000-11-01	2000-11-01
2000-09-01	5	2001-02-01	2001-02-01
2000-09-01	12	2001-09-01	2001-09-01
2000-09-01	25	2002-10-01	2002-10-01
2000-09-15	-25	1998-08-15	1998-08-15
2000-09-15	-12	1999-09-15	1999-09-15
2000-09-15	-5	2000-04-15	2000-04-15
2000-09-15	-2	2000-07-15	2000-07-15
2000-09-15	-1	2000-08-15	2000-08-15
2000-09-15	1	2000-10-15	2000-10-15
2000-09-15	2	2000-11-15	2000-11-15
2000-09-15	5	2001-02-15	2001-02-15
2000-09-15	12	2001-09-15	2001-09-15
2000-09-15	25	2002-10-15	2002-10-15
2000-09-29	-25	1998-08-29	1998-08-29
2000-09-29	-12	1999-09-29	1999-09-29
2000-09-29	-5	2000-04-29	2000-04-29
2000-09-29	-2	2000-07-29	2000-07-29
2000-09-29	-1	2000-08-29	2000-08-29
2000-09-29	1	2000-10-29	2000-10-29
2000-09-29	2	2000-11-29	2000-11-29
2000-09-29	5	2001-02-29	2001-02-29
2000-09-29	12	2001-09-29	2001-09-29
2000-09-29	25	2002-10-29	2002-10-29
2000-10-01	-25	1998-09-01	1998-09-01
2000-10-01	-12	1999-10-01	1999-10-01
2000-10-01	-5	2000-05-01	2000-05-01
2000-10-01	-2	2000-08-01	2000-08-01
2000-10-01	-1	2000-09-01	2000-09-01
2000-10-01	1	2000-11-01	2000-11-01
2000-10-01	2	2000-12-01	2000-12-01
2000-10-01	5	2001-03-01	2001-03-01
2000-10-01	12	2001-10-01	2001-10-01
2000-10-01	25	2002-11-01	2002-11-01
2000-10-15	-25	1998-09-15	1998-09-15
2000-10-15	-12	1999-10-15	1999-10-15
2000-10-15	-5	2000-05-15	2000-05-15
2000-10-15	-2	2000-08-15	2000-08-15
2000-10-15	-1	2000-09-15	2000-09-15
2000-10-15	1	2000-11-15	2000-11-15
2000-10-15	2	2000-12-15	2000-12-15
2000-10-15	5	2001-03-15	2001-03-15
2000-10-15	12	2001-10-15	2001-10-15
2000-10-15	25	2002-11-15	2002-11-15
2000-10-28	-25	1998-09-28	1998-09-28
2000-10-28	-12	1999-10-28	1999-10-28
2000-10-28	-5	2000-05-28	2000-05-28
2000-10-28	-2	2000-08-28	2000-08-28
2000-10-28	-1	2000-09-28	2000-09-28
2000-10-28	1	2000-11-28	2000-11-28
2000-10-28	2	2000-12-28	2000-12-28
2000-10-28	5	2001-03-28	2001-03-28
2000-10-28	12	2001-10-28	2001-10-28
2000-10-28	25	2002-11-28	2002-11-28
2000-10-30	-25	1998-09-30	1998-09-30
2000-10-30	-12	1999-10-29	1999-11-01
2000-10-30	-5	2000-05-30	2000-05-30
2000-10-30	-2	2000-08-30	2000-08-30
2000-10-30	-1	2000-09-29	2000-10-01
2000-10-30	1	2000-11-29	2000-12-01
2000-10-30	2	2000-12-30	2000-12-30
2000-10-30	5	2001-03-30	2001-03-30
2000-10-30	12	2001-10-29	2001-11-01
2000-10-30	25	2002-11-30	2002-11-30
2000-11-01	-25	1998-10-01	1998-10-01
2000-11-01	-12	1999-11-01	1999-11-01
2000-11-01	-5	2000-06-01	2000-06-01
2000-11-01	-2	2000-09-01	2000-09-01
2000-11-01	-1	2000-10-01	2000-10-01
2000-11-01	1	2000-12-01	2000-12-01
2000-11-01	2	2001-01-01	2001-01-01
2000-11-01	5	2001-04-01	2001-04-01
2000-11-01	12	2001-11-01	2001-11-01
2000-11-01	25	2002-12-01	2002-12-01
2000-11-15	-25	1998-10-15	1998-10-15
2000-11-15	-12	1999-11-15	1999-11-15
2000-11-15	-5	2000-06-15	2000-06-15
2000-11-15	-2	2000-09-15	2000-09-15
2000-11-15	-1	2000-10-15	2000-10-15
2000-11-15	1	2000-12-15	2000-12-15
2000-11-15	2	2001-01-15	2001-01-15
2000-11-15	5	2001-04-15	2001-04-15
2000-11-15	12	2001-11-15	2001-11-15
2000-11-15	25	2002-12-15	2002-12-15
2000-11-29	-25	1998-10-29	1998-10-29
2000-11-29	-12	1999-11-29	1999-11-29
2000-11-29	-5	2000-06-29	2000-06-29
2000-11-29	-2	2000-09-29	2000-09-29
2000-11-29	-1	2000-10-29	2000-10-29
2000-11-29	1	2000-12-29	2000-12-29
2000-11-29	2	2001-01-29	2001-01-29
2000-11-29	5	2001-04-29	2001-04-29
2000-11-29	12	2001-11-29	2001-11-29
2000-11-29	25	2002-12-29	2002-12-29
2000-12-01	-25	1998-11-01	1998-11-01
2000-12-01	-12	1999-12-01	1999-12-01
2000-12-01	-5	2000-07-01	2000-07-01
2000-12-01	-2	2000-10-01	2000-10-01
2000-12-01	-1	2000-11-01	2000-11-01
2000-12-01	1	2001-01-01	2001-01-01
2000-12-01	2	2001-02-01	2001-02-01
2000-12-01	5	2001-05-01	2001-05-01
2000-12-01	12	2001-12-01	2001-12-01
2000-12-01	25	2003-01-01	2003-01-01
2000-12-15	-25	1998-11-15	1998-11-15
2000-12-15	-12	1999-12-15	1999-12-15
2000-12-15	-5	2000-07-15	2000-07-15
2000-12-15	-2	2000-10-15	2000-10-15
2000-12-15	-1	2000-11-15	2000-11-15
2000-12-15	1	2001-01-15	2001-01-15
2000-12-15	2	2001-02-15	2001-02-15
2000-12-15	5	2001-05-15	2001-05-15
2000-12-15	12	2001-12-15	2001-12-15
2000-12-15	25	2003-01-15	2003-01-15
2000-12-31	-25	1998-11-30	1998-12-01
2000-12-31	-12	1999-12-31	1999-12-31
2000-12-31	-5	2000-07-30	2000-08-01
2000-12-31	-2	2000-10-30	2000-11-01
2000-12-31	-1	2000-11-29	2000-12-02
2000-12-31	1	2001-01-31	2001-01-31
2000-12-31	2	2001-02-31	2001-02-31
2000-12-31	5	2001-05-31	2001-05-31
2000-12-31	12	2001-12-30	2002-01-01
2000-12-31	25	2003-01-31	2003-01-31
2001-01-01	-25	1998-12-01	1998-12-01
2001-01-01	-12	2000-01-01	2000-01-01
2001-01-01	-5	2000-08-01	2000-08-01
2001-01-01	-2	2000-11-01	2000-11-01
2001-01-01	-1	2000-12-01	2000-12-01
2001-01-01	1	2001-02-01	2001-02-01
2001-01-01	2	2001-03-01	2001-03-01
2001-01-01	5	2001-06-01	2001-06-01
2001-01-01	12	2002-01-01	2002-01-01
2001-01-01	25	2003-02-01	2003-02-01
2001-01-15	-25	1998-12-15	1998-12-15
2001-01-15	-12	2000-01-15	2000-01-15
2001-01-15	-5	2000-08-15	2000-08-15
2001-01-15	-2	2000-11-15	2000-11-15
2001-01-15	-1	2000-12-15	2000-12-15
2001-01-15	1	2001-02-15	2001-02-15
2001-01-15	2	2001-03-15	2001-03-15
2001-01-15	5	2001-06-15	2001-06-15
2001-01-15	12	2002-01-15	2002-01-15
2001-01-15	25	2003-02-15	2003-02-15
2001-01-31	-25	1998-12-30	1999-01-01
2001-01-31	-12	2000-01-30	2000-02-01
2001-01-31	-5	2000-08-30	2000-09-01
2001-01-31	-2	2000-11-29	2000-12-02
2001-01-31	-1	2000-12-31	2000-12-31
2001-01-31	1	2001-02-31	2001-02-31
2001-01-31	2	2001-03-31	2001-03-31
2001-01-31	5	2001-06-31	2001-06-31
2001-01-31	12	2002-01-31	2002-01-31
2001-01-31	25	2003-02-31	2003-02-31
2001-02-01	-25	1999-01-01	1999-01-01
2001-02-01	-12	2000-02-01	2000-02-01
2001-02-01	-5	2000-09-01	2000-09-01
2001-02-01	-2	2000-12-01	2000-12-01
2001-02-01	-1	2001-01-01	2001-01-01
2001-02-01	1	2001-03-01	2001-03-01
2001-02-01	2	2001-04-01	2001-04-01
2001-02-01	5	2001-07-01	2001-07-01
2001-02-01	12	2002-02-01	2002-02-01
2001-02-01	25	2003-03-01	2003-03-01
2001-02-15	-25	1999-01-15	1999-01-15
2001-02-15	-12	2000-02-15	2000-02-15
2001-02-15	-5	2000-09-15	2000-09-15
2001-02-15	-2	2000-12-15	2000-12-15
2001-02-15	-1	2001-01-15	2001-01-15
2001-02-15	1	2001-03-15	2001-03-15
2001-02-15	2	2001-04-15	2001-04-15
2001-02-15	5	2001-07-15	2001-07-15
2001-02-15	12	2002-02-15	2002-02-15
2001-02-15	25	2003-03-15	2003-03-15
2001-02-31	-25	1999-01-31	1999-01-31
2001-02-31	-12	2000-02-31	2000-02-31
2001-02-31	-5	2000-09-29	2000-10-02
2001-02-31	-2	2000-12-31	2000-12-31
2001-02-31	-1	2001-01-31	2001-01-31
2001-02-31	1	2001-03-31	2001-03-31
2001-02-31	2	2001-04-31	2001-04-31
2001-02-31	5	2001-07-30	2001-08-01
2001-02-31	12	2002-02-31	2002-02-31
2001-02-31	25	2003-03-31	2003-03-31
2001-03-01	-25	1999-02-01	1999-02-01
2001-03-01	-12	2000-03-01	2000-03-01
2001-03-01	-5	2000-10-01	2000-10-01
2001-03-01	-2	2001-01-01	2001-01-01
2001-03-01	-1	2001-02-01	2001-02-01
2001-03-01	1	2001-04-01	2001-04-01
2001-03-01	2	2001-05-01	2001-05-01
2001-03-01	5	2001-08-01	2001-08-01
2001-03-01	12	2002-03-01	2002-03-01
2001-03-01	25	2003-04-01	2003-04-01
2001-03-15	-25	1999-02-15	1999-02-15
2001-03-15	-12	2000-03-15	2000-03-15
2001-03-15	-5	2000-10-15	2000-10-15
2001-03-15	-2	2001-01-15	2001-01-15
2001-03-15	-1	2001-02-15	2001-02-15
2001-03-15	1	2001-04-15	2001-04-15
2001-03-15	2	2001-05-15	2001-05-15
2001-03-15	5	2001-08-15	2001-08-15
2001-03-15	12	2002-03-15	2002-03-15
2001-03-15	25	2003-04-15	2003-04-15
2001-03-32	-25	1999-02-32	1999-02-32
2001-03-32	-12	2000-03-31	2000-04-01
2001-03-32	-5	2000-10-30	2000-11-02
2001-03-32	-2	2001-01-31	2001-02-01
2001-03-32	-1	2001-02-31	2001-03-01
2001-03-32	1	2001-04-31	2001-05-01
2001-03-32	2	2001-05-31	2001-06-01
2001-03-32	5	2001-08-29	2001-09-03
2001-03-32	12	2002-03-32	2002-03-32
2001-03-32	25	2003-04-32	2003-04-32
2001-04-01	-25	1999-03-01	1999-03-01
2001-04-01	-12	2000-04-01	2000-04-01
2001-04-01	-5	2000-11-01	2000-11-01
2001-04-01	-2	2001-02-01	2001-02-01
2001-04-01	-1	2001-03-01	2001-03-01
2001-04-01	1	2001-05-01	2001-05-01
2001-04-01	2	2001-06-01	2001-06-01
2001-04-01	5	2001-09-01	2001-09-01
2001-04-01	12	2002-04-01	2002-04-01
2001-04-01	25	2003-05-01	2003-05-01
2001-04-15	-25	1999-03-15	1999-03-15
2001-04-15	-12	2000-04-15	2000-04-15
2001-04-15	-5	2000-11-15	2000-11-15
2001-04-15	-2	2001-02-15	2001-02-15
2001-04-15	-1	2001-03-15	2001-03-15
2001-04-15	1	2001-05-15	2001-05-15
2001-04-15	2	2001-06-15	2001-06-15
2001-04-15	5	2001-09-15	2001-09-15
2001-04-15	12	2002-04-15	2002-04-15
2001-04-15	25	2003-05-15	2003-05-15
2001-04-31	-25	1999-03-31	1999-03-31
2001-04-31	-12	2000-04-31	2000-04-31
2001-04-31	-5	2000-11-29	2000-12-02
2001-04-31	-2	2001-02-31	2001-02-31
2001-04-31	-1	2001-03-31	2001-03-31
2001-04-31	1	2001-05-31	2001-05-31
2001-04-31	2	2001-06-31	2001-06-31
2001-04-31	5	2001-09-30	2001-10-01
2001-04-31	12	2002-04-31	2002-04-31
2001-04-31	25	2003-05-31	2003-05-31
2001-05-01	-25	1999-04-01	1999-04-01
2001-05-01	-12	2000-05-01	2000-05-01
2001-05-01	-5	2000-12-01	2000-12-01
2001-05-01	-2	2001-03-01	2001-03-01
2001-05-01	-1	2001-04-01	2001-04-01
2001-05-01	1	2001-06-01	2001-06-01
2001-05-01	2	2001-07-01	2001-07-01
2001-05-01	5	2001-10-01	2001-10-01
2001-05-01	12	2002-05-01	2002-05-01
2001-05-01	25	2003-06-01	2003-06-01
2001-05-15	-25	1999-04-15	1999-04-15
2001-05-15	-12	2000-05-15	2000-05-15
2001-05-15	-5	2000-12-15	2000-12-15
2001-05-15	-2	2001-03-15	2001-03-15
2001-05-15	-1	2001-04-15	2001-04-15
2001-05-15	1	2001-06-15	2001-06-15
2001-05-15	2	2001-07-15	2001-07-15
2001-05-15	5	2001-10-15	2001-10-15
2001-05-15	12	2002-05-15	2002-05-15
2001-05-15	25	2003-06-15	2003-06-15
2001-05-31	-25	1999-04-31	1999-04-31
2001-05-31	-12	2000-05-31	2000-05-31
2001-05-31	-5	2000-12-31	2000-12-31
2001-05-31	-2	2001-03-31	2001-03-31
2001-05-31	-1	2001-04-31	2001-04-31
2001-05-31	1	2001-06-31	2001-06-31
2001-05-31	2	2001-07-30	2001-08-01
2001-05-31	5	2001-10-29	2001-11-02
2001-05-31	12	2002-05-31	2002-05-31
2001-05-31	25	2003-06-30	2003-07-01
2001-06-01	-25	1999-05-01	1999-05-01
2001-06-01	-12	2000-06-01	2000-06-01
2001-06-01	-5	2001-01-01	2001-01-01
2001-06-01	-2	2001-04-01	2001-04-01
2001-06-01	-1	2001-05-01	2001-05-01
2001-06-01	1	2001-07-01	2001-07-01
2001-06-01	2	2001-08-01	2001-08-01
2001-06-01	5	2001-11-01	2001-11-01
2001-06-01	12	2002-06-01	2002-06-01
2001-06-01	25	2003-07-01	2003-07-01
2001-06-15	-25	1999-05-15	1999-05-15
2001-06-15	-12	2000-06-15	2000-06-15
2001-06-15	-5	2001-01-15	2001-01-15
2001-06-15	-2	2001-04-15	2001-04-15
2001-06-15	-1	2001-05-15	2001-05-15
2001-06-15	1	2001-07-15	2001-07-15
2001-06-15	2	2001-08-15	2001-08-15
2001-06-15	5	2001-11-15	2001-11-15
2001-06-15	12	2002-06-15	2002-06-15
2001-06-15	25	2003-07-15	2003-07-15
2001-06-31	-25	1999-05-31	1999-05-31
2001-06-31	-12	2000-06-30	2000-07-01
2001-06-31	-5	2001-01-31	2001-01-31
2001-06-31	-2	2001-04-31	2001-04-31
2001-06-31	-1	2001-05-31	2001-05-31
2001-06-31	1	2001-07-30	2001-08-01
2001-06-31	2	2001-08-29	2001-09-02
2001-06-31	5	2001-11-30	2001-12-01
2001-06-31	12	2002-06-30	2002-07-01
2001-06-31	25	2003-07-30	2003-08-01
2001-07-01	-25	1999-06-01	1999-06-01
2001-07-01	-12	2000-07-01	2000-07-01
2001-07-01	-5	2001-02-01	2001-02-01
2001-07-01	-2	2001-05-01	2001-05-01
2001-07-01	-1	2001-06-01	2001-06-01
2001-07-01	1	2001-08-01	2001-08-01
2001-07-01	2	2001-09-01	2001-09-01
2001-07-01	5	2001-12-01	2001-12-01
2001-07-01	12	2002-07-01	2002-07-01
2001-07-01	25	2003-08-01	2003-08-01
2001-07-15	-25	1999-06-15	1999-06-15
2001-07-15	-12	2000-07-15	2000-07-15
2001-07-15	-5	2001-02-15	2001-02-15
2001-07-15	-2	2001-05-15	2001-05-15
2001-07-15	-1	2001-06-15	2001-06-15
2001-07-15	1	2001-08-15	2001-08-15
2001-07-15	2	2001-09-15	2001-09-15
2001-07-15	5	2001-12-15	2001-12-15
2001-07-15	12	2002-07-15	2002-07-15
2001-07-15	25	2003-08-15	2003-08-15
2001-07-30	-25	1999-06-30	1999-06-30
2001-07-30	-12	2000-07-30	2000-07-30
2001-07-30	-5	2001-02-30	2001-02-30
2001-07-30	-2	2001-05-30	2001-05-30
2001-07-30	-1	2001-06-30	2001-06-30
2001-07-30	1	2001-08-29	2001-09-01
2001-07-30	2	2001-09-30	2001-09-30
2001-07-30	5	2001-12-30	2001-12-30
2001-07-30	12	2002-07-30	2002-07-30
2001-07-30	25	2003-08-30	2003-08-30
2001-08-01	-25	1999-07-01	1999-07-01
2001-08-01	-12	2000-08-01	2000-08-01
2001-08-01	-5	2001-03-01	2001-03-01
2001-08-01	-2	2001-06-01	2001-06-01
2001-08-01	-1	2001-07-01	2001-07-01
2001-08-01	1	2001-09-01	2001-09-01
2001-08-01	2	2001-10-01	2001-10-01
2001-08-01	5	2002-01-01	2002-01-01
2001-08-01	12	2002-08-01	2002-08-01
2001-08-01	25	2003-09-01	2003-09-01
2001-08-15	-25	1999-07-15	1999-07-15
2001-08-15	-12	2000-08-15	2000-08-15
2001-08-15	-5	2001-03-15	2001-03-15
2001-08-15	-2	2001-06-15	2001-06-15
2001-08-15	-1	2001-07-15	2001-07-15
2001-08-15	1	2001-09-15	2001-09-15
2001-08-15	2	2001-10-15	2001-10-15
2001-08-15	5	2002-01-15	2002-01-15
2001-08-15	12	2002-08-15	2002-08-15
2001-08-15	25	2003-09-15	2003-09-15
2001-08-29	-25	1999-07-29	1999-07-29
2001-08-29	-12	2000-08-29	2000-08-29
2001-08-29	-5	2001-03-29	2001-03-29
2001-08-29	-2	2001-06-29	2001-06-29
2001-08-29	-1	2001-07-29	2001-07-29
2001-08-29	1	2001-09-29	2001-09-29
2001-08-29	2	2001-10-29	2001-10-29
2001-08-29	5	2002-01-29	2002-01-29
2001-08-29	12	2002-08-29	2002-08-29
2001-08-29	25	2003-09-29	2003-09-29
2001-09-01	-25	1999-08-01	1999-08-01
2001-09-01	-12	2000-09-01	2000-09-01
2001-09-01	-5	2001-04-01	2001-04-01
2001-09-01	-2	2001-07-01	2001-07-01
2001-09-01	-1	2001-08-01	2001-08-01
2001-09-01	1	2001-10-01	2001-10-01
2001-09-01	2	2001-11-01	2001-11-01
2001-09-01	5	2002-02-01	2002-02-01
2001-09-01	12	2002-09-01	2002-09-01
2001-09-01	25	2003-10-01	2003-10-01
2001-09-15	-25	1999-08-15	1999-08-15
2001-09-15	-12	2000-09-15	2000-09-15
2001-09-15	-5	2001-04-15	2001-04-15
2001-09-15	-2	2001-07-15	2001-07-15
2001-09-15	-1	2001-08-15	2001-08-15
2001-09-15	1	2001-10-15	2001-10-15
2001-09-15	2	2001-11-15	2001-11-15
2001-09-15	5	2002-02-15	2002-02-15
2001-09-15	12	2002-09-15	2002-09-15
2001-09-15	25	2003-10-15	2003-10-15
2001-09-30	-25	1999-08-30	1999-08-30
2001-09-30	-12	2000-09-29	2000-10-01
2001-09-30	-5	2001-04-30	2001-04-30
2001-09-30	-2	2001-07-30	2001-07-30
2001-09-30	-1	2001-08-29	2001-09-01
2001-09-30	1	2001-10-29	2001-11-01
2001-09-30	2	2001-11-30	2001-11-30
2001-09-30	5	2002-02-30	2002-02-30
2001-09-30	12	2002-09-30	2002-09-30
2001-09-30	25	2003-10-29	2003-11-01
2001-10-01	-25	1999-09-01	1999-09-01
2001-10-01	-12	2000-10-01	2000-10-01
2001-10-01	-5	2001-05-01	2001-05-01
2001-10-01	-2	2001-08-01	2001-08-01
2001-10-01	-1	2001-09-01	2001-09-01
2001-10-01	1	2001-11-01	2001-11-01
2001-10-01	2	2001-12-01	2001-12-01
2001-10-01	5	2002-03-01	2002-03-01
2001-10-01	12	2002-10-01	2002-10-01
2001-10-01	25	2003-11-01	2003-11-01
2001-10-15	-25	1999-09-15	1999-09-15
2001-10-15	-12	2000-10-15	2000-10-15
2001-10-15	-5	2001-05-15	2001-05-15
2001-10-15	-2	2001-08-15	2001-08-15
2001-10-15	-1	2001-09-15	2001-09-15
2001-10-15	1	2001-11-15	2001-11-15
2001-10-15	2	2001-12-15	2001-12-15
2001-10-15	5	2002-03-15	2002-03-15
2001-10-15	12	2002-10-15	2002-10-15
2001-10-15	25	2003-11-15	2003-11-15
2001-10-29	-25	1999-09-29	1999-09-29
2001-10-29	-12	2000-10-29	2000-10-29
2001-10-29	-5	2001-05-29	2001-05-29
2001-10-29	-2	2001-08-29	2001-08-29
2001-10-29	-1	2001-09-29	2001-09-29
2001-10-29	1	2001-11-29	2001-11-29
2001-10-29	2	2001-12-29	2001-12-29
2001-10-29	5	2002-03-29	2002-03-29
2001-10-29	12	2002-10-29	2002-10-29
2001-10-29	25	2003-11-29	2003-11-29
2001-11-01	-25	1999-10-01	1999-10-01
2001-11-01	-12	2000-11-01	2000-11-01
2001-11-01	-5	2001-06-01	2001-06-01
2001-11-01	-2	2001-09-01	2001-09-01
2001-11-01	-1	2001-10-01	2001-10-01
2001-11-01	1	2001-12-01	2001-12-01
2001-11-01	2	2002-01-01	2002-01-01
2001-11-01	5	2002-04-01	2002-04-01
2001-11-01	12	2002-11-01	2002-11-01
2001-11-01	25	2003-12-01	2003-12-01
2001-11-15	-25	1999-10-15	1999-10-15
2001-11-15	-12	2000-11-15	2000-11-15
2001-11-15	-5	2001-06-15	2001-06-15
2001-11-15	-2	2001-09-15	2001-09-15
2001-11-15	-1	2001-10-15	2001-10-15
2001-11-15	1	2001-12-15	2001-12-15
2001-11-15	2	2002-01-15	2002-01-15
2001-11-15	5	2002-04-15	2002-04-15
2001-11-15	12	2002-11-15	2002-11-15
2001-11-15	25	2003-12-15	2003-12-15
2001-11-30	-25	1999-10-29	1999-11-01
2001-11-30	-12	2000-11-29	2000-12-01
2001-11-30	-5	2001-06-30	2001-06-30
2001-11-30	-2	2001-09-30	2001-09-30
2001-11-30	-1	2001-10-29	2001-11-01
2001-11-30	1	2001-12-30	2001-12-30
2001-11-30	2	2002-01-30	2002-01-30
2001-11-30	5	2002-04-30	2002-04-30
2001-11-30	12	2002-11-30	2002-11-30
2001-11-30	25	2003-12-30	2003-12-30
2001-12-01	-25	1999-11-01	1999-11-01
2001-12-01	-12	2000-12-01	2000-12-01
2001-12-01	-5	2001-07-01	2001-07-01
2001-12-01	-2	2001-10-01	2001-10-01
2001-12-01	-1	2001-11-01	2001-11-01
2001-12-01	1	2002-01-01	2002-01-01
2001-12-01	2	2002-02-01	2002-02-01
2001-12-01	5	2002-05-01	2002-05-01
2001-12-01	12	2002-12-01	2002-12-01
2001-12-01	25	2004-01-01	2004-01-01
2001-12-15	-25	1999-11-15	1999-11-15
2001-12-15	-12	2000-12-15	2000-12-15
2001-12-15	-5	2001-07-15	2001-07-15
2001-12-15	-2	2001-10-15	2001-10-15
2001-12-15	-1	2001-11-15	2001-11-15
2001-12-15	1	2002-01-15	2002-01-15
2001-12-15	2	2002-02-15	2002-02-15
2001-12-15	5	2002-05-15	2002-05-15
2001-12-15	12	2002-12-15	2002-12-15
2001-12-15	25	2004-01-15	2004-01-15
2001-12-30	-25	1999-11-30	1999-11-30
2001-12-30	-12	2000-12-30	2000-12-30
2001-12-30	-5	2001-07-30	2001-07-30
2001-12-30	-2	2001-10-29	2001-11-01
2001-12-30	-1	2001-11-30	2001-11-30
2001-12-30	1	2002-01-30	2002-01-30
2001-12-30	2	2002-02-30	2002-02-30
2001-12-30	5	2002-05-30	2002-05-30
2001-12-30	12	2002-12-30	2002-12-30
2001-12-30	25	2004-01-30	2004-01-30
2002-07-20	-25	2000-06-20	2000-06-20
2002-07-20	-12	2001-07-20	2001-07-20
2002-07-20	-5	2002-02-20	2002-02-20
2002-07-20	-2	2002-05-20	2002-05-20
2002-07-20	-1	2002-06-20	2002-06-20
2002-07-20	1	2002-08-20	2002-08-20
2002-07-20	2	2002-09-20	2002-09-20
2002-07-20	5	2002-12-20	2002-12-20
2002-07-20	12	2003-07-20	2003-07-20
2002-07-20	25	2004-08-20	2004-08-20
2002-11-24	-25	2000-10-24	2000-10-24
2002-11-24	-12	2001-11-24	2001-11-24
2002-11-24	-5	2002-06-24	2002-06-24
2002-11-24	-2	2002-09-24	2002-09-24
2002-11-24	-1	2002-10-24	2002-10-24
2002-11-24	1	2002-12-24	2002-12-24
2002-11-24	2	2003-01-24	2003-01-24
2002-11-24	5	2003-04-24	2003-04-24
2002-11-24	12	2003-11-24	2003-11-24
2002-11-24	25	2004-12-24	2004-12-24
2003-10-24	-25	2001-09-24	2001-09-24
2003-10-24	-12	2002-10-24	2002-10-24
2003-10-24	-5	2003-05-24	2003-05-24
2003-10-24	-2	2003-08-24	2003-08-24
2003-10-24	-1	2003-09-24	2003-09-24
2003-10-24	1	2003-11-24	2003-11-24
2003-10-24	2	2003-12-24	2003-12-24
2003-10-24	5	2004-03-24	2004-03-24
2003-10-24	12	2004-10-24	2004-10-24
2003-10-24	25	2005-11-24	2005-11-24
2004-04-08	-25	2002-03-08	2002-03-08
2004-04-08	-12	2003-04-08	2003-04-08
2004-04-08	-5	2003-11-08	2003-11-08
2004-04-08	-2	2004-02-08	2004-02-08
2004-04-08	-1	2004-03-08	2004-03-08
2004-04-08	1	2004-05-08	2004-05-08
2004-04-08	2	2004-06-08	2004-06-08
2004-04-08	5	2004-09-08	2004-09-08
2004-04-08	12	2005-04-08	2005-04-08
2004-04-08	25	2006-05-08	2006-05-08
2005-01-05	-25	2002-12-05	2002-12-05
2005-01-05	-12	2004-01-05	2004-01-05
2005-01-05	-5	2004-08-05	2004-08-05
2005-01-05	-2	2004-11-05	2004-11-05
2005-01-05	-1	2004-12-05	2004-12-05
2005-01-05	1	2005-02-05	2005-02-05
2005-01-05	2	2005-03-05	2005-03-05
2005-01-05	5	2005-06-05	2005-06-05
2005-01-05	12	2006-01-05	2006-01-05
2005-01-05	25	2007-02-05	2007-02-05
2005-02-11	-25	2003-01-11	2003-01-11
2005-02-11	-12	2004-02-11	2004-02-11
2005-02-11	-5	2004-09-11	2004-09-11
2005-02-11	-2	2004-12-11	2004-12-11
2005-02-11	-1	2005-01-11	2005-01-11
2005-02-11	1	2005-03-11	2005-03-11
2005-02-11	2	2005-04-11	2005-04-11
2005-02-11	5	2005-07-11	2005-07-11
2005-02-11	12	2006-02-11	2006-02-11
2005-02-11	25	2007-03-11	2007-03-11
2005-12-11	-25	2003-11-11	2003-11-11
2005-12-11	-12	2004-12-11	2004-12-11
2005-12-11	-5	2005-07-11	2005-07-11
2005-12-11	-2	2005-10-11	2005-10-11
2005-12-11	-1	2005-11-11	2005-11-11
2005-12-11	1	2006-01-11	2006-01-11
2005-12-11	2	2006-02-11	2006-02-11
2005-12-11	5	2006-05-11	2006-05-11
2005-12-11	12	2006-12-11	2006-12-11
2005-12-11	25	2008-01-11	2008-01-11
2006-01-16	-25	2003-12-16	2003-12-16
2006-01-16	-12	2005-01-16	2005-01-16
2006-01-16	-5	2005-08-16	2005-08-16
2006-01-16	-2	2005-11-16	2005-11-16
2006-01-16	-1	2005-12-16	2005-12-16
2006-01-16	1	2006-02-16	2006-02-16
2006-01-16	2	2006-03-16	2006-03-16
2006-01-16	5	2006-06-16	2006-06-16
2006-01-16	12	2007-01-16	2007-01-16
2006-01-16	25	2008-02-16	2008-02-16
2007-05-07	-25	2005-04-07	2005-04-07
2007-05-07	-12	2006-05-07	2006-05-07
2007-05-07	-5	2006-12-07	2006-12-07
2007-05-07	-2	2007-03-07	2007-03-07
2007-05-07	-1	2007-04-07	2007-04-07
2007-05-07	1	2007-06-07	2007-06-07
2007-05-07	2	2007-07-07	2007-07-07
2007-05-07	5	2007-10-07	2007-10-07
2007-05-07	12	2008-05-07	2008-05-07
2007-05-07	25	2009-06-07	2009-06-07
2010-02-14	-25	2008-01-14	2008-01-14
2010-02-14	-12	2009-02-14	2009-02-14
2010-02-14	-5	2009-09-14	2009-09-14
2010-02-14	-2	2009-12-14	2009-12-14
2010-02-14	-1	2010-01-14	2010-01-14
2010-02-14	1	2010-03-14	2010-03-14
2010-02-14	2	2010-04-14	2010-04-14
2010-02-14	5	2010-07-14	2010-07-14
2010-02-14	12	2011-02-14	2011-02-14
2010-02-14	25	2012-03-14	2012-03-14
2010-03-06	-25	2008-02-06	2008-02-06
2010-03-06	-12	2009-03-06	2009-03-06
2010-03-06	-5	2009-10-06	2009-10-06
2010-03-06	-2	2010-01-06	2010-01-06
2010-03-06	-1	2010-02-06	2010-02-06
2010-03-06	1	2010-04-06	2010-04-06
2010-03-06	2	2010-05-06	2010-05-06
2010-03-06	5	2010-08-06	2010-08-06
2010-03-06	12	2011-03-06	2011-03-06
2010-03-06	25	2012-04-06	2012-04-06
2010-11-17	-25	2008-10-17	2008-10-17
2010-11-17	-12	2009-11-17	2009-11-17
2010-11-17	-5	2010-06-17	2010-06-17
2010-11-17	-2	2010-09-17	2010-09-17
2010-11-17	-1	2010-10-17	2010-10-17
2010-11-17	1	2010-12-17	2010-12-17
2010-11-17	2	2011-01-17	2011-01-17
2010-11-17	5	2011-04-17	2011-04-17
2010-11-17	12	2011-11-17	2011-11-17
2010-11-17	25	2012-12-17	2012-12-17
2012-06-11	-25	2010-05-11	2010-05-11
2012-06-11	-12	2011-06-11	2011-06-11
2012-06-11	-5	2012-01-11	2012-01-11
2012-06-11	-2	2012-04-11	2012-04-11
2012-06-11	-1	2012-05-11	2012-05-11
2012-06-11	1	2012-07-11	2012-07-11
2012-06-11	2	2012-08-11	2012-08-11
2012-06-11	5	2012-11-11	2012-11-11
2012-06-11	12	2013-06-11	2013-06-11
2012-06-11	25	2014-07-11	2014-07-11
2013-03-20	-25	2011-02-20	2011-02-20
2013-03-20	-12	2012-03-20	2012-03-20
2013-03-20	-5	2012-10-20	2012-10-20
2013-03-20	-2	2013-01-20	2013-01-20
2013-03-20	-1	2013-02-20	2013-02-20
2013-03-20	1	2013-04-20	2013-04-20
2013-03-20	2	2013-05-20	2013-05-20
2013-03-20	5	2013-08-20	2013-08-20
2013-03-20	12	2014-03-20	2014-03-20
2013-03-20	25	2015-04-20	2015-04-20
2014-11-28	-25	2012-10-28	2012-10-28
2014-11-28	-12	2013-11-28	2013-11-28
2014-11-28	-5	2014-06-28	2014-06-28
2014-11-28	-2	2014-09-28	2014-09-28
2014-11-28	-1	2014-10-28	2014-10-28
2014-11-28	1	2014-12-28	2014-12-28
2014-11-28	2	2015-01-28	2015-01-28
2014-11-28	5	2015-04-28	2015-04-28
2014-11-28	12	2015-11-28	2015-11-28
2014-11-28	25	2016-12-28	2016-12-28
2015-12-27	-25	2013-11-27	2013-11-27
2015-12-27	-12	2014-12-27	2014-12-27
2015-12-27	-5	2015-07-27	2015-07-27
2015-12-27	-2	2015-10-27	2015-10-27
2015-12-27	-1	2015-11-27	2015-11-27
2015-12-27	1	2016-01-27	2016-01-27
2015-12-27	2	2016-02-27	2016-02-27
2015-12-27	5	2016-05-27	2016-05-27
2015-12-27	12	2016-12-27	2016-12-27
2015-12-27	25	2018-01-27	2018-01-27
2016-09-25	-25	2014-08-25	2014-08-25
2016-09-25	-12	2015-09-25	2015-09-25
2016-09-25	-5	2016-04-25	2016-04-25
2016-09-25	-2	2016-07-25	2016-07-25
2016-09-25	-1	2016-08-25	2016-08-25
2016-09-25	1	2016-10-25	2016-10-25
2016-09-25	2	2016-11-25	2016-11-25
2016-09-25	5	2017-02-25	2017-02-25
2016-09-25	12	2017-09-25	2017-09-25
2016-09-25	25	2018-10-25	2018-10-25
2018-01-16	-25	2015-12-16	2015-12-16
2018-01-16	-12	2017-01-16	2017-01-16
2018-01-16	-5	2017-08-16	2017-08-16
2018-01-16	-2	2017-11-16	2017-11-16
2018-01-16	-1	2017-12-16	2017-12-16
2018-01-16	1	2018-02-16	2018-02-16
2018-01-16	2	2018-03-16	2018-03-16
2018-01-16	5	2018-06-16	2018-06-16
2018-01-16	12	2019-01-16	2019-01-16
2018-01-16	25	2020-02-16	2020-02-16
2019-11-03	-25	2017-10-03	2017-10-03
2019-11-03	-12	2018-11-03	2018-11-03
2019-11-03	-5	2019-06-03	2019-06-03
2019-11-03	-2	2019-09-03	2019-09-03
2019-11-03	-1	2019-10-03	2019-10-03
2019-11-03	1	2019-12-03	2019-12-03
2019-11-03	2	2020-01-03	2020-01-03
2019-11-03	5	2020-04-03	2020-04-03
2019-11-03	12	2020-11-03	2020-11-03
2019-11-03	25	2021-12-03	2021-12-03
2020-08-06	-25	2018-07-06	2018-07-06
2020-08-06	-12	2019-08-06	2019-08-06
2020-08-06	-5	2020-03-06	2020-03-06
2020-08-06	-2	2020-06-06	2020-06-06
2020-08-06	-1	2020-07-06	2020-07-06
2020-08-06	1	2020-09-06	2020-09-06
2020-08-06	2	2020-10-06	2020-10-06
2020-08-06	5	2021-01-06	2021-01-06
2020-08-06	12	2021-08-06	2021-08-06
2020-08-06	25	2022-09-06	2022-09-06
2020-10-20	-25	2018-09-20	2018-09-20
2020-10-20	-12	2019-10-20	2019-10-20
2020-10-20	-5	2020-05-20	2020-05-20
2020-10-20	-2	2020-08-20	2020-08-20
2020-10-20	-1	2020-09-20	2020-09-20
2020-10-20	1	2020-11-20	2020-11-20
2020-10-20	2	2020-12-20	2020-12-20
2020-10-20	5	2021-03-20	2021-03-20
2020-10-20	12	2021-10-20	2021-10-20
2020-10-20	25	2022-11-20	2022-11-20
2021-10-16	-25	2019-09-16	2019-09-16
2021-10-16	-12	2020-10-16	2020-10-16
2021-10-16	-5	2021-05-16	2021-05-16
2021-10-16	-2	2021-08-16	2021-08-16
2021-10-16	-1	2021-09-16	2021-09-16
2021-10-16	1	2021-11-16	2021-11-16
2021-10-16	2	2021-12-16	2021-12-16
2021-10-16	5	2022-03-16	2022-03-16
2021-10-16	12	2022-10-16	2022-10-16
2021-10-16	25	2023-11-16	2023-11-16
2023-11-11	-25	2021-10-11	2021-10-11
2023-11-11	-12	2022-11-11	2022-11-11
2023-11-11	-5	2023-06-11	2023-06-11
2023-11-11	-2	2023-09-11	2023-09-11
2023-11-11	-1	2023-10-11	2023-10-11
2023-11-11	1	2023-12-11	2023-12-11
2023-11-11	2	2024-01-11	2024-01-11
2023-11-11	5	2024-04-11	2024-04-11
2023-11-11	12	2024-11-11	2024-11-11
2023-11-11	25	2025-12-11	2025-12-11
2026-09-06	-25	2024-08-06	2024-08-06
2026-09-06	-12	2025-09-06	2025-09-06
2026-09-06	-5	2026-04-06	2026-04-06
2026-09-06	-2	2026-07-06	2026-07-06
2026-09-06	-1	2026-08-06	2026-08-06
2026-09-06	1	2026-10-06	2026-10-06
2026-09-06	2	2026-11-06	2026-11-06
2026-09-06	5	2027-02-06	2027-02-06
2026-09-06	12	2027-09-06	2027-09-06
2026-09-06	25	2028-10-06	2028-10-06
2026-09-21	-25	2024-08-21	2024-08-21
2026-09-21	-12	2025-09-21	2025-09-21
2026-09-21	-5	2026-04-21	2026-04-21
2026-09-21	-2	2026-07-21	2026-07-21
2026-09-21	-1	2026-08-21	2026-08-21
2026-09-21	1	2026-10-21	2026-10-21
2026-09-21	2	2026-11-21	2026-11-21
2026-09-21	5	2027-02-21	2027-02-21
2026-09-21	12	2027-09-21	2027-09-21
2026-09-21	25	2028-10-21	2028-10-21
2027-03-26	-25	2025-02-26	2025-02-26
2027-03-26	-12	2026-03-26	2026-03-26
2027-03-26	-5	2026-10-26	2026-10-26
2027-03-26	-2	2027-01-26	2027-01-26
2027-03-26	-1	2027-02-26	2027-02-26
2027-03-26	1	2027-04-26	2027-04-26
2027-03-26	2	2027-05-26	2027-05-26
2027-03-26	5	2027-08-26	2027-08-26
2027-03-26	12	2028-03-26	2028-03-26
2027-03-26	25	2029-04-26	2029-04-26
2031-08-21	-25	2029-07-21	2029-07-21
2031-08-21	-12	2030-08-21	2030-08-21
2031-08-21	-5	2031-03-21	2031-03-21
2031-08-21	-2	2031-06-21	2031-06-21
2031-08-21	-1	2031-07-21	2031-07-21
2031-08-21	1	2031-09-21	2031-09-21
2031-08-21	2	2031-10-21	2031-10-21
2031-08-21	5	2032-01-21	2032-01-21
2031-08-21	12	2032-08-21	2032-08-21
2031-08-21	25	2033-09-21	2033-09-21
2032-04-21	-25	2030-03-21	2030-03-21
2032-04-21	-12	2031-04-21	2031-04-21
2032-04-21	-5	2031-11-21	2031-11-21
2032-04-21	-2	2032-02-21	2032-02-21
2032-04-21	-1	2032-03-21	2032-03-21
2032-04-21	1	2032-05-21	2032-05-21
2032-04-21	2	2032-06-21	2032-06-21
2032-04-21	5	2032-09-21	2032-09-21
2032-04-21	12	2033-04-21	2033-04-21
2032-04-21	25	2034-05-21	2034-05-21
2034-01-11	-25	2031-12-11	2031-12-11
2034-01-11	-12	2033-01-11	2033-01-11
2034-01-11	-5	2033-08-11	2033-08-11
2034-01-11	-2	2033-11-11	2033-11-11
2034-01-11	-1	2033-12-11	2033-12-11
2034-01-11	1	2034-02-11	2034-02-11
2034-01-11	2	2034-03-11	2034-03-11
2034-01-11	5	2034-06-11	2034-06-11
2034-01-11	12	2035-01-11	2035-01-11
2034-01-11	25	2036-02-11	2036-02-11
2036-03-09	-25	2034-02-09	2034-02-09
2036-03-09	-12	2035-03-09	2035-03-09
2036-03-09	-5	2035-10-09	2035-10-09
2036-03-09	-2	2036-01-09	2036-01-09
2036-03-09	-1	2036-02-09	2036-02-09
2036-03-09	1	2036-04-09	2036-04-09
2036-03-09	2	2036-05-09	2036-05-09
2036-03-09	5	2036-08-09	2036-08-09
2036-03-09	12	2037-03-09	2037-03-09
2036-03-09	25	2038-04-09	2038-04-09
2036-09-04	-25	2034-08-04	2034-08-04
2036-09-04	-12	2035-09-04	2035-09-04
2036-09-04	-5	2036-04-04	2036-04-04
2036-09-04	-2	2036-07-04	2036-07-04
2036-09-04	-1	2036-08-04	2036-08-04
2036-09-04	1	2036-10-04	2036-10-04
2036-09-04	2	2036-11-04	2036-11-04
2036-09-04	5	2037-02-04	2037-02-04
2036-09-04	12	2037-09-04	2037-09-04
2036-09-04	25	2038-10-04	2038-10-04
2038-11-23	-25	2036-10-23	2036-10-23
2038-11-23	-12	2037-11-23	2037-11-23
2038-11-23	-5	2038-06-23	2038-06-23
2038-11-23	-2	2038-09-23	2038-09-23
2038-11-23	-1	2038-10-23	2038-10-23
2038-11-23	1	2038-12-23	2038-12-23
2038-11-23	2	2039-01-23	2039-01-23
2038-11-23	5	2039-04-23	2039-04-23
2038-11-23	12	2039-11-23	2039-11-23
2038-11-23	25	2040-12-23	2040-12-23
2039-08-14	-25	2037-07-14	2037-07-14
2039-08-14	-12	2038-08-14	2038-08-14
2039-08-14	-5	2039-03-14	2039-03-14
2039-08-14	-2	2039-06-14	2039-06-14
2039-08-14	-1	2039-07-14	2039-07-14
2039-08-14	1	2039-09-14	2039-09-14
2039-08-14	2	2039-10-14	2039-10-14
2039-08-14	5	2040-01-14	2040-01-14
2039-08-14	12	2040-08-14	2040-08-14
2039-08-14	25	2041-09-14	2041-09-14
2039-10-03	-25	2037-09-03	2037-09-03
2039-10-03	-12	2038-10-03	2038-10-03
2039-10-03	-5	2039-05-03	2039-05-03
2039-10-03	-2	2039-08-03	2039-08-03
2039-10-03	-1	2039-09-03	2039-09-03
2039-10-03	1	2039-11-03	2039-11-03
2039-10-03	2	2039-12-03	2039-12-03
2039-10-03	5	2040-03-03	2040-03-03
2039-10-03	12	2040-10-03	2040-10-03
2039-10-03	25	2041-11-03	2041-11-03
2040-07-02	-25	2038-06-02	2038-06-02
2040-07-02	-12	2039-07-02	2039-07-02
2040-07-02	-5	2040-02-02	2040-02-02
2040-07-02	-2	2040-05-02	2040-05-02
2040-07-02	-1	2040-06-02	2040-06-02
2040-07-02	1	2040-08-02	2040-08-02
2040-07-02	2	2040-09-02	2040-09-02
2040-07-02	5	2040-12-02	2040-12-02
2040-07-02	12	2041-07-02	2041-07-02
2040-07-02	25	2042-08-02	2042-08-02
2041-07-11	-25	2039-06-11	2039-06-11
2041-07-11	-12	2040-07-11	2040-07-11
2041-07-11	-5	2041-02-11	2041-02-11
2041-07-11	-2	2041-05-11	2041-05-11
2041-07-11	-1	2041-06-11	2041-06-11
2041-07-11	1	2041-08-11	2041-08-11
2041-07-11	2	2041-09-11	2041-09-11
2041-07-11	5	2041-12-11	2041-12-11
2041-07-11	12	2042-07-11	2042-07-11
2041-07-11	25	2043-08-11	2043-08-11
2041-11-12	-25	2039-10-12	2039-10-12
2041-11-12	-12	2040-11-12	2040-11-12
2041-11-12	-5	2041-06-12	2041-06-12
2041-11-12	-2	2041-09-12	2041-09-12
2041-11-12	-1	2041-10-12	2041-10-12
2041-11-12	1	2041-12-12	2041-12-12
2041-11-12	2	2042-01-12	2042-01-12
2041-11-12	5	2042-04-12	2042-04-12
2041-11-12	12	2042-11-12	2042-11-12
2041-11-12	25	2043-12-12	2043-12-12
2050-01-01	-25	2047-12-01	2047-12-01
2050-01-01	-12	2049-01-01	2049-01-01
2050-01-01	-5	2049-08-01	2049-08-01
2050-01-01	-2	2049-11-01	2049-11-01
2050-01-01	-1	2049-12-01	2049-12-01
2050-01-01	1	2050-02-01	2050-02-01
2050-01-01	2	2050-03-01	2050-03-01
2050-01-01	5	2050-06-01	2050-06-01
2050-01-01	12	2051-01-01	2051-01-01
2050-01-01	25	2052-02-01	2052-02-01
2050-01-15	-25	2047-12-15	2047-12-15
2050-01-15	-12	2049-01-15	2049-01-15
2050-01-15	-5	2049-08-15	2049-08-15
2050-01-15	-2	2049-11-15	2049-11-15
2050-01-15	-1	2049-12-15	2049-12-15
2050-01-15	1	2050-02-15	2050-02-15
2050-01-15	2	2050-03-15	2050-03-15
2050-01-15	5	2050-06-15	2050-06-15
2050-01-15	12	2051-01-15	2051-01-15
2050-01-15	25	2052-02-15	2052-02-15
2050-01-31	-25	2047-12-30	2048-01-01
2050-01-31	-12	2049-01-31	2049-01-31
2050-01-31	-5	2049-08-30	2049-09-01
2050-01-31	-2	2049-11-30	2049-12-01
2050-01-31	-1	2049-12-30	2050-01-01
2050-01-31	1	2050-02-31	2050-02-31
2050-01-31	2	2050-03-31	2050-03-31
2050-01-31	5	2050-06-30	2050-07-01
2050-01-31	12	2051-01-31	2051-01-31
2050-01-31	25	2052-02-31	2052-02-31
2050-02-01	-25	2048-01-01	2048-01-01
2050-02-01	-12	2049-02-01	2049-02-01
2050-02-01	-5	2049-09-01	2049-09-01
2050-02-01	-2	2049-12-01	2049-12-01
2050-02-01	-1	2050-01-01	2050-01-01
2050-02-01	1	2050-03-01	2050-03-01
2050-02-01	2	2050-04-01	2050-04-01
2050-02-01	5	2050-07-01	2050-07-01
2050-02-01	12	2051-02-01	2051-02-01
2050-02-01	25	2052-03-01	2052-03-01
2050-02-15	-25	2048-01-15	2048-01-15
2050-02-15	-12	2049-02-15	2049-02-15
2050-02-15	-5	2049-09-15	2049-09-15
2050-02-15	-2	2049-12-15	2049-12-15
2050-02-15	-1	2050-01-15	2050-01-15
2050-02-15	1	2050-03-15	2050-03-15
2050-02-15	2	2050-04-15	2050-04-15
2050-02-15	5	2050-07-15	2050-07-15
2050-02-15	12	2051-02-15	2051-02-15
2050-02-15	25	2052-03-15	2052-03-15
2050-02-32	-25	2048-01-31	2048-02-01
2050-02-32	-12	2049-02-32	2049-02-32
2050-02-32	-5	2049-09-29	2049-10-03
2050-02-32	-2	2049-12-30	2050-01-02
2050-02-32	-1	2050-01-31	2050-02-01
2050-02-32	1	2050-03-31	2050-04-01
2050-02-32	2	2050-04-32	2050-04-32
2050-02-32	5	2050-07-30	2050-08-02
2050-02-32	12	2051-02-31	2051-03-01
2050-02-32	25	2052-03-32	2052-03-32
2050-03-01	-25	2048-02-01	2048-02-01
2050-03-01	-12	2049-03-01	2049-03-01
2050-03-01	-5	2049-10-01	2049-10-01
2050-03-01	-2	2050-01-01	2050-01-01
2050-03-01	-1	2050-02-01	2050-02-01
2050-03-01	1	2050-04-01	2050-04-01
2050-03-01	2	2050-05-01	2050-05-01
2050-03-01	5	2050-08-01	2050-08-01
2050-03-01	12	2051-03-01	2051-03-01
2050-03-01	25	2052-04-01	2052-04-01
2050-03-15	-25	2048-02-15	2048-02-15
2050-03-15	-12	2049-03-15	2049-03-15
2050-03-15	-5	2049-10-15	2049-10-15
2050-03-15	-2	2050-01-15	2050-01-15
2050-03-15	-1	2050-02-15	2050-02-15
2050-03-15	1	2050-04-15	2050-04-15
2050-03-15	2	2050-05-15	2050-05-15
2050-03-15	5	2050-08-15	2050-08-15
2050-03-15	12	2051-03-15	2051-03-15
2050-03-15	25	2052-04-15	2052-04-15
2050-03-31	-25	2048-02-31	2048-02-31
2050-03-31	-12	2049-03-31	2049-03-31
2050-03-31	-5	2049-10-29	2049-11-02
2050-03-31	-2	2050-01-31	2050-01-31
2050-03-31	-1	2050-02-31	2050-02-31
2050-03-31	1	2050-04-31	2050-04-31
2050-03-31	2	2050-05-31	2050-05-31
2050-03-31	5	2050-08-30	2050-09-01
2050-03-31	12	2051-03-31	2051-03-31
2050-03-31	25	2052-04-31	2052-04-31
2050-04-01	-25	2048-03-01	2048-03-01
2050-04-01	-12	2049-04-01	2049-04-01
2050-04-01	-5	2049-11-01	2049-11-01
2050-04-01	-2	2050-02-01	2050-02-01
2050-04-01	-1	2050-03-01	2050-03-01
2050-04-01	1	2050-05-01	2050-05-01
2050-04-01	2	2050-06-01	2050-06-01
2050-04-01	5	2050-09-01	2050-09-01
2050-04-01	12	2051-04-01	2051-04-01
2050-04-01	25	2052-05-01	2052-05-01
2050-04-15	-25	2048-03-15	2048-03-15
2050-04-15	-12	2049-04-15	2049-04-15
2050-04-15	-5	2049-11-15	2049-11-15
2050-04-15	-2	2050-02-15	2050-02-15
2050-04-15	-1	2050-03-15	2050-03-15
2050-04-15	1	2050-05-15	2050-05-15
2050-04-15	2	2050-06-15	2050-06-15
2050-04-15	5	2050-09-15	2050-09-15
2050-04-15	12	2051-04-15	2051-04-15
2050-04-15	25	2052-05-15	2052-05-15
2050-04-32	-25	2048-03-32	2048-03-32
2050-04-32	-12	2049-04-32	2049-04-32
2050-04-32	-5	2049-11-30	2049-12-02
2050-04-32	-2	2050-02-32	2050-02-32
2050-04-32	-1	2050-03-31	2050-04-01
2050-04-32	1	2050-05-31	2050-06-01
2050-04-32	2	2050-06-30	2050-07-02
2050-04-32	5	2050-09-29	2050-10-03
2050-04-32	12	2051-04-32	2051-04-32
2050-04-32	25	2052-05-31	2052-06-01
2050-05-01	-25	2048-04-01	2048-04-01
2050-05-01	-12	2049-05-01	2049-05-01
2050-05-01	-5	2049-12-01	2049-12-01
2050-05-01	-2	2050-03-01	2050-03-01
2050-05-01	-1	2050-04-01	2050-04-01
2050-05-01	1	2050-06-01	2050-06-01
2050-05-01	2	2050-07-01	2050-07-01
2050-05-01	5	2050-10-01	2050-10-01
2050-05-01	12	2051-05-01	2051-05-01
2050-05-01	25	2052-06-01	2052-06-01
2050-05-13	-25	2048-04-13	2048-04-13
2050-05-13	-12	2049-05-13	2049-05-13
2050-05-13	-5	2049-12-13	2049-12-13
2050-05-13	-2	2050-03-13	2050-03-13
2050-05-13	-1	2050-04-13	2050-04-13
2050-05-13	1	2050-06-13	2050-06-13
2050-05-13	2	2050-07-13	2050-07-13
2050-05-13	5	2050-10-13	2050-10-13
2050-05-13	12	2051-05-13	2051-05-13
2050-05-13	25	2052-06-13	2052-06-13
2050-05-15	-25	2048-04-15	2048-04-15
2050-05-15	-12	2049-05-15	2049-05-15
2050-05-15	-5	2049-12-15	2049-12-15
2050-05-15	-2	2050-03-15	2050-03-15
2050-05-15	-1	2050-04-15	2050-04-15
2050-05-15	1	2050-06-15	2050-06-15
2050-05-15	2	2050-07-15	2050-07-15
2050-05-15	5	2050-10-15	2050-10-15
2050-05-15	12	2051-05-15	2051-05-15
2050-05-15	25	2052-06-15	2052-06-15
2050-05-31	-25	2048-04-31	2048-04-31
2050-05-31	-12	2049-05-31	2049-05-31
2050-05-31	-5	2049-12-30	2050-01-01
2050-05-31	-2	2050-03-31	2050-03-31
2050-05-31	-1	2050-04-31	2050-04-31
2050-05-31	1	2050-06-30	2050-07-01
2050-05-31	2	2050-07-30	2050-08-01
2050-05-31	5	2050-10-30	2050-11-01
2050-05-31	12	2051-05-31	2051-05-31
2050-05-31	25	2052-06-31	2052-06-31
2050-06-01	-25	2048-05-01	2048-05-01
2050-06-01	-12	2049-06-01	2049-06-01
2050-06-01	-5	2050-01-01	2050-01-01
2050-06-01	-2	2050-04-01	2050-04-01
2050-06-01	-1	2050-05-01	2050-05-01
2050-06-01	1	2050-07-01	2050-07-01
2050-06-01	2	2050-08-01	2050-08-01
2050-06-01	5	2050-11-01	2050-11-01
2050-06-01	12	2051-06-01	2051-06-01
2050-06-01	25	2052-07-01	2052-07-01
2050-06-15	-25	2048-05-15	2048-05-15
2050-06-15	-12	2049-06-15	2049-06-15
2050-06-15	-5	2050-01-15	2050-01-15
2050-06-15	-2	2050-04-15	2050-04-15
2050-06-15	-1	2050-05-15	2050-05-15
2050-06-15	1	2050-07-15	2050-07-15
2050-06-15	2	2050-08-15	2050-08-15
2050-06-15	5	2050-11-15	2050-11-15
2050-06-15	12	2051-06-15	2051-06-15
2050-06-15	25	2052-07-15	2052-07-15
2050-06-30	-25	2048-05-30	2048-05-30
2050-06-30	-12	2049-06-30	2049-06-30
2050-06-30	-5	2050-01-30	2050-01-30
2050-06-30	-2	2050-04-30	2050-04-30
2050-06-30	-1	2050-05-30	2050-05-30
2050-06-30	1	2050-07-30	2050-07-30
2050-06-30	2	2050-08-30	2050-08-30
2050-06-30	5	2050-11-29	2050-12-01
2050-06-30	12	2051-06-30	2051-06-30
2050-06-30	25	2052-07-30	2052-07-30
2050-07-01	-25	2048-06-01	2048-06-01
2050-07-01	-12	2049-07-01	2049-07-01
2050-07-01	-5	2050-02-01	2050-02-01
2050-07-01	-2	2050-05-01	2050-05-01
2050-07-01	-1	2050-06-01	2050-06-01
2050-07-01	1	2050-08-01	2050-08-01
2050-07-01	2	2050-09-01	2050-09-01
2050-07-01	5	2050-12-01	2050-12-01
2050-07-01	12	2051-07-01	2051-07-01
2050-07-01	25	2052-08-01	2052-08-01
2050-07-15	-25	2048-06-15	2048-06-15
2050-07-15	-12	2049-07-15	2049-07-15
2050-07-15	-5	2050-02-15	2050-02-15
2050-07-15	-2	2050-05-15	2050-05-15
2050-07-15	-1	2050-06-15	2050-06-15
2050-07-15	1	2050-08-15	2050-08-15
2050-07-15	2	2050-09-15	2050-09-15
2050-07-15	5	2050-12-15	2050-12-15
2050-07-15	12	2051-07-15	2051-07-15
2050-07-15	25	2052-08-15	2052-08-15
2050-07-30	-25	2048-06-30	2048-06-30
2050-07-30	-12	2049-07-30	2049-07-30
2050-07-30	-5	2050-02-30	2050-02-30
2050-07-30	-2	2050-05-30	2050-05-30
2050-07-30	-1	2050-06-30	2050-06-30
2050-07-30	1	2050-08-30	2050-08-30
2050-07-30	2	2050-09-29	2050-10-01
2050-07-30	5	2050-12-30	2050-12-30
2050-07-30	12	2051-07-30	2051-07-30
2050-07-30	25	2052-08-29	2052-09-01
2050-08-01	-25	2048-07-01	2048-07-01
2050-08-01	-12	2049-08-01	2049-08-01
2050-08-01	-5	2050-03-01	2050-03-01
2050-08-01	-2	2050-06-01	2050-06-01
2050-08-01	-1	2050-07-01	2050-07-01
2050-08-01	1	2050-09-01	2050-09-01
2050-08-01	2	2050-10-01	2050-10-01
2050-08-01	5	2051-01-01	2051-01-01
2050-08-01	12	2051-08-01	2051-08-01
2050-08-01	25	2052-09-01	2052-09-01
2050-08-15	-25	2048-07-15	2048-07-15
2050-08-15	-12	2049-08-15	2049-08-15
2050-08-15	-5	2050-03-15	2050-03-15
2050-08-15	-2	2050-06-15	2050-06-15
2050-08-15	-1	2050-07-15	2050-07-15
2050-08-15	1	2050-09-15	2050-09-15
2050-08-15	2	2050-10-15	2050-10-15
2050-08-15	5	2051-01-15	2051-01-15
2050-08-15	12	2051-08-15	2051-08-15
2050-08-15	25	2052-09-15	2052-09-15
2050-08-30	-25	2048-07-30	2048-07-30
2050-08-30	-12	2049-08-30	2049-08-30
2050-08-30	-5	2050-03-30	2050-03-30
2050-08-30	-2	2050-06-30	2050-06-30
2050-08-30	-1	2050-07-30	2050-07-30
2050-08-30	1	2050-09-29	2050-10-01
2050-08-30	2	2050-10-30	2050-10-30
2050-08-30	5	2051-01-30	2051-01-30
2050-08-30	12	2051-08-29	2051-09-01
2050-08-30	25	2052-09-30	2052-09-30
2050-09-01	-25	2048-08-01	2048-08-01
2050-09-01	-12	2049-09-01	2049-09-01
2050-09-01	-5	2050-04-01	2050-04-01
2050-09-01	-2	2050-07-01	2050-07-01
2050-09-01	-1	2050-08-01	2050-08-01
2050-09-01	1	2050-10-01	2050-10-01
2050-09-01	2	2050-11-01	2050-11-01
2050-09-01	5	2051-02-01	2051-02-01
2050-09-01	12	2051-09-01	2051-09-01
2050-09-01	25	2052-10-01	2052-10-01
2050-09-15	-25	2048-08-15	2048-08-15
2050-09-15	-12	2049-09-15	2049-09-15
2050-09-15	-5	2050-04-15	2050-04-15
2050-09-15	-2	2050-07-15	2050-07-15
2050-09-15	-1	2050-08-15	2050-08-15
2050-09-15	1	2050-10-15	2050-10-15
2050-09-15	2	2050-11-15	2050-11-15
2050-09-15	5	2051-02-15	2051-02-15
2050-09-15	12	2051-09-15	2051-09-15
2050-09-15	25	2052-10-15	2052-10-15
2050-09-29	-25	2048-08-29	2048-08-29
2050-09-29	-12	2049-09-29	2049-09-29
2050-09-29	-5	2050-04-29	2050-04-29
2050-09-29	-2	2050-07-29	2050-07-29
2050-09-29	-1	2050-08-29	2050-08-29
2050-09-29	1	2050-10-29	2050-10-29
2050-09-29	2	2050-11-29	2050-11-29
2050-09-29	5	2051-02-29	2051-02-29
2050-09-29	12	2051-09-29	2051-09-29
2050-09-29	25	2052-10-29	2052-10-29
2050-10-01	-25	2048-09-01	2048-09-01
2050-10-01	-12	2049-10-01	2049-10-01
2050-10-01	-5	2050-05-01	2050-05-01
2050-10-01	-2	2050-08-01	2050-08-01
2050-10-01	-1	2050-09-01	2050-09-01
2050-10-01	1	2050-11-01	2050-11-01
2050-10-01	2	2050-12-01	2050-12-01
2050-10-01	5	2051-03-01	2051-03-01
2050-10-01	12	2051-10-01	2051-10-01
2050-10-01	25	2052-11-01	2052-11-01
2050-10-06	-25	2048-09-06	2048-09-06
2050-10-06	-12	2049-10-06	2049-10-06
2050-10-06	-5	2050-05-06	2050-05-06
2050-10-06	-2	2050-08-06	2050-08-06
2050-10-06	-1	2050-09-06	2050-09-06
2050-10-06	1	2050-11-06	2050-11-06
2050-10-06	2	2050-12-06	2050-12-06
2050-10-06	5	2051-03-06	2051-03-06
2050-10-06	12	2051-10-06	2051-10-06
2050-10-06	25	2052-11-06	2052-11-06
2050-10-15	-25	2048-09-15	2048-09-15
2050-10-15	-12	2049-10-15	2049-10-15
2050-10-15	-5	2050-05-15	2050-05-15
2050-10-15	-2	2050-08-15	2050-08-15
2050-10-15	-1	2050-09-15	2050-09-15
2050-10-15	1	2050-11-15	2050-11-15
2050-10-15	2	2050-12-15	2050-12-15
2050-10-15	5	2051-03-15	2051-03-15
2050-10-15	12	2051-10-15	2051-10-15
2050-10-15	25	2052-11-15	2052-11-15
2050-10-30	-25	2048-09-30	2048-09-30
2050-10-30	-12	2049-10-29	2049-11-01
2050-10-30	-5	2050-05-30	2050-05-30
2050-10-30	-2	2050-08-30	2050-08-30
2050-10-30	-1	2050-09-29	2050-10-01
2050-10-30	1	2050-11-29	2050-12-01
2050-10-30	2	2050-12-30	2050-12-30
2050-10-30	5	2051-03-30	2051-03-30
2050-10-30	12	2051-10-29	2051-11-01
2050-10-30	25	2052-11-30	2052-11-30
2050-11-01	-25	2048-10-01	2048-10-01
2050-11-01	-12	2049-11-01	2049-11-01
2050-11-01	-5	2050-06-01	2050-06-01
2050-11-01	-2	2050-09-01	2050-09-01
2050-11-01	-1	2050-10-01	2050-10-01
2050-11-01	1	2050-12-01	2050-12-01
2050-11-01	2	2051-01-01	2051-01-01
2050-11-01	5	2051-04-01	2051-04-01
2050-11-01	12	2051-11-01	2051-11-01
2050-11-01	25	2052-12-01	2052-12-01
2050-11-15	-25	2048-10-15	2048-10-15
2050-11-15	-12	2049-11-15	2049-11-15
2050-11-15	-5	2050-06-15	2050-06-15
2050-11-15	-2	2050-09-15	2050-09-15
2050-11-15	-1	2050-10-15	2050-10-15
2050-11-15	1	2050-12-15	2050-12-15
2050-11-15	2	2051-01-15	2051-01-15
2050-11-15	5	2051-04-15	2051-04-15
2050-11-15	12	2051-11-15	2051-11-15
2050-11-15	25	2052-12-15	2052-12-15
2050-11-29	-25	2048-10-29	2048-10-29
2050-11-29	-12	2049-11-29	2049-11-29
2050-11-29	-5	2050-06-29	2050-06-29
2050-11-29	-2	2050-09-29	2050-09-29
2050-11-29	-1	2050-10-29	2050-10-29
2050-11-29	1	2050-12-29	2050-12-29
2050-11-29	2	2051-01-29	2051-01-29
2050-11-29	5	2051-04-29	2051-04-29
2050-11-29	12	2051-11-29	2051-11-29
2050-11-29	25	2052-12-29	2052-12-29
2050-12-01	-25	2048-11-01	2048-11-01
2050-12-01	-12	2049-12-01	2049-12-01
2050-12-01	-5	2050-07-01	2050-07-01
2050-12-01	-2	2050-10-01	2050-10-01
2050-12-01	-1	2050-11-01	2050-11-01
2050-12-01	1	2051-01-01	2051-01-01
2050-12-01	2	2051-02-01	2051-02-01
2050-12-01	5	2051-05-01	2051-05-01
2050-12-01	12	2051-12-01	2051-12-01
2050-12-01	25	2053-01-01	2053-01-01
2050-12-15	-25	2048-11-15	2048-11-15
2050-12-15	-12	2049-12-15	2049-12-15
2050-12-15	-5	2050-07-15	2050-07-15
2050-12-15	-2	2050-10-15	2050-10-15
2050-12-15	-1	2050-11-15	2050-11-15
2050-12-15	1	2051-01-15	2051-01-15
2050-12-15	2	2051-02-15	2051-02-15
2050-12-15	5	2051-05-15	2051-05-15
2050-12-15	12	2051-12-15	2051-12-15
2050-12-15	25	2053-01-15	2053-01-15
2050-12-31	-25	2048-11-30	2048-12-01
2050-12-31	-12	2049-12-30	2050-01-01
2050-12-31	-5	2050-07-30	2050-08-01
2050-12-31	-2	2050-10-30	2050-11-01
2050-12-31	-1	2050-11-29	2050-12-02
2050-12-31	1	2051-01-31	2051-01-31
2050-12-31	2	2051-02-31	2051-02-31
2050-12-31	5	2051-05-31	2051-05-31
2050-12-31	12	2051-12-30	2052-01-01
2050-12-31	25	2053-01-31	2053-01-31
2052-03-02	-25	2050-02-02	2050-02-02
2052-03-02	-12	2051-03-02	2051-03-02
2052-03-02	-5	2051-10-02	2051-10-02
2052-03-02	-2	2052-01-02	2052-01-02
2052-03-02	-1	2052-02-02	2052-02-02
2052-03-02	1	2052-04-02	2052-04-02
2052-03-02	2	2052-05-02	2052-05-02
2052-03-02	5	2052-08-02	2052-08-02
2052-03-02	12	2053-03-02	2053-03-02
2052-03-02	25	2054-04-02	2054-04-02
2054-04-31	-25	2052-03-31	2052-03-31
2054-04-31	-12	2053-04-31	2053-04-31
2054-04-31	-5	2053-11-30	2053-12-01
2054-04-31	-2	2054-02-31	2054-02-31
2054-04-31	-1	2054-03-31	2054-03-31
2054-04-31	1	2054-05-31	2054-05-31
2054-04-31	2	2054-06-30	2054-07-01
2054-04-31	5	2054-09-29	2054-10-02
2054-04-31	12	2055-04-31	2055-04-31
2054-04-31	25	2056-05-31	2056-05-31
2054-05-08	-25	2052-04-08	2052-04-08
2054-05-08	-12	2053-05-08	2053-05-08
2054-05-08	-5	2053-12-08	2053-12-08
2054-05-08	-2	2054-03-08	2054-03-08
2054-05-08	-1	2054-04-08	2054-04-08
2054-05-08	1	2054-06-08	2054-06-08
2054-05-08	2	2054-07-08	2054-07-08
2054-05-08	5	2054-10-08	2054-10-08
2054-05-08	12	2055-05-08	2055-05-08
2054-05-08	25	2056-06-08	2056-06-08
2054-07-09	-25	2052-06-09	2052-06-09
2054-07-09	-12	2053-07-09	2053-07-09
2054-07-09	-5	2054-02-09	2054-02-09
2054-07-09	-2	2054-05-09	2054-05-09
2054-07-09	-1	2054-06-09	2054-06-09
2054-07-09	1	2054-08-09	2054-08-09
2054-07-09	2	2054-09-09	2054-09-09
2054-07-09	5	2054-12-09	2054-12-09
2054-07-09	12	2055-07-09	2055-07-09
2054-07-09	25	2056-08-09	2056-08-09
2055-03-32	-25	2053-02-32	2053-02-32
2055-03-32	-12	2054-03-31	2054-04-01
2055-03-32	-5	2054-10-30	2054-11-02
2055-03-32	-2	2055-01-31	2055-02-01
2055-03-32	-1	2055-02-31	2055-03-01
2055-03-32	1	2055-04-31	2055-05-01
2055-03-32	2	2055-05-31	2055-06-01
2055-03-32	5	2055-08-29	2055-09-03
2055-03-32	12	2056-03-32	2056-03-32
2055-03-32	25	2057-04-32	2057-04-32
2055-05-24	-25	2053-04-24	2053-04-24
2055-05-24	-12	2054-05-24	2054-05-24
2055-05-24	-5	2054-12-24	2054-12-24
2055-05-24	-2	2055-03-24	2055-03-24
2055-05-24	-1	2055-04-24	2055-04-24
2055-05-24	1	2055-06-24	2055-06-24
2055-05-24	2	2055-07-24	2055-07-24
2055-05-24	5	2055-10-24	2055-10-24
2055-05-24	12	2056-05-24	2056-05-24
2055-05-24	25	2057-06-24	2057-06-24
2055-09-16	-25	2053-08-16	2053-08-16
2055-09-16	-12	2054-09-16	2054-09-16
2055-09-16	-5	2055-04-16	2055-04-16
2055-09-16	-2	2055-07-16	2055-07-16
2055-09-16	-1	2055-08-16	2055-08-16
2055-09-16	1	2055-10-16	2055-10-16
2055-09-16	2	2055-11-16	2055-11-16
2055-09-16	5	2056-02-16	2056-02-16
2055-09-16	12	2056-09-16	2056-09-16
2055-09-16	25	2057-10-16	2057-10-16
2056-11-03	-25	2054-10-03	2054-10-03
2056-11-03	-12	2055-11-03	2055-11-03
2056-11-03	-5	2056-06-03	2056-06-03
2056-11-03	-2	2056-09-03	2056-09-03
2056-11-03	-1	2056-10-03	2056-10-03
2056-11-03	1	2056-12-03	2056-12-03
2056-11-03	2	2057-01-03	2057-01-03
2056-11-03	5	2057-04-03	2057-04-03
2056-11-03	12	2057-11-03	2057-11-03
2056-11-03	25	2058-12-03	2058-12-03
2057-01-16	-25	2054-12-16	2054-12-16
2057-01-16	-12	2056-01-16	2056-01-16
2057-01-16	-5	2056-08-16	2056-08-16
2057-01-16	-2	2056-11-16	2056-11-16
2057-01-16	-1	2056-12-16	2056-12-16
2057-01-16	1	2057-02-16	2057-02-16
2057-01-16	2	2057-03-16	2057-03-16
2057-01-16	5	2057-06-16	2057-06-16
2057-01-16	12	2058-01-16	2058-01-16
2057-01-16	25	2059-02-16	2059-02-16
2057-04-19	-25	2055-03-19	2055-03-19
2057-04-19	-12	2056-04-19	2056-04-19
2057-04-19	-5	2056-11-19	2056-11-19
2057-04-19	-2	2057-02-19	2057-02-19
2057-04-19	-1	2057-03-19	2057-03-19
2057-04-19	1	2057-05-19	2057-05-19
2057-04-19	2	2057-06-19	2057-06-19
2057-04-19	5	2057-09-19	2057-09-19
2057-04-19	12	2058-04-19	2058-04-19
2057-04-19	25	2059-05-19	2059-05-19
2058-02-26	-25	2056-01-26	2056-01-26
2058-02-26	-12	2057-02-26	2057-02-26
2058-02-26	-5	2057-09-26	2057-09-26
2058-02-26	-2	2057-12-26	2057-12-26
2058-02-26	-1	2058-01-26	2058-01-26
2058-02-26	1	2058-03-26	2058-03-26
2058-02-26	2	2058-04-26	2058-04-26
2058-02-26	5	2058-07-26	2058-07-26
2058-02-26	12	2059-02-26	2059-02-26
2058-02-26	25	2060-03-26	2060-03-26
2059-05-28	-25	2057-04-28	2057-04-28
2059-05-28	-12	2058-05-28	2058-05-28
2059-05-28	-5	2058-12-28	2058-12-28
2059-05-28	-2	2059-03-28	2059-03-28
2059-05-28	-1	2059-04-28	2059-04-28
2059-05-28	1	2059-06-28	2059-06-28
2059-05-28	2	2059-07-28	2059-07-28
2059-05-28	5	2059-10-28	2059-10-28
2059-05-28	12	2060-05-28	2060-05-28
2059-05-28	25	2061-06-28	2061-06-28
2060-03-03	-25	2058-02-03	2058-02-03
2060-03-03	-12	2059-03-03	2059-03-03
2060-03-03	-5	2059-10-03	2059-10-03
2060-03-03	-2	2060-01-03	2060-01-03
2060-03-03	-1	2060-02-03	2060-02-03
2060-03-03	1	2060-04-03	2060-04-03
2060-03-03	2	2060-05-03	2060-05-03
2060-03-03	5	2060-08-03	2060-08-03
2060-03-03	12	2061-03-03	2061-03-03
2060-03-03	25	2062-04-03	2062-04-03
2061-03-04	-25	2059-02-04	2059-02-04
2061-03-04	-12	2060-03-04	2060-03-04
2061-03-04	-5	2060-10-04	2060-10-04
2061-03-04	-2	2061-01-04	2061-01-04
2061-03-04	-1	2061-02-04	2061-02-04
2061-03-04	1	2061-04-04	2061-04-04
2061-03-04	2	2061-05-04	2061-05-04
2061-03-04	5	2061-08-04	2061-08-04
2061-03-04	12	2062-03-04	2062-03-04
2061-03-04	25	2063-04-04	2063-04-04
2062-06-09	-25	2060-05-09	2060-05-09
2062-06-09	-12	2061-06-09	2061-06-09
2062-06-09	-5	2062-01-09	2062-01-09
2062-06-09	-2	2062-04-09	2062-04-09
2062-06-09	-1	2062-05-09	2062-05-09
2062-06-09	1	2062-07-09	2062-07-09
2062-06-09	2	2062-08-09	2062-08-09
2062-06-09	5	2062-11-09	2062-11-09
2062-06-09	12	2063-06-09	2063-06-09
2062-06-09	25	2064-07-09	2064-07-09
2063-02-12	-25	2061-01-12	2061-01-12
2063-02-12	-12	2062-02-12	2062-02-12
2063-02-12	-5	2062-09-12	2062-09-12
2063-02-12	-2	2062-12-12	2062-12-12
2063-02-12	-1	2063-01-12	2063-01-12
2063-02-12	1	2063-03-12	2063-03-12
2063-02-12	2	2063-04-12	2063-04-12
2063-02-12	5	2063-07-12	2063-07-12
2063-02-12	12	2064-02-12	2064-02-12
2063-02-12	25	2065-03-12	2065-03-12
2063-05-08	-25	2061-04-08	2061-04-08
2063-05-08	-12	2062-05-08	2062-05-08
2063-05-08	-5	2062-12-08	2062-12-08
2063-05-08	-2	2063-03-08	2063-03-08
2063-05-08	-1	2063-04-08	2063-04-08
2063-05-08	1	2063-06-08	2063-06-08
2063-05-08	2	2063-07-08	2063-07-08
2063-05-08	5	2063-10-08	2063-10-08
2063-05-08	12	2064-05-08	2064-05-08
2063-05-08	25	2065-06-08	2065-06-08
2064-01-22	-25	2061-12-22	2061-12-22
2064-01-22	-12	2063-01-22	2063-01-22
2064-01-22	-5	2063-08-22	2063-08-22
2064-01-22	-2	2063-11-22	2063-11-22
2064-01-22	-1	2063-12-22	2063-12-22
2064-01-22	1	2064-02-22	2064-02-22
2064-01-22	2	2064-03-22	2064-03-22
2064-01-22	5	2064-06-22	2064-06-22
2064-01-22	12	2065-01-22	2065-01-22
2064-01-22	25	2066-02-22	2066-02-22
2066-01-24	-25	2063-12-24	2063-12-24
2066-01-24	-12	2065-01-24	2065-01-24
2066-01-24	-5	2065-08-24	2065-08-24
2066-01-24	-2	2065-11-24	2065-11-24
2066-01-24	-1	2065-12-24	2065-12-24
2066-01-24	1	2066-02-24	2066-02-24
2066-01-24	2	2066-03-24	2066-03-24
2066-01-24	5	2066-06-24	2066-06-24
2066-01-24	12	2067-01-24	2067-01-24
2066-01-24	25	2068-02-24	2068-02-24
2067-04-18	-25	2065-03-18	2065-03-18
2067-04-18	-12	2066-04-18	2066-04-18
2067-04-18	-5	2066-11-18	2066-11-18
2067-04-18	-2	2067-02-18	2067-02-18
2067-04-18	-1	2067-03-18	2067-03-18
2067-04-18	1	2067-05-18	2067-05-18
2067-04-18	2	2067-06-18	2067-06-18
2067-04-18	5	2067-09-18	2067-09-18
2067-04-18	12	2068-04-18	2068-04-18
2067-04-18	25	2069-05-18	2069-05-18
2068-06-03	-25	2066-05-03	2066-05-03
2068-06-03	-12	2067-06-03	2067-06-03
2068-06-03	-5	2068-01-03	2068-01-03
2068-06-03	-2	2068-04-03	2068-04-03
2068-06-03	-1	2068-05-03	2068-05-03
2068-06-03	1	2068-07-03	2068-07-03
2068-06-03	2	2068-08-03	2068-08-03
2068-06-03	5	2068-11-03	2068-11-03
2068-06-03	12	2069-06-03	2069-06-03
2068-06-03	25	2070-07-03	2070-07-03
2073-07-26	-25	2071-06-26	2071-06-26
2073-07-26	-12	2072-07-26	2072-07-26
2073-07-26	-5	2073-02-26	2073-02-26
2073-07-26	-2	2073-05-26	2073-05-26
2073-07-26	-1	2073-06-26	2073-06-26
2073-07-26	1	2073-08-26	2073-08-26
2073-07-26	2	2073-09-26	2073-09-26
2073-07-26	5	2073-12-26	2073-12-26
2073-07-26	12	2074-07-26	2074-07-26
2073-07-26	25	2075-08-26	2075-08-26
2074-03-20	-25	2072-02-20	2072-02-20
2074-03-20	-12	2073-03-20	2073-03-20
2074-03-20	-5	2073-10-20	2073-10-20
2074-03-20	-2	2074-01-20	2074-01-20
2074-03-20	-1	2074-02-20	2074-02-20
2074-03-20	1	2074-04-20	2074-04-20
2074-03-20	2	2074-05-20	2074-05-20
2074-03-20	5	2074-08-20	2074-08-20
2074-03-20	12	2075-03-20	2075-03-20
2074-03-20	25	2076-04-20	2076-04-20
2074-06-24	-25	2072-05-24	2072-05-24
2074-06-24	-12	2073-06-24	2073-06-24
2074-06-24	-5	2074-01-24	2074-01-24
2074-06-24	-2	2074-04-24	2074-04-24
2074-06-24	-1	2074-05-24	2074-05-24
2074-06-24	1	2074-07-24	2074-07-24
2074-06-24	2	2074-08-24	2074-08-24
2074-06-24	5	2074-11-24	2074-11-24
2074-06-24	12	2075-06-24	2075-06-24
2074-06-24	25	2076-07-24	2076-07-24
2074-12-08	-25	2072-11-08	2072-11-08
2074-12-08	-12	2073-12-08	2073-12-08
2074-12-08	-5	2074-07-08	2074-07-08
2074-12-08	-2	2074-10-08	2074-10-08
2074-12-08	-1	2074-11-08	2074-11-08
2074-12-08	1	2075-01-08	2075-01-08
2074-12-08	2	2075-02-08	2075-02-08
2074-12-08	5	2075-05-08	2075-05-08
2074-12-08	12	2075-12-08	2075-12-08
2074-12-08	25	2077-01-08	2077-01-08
2075-05-09	-25	2073-04-09	2073-04-09
2075-05-09	-12	2074-05-09	2074-05-09
2075-05-09	-5	2074-12-09	2074-12-09
2075-05-09	-2	2075-03-09	2075-03-09
2075-05-09	-1	2075-04-09	2075-04-09
2075-05-09	1	2075-06-09	2075-06-09
2075-05-09	2	2075-07-09	2075-07-09
2075-05-09	5	2075-10-09	2075-10-09
2075-05-09	12	2076-05-09	2076-05-09
2075-05-09	25	2077-06-09	2077-06-09
2076-06-02	-25	2074-05-02	2074-05-02
2076-06-02	-12	2075-06-02	2075-06-02
2076-06-02	-5	2076-01-02	2076-01-02
2076-06-02	-2	2076-04-02	2076-04-02
2076-06-02	-1	2076-05-02	2076-05-02
2076-06-02	1	2076-07-02	2076-07-02
2076-06-02	2	2076-08-02	2076-08-02
2076-06-02	5	2076-11-02	2076-11-02
2076-06-02	12	2077-06-02	2077-06-02
2076-06-02	25	2078-07-02	2078-07-02
2076-08-29	-25	2074-07-29	2074-07-29
2076-08-29	-12	2075-08-29	2075-08-29
2076-08-29	-5	2076-03-29	2076-03-29
2076-08-29	-2	2076-06-29	2076-06-29
2076-08-29	-1	2076-07-29	2076-07-29
2076-08-29	1	2076-09-29	2076-09-29
2076-08-29	2	2076-10-29	2076-10-29
2076-08-29	5	2077-01-29	2077-01-29
2076-08-29	12	2077-08-29	2077-08-29
2076-08-29	25	2078-09-29	2078-09-29
2077-01-01	-25	2074-12-01	2074-12-01
2077-01-01	-12	2076-01-01	2076-01-01
2077-01-01	-5	2076-08-01	2076-08-01
2077-01-01	-2	2076-11-01	2076-11-01
2077-01-01	-1	2076-12-01	2076-12-01
2077-01-01	1	2077-02-01	2077-02-01
2077-01-01	2	2077-03-01	2077-03-01
2077-01-01	5	2077-06-01	2077-06-01
2077-01-01	12	2078-01-01	2078-01-01
2077-01-01	25	2079-02-01	2079-02-01
2077-01-15	-25	2074-12-15	2074-12-15
2077-01-15	-12	2076-01-15	2076-01-15
2077-01-15	-5	2076-08-15	2076-08-15
2077-01-15	-2	2076-11-15	2076-11-15
2077-01-15	-1	2076-12-15	2076-12-15
2077-01-15	1	2077-02-15	2077-02-15
2077-01-15	2	2077-03-15	2077-03-15
2077-01-15	5	2077-06-15	2077-06-15
2077-01-15	12	2078-01-15	2078-01-15
2077-01-15	25	2079-02-15	2079-02-15
2077-01-31	-25	2074-12-30	2075-01-01
2077-01-31	-12	2076-01-31	2076-01-31
2077-01-31	-5	2076-08-30	2076-09-01
2077-01-31	-2	2076-11-30	2076-12-01
2077-01-31	-1	2076-12-30	2077-01-01
2077-01-31	1	2077-02-31	2077-02-31
2077-01-31	2	2077-03-31	2077-03-31
2077-01-31	5	2077-06-30	2077-07-01
2077-01-31	12	2078-01-31	2078-01-31
2077-01-31	25	2079-02-31	2079-02-31
2077-02-01	-25	2075-01-01	2075-01-01
2077-02-01	-12	2076-02-01	2076-02-01
2077-02-01	-5	2076-09-01	2076-09-01
2077-02-01	-2	2076-12-01	2076-12-01
2077-02-01	-1	2077-01-01	2077-01-01
2077-02-01	1	2077-03-01	2077-03-01
2077-02-01	2	2077-04-01	2077-04-01
2077-02-01	5	2077-07-01	2077-07-01
2077-02-01	12	2078-02-01	2078-02-01
2077-02-01	25	2079-03-01	2079-03-01
2077-02-15	-25	2075-01-15	2075-01-15
2077-02-15	-12	2076-02-15	2076-02-15
2077-02-15	-5	2076-09-15	2076-09-15
2077-02-15	-2	2076-12-15	2076-12-15
2077-02-15	-1	2077-01-15	2077-01-15
2077-02-15	1	2077-03-15	2077-03-15
2077-02-15	2	2077-04-15	2077-04-15
2077-02-15	5	2077-07-15	2077-07-15
2077-02-15	12	2078-02-15	2078-02-15
2077-02-15	25	2079-03-15	2079-03-15
2077-02-32	-25	2075-01-31	2075-02-01
2077-02-32	-12	2076-02-32	2076-02-32
2077-02-32	-5	2076-09-29	2076-10-03
2077-02-32	-2	2076-12-30	2077-01-02
2077-02-32	-1	2077-01-31	2077-02-01
2077-02-32	1	2077-03-31	2077-04-01
2077-02-32	2	2077-04-32	2077-04-32
2077-02-32	5	2077-07-30	2077-08-02
2077-02-32	12	2078-02-31	2078-03-01
2077-02-32	25	2079-03-32	2079-03-32
2077-03-01	-25	2075-02-01	2075-02-01
2077-03-01	-12	2076-03-01	2076-03-01
2077-03-01	-5	2076-10-01	2076-10-01
2077-03-01	-2	2077-01-01	2077-01-01
2077-03-01	-1	2077-02-01	2077-02-01
2077-03-01	1	2077-04-01	2077-04-01
2077-03-01	2	2077-05-01	2077-05-01
2077-03-01	5	2077-08-01	2077-08-01
2077-03-01	12	2078-03-01	2078-03-01
2077-03-01	25	2079-04-01	2079-04-01
2077-03-15	-25	2075-02-15	2075-02-15
2077-03-15	-12	2076-03-15	2076-03-15
2077-03-15	-5	2076-10-15	2076-10-15
2077-03-15	-2	2077-01-15	2077-01-15
2077-03-15	-1	2077-02-15	2077-02-15
2077-03-15	1	2077-04-15	2077-04-15
2077-03-15	2	2077-05-15	2077-05-15
2077-03-15	5	2077-08-15	2077-08-15
2077-03-15	12	2078-03-15	2078-03-15
2077-03-15	25	2079-04-15	2079-04-15
2077-03-31	-25	2075-02-31	2075-02-31
2077-03-31	-12	2076-03-31	2076-03-31
2077-03-31	-5	2076-10-29	2076-11-02
2077-03-31	-2	2077-01-31	2077-01-31
2077-03-31	-1	2077-02-31	2077-02-31
2077-03-31	1	2077-04-31	2077-04-31
2077-03-31	2	2077-05-31	2077-05-31
2077-03-31	5	2077-08-30	2077-09-01
2077-03-31	12	2078-03-31	2078-03-31
2077-03-31	25	2079-04-31	2079-04-31
2077-04-01	-25	2075-03-01	2075-03-01
2077-04-01	-12	2076-04-01	2076-04-01
2077-04-01	-5	2076-11-01	2076-11-01
2077-04-01	-2	2077-02-01	2077-02-01
2077-04-01	-1	2077-03-01	2077-03-01
2077-04-01	1	2077-05-01	2077-05-01
2077-04-01	2	2077-06-01	2077-06-01
2077-04-01	5	2077-09-01	2077-09-01
2077-04-01	12	2078-04-01	2078-04-01
2077-04-01	25	2079-05-01	2079-05-01
2077-04-15	-25	2075-03-15	2075-03-15
2077-04-15	-12	2076-04-15	2076-04-15
2077-04-15	-5	2076-11-15	2076-11-15
2077-04-15	-2	2077-02-15	2077-02-15
2077-04-15	-1	2077-03-15	2077-03-15
2077-04-15	1	2077-05-15	2077-05-15
2077-04-15	2	2077-06-15	2077-06-15
2077-04-15	5	2077-09-15	2077-09-15
2077-04-15	12	2078-04-15	2078-04-15
2077-04-15	25	2079-05-15	2079-05-15
2077-04-32	-25	2075-03-32	2075-03-32
2077-04-32	-12	2076-04-32	2076-04-32
2077-04-32	-5	2076-11-30	2076-12-02
2077-04-32	-2	2077-02-32	2077-02-32
2077-04-32	-1	2077-03-31	2077-04-01
2077-04-32	1	2077-05-31	2077-06-01
2077-04-32	2	2077-06-30	2077-07-02
2077-04-32	5	2077-09-29	2077-10-03
2077-04-32	12	2078-04-32	2078-04-32
2077-04-32	25	2079-05-31	2079-06-01
2077-05-01	-25	2075-04-01	2075-04-01
2077-05-01	-12	2076-05-01	2076-05-01
2077-05-01	-5	2076-12-01	2076-12-01
2077-05-01	-2	2077-03-01	2077-03-01
2077-05-01	-1	2077-04-01	2077-04-01
2077-05-01	1	2077-06-01	2077-06-01
2077-05-01	2	2077-07-01	2077-07-01
2077-05-01	5	2077-10-01	2077-10-01
2077-05-01	12	2078-05-01	2078-05-01
2077-05-01	25	2079-06-01	2079-06-01
2077-05-15	-25	2075-04-15	2075-04-15
2077-05-15	-12	2076-05-15	2076-05-15
2077-05-15	-5	2076-12-15	2076-12-15
2077-05-15	-2	2077-03-15	2077-03-15
2077-05-15	-1	2077-04-15	2077-04-15
2077-05-15	1	2077-06-15	2077-06-15
2077-05-15	2	2077-07-15	2077-07-15
2077-05-15	5	2077-10-15	2077-10-15
2077-05-15	12	2078-05-15	2078-05-15
2077-05-15	25	2079-06-15	2079-06-15
2077-05-31	-25	2075-04-31	2075-04-31
2077-05-31	-12	2076-05-31	2076-05-31
2077-05-31	-5	2076-12-30	2077-01-01
2077-05-31	-2	2077-03-31	2077-03-31
2077-05-31	-1	2077-04-31	2077-04-31
2077-05-31	1	2077-06-30	2077-07-01
2077-05-31	2	2077-07-30	2077-08-01
2077-05-31	5	2077-10-30	2077-11-01
2077-05-31	12	2078-05-31	2078-05-31
2077-05-31	25	2079-06-31	2079-06-31
2077-06-01	-25	2075-05-01	2075-05-01
2077-06-01	-12	2076-06-01	2076-06-01
2077-06-01	-5	2077-01-01	2077-01-01
2077-06-01	-2	2077-04-01	2077-04-01
2077-06-01	-1	2077-05-01	2077-05-01
2077-06-01	1	2077-07-01	2077-07-01
2077-06-01	2	2077-08-01	2077-08-01
2077-06-01	5	2077-11-01	2077-11-01
2077-06-01	12	2078-06-01	2078-06-01
2077-06-01	25	2079-07-01	2079-07-01
2077-06-15	-25	2075-05-15	2075-05-15
2077-06-15	-12	2076-06-15	2076-06-15
2077-06-15	-5	2077-01-15	2077-01-15
2077-06-15	-2	2077-04-15	2077-04-15
2077-06-15	-1	2077-05-15	2077-05-15
2077-06-15	1	2077-07-15	2077-07-15
2077-06-15	2	2077-08-15	2077-08-15
2077-06-15	5	2077-11-15	2077-11-15
2077-06-15	12	2078-06-15	2078-06-15
2077-06-15	25	2079-07-15	2079-07-15
2077-06-30	-25	2075-05-30	2075-05-30
2077-06-30	-12	2076-06-30	2076-06-30
2077-06-30	-5	2077-01-30	2077-01-30
2077-06-30	-2	2077-04-30	2077-04-30
2077-06-30	-1	2077-05-30	2077-05-30
2077-06-30	1	2077-07-30	2077-07-30
2077-06-30	2	2077-08-30	2077-08-30
2077-06-30	5	2077-11-29	2077-12-01
2077-06-30	12	2078-06-30	2078-06-30
2077-06-30	25	2079-07-30	2079-07-30
2077-07-01	-25	2075-06-01	2075-06-01
2077-07-01	-12	2076-07-01	2076-07-01
2077-07-01	-5	2077-02-01	2077-02-01
2077-07-01	-2	2077-05-01	2077-05-01
2077-07-01	-1	2077-06-01	2077-06-01
2077-07-01	1	2077-08-01	2077-08-01
2077-07-01	2	2077-09-01	2077-09-01
2077-07-01	5	2077-12-01	2077-12-01
2077-07-01	12	2078-07-01	2078-07-01
2077-07-01	25	2079-08-01	2079-08-01
2077-07-15	-25	2075-06-15	2075-06-15
2077-07-15	-12	2076-07-15	2076-07-15
2077-07-15	-5	2077-02-15	2077-02-15
2077-07-15	-2	2077-05-15	2077-05-15
2077-07-15	-1	2077-06-15	2077-06-15
2077-07-15	1	2077-08-15	2077-08-15
2077-07-15	2	2077-09-15	2077-09-15
2077-07-15	5	2077-12-15	2077-12-15
2077-07-15	12	2078-07-15	2078-07-15
2077-07-15	25	2079-08-15	2079-08-15
2077-07-30	-25	2075-06-30	2075-06-30
2077-07-30	-12	2076-07-30	2076-07-30
2077-07-30	-5	2077-02-30	2077-02-30
2077-07-30	-2	2077-05-30	2077-05-30
2077-07-30	-1	2077-06-30	2077-06-30
2077-07-30	1	2077-08-30	2077-08-30
2077-07-30	2	2077-09-29	2077-10-01
2077-07-30	5	2077-12-30	2077-12-30
2077-07-30	12	2078-07-30	2078-07-30
2077-07-30	25	2079-08-29	2079-09-01
2077-08-01	-25	2075-07-01	2075-07-01
2077-08-01	-12	2076-08-01	2076-08-01
2077-08-01	-5	2077-03-01	2077-03-01
2077-08-01	-2	2077-06-01	2077-06-01
2077-08-01	-1	2077-07-01	2077-07-01
2077-08-01	1	2077-09-01	2077-09-01
2077-08-01	2	2077-10-01	2077-10-01
2077-08-01	5	2078-01-01	2078-01-01
2077-08-01	12	2078-08-01	2078-08-01
2077-08-01	25	2079-09-01	2079-09-01
2077-08-15	-25	2075-07-15	2075-07-15
2077-08-15	-12	2076-08-15	2076-08-15
2077-08-15	-5	2077-03-15	2077-03-15
2077-08-15	-2	2077-06-15	2077-06-15
2077-08-15	-1	2077-07-15	2077-07-15
2077-08-15	1	2077-09-15	2077-09-15
2077-08-15	2	2077-10-15	2077-10-15
2077-08-15	5	2078-01-15	2078-01-15
2077-08-15	12	2078-08-15	2078-08-15
2077-08-15	25	2079-09-15	2079-09-15
2077-08-20	-25	2075-07-20	2075-07-20
2077-08-20	-12	2076-08-20	2076-08-20
2077-08-20	-5	2077-03-20	2077-03-20
2077-08-20	-2	2077-06-20	2077-06-20
2077-08-20	-1	2077-07-20	2077-07-20
2077-08-20	1	2077-09-20	2077-09-20
2077-08-20	2	2077-10-20	2077-10-20
2077-08-20	5	2078-01-20	2078-01-20
2077-08-20	12	2078-08-20	2078-08-20
2077-08-20	25	2079-09-20	2079-09-20
2077-08-30	-25	2075-07-30	2075-07-30
2077-08-30	-12	2076-08-30	2076-08-30
2077-08-30	-5	2077-03-30	2077-03-30
2077-08-30	-2	2077-06-30	2077-06-30
2077-08-30	-1	2077-07-30	2077-07-30
2077-08-30	1	2077-09-29	2077-10-01
2077-08-30	2	2077-10-30	2077-10-30
2077-08-30	5	2078-01-30	2078-01-30
2077-08-30	12	2078-08-29	2078-09-01
2077-08-30	25	2079-09-30	2079-09-30
2077-09-01	-25	2075-08-01	2075-08-01
2077-09-01	-12	2076-09-01	2076-09-01
2077-09-01	-5	2077-04-01	2077-04-01
2077-09-01	-2	2077-07-01	2077-07-01
2077-09-01	-1	2077-08-01	2077-08-01
2077-09-01	1	2077-10-01	2077-10-01
2077-09-01	2	2077-11-01	2077-11-01
2077-09-01	5	2078-02-01	2078-02-01
2077-09-01	12	2078-09-01	2078-09-01
2077-09-01	25	2079-10-01	2079-10-01
2077-09-15	-25	2075-08-15	2075-08-15
2077-09-15	-12	2076-09-15	2076-09-15
2077-09-15	-5	2077-04-15	2077-04-15
2077-09-15	-2	2077-07-15	2077-07-15
2077-09-15	-1	2077-08-15	2077-08-15
2077-09-15	1	2077-10-15	2077-10-15
2077-09-15	2	2077-11-15	2077-11-15
2077-09-15	5	2078-02-15	2078-02-15
2077-09-15	12	2078-09-15	2078-09-15
2077-09-15	25	2079-10-15	2079-10-15
2077-09-29	-25	2075-08-29	2075-08-29
2077-09-29	-12	2076-09-29	2076-09-29
2077-09-29	-5	2077-04-29	2077-04-29
2077-09-29	-2	2077-07-29	2077-07-29
2077-09-29	-1	2077-08-29	2077-08-29
2077-09-29	1	2077-10-29	2077-10-29
2077-09-29	2	2077-11-29	2077-11-29
2077-09-29	5	2078-02-29	2078-02-29
2077-09-29	12	2078-09-29	2078-09-29
2077-09-29	25	2079-10-29	2079-10-29
2077-10-01	-25	2075-09-01	2075-09-01
2077-10-01	-12	2076-10-01	2076-10-01
2077-10-01	-5	2077-05-01	2077-05-01
2077-10-01	-2	2077-08-01	2077-08-01
2077-10-01	-1	2077-09-01	2077-09-01
2077-10-01	1	2077-11-01	2077-11-01
2077-10-01	2	2077-12-01	2077-12-01
2077-10-01	5	2078-03-01	2078-03-01
2077-10-01	12	2078-10-01	2078-10-01
2077-10-01	25	2079-11-01	2079-11-01
2077-10-15	-25	2075-09-15	2075-09-15
2077-10-15	-12	2076-10-15	2076-10-15
2077-10-15	-5	2077-05-15	2077-05-15
2077-10-15	-2	2077-08-15	2077-08-15
2077-10-15	-1	2077-09-15	2077-09-15
2077-10-15	1	2077-11-15	2077-11-15
2077-10-15	2	2077-12-15	2077-12-15
2077-10-15	5	2078-03-15	2078-03-15
2077-10-15	12	2078-10-15	2078-10-15
2077-10-15	25	2079-11-15	2079-11-15
2077-10-30	-25	2075-09-30	2075-09-30
2077-10-30	-12	2076-10-29	2076-11-01
2077-10-30	-5	2077-05-30	2077-05-30
2077-10-30	-2	2077-08-30	2077-08-30
2077-10-30	-1	2077-09-29	2077-10-01
2077-10-30	1	2077-11-29	2077-12-01
2077-10-30	2	2077-12-30	2077-12-30
2077-10-30	5	2078-03-30	2078-03-30
2077-10-30	12	2078-10-29	2078-11-01
2077-10-30	25	2079-11-30	2079-11-30
2077-11-01	-25	2075-10-01	2075-10-01
2077-11-01	-12	2076-11-01	2076-11-01
2077-11-01	-5	2077-06-01	2077-06-01
2077-11-01	-2	2077-09-01	2077-09-01
2077-11-01	-1	2077-10-01	2077-10-01
2077-11-01	1	2077-12-01	2077-12-01
2077-11-01	2	2078-01-01	2078-01-01
2077-11-01	5	2078-04-01	2078-04-01
2077-11-01	12	2078-11-01	2078-11-01
2077-11-01	25	2079-12-01	2079-12-01
2077-11-15	-25	2075-10-15	2075-10-15
2077-11-15	-12	2076-11-15	2076-11-15
2077-11-15	-5	2077-06-15	2077-06-15
2077-11-15	-2	2077-09-15	2077-09-15
2077-11-15	-1	2077-10-15	2077-10-15
2077-11-15	1	2077-12-15	2077-12-15
2077-11-15	2	2078-01-15	2078-01-15
2077-11-15	5	2078-04-15	2078-04-15
2077-11-15	12	2078-11-15	2078-11-15
2077-11-15	25	2079-12-15	2079-12-15
2077-11-26	-25	2075-10-26	2075-10-26
2077-11-26	-12	2076-11-26	2076-11-26
2077-11-26	-5	2077-06-26	2077-06-26
2077-11-26	-2	2077-09-26	2077-09-26
2077-11-26	-1	2077-10-26	2077-10-26
2077-11-26	1	2077-12-26	2077-12-26
2077-11-26	2	2078-01-26	2078-01-26
2077-11-26	5	2078-04-26	2078-04-26
2077-11-26	12	2078-11-26	2078-11-26
2077-11-26	25	2079-12-26	2079-12-26
2077-11-29	-25	2075-10-29	2075-10-29
2077-11-29	-12	2076-11-29	2076-11-29
2077-11-29	-5	2077-06-29	2077-06-29
2077-11-29	-2	2077-09-29	2077-09-29
2077-11-29	-1	2077-10-29	2077-10-29
2077-11-29	1	2077-12-29	2077-12-29
2077-11-29	2	2078-01-29	2078-01-29
2077-11-29	5	2078-04-29	2078-04-29
2077-11-29	12	2078-11-29	2078-11-29
2077-11-29	25	2079-12-29	2079-12-29
2077-12-01	-25	2075-11-01	2075-11-01
2077-12-01	-12	2076-12-01	2076-12-01
2077-12-01	-5	2077-07-01	2077-07-01
2077-12-01	-2	2077-10-01	2077-10-01
2077-12-01	-1	2077-11-01	2077-11-01
2077-12-01	1	2078-01-01	2078-01-01
2077-12-01	2	2078-02-01	2078-02-01
2077-12-01	5	2078-05-01	2078-05-01
2077-12-01	12	2078-12-01	2078-12-01
2077-12-01	25	2080-01-01	2080-01-01
2077-12-15	-25	2075-11-15	2075-11-15
2077-12-15	-12	2076-12-15	2076-12-15
2077-12-15	-5	2077-07-15	2077-07-15
2077-12-15	-2	2077-10-15	2077-10-15
2077-12-15	-1	2077-11-15	2077-11-15
2077-12-15	1	2078-01-15	2078-01-15
2077-12-15	2	2078-02-15	2078-02-15
2077-12-15	5	2078-05-15	2078-05-15
2077-12-15	12	2078-12-15	2078-12-15
2077-12-15	25	2080-01-15	2080-01-15
2077-12-31	-25	2075-11-30	2075-12-01
2077-12-31	-12	2076-12-30	2077-01-01
2077-12-31	-5	2077-07-30	2077-08-01
2077-12-31	-2	2077-10-30	2077-11-01
2077-12-31	-1	2077-11-29	2077-12-02
2077-12-31	1	2078-01-31	2078-01-31
2077-12-31	2	2078-02-31	2078-02-31
2077-12-31	5	2078-05-31	2078-05-31
2077-12-31	12	2078-12-30	2079-01-01
2077-12-31	25	2080-01-31	2080-01-31
2078-01-01	-25	2075-12-01	2075-12-01
2078-01-01	-12	2077-01-01	2077-01-01
2078-01-01	-5	2077-08-01	2077-08-01
2078-01-01	-2	2077-11-01	2077-11-01
2078-01-01	-1	2077-12-01	2077-12-01
2078-01-01	1	2078-02-01	2078-02-01
2078-01-01	2	2078-03-01	2078-03-01
2078-01-01	5	2078-06-01	2078-06-01
2078-01-01	12	2079-01-01	2079-01-01
2078-01-01	25	2080-02-01	2080-02-01
2078-01-15	-25	2075-12-15	2075-12-15
2078-01-15	-12	2077-01-15	2077-01-15
2078-01-15	-5	2077-08-15	2077-08-15
2078-01-15	-2	2077-11-15	2077-11-15
2078-01-15	-1	2077-12-15	2077-12-15
2078-01-15	1	2078-02-15	2078-02-15
2078-01-15	2	2078-03-15	2078-03-15
2078-01-15	5	2078-06-15	2078-06-15
2078-01-15	12	2079-01-15	2079-01-15
2078-01-15	25	2080-02-15	2080-02-15
2078-01-31	-25	2075-12-30	2076-01-01
2078-01-31	-12	2077-01-31	2077-01-31
2078-01-31	-5	2077-08-30	2077-09-01
2078-01-31	-2	2077-11-29	2077-12-02
2078-01-31	-1	2077-12-31	2077-12-31
2078-01-31	1	2078-02-31	2078-02-31
2078-01-31	2	2078-03-31	2078-03-31
2078-01-31	5	2078-06-31	2078-06-31
2078-01-31	12	2079-01-31	2079-01-31
2078-01-31	25	2080-02-31	2080-02-31
2078-02-01	-25	2076-01-01	2076-01-01
2078-02-01	-12	2077-02-01	2077-02-01
2078-02-01	-5	2077-09-01	2077-09-01
2078-02-01	-2	2077-12-01	2077-12-01
2078-02-01	-1	2078-01-01	2078-01-01
2078-02-01	1	2078-03-01	2078-03-01
2078-02-01	2	2078-04-01	2078-04-01
2078-02-01	5	2078-07-01	2078-07-01
2078-02-01	12	2079-02-01	2079-02-01
2078-02-01	25	2080-03-01	2080-03-01
2078-02-09	-25	2076-01-09	2076-01-09
2078-02-09	-12	2077-02-09	2077-02-09
2078-02-09	-5	2077-09-09	2077-09-09
2078-02-09	-2	2077-12-09	2077-12-09
2078-02-09	-1	2078-01-09	2078-01-09
2078-02-09	1	2078-03-09	2078-03-09
2078-02-09	2	2078-04-09	2078-04-09
2078-02-09	5	2078-07-09	2078-07-09
2078-02-09	12	2079-02-09	2079-02-09
2078-02-09	25	2080-03-09	2080-03-09
2078-02-15	-25	2076-01-15	2076-01-15
2078-02-15	-12	2077-02-15	2077-02-15
2078-02-15	-5	2077-09-15	2077-09-15
2078-02-15	-2	2077-12-15	2077-12-15
2078-02-15	-1	2078-01-15	2078-01-15
2078-02-15	1	2078-03-15	2078-03-15
2078-02-15	2	2078-04-15	2078-04-15
2078-02-15	5	2078-07-15	2078-07-15
2078-02-15	12	2079-02-15	2079-02-15
2078-02-15	25	2080-03-15	2080-03-15
2078-02-31	-25	2076-01-31	2076-01-31
2078-02-31	-12	2077-02-31	2077-02-31
2078-02-31	-5	2077-09-29	2077-10-02
2078-02-31	-2	2077-12-31	2077-12-31
2078-02-31	-1	2078-01-31	2078-01-31
2078-02-31	1	2078-03-31	2078-03-31
2078-02-31	2	2078-04-31	2078-04-31
2078-02-31	5	2078-07-30	2078-08-01
2078-02-31	12	2079-02-31	2079-02-31
2078-02-31	25	2080-03-31	2080-03-31
2078-03-01	-25	2076-02-01	2076-02-01
2078-03-01	-12	2077-03-01	2077-03-01
2078-03-01	-5	2077-10-01	2077-10-01
2078-03-01	-2	2078-01-01	2078-01-01
2078-03-01	-1	2078-02-01	2078-02-01
2078-03-01	1	2078-04-01	2078-04-01
2078-03-01	2	2078-05-01	2078-05-01
2078-03-01	5	2078-08-01	2078-08-01
2078-03-01	12	2079-03-01	2079-03-01
2078-03-01	25	2080-04-01	2080-04-01
2078-03-15	-25	2076-02-15	2076-02-15
2078-03-15	-12	2077-03-15	2077-03-15
2078-03-15	-5	2077-10-15	2077-10-15
2078-03-15	-2	2078-01-15	2078-01-15
2078-03-15	-1	2078-02-15	2078-02-15
2078-03-15	1	2078-04-15	2078-04-15
2078-03-15	2	2078-05-15	2078-05-15
2078-03-15	5	2078-08-15	2078-08-15
2078-03-15	12	2079-03-15	2079-03-15
2078-03-15	25	2080-04-15	2080-04-15
2078-03-31	-25	2076-02-31	2076-02-31
2078-03-31	-12	2077-03-31	2077-03-31
2078-03-31	-5	2077-10-30	2077-11-01
2078-03-31	-2	2078-01-31	2078-01-31
2078-03-31	-1	2078-02-31	2078-02-31
2078-03-31	1	2078-04-31	2078-04-31
2078-03-31	2	2078-05-31	2078-05-31
2078-03-31	5	2078-08-29	2078-09-02
2078-03-31	12	2079-03-31	2079-03-31
2078-03-31	25	2080-04-31	2080-04-31
2078-04-01	-25	2076-03-01	2076-03-01
2078-04-01	-12	2077-04-01	2077-04-01
2078-04-01	-5	2077-11-01	2077-11-01
2078-04-01	-2	2078-02-01	2078-02-01
2078-04-01	-1	2078-03-01	2078-03-01
2078-04-01	1	2078-05-01	2078-05-01
2078-04-01	2	2078-06-01	2078-06-01
2078-04-01	5	2078-09-01	2078-09-01
2078-04-01	12	2079-04-01	2079-04-01
2078-04-01	25	2080-05-01	2080-05-01
2078-04-15	-25	2076-03-15	2076-03-15
2078-04-15	-12	2077-04-15	2077-04-15
2078-04-15	-5	2077-11-15	2077-11-15
2078-04-15	-2	2078-02-15	2078-02-15
2078-04-15	-1	2078-03-15	2078-03-15
2078-04-15	1	2078-05-15	2078-05-15
2078-04-15	2	2078-06-15	2078-06-15
2078-04-15	5	2078-09-15	2078-09-15
2078-04-15	12	2079-04-15	2079-04-15
2078-04-15	25	2080-05-15	2080-05-15
2078-04-25	-25	2076-03-25	2076-03-25
2078-04-25	-12	2077-04-25	2077-04-25
2078-04-25	-5	2077-11-25	2077-11-25
2078-04-25	-2	2078-02-25	2078-02-25
2078-04-25	-1	2078-03-25	2078-03-25
2078-04-25	1	2078-05-25	2078-05-25
2078-04-25	2	2078-06-25	2078-06-25
2078-04-25	5	2078-09-25	2078-09-25
2078-04-25	12	2079-04-25	2079-04-25
2078-04-25	25	2080-05-25	2080-05-25
2078-04-32	-25	2076-03-31	2076-04-01
2078-04-32	-12	2077-04-32	2077-04-32
2078-04-32	-5	2077-11-29	2077-12-03
2078-04-32	-2	2078-02-31	2078-03-01
2078-04-32	-1	2078-03-31	2078-04-01
2078-04-32	1	2078-05-31	2078-06-01
2078-04-32	2	2078-06-31	2078-07-01
2078-04-32	5	2078-09-30	2078-10-02
2078-04-32	12	2079-04-31	2079-05-01
2078-04-32	25	2080-05-31	2080-06-01
2078-05-01	-25	2076-04-01	2076-04-01
2078-05-01	-12	2077-05-01	2077-05-01
2078-05-01	-5	2077-12-01	2077-12-01
2078-05-01	-2	2078-03-01	2078-03-01
2078-05-01	-1	2078-04-01	2078-04-01
2078-05-01	1	2078-06-01	2078-06-01
2078-05-01	2	2078-07-01	2078-07-01
2078-05-01	5	2078-10-01	2078-10-01
2078-05-01	12	2079-05-01	2079-05-01
2078-05-01	25	2080-06-01	2080-06-01
2078-05-15	-25	2076-04-15	2076-04-15
2078-05-15	-12	2077-05-15	2077-05-15
2078-05-15	-5	2077-12-15	2077-12-15
2078-05-15	-2	2078-03-15	2078-03-15
2078-05-15	-1	2078-04-15	2078-04-15
2078-05-15	1	2078-06-15	2078-06-15
2078-05-15	2	2078-07-15	2078-07-15
2078-05-15	5	2078-10-15	2078-10-15
2078-05-15	12	2079-05-15	2079-05-15
2078-05-15	25	2080-06-15	2080-06-15
2078-05-31	-25	2076-04-31	2076-04-31
2078-05-31	-12	2077-05-31	2077-05-31
2078-05-31	-5	2077-12-31	2077-12-31
2078-05-31	-2	2078-03-31	2078-03-31
2078-05-31	-1	2078-04-31	2078-04-31
2078-05-31	1	2078-06-31	2078-06-31
2078-05-31	2	2078-07-30	2078-08-01
2078-05-31	5	2078-10-29	2078-11-02
2078-05-31	12	2079-05-31	2079-05-31
2078-05-31	25	2080-06-30	2080-07-01
2078-06-01	-25	2076-05-01	2076-05-01
2078-06-01	-12	2077-06-01	2077-06-01
2078-06-01	-5	2078-01-01	2078-01-01
2078-06-01	-2	2078-04-01	2078-04-01
2078-06-01	-1	2078-05-01	2078-05-01
2078-06-01	1	2078-07-01	2078-07-01
2078-06-01	2	2078-08-01	2078-08-01
2078-06-01	5	2078-11-01	2078-11-01
2078-06-01	12	2079-06-01	2079-06-01
2078-06-01	25	2080-07-01	2080-07-01
2078-06-15	-25	2076-05-15	2076-05-15
2078-06-15	-12	2077-06-15	2077-06-15
2078-06-15	-5	2078-01-15	2078-01-15
2078-06-15	-2	2078-04-15	2078-04-15
2078-06-15	-1	2078-05-15	2078-05-15
2078-06-15	1	2078-07-15	2078-07-15
2078-06-15	2	2078-08-15	2078-08-15
2078-06-15	5	2078-11-15	2078-11-15
2078-06-15	12	2079-06-15	2079-06-15
2078-06-15	25	2080-07-15	2080-07-15
2078-06-31	-25	2076-05-31	2076-05-31
2078-06-31	-12	2077-06-30	2077-07-01
2078-06-31	-5	2078-01-31	2078-01-31
2078-06-31	-2	2078-04-31	2078-04-31
2078-06-31	-1	2078-05-31	2078-05-31
2078-06-31	1	2078-07-30	2078-08-01
2078-06-31	2	2078-08-29	2078-09-02
2078-06-31	5	2078-11-30	2078-12-01
2078-06-31	12	2079-06-31	2079-06-31
2078-06-31	25	2080-07-30	2080-08-01
2078-07-01	-25	2076-06-01	2076-06-01
2078-07-01	-12	2077-07-01	2077-07-01
2078-07-01	-5	2078-02-01	2078-02-01
2078-07-01	-2	2078-05-01	2078-05-01
2078-07-01	-1	2078-06-01	2078-06-01
2078-07-01	1	2078-08-01	2078-08-01
2078-07-01	2	2078-09-01	2078-09-01
2078-07-01	5	2078-12-01	2078-12-01
2078-07-01	12	2079-07-01	2079-07-01
2078-07-01	25	2080-08-01	2080-08-01
2078-07-15	-25	2076-06-15	2076-06-15
2078-07-15	-12	2077-07-15	2077-07-15
2078-07-15	-5	2078-02-15	2078-02-15
2078-07-15	-2	2078-05-15	2078-05-15
2078-07-15	-1	2078-06-15	2078-06-15
2078-07-15	1	2078-08-15	2078-08-15
2078-07-15	2	2078-09-15	2078-09-15
2078-07-15	5	2078-12-15	2078-12-15
2078-07-15	12	2079-07-15	2079-07-15
2078-07-15	25	2080-08-15	2080-08-15
2078-07-30	-25	2076-06-30	2076-06-30
2078-07-30	-12	2077-07-30	2077-07-30
2078-07-30	-5	2078-02-30	2078-02-30
2078-07-30	-2	2078-05-30	2078-05-30
2078-07-30	-1	2078-06-30	2078-06-30
2078-07-30	1	2078-08-29	2078-09-01
2078-07-30	2	2078-09-30	2078-09-30
2078-07-30	5	2078-12-30	2078-12-30
2078-07-30	12	2079-07-30	2079-07-30
2078-07-30	25	2080-08-30	2080-08-30
2078-08-01	-25	2076-07-01	2076-07-01
2078-08-01	-12	2077-08-01	2077-08-01
2078-08-01	-5	2078-03-01	2078-03-01
2078-08-01	-2	2078-06-01	2078-06-01
2078-08-01	-1	2078-07-01	2078-07-01
2078-08-01	1	2078-09-01	2078-09-01
2078-08-01	2	2078-10-01	2078-10-01
2078-08-01	5	2079-01-01	2079-01-01
2078-08-01	12	2079-08-01	2079-08-01
2078-08-01	25	2080-09-01	2080-09-01
2078-08-15	-25	2076-07-15	2076-07-15
2078-08-15	-12	2077-08-15	2077-08-15
2078-08-15	-5	2078-03-15	2078-03-15
2078-08-15	-2	2078-06-15	2078-06-15
2078-08-15	-1	2078-07-15	2078-07-15
2078-08-15	1	2078-09-15	2078-09-15
2078-08-15	2	2078-10-15	2078-10-15
2078-08-15	5	2079-01-15	2079-01-15
2078-08-15	12	2079-08-15	2079-08-15
2078-08-15	25	2080-09-15	2080-09-15
2078-08-29	-25	2076-07-29	2076-07-29
2078-08-29	-12	2077-08-29	2077-08-29
2078-08-29	-5	2078-03-29	2078-03-29
2078-08-29	-2	2078-06-29	2078-06-29
2078-08-29	-1	2078-07-29	2078-07-29
2078-08-29	1	2078-09-29	2078-09-29
2078-08-29	2	2078-10-29	2078-10-29
2078-08-29	5	2079-01-29	2079-01-29
2078-08-29	12	2079-08-29	2079-08-29
2078-08-29	25	2080-09-29	2080-09-29
2078-09-01	-25	2076-08-01	2076-08-01
2078-09-01	-12	2077-09-01	2077-09-01
2078-09-01	-5	2078-04-01	2078-04-01
2078-09-01	-2	2078-07-01	2078-07-01
2078-09-01	-1	2078-08-01	2078-08-01
2078-09-01	1	2078-10-01	2078-10-01
2078-09-01	2	2078-11-01	2078-11-01
2078-09-01	5	2079-02-01	2079-02-01
2078-09-01	12	2079-09-01	2079-09-01
2078-09-01	25	2080-10-01	2080-10-01
2078-09-15	-25	2076-08-15	2076-08-15
2078-09-15	-12	2077-09-15	2077-09-15
2078-09-15	-5	2078-04-15	2078-04-15
2078-09-15	-2	2078-07-15	2078-07-15
2078-09-15	-1	2078-08-15	2078-08-15
2078-09-15	1	2078-10-15	2078-10-15
2078-09-15	2	2078-11-15	2078-11-15
2078-09-15	5	2079-02-15	2079-02-15
2078-09-15	12	2079-09-15	2079-09-15
2078-09-15	25	2080-10-15	2080-10-15
2078-09-30	-25	2076-08-30	2076-08-30
2078-09-30	-12	2077-09-29	2077-10-01
2078-09-30	-5	2078-04-30	2078-04-30
2078-09-30	-2	2078-07-30	2078-07-30
2078-09-30	-1	2078-08-29	2078-09-01
2078-09-30	1	2078-10-29	2078-11-01
2078-09-30	2	2078-11-30	2078-11-30
2078-09-30	5	2079-02-30	2079-02-30
2078-09-30	12	2079-09-30	2079-09-30
2078-09-30	25	2080-10-29	2080-11-01
2078-10-01	-25	2076-09-01	2076-09-01
2078-10-01	-12	2077-10-01	2077-10-01
2078-10-01	-5	2078-05-01	2078-05-01
2078-10-01	-2	2078-08-01	2078-08-01
2078-10-01	-1	2078-09-01	2078-09-01
2078-10-01	1	2078-11-01	2078-11-01
2078-10-01	2	2078-12-01	2078-12-01
2078-10-01	5	2079-03-01	2079-03-01
2078-10-01	12	2079-10-01	2079-10-01
2078-10-01	25	2080-11-01	2080-11-01
2078-10-15	-25	2076-09-15	2076-09-15
2078-10-15	-12	2077-10-15	2077-10-15
2078-10-15	-5	2078-05-15	2078-05-15
2078-10-15	-2	2078-08-15	2078-08-15
2078-10-15	-1	2078-09-15	2078-09-15
2078-10-15	1	2078-11-15	2078-11-15
2078-10-15	2	2078-12-15	2078-12-15
2078-10-15	5	2079-03-15	2079-03-15
2078-10-15	12	2079-10-15	2079-10-15
2078-10-15	25	2080-11-15	2080-11-15
2078-10-29	-25	2076-09-29	2076-09-29
2078-10-29	-12	2077-10-29	2077-10-29
2078-10-29	-5	2078-05-29	2078-05-29
2078-10-29	-2	2078-08-29	2078-08-29
2078-10-29	-1	2078-09-29	2078-09-29
2078-10-29	1	2078-11-29	2078-11-29
2078-10-29	2	2078-12-29	2078-12-29
2078-10-29	5	2079-03-29	2079-03-29
2078-10-29	12	2079-10-29	2079-10-29
2078-10-29	25	2080-11-29	2080-11-29
2078-11-01	-25	2076-10-01	2076-10-01
2078-11-01	-12	2077-11-01	2077-11-01
2078-11-01	-5	2078-06-01	2078-06-01
2078-11-01	-2	2078-09-01	2078-09-01
2078-11-01	-1	2078-10-01	2078-10-01
2078-11-01	1	2078-12-01	2078-12-01
2078-11-01	2	2079-01-01	2079-01-01
2078-11-01	5	2079-04-01	2079-04-01
2078-11-01	12	2079-11-01	2079-11-01
2078-11-01	25	2080-12-01	2080-12-01
2078-11-15	-25	2076-10-15	2076-10-15
2078-11-15	-12	2077-11-15	2077-11-15
2078-11-15	-5	2078-06-15	2078-06-15
2078-11-15	-2	2078-09-15	2078-09-15
2078-11-15	-1	2078-10-15	2078-10-15
2078-11-15	1	2078-12-15	2078-12-15
2078-11-15	2	2079-01-15	2079-01-15
2078-11-15	5	2079-04-15	2079-04-15
2078-11-15	12	2079-11-15	2079-11-15
2078-11-15	25	2080-12-15	2080-12-15
2078-11-30	-25	2076-10-29	2076-11-01
2078-11-30	-12	2077-11-29	2077-12-01
2078-11-30	-5	2078-06-30	2078-06-30
2078-11-30	-2	2078-09-30	2078-09-30
2078-11-30	-1	2078-10-29	2078-11-01
2078-11-30	1	2078-12-30	2078-12-30
2078-11-30	2	2079-01-30	2079-01-30
2078-11-30	5	2079-04-30	2079-04-30
2078-11-30	12	2079-11-30	2079-11-30
2078-11-30	25	2080-12-30	2080-12-30
2078-12-01	-25	2076-11-01	2076-11-01
2078-12-01	-12	2077-12-01	2077-12-01
2078-12-01	-5	2078-07-01	2078-07-01
2078-12-01	-2	2078-10-01	2078-10-01
2078-12-01	-1	2078-11-01	2078-11-01
2078-12-01	1	2079-01-01	2079-01-01
2078-12-01	2	2079-02-01	2079-02-01
2078-12-01	5	2079-05-01	2079-05-01
2078-12-01	12	2079-12-01	2079-12-01
2078-12-01	25	2081-01-01	2081-01-01
2078-12-15	-25	2076-11-15	2076-11-15
2078-12-15	-12	2077-12-15	2077-12-15
2078-12-15	-5	2078-07-15	2078-07-15
2078-12-15	-2	2078-10-15	2078-10-15
2078-12-15	-1	2078-11-15	2078-11-15
2078-12-15	1	2079-01-15	2079-01-15
2078-12-15	2	2079-02-15	2079-02-15
2078-12-15	5	2079-05-15	2079-05-15
2078-12-15	12	2079-12-15	2079-12-15
2078-12-15	25	2081-01-15	2081-01-15
2078-12-30	-25	2076-11-30	2076-11-30
2078-12-30	-12	2077-12-30	2077-12-30
2078-12-30	-5	2078-07-30	2078-07-30
2078-12-30	-2	2078-10-29	2078-11-01
2078-12-30	-1	2078-11-30	2078-11-30
2078-12-30	1	2079-01-30	2079-01-30
2078-12-30	2	2079-02-30	2079-02-30
2078-12-30	5	2079-05-30	2079-05-30
2078-12-30	12	2079-12-30	2079-12-30
2078-12-30	25	2081-01-30	2081-01-30
2079-01-01	-25	2076-12-01	2076-12-01
2079-01-01	-12	2078-01-01	2078-01-01
2079-01-01	-5	2078-08-01	2078-08-01
2079-01-01	-2	2078-11-01	2078-11-01
2079-01-01	-1	2078-12-01	2078-12-01
2079-01-01	1	2079-02-01	2079-02-01
2079-01-01	2	2079-03-01	2079-03-01
2079-01-01	5	2079-06-01	2079-06-01
2079-01-01	12	2080-01-01	2080-01-01
2079-01-01	25	2081-02-01	2081-02-01
2079-01-15	-25	2076-12-15	2076-12-15
2079-01-15	-12	2078-01-15	2078-01-15
2079-01-15	-5	2078-08-15	2078-08-15
2079-01-15	-2	2078-11-15	2078-11-15
2079-01-15	-1	2078-12-15	2078-12-15
2079-01-15	1	2079-02-15	2079-02-15
2079-01-15	2	2079-03-15	2079-03-15
2079-01-15	5	2079-06-15	2079-06-15
2079-01-15	12	2080-01-15	2080-01-15
2079-01-15	25	2081-02-15	2081-02-15
2079-01-31	-25	2076-12-30	2077-01-01
2079-01-31	-12	2078-01-31	2078-01-31
2079-01-31	-5	2078-08-29	2078-09-02
2079-01-31	-2	2078-11-30	2078-12-01
2079-01-31	-1	2078-12-30	2079-01-01
2079-01-31	1	2079-02-31	2079-02-31
2079-01-31	2	2079-03-31	2079-03-31
2079-01-31	5	2079-06-31	2079-06-31
2079-01-31	12	2080-01-31	2080-01-31
2079-01-31	25	2081-02-31	2081-02-31
2079-02-01	-25	2077-01-01	2077-01-01
2079-02-01	-12	2078-02-01	2078-02-01
2079-02-01	-5	2078-09-01	2078-09-01
2079-02-01	-2	2078-12-01	2078-12-01
2079-02-01	-1	2079-01-01	2079-01-01
2079-02-01	1	2079-03-01	2079-03-01
2079-02-01	2	2079-04-01	2079-04-01
2079-02-01	5	2079-07-01	2079-07-01
2079-02-01	12	2080-02-01	2080-02-01
2079-02-01	25	2081-03-01	2081-03-01
2079-02-15	-25	2077-01-15	2077-01-15
2079-02-15	-12	2078-02-15	2078-02-15
2079-02-15	-5	2078-09-15	2078-09-15
2079-02-15	-2	2078-12-15	2078-12-15
2079-02-15	-1	2079-01-15	2079-01-15
2079-02-15	1	2079-03-15	2079-03-15
2079-02-15	2	2079-04-15	2079-04-15
2079-02-15	5	2079-07-15	2079-07-15
2079-02-15	12	2080-02-15	2080-02-15
2079-02-15	25	2081-03-15	2081-03-15
2079-02-31	-25	2077-01-31	2077-01-31
2079-02-31	-12	2078-02-31	2078-02-31
2079-02-31	-5	2078-09-30	2078-10-01
2079-02-31	-2	2078-12-30	2079-01-01
2079-02-31	-1	2079-01-31	2079-01-31
2079-02-31	1	2079-03-31	2079-03-31
2079-02-31	2	2079-04-31	2079-04-31
2079-02-31	5	2079-07-30	2079-08-01
2079-02-31	12	2080-02-31	2080-02-31
2079-02-31	25	2081-03-31	2081-03-31
2079-03-01	-25	2077-02-01	2077-02-01
2079-03-01	-12	2078-03-01	2078-03-01
2079-03-01	-5	2078-10-01	2078-10-01
2079-03-01	-2	2079-01-01	2079-01-01
2079-03-01	-1	2079-02-01	2079-02-01
2079-03-01	1	2079-04-01	2079-04-01
2079-03-01	2	2079-05-01	2079-05-01
2079-03-01	5	2079-08-01	2079-08-01
2079-03-01	12	2080-03-01	2080-03-01
2079-03-01	25	2081-04-01	2081-04-01
2079-03-15	-25	2077-02-15	2077-02-15
2079-03-15	-12	2078-03-15	2078-03-15
2079-03-15	-5	2078-10-15	2078-10-15
2079-03-15	-2	2079-01-15	2079-01-15
2079-03-15	-1	2079-02-15	2079-02-15
2079-03-15	1	2079-04-15	2079-04-15
2079-03-15	2	2079-05-15	2079-05-15
2079-03-15	5	2079-08-15	2079-08-15
2079-03-15	12	2080-03-15	2080-03-15
2079-03-15	25	2081-04-15	2081-04-15
2079-03-32	-25	2077-02-32	2077-02-32
2079-03-32	-12	2078-03-31	2078-04-01
2079-03-32	-5	2078-10-29	2078-11-03
2079-03-32	-2	2079-01-31	2079-02-01
2079-03-32	-1	2079-02-31	2079-03-01
2079-03-32	1	2079-04-31	2079-05-01
2079-03-32	2	2079-05-31	2079-06-01
2079-03-32	5	2079-08-29	2079-09-03
2079-03-32	12	2080-03-31	2080-04-01
2079-03-32	25	2081-04-32	2081-04-32
2079-04-01	-25	2077-03-01	2077-03-01
2079-04-01	-12	2078-04-01	2078-04-01
2079-04-01	-5	2078-11-01	2078-11-01
2079-04-01	-2	2079-02-01	2079-02-01
2079-04-01	-1	2079-03-01	2079-03-01
2079-04-01	1	2079-05-01	2079-05-01
2079-04-01	2	2079-06-01	2079-06-01
2079-04-01	5	2079-09-01	2079-09-01
2079-04-01	12	2080-04-01	2080-04-01
2079-04-01	25	2081-05-01	2081-05-01
2079-04-15	-25	2077-03-15	2077-03-15
2079-04-15	-12	2078-04-15	2078-04-15
2079-04-15	-5	2078-11-15	2078-11-15
2079-04-15	-2	2079-02-15	2079-02-15
2079-04-15	-1	2079-03-15	2079-03-15
2079-04-15	1	2079-05-15	2079-05-15
2079-04-15	2	2079-06-15	2079-06-15
2079-04-15	5	2079-09-15	2079-09-15
2079-04-15	12	2080-04-15	2080-04-15
2079-04-15	25	2081-05-15	2081-05-15
2079-04-31	-25	2077-03-31	2077-03-31
2079-04-31	-12	2078-04-31	2078-04-31
2079-04-31	-5	2078-11-30	2078-12-01
2079-04-31	-2	2079-02-31	2079-02-31
2079-04-31	-1	2079-03-31	2079-03-31
2079-04-31	1	2079-05-31	2079-05-31
2079-04-31	2	2079-06-31	2079-06-31
2079-04-31	5	2079-09-30	2079-10-01
2079-04-31	12	2080-04-31	2080-04-31
2079-04-31	25	2081-05-31	2081-05-31
2079-05-01	-25	2077-04-01	2077-04-01
2079-05-01	-12	2078-05-01	2078-05-01
2079-05-01	-5	2078-12-01	2078-12-01
2079-05-01	-2	2079-03-01	2079-03-01
2079-05-01	-1	2079-04-01	2079-04-01
2079-05-01	1	2079-06-01	2079-06-01
2079-05-01	2	2079-07-01	2079-07-01
2079-05-01	5	2079-10-01	2079-10-01
2079-05-01	12	2080-05-01	2080-05-01
2079-05-01	25	2081-06-01	2081-06-01
2079-05-15	-25	2077-04-15	2077-04-15
2079-05-15	-12	2078-05-15	2078-05-15
2079-05-15	-5	2078-12-15	2078-12-15
2079-05-15	-2	2079-03-15	2079-03-15
2079-05-15	-1	2079-04-15	2079-04-15
2079-05-15	1	2079-06-15	2079-06-15
2079-05-15	2	2079-07-15	2079-07-15
2079-05-15	5	2079-10-15	2079-10-15
2079-05-15	12	2080-05-15	2080-05-15
2079-05-15	25	2081-06-15	2081-06-15
2079-05-31	-25	2077-04-31	2077-04-31
2079-05-31	-12	2078-05-31	2078-05-31
2079-05-31	-5	2078-12-30	2079-01-01
2079-05-31	-2	2079-03-31	2079-03-31
2079-05-31	-1	2079-04-31	2079-04-31
2079-05-31	1	2079-06-31	2079-06-31
2079-05-31	2	2079-07-30	2079-08-01
2079-05-31	5	2079-10-29	2079-11-02
2079-05-31	12	2080-05-31	2080-05-31
2079-05-31	25	2081-06-30	2081-07-01
2079-06-01	-25	2077-05-01	2077-05-01
2079-06-01	-12	2078-06-01	2078-06-01
2079-06-01	-5	2079-01-01	2079-01-01
2079-06-01	-2	2079-04-01	2079-04-01
2079-06-01	-1	2079-05-01	2079-05-01
2079-06-01	1	2079-07-01	2079-07-01
2079-06-01	2	2079-08-01	2079-08-01
2079-06-01	5	2079-11-01	2079-11-01
2079-06-01	12	2080-06-01	2080-06-01
2079-06-01	25	2081-07-01	2081-07-01
2079-06-15	-25	2077-05-15	2077-05-15
2079-06-15	-12	2078-06-15	2078-06-15
2079-06-15	-5	2079-01-15	2079-01-15
2079-06-15	-2	2079-04-15	2079-04-15
2079-06-15	-1	2079-05-15	2079-05-15
2079-06-15	1	2079-07-15	2079-07-15
2079-06-15	2	2079-08-15	2079-08-15
2079-06-15	5	2079-11-15	2079-11-15
2079-06-15	12	2080-06-15	2080-06-15
2079-06-15	25	2081-07-15	2081-07-15
2079-06-31	-25	2077-05-31	2077-05-31
2079-06-31	-12	2078-06-31	2078-06-31
2079-06-31	-5	2079-01-31	2079-01-31
2079-06-31	-2	2079-04-31	2079-04-31
2079-06-31	-1	2079-05-31	2079-05-31
2079-06-31	1	2079-07-30	2079-08-01
2079-06-31	2	2079-08-29	2079-09-02
2079-06-31	5	2079-11-30	2079-12-01
2079-06-31	12	2080-06-30	2080-07-01
2079-06-31	25	2081-07-30	2081-08-01
2079-07-01	-25	2077-06-01	2077-06-01
2079-07-01	-12	2078-07-01	2078-07-01
2079-07-01	-5	2079-02-01	2079-02-01
2079-07-01	-2	2079-05-01	2079-05-01
2079-07-01	-1	2079-06-01	2079-06-01
2079-07-01	1	2079-08-01	2079-08-01
2079-07-01	2	2079-09-01	2079-09-01
2079-07-01	5	2079-12-01	2079-12-01
2079-07-01	12	2080-07-01	2080-07-01
2079-07-01	25	2081-08-01	2081-08-01
2079-07-15	-25	2077-06-15	2077-06-15
2079-07-15	-12	2078-07-15	2078-07-15
2079-07-15	-5	2079-02-15	2079-02-15
2079-07-15	-2	2079-05-15	2079-05-15
2079-07-15	-1	2079-06-15	2079-06-15
2079-07-15	1	2079-08-15	2079-08-15
2079-07-15	2	2079-09-15	2079-09-15
2079-07-15	5	2079-12-15	2079-12-15
2079-07-15	12	2080-07-15	2080-07-15
2079-07-15	25	2081-08-15	2081-08-15
2079-07-30	-25	2077-06-30	2077-06-30
2079-07-30	-12	2078-07-30	2078-07-30
2079-07-30	-5	2079-02-30	2079-02-30
2079-07-30	-2	2079-05-30	2079-05-30
2079-07-30	-1	2079-06-30	2079-06-30
2079-07-30	1	2079-08-29	2079-09-01
2079-07-30	2	2079-09-30	2079-09-30
2079-07-30	5	2079-12-30	2079-12-30
2079-07-30	12	2080-07-30	2080-07-30
2079-07-30	25	2081-08-30	2081-08-30
2079-08-01	-25	2077-07-01	2077-07-01
2079-08-01	-12	2078-08-01	2078-08-01
2079-08-01	-5	2079-03-01	2079-03-01
2079-08-01	-2	2079-06-01	2079-06-01
2079-08-01	-1	2079-07-01	2079-07-01
2079-08-01	1	2079-09-01	2079-09-01
2079-08-01	2	2079-10-01	2079-10-01
2079-08-01	5	2080-01-01	2080-01-01
2079-08-01	12	2080-08-01	2080-08-01
2079-08-01	25	2081-09-01	2081-09-01
2079-08-15	-25	2077-07-15	2077-07-15
2079-08-15	-12	2078-08-15	2078-08-15
2079-08-15	-5	2079-03-15	2079-03-15
2079-08-15	-2	2079-06-15	2079-06-15
2079-08-15	-1	2079-07-15	2079-07-15
2079-08-15	1	2079-09-15	2079-09-15
2079-08-15	2	2079-10-15	2079-10-15
2079-08-15	5	2080-01-15	2080-01-15
2079-08-15	12	2080-08-15	2080-08-15
2079-08-15	25	2081-09-15	2081-09-15
2079-08-29	-25	2077-07-29	2077-07-29
2079-08-29	-12	2078-08-29	2078-08-29
2079-08-29	-5	2079-03-29	2079-03-29
2079-08-29	-2	2079-06-29	2079-06-29
2079-08-29	-1	2079-07-29	2079-07-29
2079-08-29	1	2079-09-29	2079-09-29
2079-08-29	2	2079-10-29	2079-10-29
2079-08-29	5	2080-01-29	2080-01-29
2079-08-29	12	2080-08-29	2080-08-29
2079-08-29	25	2081-09-29	2081-09-29
2079-09-01	-25	2077-08-01	2077-08-01
2079-09-01	-12	2078-09-01	2078-09-01
2079-09-01	-5	2079-04-01	2079-04-01
2079-09-01	-2	2079-07-01	2079-07-01
2079-09-01	-1	2079-08-01	2079-08-01
2079-09-01	1	2079-10-01	2079-10-01
2079-09-01	2	2079-11-01	2079-11-01
2079-09-01	5	2080-02-01	2080-02-01
2079-09-01	12	2080-09-01	2080-09-01
2079-09-01	25	2081-10-01	2081-10-01
2079-09-15	-25	2077-08-15	2077-08-15
2079-09-15	-12	2078-09-15	2078-09-15
2079-09-15	-5	2079-04-15	2079-04-15
2079-09-15	-2	2079-07-15	2079-07-15
2079-09-15	-1	2079-08-15	2079-08-15
2079-09-15	1	2079-10-15	2079-10-15
2079-09-15	2	2079-11-15	2079-11-15
2079-09-15	5	2080-02-15	2080-02-15
2079-09-15	12	2080-09-15	2080-09-15
2079-09-15	25	2081-10-15	2081-10-15
2079-09-30	-25	2077-08-30	2077-08-30
2079-09-30	-12	2078-09-30	2078-09-30
2079-09-30	-5	2079-04-30	2079-04-30
2079-09-30	-2	2079-07-30	2079-07-30
2079-09-30	-1	2079-08-29	2079-09-01
2079-09-30	1	2079-10-29	2079-11-01
2079-09-30	2	2079-11-30	2079-11-30
2079-09-30	5	2080-02-30	2080-02-30
2079-09-30	12	2080-09-29	2080-10-01
2079-09-30	25	2081-10-30	2081-10-30
2079-10-01	-25	2077-09-01	2077-09-01
2079-10-01	-12	2078-10-01	2078-10-01
2079-10-01	-5	2079-05-01	2079-05-01
2079-10-01	-2	2079-08-01	2079-08-01
2079-10-01	-1	2079-09-01	2079-09-01
2079-10-01	1	2079-11-01	2079-11-01
2079-10-01	2	2079-12-01	2079-12-01
2079-10-01	5	2080-03-01	2080-03-01
2079-10-01	12	2080-10-01	2080-10-01
2079-10-01	25	2081-11-01	2081-11-01
2079-10-15	-25	2077-09-15	2077-09-15
2079-10-15	-12	2078-10-15	2078-10-15
2079-10-15	-5	2079-05-15	2079-05-15
2079-10-15	-2	2079-08-15	2079-08-15
2079-10-15	-1	2079-09-15	2079-09-15
2079-10-15	1	2079-11-15	2079-11-15
2079-10-15	2	2079-12-15	2079-12-15
2079-10-15	5	2080-03-15	2080-03-15
2079-10-15	12	2080-10-15	2080-10-15
2079-10-15	25	2081-11-15	2081-11-15
2079-10-29	-25	2077-09-29	2077-09-29
2079-10-29	-12	2078-10-29	2078-10-29
2079-10-29	-5	2079-05-29	2079-05-29
2079-10-29	-2	2079-08-29	2079-08-29
2079-10-29	-1	2079-09-29	2079-09-29
2079-10-29	1	2079-11-29	2079-11-29
2079-10-29	2	2079-12-29	2079-12-29
2079-10-29	5	2080-03-29	2080-03-29
2079-10-29	12	2080-10-29	2080-10-29
2079-10-29	25	2081-11-29	2081-11-29
2079-11-01	-25	2077-10-01	2077-10-01
2079-11-01	-12	2078-11-01	2078-11-01
2079-11-01	-5	2079-06-01	2079-06-01
2079-11-01	-2	2079-09-01	2079-09-01
2079-11-01	-1	2079-10-01	2079-10-01
2079-11-01	1	2079-12-01	2079-12-01
2079-11-01	2	2080-01-01	2080-01-01
2079-11-01	5	2080-04-01	2080-04-01
2079-11-01	12	2080-11-01	2080-11-01
2079-11-01	25	2081-12-01	2081-12-01
2079-11-08	-25	2077-10-08	2077-10-08
2079-11-08	-12	2078-11-08	2078-11-08
2079-11-08	-5	2079-06-08	2079-06-08
2079-11-08	-2	2079-09-08	2079-09-08
2079-11-08	-1	2079-10-08	2079-10-08
2079-11-08	1	2079-12-08	2079-12-08
2079-11-08	2	2080-01-08	2080-01-08
2079-11-08	5	2080-04-08	2080-04-08
2079-11-08	12	2080-11-08	2080-11-08
2079-11-08	25	2081-12-08	2081-12-08
2079-11-15	-25	2077-10-15	2077-10-15
2079-11-15	-12	2078-11-15	2078-11-15
2079-11-15	-5	2079-06-15	2079-06-15
2079-11-15	-2	2079-09-15	2079-09-15
2079-11-15	-1	2079-10-15	2079-10-15
2079-11-15	1	2079-12-15	2079-12-15
2079-11-15	2	2080-01-15	2080-01-15
2079-11-15	5	2080-04-15	2080-04-15
2079-11-15	12	2080-11-15	2080-11-15
2079-11-15	25	2081-12-15	2081-12-15
2079-11-30	-25	2077-10-30	2077-10-30
2079-11-30	-12	2078-11-30	2078-11-30
2079-11-30	-5	2079-06-30	2079-06-30
2079-11-30	-2	2079-09-30	2079-09-30
2079-11-30	-1	2079-10-29	2079-11-01
2079-11-30	1	2079-12-30	2079-12-30
2079-11-30	2	2080-01-30	2080-01-30
2079-11-30	5	2080-04-30	2080-04-30
2079-11-30	12	2080-11-30	2080-11-30
2079-11-30	25	2081-12-30	2081-12-30
2079-12-01	-25	2077-11-01	2077-11-01
2079-12-01	-12	2078-12-01	2078-12-01
2079-12-01	-5	2079-07-01	2079-07-01
2079-12-01	-2	2079-10-01	2079-10-01
2079-12-01	-1	2079-11-01	2079-11-01
2079-12-01	1	2080-01-01	2080-01-01
2079-12-01	2	2080-02-01	2080-02-01
2079-12-01	5	2080-05-01	2080-05-01
2079-12-01	12	2080-12-01	2080-12-01
2079-12-01	25	2082-01-01	2082-01-01
2079-12-15	-25	2077-11-15	2077-11-15
2079-12-15	-12	2078-12-15	2078-12-15
2079-12-15	-5	2079-07-15	2079-07-15
2079-12-15	-2	2079-10-15	2079-10-15
2079-12-15	-1	2079-11-15	2079-11-15
2079-12-15	1	2080-01-15	2080-01-15
2079-12-15	2	2080-02-15	2080-02-15
2079-12-15	5	2080-05-15	2080-05-15
2079-12-15	12	2080-12-15	2080-12-15
2079-12-15	25	2082-01-15	2082-01-15
2079-12-30	-25	2077-11-29	2077-12-01
2079-12-30	-12	2078-12-30	2078-12-30
2079-12-30	-5	2079-07-30	2079-07-30
2079-12-30	-2	2079-10-29	2079-11-01
2079-12-30	-1	2079-11-30	2079-11-30
2079-12-30	1	2080-01-30	2080-01-30
2079-12-30	2	2080-02-30	2080-02-30
2079-12-30	5	2080-05-30	2080-05-30
2079-12-30	12	2080-12-30	2080-12-30
2079-12-30	25	2082-01-30	2082-01-30
2080-01-01	-25	2077-12-01	2077-12-01
2080-01-01	-12	2079-01-01	2079-01-01
2080-01-01	-5	2079-08-01	2079-08-01
2080-01-01	-2	2079-11-01	2079-11-01
2080-01-01	-1	2079-12-01	2079-12-01
2080-01-01	1	2080-02-01	2080-02-01
2080-01-01	2	2080-03-01	2080-03-01
2080-01-01	5	2080-06-01	2080-06-01
2080-01-01	12	2081-01-01	2081-01-01
2080-01-01	25	2082-02-01	2082-02-01
2080-01-15	-25	2077-12-15	2077-12-15
2080-01-15	-12	2079-01-15	2079-01-15
2080-01-15	-5	2079-08-15	2079-08-15
2080-01-15	-2	2079-11-15	2079-11-15
2080-01-15	-1	2079-12-15	2079-12-15
2080-01-15	1	2080-02-15	2080-02-15
2080-01-15	2	2080-03-15	2080-03-15
2080-01-15	5	2080-06-15	2080-06-15
2080-01-15	12	2081-01-15	2081-01-15
2080-01-15	25	2082-02-15	2082-02-15
2080-01-31	-25	2077-12-31	2077-12-31
2080-01-31	-12	2079-01-31	2079-01-31
2080-01-31	-5	2079-08-29	2079-09-02
2080-01-31	-2	2079-11-30	2079-12-01
2080-01-31	-1	2079-12-30	2080-01-01
2080-01-31	1	2080-02-31	2080-02-31
2080-01-31	2	2080-03-31	2080-03-31
2080-01-31	5	2080-06-30	2080-07-01
2080-01-31	12	2081-01-31	2081-01-31
2080-01-31	25	2082-02-31	2082-02-31
2080-02-01	-25	2078-01-01	2078-01-01
2080-02-01	-12	2079-02-01	2079-02-01
2080-02-01	-5	2079-09-01	2079-09-01
2080-02-01	-2	2079-12-01	2079-12-01
2080-02-01	-1	2080-01-01	2080-01-01
2080-02-01	1	2080-03-01	2080-03-01
2080-02-01	2	2080-04-01	2080-04-01
2080-02-01	5	2080-07-01	2080-07-01
2080-02-01	12	2081-02-01	2081-02-01
2080-02-01	25	2082-03-01	2082-03-01
2080-02-15	-25	2078-01-15	2078-01-15
2080-02-15	-12	2079-02-15	2079-02-15
2080-02-15	-5	2079-09-15	2079-09-15
2080-02-15	-2	2079-12-15	2079-12-15
2080-02-15	-1	2080-01-15	2080-01-15
2080-02-15	1	2080-03-15	2080-03-15
2080-02-15	2	2080-04-15	2080-04-15
2080-02-15	5	2080-07-15	2080-07-15
2080-02-15	12	2081-02-15	2081-02-15
2080-02-15	25	2082-03-15	2082-03-15
2080-02-32	-25	2078-01-31	2078-02-01
2080-02-32	-12	2079-02-31	2079-03-01
2080-02-32	-5	2079-09-30	2079-10-02
2080-02-32	-2	2079-12-30	2080-01-02
2080-02-32	-1	2080-01-31	2080-02-01
2080-02-32	1	2080-03-31	2080-04-01
2080-02-32	2	2080-04-32	2080-04-32
2080-02-32	5	2080-07-30	2080-08-02
2080-02-32	12	2081-02-32	2081-02-32
2080-02-32	25	2082-03-32	2082-03-32
2080-03-01	-25	2078-02-01	2078-02-01
2080-03-01	-12	2079-03-01	2079-03-01
2080-03-01	-5	2079-10-01	2079-10-01
2080-03-01	-2	2080-01-01	2080-01-01
2080-03-01	-1	2080-02-01	2080-02-01
2080-03-01	1	2080-04-01	2080-04-01
2080-03-01	2	2080-05-01	2080-05-01
2080-03-01	5	2080-08-01	2080-08-01
2080-03-01	12	2081-03-01	2081-03-01
2080-03-01	25	2082-04-01	2082-04-01
2080-03-15	-25	2078-02-15	2078-02-15
2080-03-15	-12	2079-03-15	2079-03-15
2080-03-15	-5	2079-10-15	2079-10-15
2080-03-15	-2	2080-01-15	2080-01-15
2080-03-15	-1	2080-02-15	2080-02-15
2080-03-15	1	2080-04-15	2080-04-15
2080-03-15	2	2080-05-15	2080-05-15
2080-03-15	5	2080-08-15	2080-08-15
2080-03-15	12	2081-03-15	2081-03-15
2080-03-15	25	2082-04-15	2082-04-15
2080-03-31	-25	2078-02-31	2078-02-31
2080-03-31	-12	2079-03-31	2079-03-31
2080-03-31	-5	2079-10-29	2079-11-02
2080-03-31	-2	2080-01-31	2080-01-31
2080-03-31	-1	2080-02-31	2080-02-31
2080-03-31	1	2080-04-31	2080-04-31
2080-03-31	2	2080-05-31	2080-05-31
2080-03-31	5	2080-08-30	2080-09-01
2080-03-31	12	2081-03-31	2081-03-31
2080-03-31	25	2082-04-31	2082-04-31
2080-04-01	-25	2078-03-01	2078-03-01
2080-04-01	-12	2079-04-01	2079-04-01
2080-04-01	-5	2079-11-01	2079-11-01
2080-04-01	-2	2080-02-01	2080-02-01
2080-04-01	-1	2080-03-01	2080-03-01
2080-04-01	1	2080-05-01	2080-05-01
2080-04-01	2	2080-06-01	2080-06-01
2080-04-01	5	2080-09-01	2080-09-01
2080-04-01	12	2081-04-01	2081-04-01
2080-04-01	25	2082-05-01	2082-05-01
2080-04-15	-25	2078-03-15	2078-03-15
2080-04-15	-12	2079-04-15	2079-04-15
2080-04-15	-5	2079-11-15	2079-11-15
2080-04-15	-2	2080-02-15	2080-02-15
2080-04-15	-1	2080-03-15	2080-03-15
2080-04-15	1	2080-05-15	2080-05-15
2080-04-15	2	2080-06-15	2080-06-15
2080-04-15	5	2080-09-15	2080-09-15
2080-04-15	12	2081-04-15	2081-04-15
2080-04-15	25	2082-05-15	2082-05-15
2080-04-32	-25	2078-03-31	2078-04-01
2080-04-32	-12	2079-04-31	2079-05-01
2080-04-32	-5	2079-11-30	2079-12-02
2080-04-32	-2	2080-02-32	2080-02-32
2080-04-32	-1	2080-03-31	2080-04-01
2080-04-32	1	2080-05-31	2080-06-01
2080-04-32	2	2080-06-30	2080-07-02
2080-04-32	5	2080-09-29	2080-10-03
2080-04-32	12	2081-04-32	2081-04-32
2080-04-32	25	2082-05-31	2082-06-01
2080-05-01	-25	2078-04-01	2078-04-01
2080-05-01	-12	2079-05-01	2079-05-01
2080-05-01	-5	2079-12-01	2079-12-01
2080-05-01	-2	2080-03-01	2080-03-01
2080-05-01	-1	2080-04-01	2080-04-01
2080-05-01	1	2080-06-01	2080-06-01
2080-05-01	2	2080-07-01	2080-07-01
2080-05-01	5	2080-10-01	2080-10-01
2080-05-01	12	2081-05-01	2081-05-01
2080-05-01	25	2082-06-01	2082-06-01
2080-05-15	-25	2078-04-15	2078-04-15
2080-05-15	-12	2079-05-15	2079-05-15
2080-05-15	-5	2079-12-15	2079-12-15
2080-05-15	-2	2080-03-15	2080-03-15
2080-05-15	-1	2080-04-15	2080-04-15
2080-05-15	1	2080-06-15	2080-06-15
2080-05-15	2	2080-07-15	2080-07-15
2080-05-15	5	2080-10-15	2080-10-15
2080-05-15	12	2081-05-15	2081-05-15
2080-05-15	25	2082-06-15	2082-06-15
2080-05-31	-25	2078-04-31	2078-04-31
2080-05-31	-12	2079-05-31	2079-05-31
2080-05-31	-5	2079-12-30	2080-01-01
2080-05-31	-2	2080-03-31	2080-03-31
2080-05-31	-1	2080-04-31	2080-04-31
2080-05-31	1	2080-06-30	2080-07-01
2080-05-31	2	2080-07-30	2080-08-01
2080-05-31	5	2080-10-29	2080-11-02
2080-05-31	12	2081-05-31	2081-05-31
2080-05-31	25	2082-06-31	2082-06-31
2080-06-01	-25	2078-05-01	2078-05-01
2080-06-01	-12	2079-06-01	2079-06-01
2080-06-01	-5	2080-01-01	2080-01-01
2080-06-01	-2	2080-04-01	2080-04-01
2080-06-01	-1	2080-05-01	2080-05-01
2080-06-01	1	2080-07-01	2080-07-01
2080-06-01	2	2080-08-01	2080-08-01
2080-06-01	5	2080-11-01	2080-11-01
2080-06-01	12	2081-06-01	2081-06-01
2080-06-01	25	2082-07-01	2082-07-01
2080-06-15	-25	2078-05-15	2078-05-15
2080-06-15	-12	2079-06-15	2079-06-15
2080-06-15	-5	2080-01-15	2080-01-15
2080-06-15	-2	2080-04-15	2080-04-15
2080-06-15	-1	2080-05-15	2080-05-15
2080-06-15	1	2080-07-15	2080-07-15
2080-06-15	2	2080-08-15	2080-08-15
2080-06-15	5	2080-11-15	2080-11-15
2080-06-15	12	2081-06-15	2081-06-15
2080-06-15	25	2082-07-15	2082-07-15
2080-06-30	-25	2078-05-30	2078-05-30
2080-06-30	-12	2079-06-30	2079-06-30
2080-06-30	-5	2080-01-30	2080-01-30
2080-06-30	-2	2080-04-30	2080-04-30
2080-06-30	-1	2080-05-30	2080-05-30
2080-06-30	1	2080-07-30	2080-07-30
2080-06-30	2	2080-08-30	2080-08-30
2080-06-30	5	2080-11-30	2080-11-30
2080-06-30	12	2081-06-30	2081-06-30
2080-06-30	25	2082-07-30	2082-07-30
2080-07-01	-25	2078-06-01	2078-06-01
2080-07-01	-12	2079-07-01	2079-07-01
2080-07-01	-5	2080-02-01	2080-02-01
2080-07-01	-2	2080-05-01	2080-05-01
2080-07-01	-1	2080-06-01	2080-06-01
2080-07-01	1	2080-08-01	2080-08-01
2080-07-01	2	2080-09-01	2080-09-01
2080-07-01	5	2080-12-01	2080-12-01
2080-07-01	12	2081-07-01	2081-07-01
2080-07-01	25	2082-08-01	2082-08-01
2080-07-15	-25	2078-06-15	2078-06-15
2080-07-15	-12	2079-07-15	2079-07-15
2080-07-15	-5	2080-02-15	2080-02-15
2080-07-15	-2	2080-05-15	2080-05-15
2080-07-15	-1	2080-06-15	2080-06-15
2080-07-15	1	2080-08-15	2080-08-15
2080-07-15	2	2080-09-15	2080-09-15
2080-07-15	5	2080-12-15	2080-12-15
2080-07-15	12	2081-07-15	2081-07-15
2080-07-15	25	2082-08-15	2082-08-15
2080-07-30	-25	2078-06-30	2078-06-30
2080-07-30	-12	2079-07-30	2079-07-30
2080-07-30	-5	2080-02-30	2080-02-30
2080-07-30	-2	2080-05-30	2080-05-30
2080-07-30	-1	2080-06-30	2080-06-30
2080-07-30	1	2080-08-30	2080-08-30
2080-07-30	2	2080-09-29	2080-10-01
2080-07-30	5	2080-12-30	2080-12-30
2080-07-30	12	2081-07-30	2081-07-30
2080-07-30	25	2082-08-29	2082-09-01
2080-08-01	-25	2078-07-01	2078-07-01
2080-08-01	-12	2079-08-01	2079-08-01
2080-08-01	-5	2080-03-01	2080-03-01
2080-08-01	-2	2080-06-01	2080-06-01
2080-08-01	-1	2080-07-01	2080-07-01
2080-08-01	1	2080-09-01	2080-09-01
2080-08-01	2	2080-10-01	2080-10-01
2080-08-01	5	2081-01-01	2081-01-01
2080-08-01	12	2081-08-01	2081-08-01
2080-08-01	25	2082-09-01	2082-09-01
2080-08-15	-25	2078-07-15	2078-07-15
2080-08-15	-12	2079-08-15	2079-08-15
2080-08-15	-5	2080-03-15	2080-03-15
2080-08-15	-2	2080-06-15	2080-06-15
2080-08-15	-1	2080-07-15	2080-07-15
2080-08-15	1	2080-09-15	2080-09-15
2080-08-15	2	2080-10-15	2080-10-15
2080-08-15	5	2081-01-15	2081-01-15
2080-08-15	12	2081-08-15	2081-08-15
2080-08-15	25	2082-09-15	2082-09-15
2080-08-30	-25	2078-07-30	2078-07-30
2080-08-30	-12	2079-08-29	2079-09-01
2080-08-30	-5	2080-03-30	2080-03-30
2080-08-30	-2	2080-06-30	2080-06-30
2080-08-30	-1	2080-07-30	2080-07-30
2080-08-30	1	2080-09-29	2080-10-01
2080-08-30	2	2080-10-29	2080-11-01
2080-08-30	5	2081-01-30	2081-01-30
2080-08-30	12	2081-08-30	2081-08-30
2080-08-30	25	2082-09-30	2082-09-30
2080-09-01	-25	2078-08-01	2078-08-01
2080-09-01	-12	2079-09-01	2079-09-01
2080-09-01	-5	2080-04-01	2080-04-01
2080-09-01	-2	2080-07-01	2080-07-01
2080-09-01	-1	2080-08-01	2080-08-01
2080-09-01	1	2080-10-01	2080-10-01
2080-09-01	2	2080-11-01	2080-11-01
2080-09-01	5	2081-02-01	2081-02-01
2080-09-01	12	2081-09-01	2081-09-01
2080-09-01	25	2082-10-01	2082-10-01
2080-09-15	-25	2078-08-15	2078-08-15
2080-09-15	-12	2079-09-15	2079-09-15
2080-09-15	-5	2080-04-15	2080-04-15
2080-09-15	-2	2080-07-15	2080-07-15
2080-09-15	-1	2080-08-15	2080-08-15
2080-09-15	1	2080-10-15	2080-10-15
2080-09-15	2	2080-11-15	2080-11-15
2080-09-15	5	2081-02-15	2081-02-15
2080-09-15	12	2081-09-15	2081-09-15
2080-09-15	25	2082-10-15	2082-10-15
2080-09-29	-25	2078-08-29	2078-08-29
2080-09-29	-12	2079-09-29	2079-09-29
2080-09-29	-5	2080-04-29	2080-04-29
2080-09-29	-2	2080-07-29	2080-07-29
2080-09-29	-1	2080-08-29	2080-08-29
2080-09-29	1	2080-10-29	2080-10-29
2080-09-29	2	2080-11-29	2080-11-29
2080-09-29	5	2081-02-29	2081-02-29
2080-09-29	12	2081-09-29	2081-09-29
2080-09-29	25	2082-10-29	2082-10-29
2080-10-01	-25	2078-09-01	2078-09-01
2080-10-01	-12	2079-10-01	2079-10-01
2080-10-01	-5	2080-05-01	2080-05-01
2080-10-01	-2	2080-08-01	2080-08-01
2080-10-01	-1	2080-09-01	2080-09-01
2080-10-01	1	2080-11-01	2080-11-01
2080-10-01	2	2080-12-01	2080-12-01
2080-10-01	5	2081-03-01	2081-03-01
2080-10-01	12	2081-10-01	2081-10-01
2080-10-01	25	2082-11-01	2082-11-01
2080-10-15	-25	2078-09-15	2078-09-15
2080-10-15	-12	2079-10-15	2079-10-15
2080-10-15	-5	2080-05-15	2080-05-15
2080-10-15	-2	2080-08-15	2080-08-15
2080-10-15	-1	2080-09-15	2080-09-15
2080-10-15	1	2080-11-15	2080-11-15
2080-10-15	2	2080-12-15	2080-12-15
2080-10-15	5	2081-03-15	2081-03-15
2080-10-15	12	2081-10-15	2081-10-15
2080-10-15	25	2082-11-15	2082-11-15
2080-10-29	-25	2078-09-29	2078-09-29
2080-10-29	-12	2079-10-29	2079-10-29
2080-10-29	-5	2080-05-29	2080-05-29
2080-10-29	-2	2080-08-29	2080-08-29
2080-10-29	-1	2080-09-29	2080-09-29
2080-10-29	1	2080-11-29	2080-11-29
2080-10-29	2	2080-12-29	2080-12-29
2080-10-29	5	2081-03-29	2081-03-29
2080-10-29	12	2081-10-29	2081-10-29
2080-10-29	25	2082-11-29	2082-11-29
2080-11-01	-25	2078-10-01	2078-10-01
2080-11-01	-12	2079-11-01	2079-11-01
2080-11-01	-5	2080-06-01	2080-06-01
2080-11-01	-2	2080-09-01	2080-09-01
2080-11-01	-1	2080-10-01	2080-10-01
2080-11-01	1	2080-12-01	2080-12-01
2080-11-01	2	2081-01-01	2081-01-01
2080-11-01	5	2081-04-01	2081-04-01
2080-11-01	12	2081-11-01	2081-11-01
2080-11-01	25	2082-12-01	2082-12-01
2080-11-15	-25	2078-10-15	2078-10-15
2080-11-15	-12	2079-11-15	2079-11-15
2080-11-15	-5	2080-06-15	2080-06-15
2080-11-15	-2	2080-09-15	2080-09-15
2080-11-15	-1	2080-10-15	2080-10-15
2080-11-15	1	2080-12-15	2080-12-15
2080-11-15	2	2081-01-15	2081-01-15
2080-11-15	5	2081-04-15	2081-04-15
2080-11-15	12	2081-11-15	2081-11-15
2080-11-15	25	2082-12-15	2082-12-15
2080-11-30	-25	2078-10-29	2078-11-01
2080-11-30	-12	2079-11-30	2079-11-30
2080-11-30	-5	2080-06-30	2080-06-30
2080-11-30	-2	2080-09-29	2080-10-01
2080-11-30	-1	2080-10-29	2080-11-01
2080-11-30	1	2080-12-30	2080-12-30
2080-11-30	2	2081-01-30	2081-01-30
2080-11-30	5	2081-04-30	2081-04-30
2080-11-30	12	2081-11-29	2081-12-01
2080-11-30	25	2082-12-30	2082-12-30
2080-12-01	-25	2078-11-01	2078-11-01
2080-12-01	-12	2079-12-01	2079-12-01
2080-12-01	-5	2080-07-01	2080-07-01
2080-12-01	-2	2080-10-01	2080-10-01
2080-12-01	-1	2080-11-01	2080-11-01
2080-12-01	1	2081-01-01	2081-01-01
2080-12-01	2	2081-02-01	2081-02-01
2080-12-01	5	2081-05-01	2081-05-01
2080-12-01	12	2081-12-01	2081-12-01
2080-12-01	25	2083-01-01	2083-01-01
2080-12-15	-25	2078-11-15	2078-11-15
2080-12-15	-12	2079-12-15	2079-12-15
2080-12-15	-5	2080-07-15	2080-07-15
2080-12-15	-2	2080-10-15	2080-10-15
2080-12-15	-1	2080-11-15	2080-11-15
2080-12-15	1	2081-01-15	2081-01-15
2080-12-15	2	2081-02-15	2081-02-15
2080-12-15	5	2081-05-15	2081-05-15
2080-12-15	12	2081-12-15	2081-12-15
2080-12-15	25	2083-01-15	2083-01-15
2080-12-30	-25	2078-11-30	2078-11-30
2080-12-30	-12	2079-12-30	2079-12-30
2080-12-30	-5	2080-07-30	2080-07-30
2080-12-30	-2	2080-10-29	2080-11-01
2080-12-30	-1	2080-11-30	2080-11-30
2080-12-30	1	2081-01-30	2081-01-30
2080-12-30	2	2081-02-30	2081-02-30
2080-12-30	5	2081-05-30	2081-05-30
2080-12-30	12	2081-12-30	2081-12-30
2080-12-30	25	2083-01-30	2083-01-30
2081-01-01	-25	2078-12-01	2078-12-01
2081-01-01	-12	2080-01-01	2080-01-01
2081-01-01	-5	2080-08-01	2080-08-01
2081-01-01	-2	2080-11-01	2080-11-01
2081-01-01	-1	2080-12-01	2080-12-01
2081-01-01	1	2081-02-01	2081-02-01
2081-01-01	2	2081-03-01	2081-03-01
2081-01-01	5	2081-06-01	2081-06-01
2081-01-01	12	2082-01-01	2082-01-01
2081-01-01	25	2083-02-01	2083-02-01
2081-01-15	-25	2078-12-15	2078-12-15
2081-01-15	-12	2080-01-15	2080-01-15
2081-01-15	-5	2080-08-15	2080-08-15
2081-01-15	-2	2080-11-15	2080-11-15
2081-01-15	-1	2080-12-15	2080-12-15
2081-01-15	1	2081-02-15	2081-02-15
2081-01-15	2	2081-03-15	2081-03-15
2081-01-15	5	2081-06-15	2081-06-15
2081-01-15	12	2082-01-15	2082-01-15
2081-01-15	25	2083-02-15	2083-02-15
2081-01-31	-25	2078-12-30	2079-01-01
2081-01-31	-12	2080-01-31	2080-01-31
2081-01-31	-5	2080-08-30	2080-09-01
2081-01-31	-2	2080-11-30	2080-12-01
2081-01-31	-1	2080-12-30	2081-01-01
2081-01-31	1	2081-02-31	2081-02-31
2081-01-31	2	2081-03-31	2081-03-31
2081-01-31	5	2081-06-30	2081-07-01
2081-01-31	12	2082-01-31	2082-01-31
2081-01-31	25	2083-02-31	2083-02-31
2081-02-01	-25	2079-01-01	2079-01-01
2081-02-01	-12	2080-02-01	2080-02-01
2081-02-01	-5	2080-09-01	2080-09-01
2081-02-01	-2	2080-12-01	2080-12-01
2081-02-01	-1	2081-01-01	2081-01-01
2081-02-01	1	2081-03-01	2081-03-01
2081-02-01	2	2081-04-01	2081-04-01
2081-02-01	5	2081-07-01	2081-07-01
2081-02-01	12	2082-02-01	2082-02-01
2081-02-01	25	2083-03-01	2083-03-01
2081-02-15	-25	2079-01-15	2079-01-15
2081-02-15	-12	2080-02-15	2080-02-15
2081-02-15	-5	2080-09-15	2080-09-15
2081-02-15	-2	2080-12-15	2080-12-15
2081-02-15	-1	2081-01-15	2081-01-15
2081-02-15	1	2081-03-15	2081-03-15
2081-02-15	2	2081-04-15	2081-04-15
2081-02-15	5	2081-07-15	2081-07-15
2081-02-15	12	2082-02-15	2082-02-15
2081-02-15	25	2083-03-15	2083-03-15
2081-02-32	-25	2079-01-31	2079-02-01
2081-02-32	-12	2080-02-32	2080-02-32
2081-02-32	-5	2080-09-29	2080-10-03
2081-02-32	-2	2080-12-30	2081-01-02
2081-02-32	-1	2081-01-31	2081-02-01
2081-02-32	1	2081-03-31	2081-04-01
2081-02-32	2	2081-04-32	2081-04-32
2081-02-32	5	2081-07-30	2081-08-02
2081-02-32	12	2082-02-31	2082-03-01
2081-02-32	25	2083-03-32	2083-03-32
2081-03-01	-25	2079-02-01	2079-02-01
2081-03-01	-12	2080-03-01	2080-03-01
2081-03-01	-5	2080-10-01	2080-10-01
2081-03-01	-2	2081-01-01	2081-01-01
2081-03-01	-1	2081-02-01	2081-02-01
2081-03-01	1	2081-04-01	2081-04-01
2081-03-01	2	2081-05-01	2081-05-01
2081-03-01	5	2081-08-01	2081-08-01
2081-03-01	12	2082-03-01	2082-03-01
2081-03-01	25	2083-04-01	2083-04-01
2081-03-15	-25	2079-02-15	2079-02-15
2081-03-15	-12	2080-03-15	2080-03-15
2081-03-15	-5	2080-10-15	2080-10-15
2081-03-15	-2	2081-01-15	2081-01-15
2081-03-15	-1	2081-02-15	2081-02-15
2081-03-15	1	2081-04-15	2081-04-15
2081-03-15	2	2081-05-15	2081-05-15
2081-03-15	5	2081-08-15	2081-08-15
2081-03-15	12	2082-03-15	2082-03-15
2081-03-15	25	2083-04-15	2083-04-15
2081-03-31	-25	2079-02-31	2079-02-31
2081-03-31	-12	2080-03-31	2080-03-31
2081-03-31	-5	2080-10-29	2080-11-02
2081-03-31	-2	2081-01-31	2081-01-31
2081-03-31	-1	2081-02-31	2081-02-31
2081-03-31	1	2081-04-31	2081-04-31
2081-03-31	2	2081-05-31	2081-05-31
2081-03-31	5	2081-08-30	2081-09-01
2081-03-31	12	2082-03-31	2082-03-31
2081-03-31	25	2083-04-31	2083-04-31
2081-04-01	-25	2079-03-01	2079-03-01
2081-04-01	-12	2080-04-01	2080-04-01
2081-04-01	-5	2080-11-01	2080-11-01
2081-04-01	-2	2081-02-01	2081-02-01
2081-04-01	-1	2081-03-01	2081-03-01
2081-04-01	1	2081-05-01	2081-05-01
2081-04-01	2	2081-06-01	2081-06-01
2081-04-01	5	2081-09-01	2081-09-01
2081-04-01	12	2082-04-01	2082-04-01
2081-04-01	25	2083-05-01	2083-05-01
2081-04-15	-25	2079-03-15	2079-03-15
2081-04-15	-12	2080-04-15	2080-04-15
2081-04-15	-5	2080-11-15	2080-11-15
2081-04-15	-2	2081-02-15	2081-02-15
2081-04-15	-1	2081-03-15	2081-03-15
2081-04-15	1	2081-05-15	2081-05-15
2081-04-15	2	2081-06-15	2081-06-15
2081-04-15	5	2081-09-15	2081-09-15
2081-04-15	12	2082-04-15	2082-04-15
2081-04-15	25	2083-05-15	2083-05-15
2081-04-32	-25	2079-03-32	2079-03-32
2081-04-32	-12	2080-04-32	2080-04-32
2081-04-32	-5	2080-11-30	2080-12-02
2081-04-32	-2	2081-02-32	2081-02-32
2081-04-32	-1	2081-03-31	2081-04-01
2081-04-32	1	2081-05-31	2081-06-01
2081-04-32	2	2081-06-30	2081-07-02
2081-04-32	5	2081-09-29	2081-10-03
2081-04-32	12	2082-04-31	2082-05-01
2081-04-32	25	2083-05-31	2083-06-01
2081-05-01	-25	2079-04-01	2079-04-01
2081-05-01	-12	2080-05-01	2080-05-01
2081-05-01	-5	2080-12-01	2080-12-01
2081-05-01	-2	2081-03-01	2081-03-01
2081-05-01	-1	2081-04-01	2081-04-01
2081-05-01	1	2081-06-01	2081-06-01
2081-05-01	2	2081-07-01	2081-07-01
2081-05-01	5	2081-10-01	2081-10-01
2081-05-01	12	2082-05-01	2082-05-01
2081-05-01	25	2083-06-01	2083-06-01
2081-05-15	-25	2079-04-15	2079-04-15
2081-05-15	-12	2080-05-15	2080-05-15
2081-05-15	-5	2080-12-15	2080-12-15
2081-05-15	-2	2081-03-15	2081-03-15
2081-05-15	-1	2081-04-15	2081-04-15
2081-05-15	1	2081-06-15	2081-06-15
2081-05-15	2	2081-07-15	2081-07-15
2081-05-15	5	2081-10-15	2081-10-15
2081-05-15	12	2082-05-15	2082-05-15
2081-05-15	25	2083-06-15	2083-06-15
2081-05-31	-25	2079-04-31	2079-04-31
2081-05-31	-12	2080-05-31	2080-05-31
2081-05-31	-5	2080-12-30	2081-01-01
2081-05-31	-2	2081-03-31	2081-03-31
2081-05-31	-1	2081-04-31	2081-04-31
2081-05-31	1	2081-06-30	2081-07-01
2081-05-31	2	2081-07-30	2081-08-01
2081-05-31	5	2081-10-30	2081-11-01
2081-05-31	12	2082-05-31	2082-05-31
2081-05-31	25	2083-06-31	2083-06-31
2081-06-01	-25	2079-05-01	2079-05-01
2081-06-01	-12	2080-06-01	2080-06-01
2081-06-01	-5	2081-01-01	2081-01-01
2081-06-01	-2	2081-04-01	2081-04-01
2081-06-01	-1	2081-05-01	2081-05-01
2081-06-01	1	2081-07-01	2081-07-01
2081-06-01	2	2081-08-01	2081-08-01
2081-06-01	5	2081-11-01	2081-11-01
2081-06-01	12	2082-06-01	2082-06-01
2081-06-01	25	2083-07-01	2083-07-01
2081-06-15	-25	2079-05-15	2079-05-15
2081-06-15	-12	2080-06-15	2080-06-15
2081-06-15	-5	2081-01-15	2081-01-15
2081-06-15	-2	2081-04-15	2081-04-15
2081-06-15	-1	2081-05-15	2081-05-15
2081-06-15	1	2081-07-15	2081-07-15
2081-06-15	2	2081-08-15	2081-08-15
2081-06-15	5	2081-11-15	2081-11-15
2081-06-15	12	2082-06-15	2082-06-15
2081-06-15	25	2083-07-15	2083-07-15
2081-06-30	-25	2079-05-30	2079-05-30
2081-06-30	-12	2080-06-30	2080-06-30
2081-06-30	-5	2081-01-30	2081-01-30
2081-06-30	-2	2081-04-30	2081-04-30
2081-06-30	-1	2081-05-30	2081-05-30
2081-06-30	1	2081-07-30	2081-07-30
2081-06-30	2	2081-08-30	2081-08-30
2081-06-30	5	2081-11-29	2081-12-01
2081-06-30	12	2082-06-30	2082-06-30
2081-06-30	25	2083-07-30	2083-07-30
2081-07-01	-25	2079-06-01	2079-06-01
2081-07-01	-12	2080-07-01	2080-07-01
2081-07-01	-5	2081-02-01	2081-02-01
2081-07-01	-2	2081-05-01	2081-05-01
2081-07-01	-1	2081-06-01	2081-06-01
2081-07-01	1	2081-08-01	2081-08-01
2081-07-01	2	2081-09-01	2081-09-01
2081-07-01	5	2081-12-01	2081-12-01
2081-07-01	12	2082-07-01	2082-07-01
2081-07-01	25	2083-08-01	2083-08-01
2081-07-15	-25	2079-06-15	2079-06-15
2081-07-15	-12	2080-07-15	2080-07-15
2081-07-15	-5	2081-02-15	2081-02-15
2081-07-15	-2	2081-05-15	2081-05-15
2081-07-15	-1	2081-06-15	2081-06-15
2081-07-15	1	2081-08-15	2081-08-15
2081-07-15	2	2081-09-15	2081-09-15
2081-07-15	5	2081-12-15	2081-12-15
2081-07-15	12	2082-07-15	2082-07-15
2081-07-15	25	2083-08-15	2083-08-15
2081-07-30	-25	2079-06-30	2079-06-30
2081-07-30	-12	2080-07-30	2080-07-30
2081-07-30	-5	2081-02-30	2081-02-30
2081-07-30	-2	2081-05-30	2081-05-30
2081-07-30	-1	2081-06-30	2081-06-30
2081-07-30	1	2081-08-30	2081-08-30
2081-07-30	2	2081-09-29	2081-10-01
2081-07-30	5	2081-12-30	2081-12-30
2081-07-30	12	2082-07-30	2082-07-30
2081-07-30	25	2083-08-29	2083-09-01
2081-08-01	-25	2079-07-01	2079-07-01
2081-08-01	-12	2080-08-01	2080-08-01
2081-08-01	-5	2081-03-01	2081-03-01
2081-08-01	-2	2081-06-01	2081-06-01
2081-08-01	-1	2081-07-01	2081-07-01
2081-08-01	1	2081-09-01	2081-09-01
2081-08-01	2	2081-10-01	2081-10-01
2081-08-01	5	2082-01-01	2082-01-01
2081-08-01	12	2082-08-01	2082-08-01
2081-08-01	25	2083-09-01	2083-09-01
2081-08-15	-25	2079-07-15	2079-07-15
2081-08-15	-12	2080-08-15	2080-08-15
2081-08-15	-5	2081-03-15	2081-03-15
2081-08-15	-2	2081-06-15	2081-06-15
2081-08-15	-1	2081-07-15	2081-07-15
2081-08-15	1	2081-09-15	2081-09-15
2081-08-15	2	2081-10-15	2081-10-15
2081-08-15	5	2082-01-15	2082-01-15
2081-08-15	12	2082-08-15	2082-08-15
2081-08-15	25	2083-09-15	2083-09-15
2081-08-30	-25	2079-07-30	2079-07-30
2081-08-30	-12	2080-08-30	2080-08-30
2081-08-30	-5	2081-03-30	2081-03-30
2081-08-30	-2	2081-06-30	2081-06-30
2081-08-30	-1	2081-07-30	2081-07-30
2081-08-30	1	2081-09-29	2081-10-01
2081-08-30	2	2081-10-30	2081-10-30
2081-08-30	5	2082-01-30	2082-01-30
2081-08-30	12	2082-08-29	2082-09-01
2081-08-30	25	2083-09-30	2083-09-30
2081-09-01	-25	2079-08-01	2079-08-01
2081-09-01	-12	2080-09-01	2080-09-01
2081-09-01	-5	2081-04-01	2081-04-01
2081-09-01	-2	2081-07-01	2081-07-01
2081-09-01	-1	2081-08-01	2081-08-01
2081-09-01	1	2081-10-01	2081-10-01
2081-09-01	2	2081-11-01	2081-11-01
2081-09-01	5	2082-02-01	2082-02-01
2081-09-01	12	2082-09-01	2082-09-01
2081-09-01	25	2083-10-01	2083-10-01
2081-09-15	-25	2079-08-15	2079-08-15
2081-09-15	-12	2080-09-15	2080-09-15
2081-09-15	-5	2081-04-15	2081-04-15
2081-09-15	-2	2081-07-15	2081-07-15
2081-09-15	-1	2081-08-15	2081-08-15
2081-09-15	1	2081-10-15	2081-10-15
2081-09-15	2	2081-11-15	2081-11-15
2081-09-15	5	2082-02-15	2082-02-15
2081-09-15	12	2082-09-15	2082-09-15
2081-09-15	25	2083-10-15	2083-10-15
2081-09-29	-25	2079-08-29	2079-08-29
2081-09-29	-12	2080-09-29	2080-09-29
2081-09-29	-5	2081-04-29	2081-04-29
2081-09-29	-2	2081-07-29	2081-07-29
2081-09-29	-1	2081-08-29	2081-08-29
2081-09-29	1	2081-10-29	2081-10-29
2081-09-29	2	2081-11-29	2081-11-29
2081-09-29	5	2082-02-29	2082-02-29
2081-09-29	12	2082-09-29	2082-09-29
2081-09-29	25	2083-10-29	2083-10-29
2081-10-01	-25	2079-09-01	2079-09-01
2081-10-01	-12	2080-10-01	2080-10-01
2081-10-01	-5	2081-05-01	2081-05-01
2081-10-01	-2	2081-08-01	2081-08-01
2081-10-01	-1	2081-09-01	2081-09-01
2081-10-01	1	2081-11-01	2081-11-01
2081-10-01	2	2081-12-01	2081-12-01
2081-10-01	5	2082-03-01	2082-03-01
2081-10-01	12	2082-10-01	2082-10-01
2081-10-01	25	2083-11-01	2083-11-01
2081-10-04	-25	2079-09-04	2079-09-04
2081-10-04	-12	2080-10-04	2080-10-04
2081-10-04	-5	2081-05-04	2081-05-04
2081-10-04	-2	2081-08-04	2081-08-04
2081-10-04	-1	2081-09-04	2081-09-04
2081-10-04	1	2081-11-04	2081-11-04
2081-10-04	2	2081-12-04	2081-12-04
2081-10-04	5	2082-03-04	2082-03-04
2081-10-04	12	2082-10-04	2082-10-04
2081-10-04	25	2083-11-04	2083-11-04
2081-10-15	-25	2079-09-15	2079-09-15
2081-10-15	-12	2080-10-15	2080-10-15
2081-10-15	-5	2081-05-15	2081-05-15
2081-10-15	-2	2081-08-15	2081-08-15
2081-10-15	-1	2081-09-15	2081-09-15
2081-10-15	1	2081-11-15	2081-11-15
2081-10-15	2	2081-12-15	2081-12-15
2081-10-15	5	2082-03-15	2082-03-15
2081-10-15	12	2082-10-15	2082-10-15
2081-10-15	25	2083-11-15	2083-11-15
2081-10-30	-25	2079-09-30	2079-09-30
2081-10-30	-12	2080-10-29	2080-11-01
2081-10-30	-5	2081-05-30	2081-05-30
2081-10-30	-2	2081-08-30	2081-08-30
2081-10-30	-1	2081-09-29	2081-10-01
2081-10-30	1	2081-11-29	2081-12-01
2081-10-30	2	2081-12-30	2081-12-30
2081-10-30	5	2082-03-30	2082-03-30
2081-10-30	12	2082-10-29	2082-11-01
2081-10-30	25	2083-11-30	2083-11-30
2081-11-01	-25	2079-10-01	2079-10-01
2081-11-01	-12	2080-11-01	2080-11-01
2081-11-01	-5	2081-06-01	2081-06-01
2081-11-01	-2	2081-09-01	2081-09-01
2081-11-01	-1	2081-10-01	2081-10-01
2081-11-01	1	2081-12-01	2081-12-01
2081-11-01	2	2082-01-01	2082-01-01
2081-11-01	5	2082-04-01	2082-04-01
2081-11-01	12	2082-11-01	2082-11-01
2081-11-01	25	2083-12-01	2083-12-01
2081-11-15	-25	2079-10-15	2079-10-15
2081-11-15	-12	2080-11-15	2080-11-15
2081-11-15	-5	2081-06-15	2081-06-15
2081-11-15	-2	2081-09-15	2081-09-15
2081-11-15	-1	2081-10-15	2081-10-15
2081-11-15	1	2081-12-15	2081-12-15
2081-11-15	2	2082-01-15	2082-01-15
2081-11-15	5	2082-04-15	2082-04-15
2081-11-15	12	2082-11-15	2082-11-15
2081-11-15	25	2083-12-15	2083-12-15
2081-11-29	-25	2079-10-29	2079-10-29
2081-11-29	-12	2080-11-29	2080-11-29
2081-11-29	-5	2081-06-29	2081-06-29
2081-11-29	-2	2081-09-29	2081-09-29
2081-11-29	-1	2081-10-29	2081-10-29
2081-11-29	1	2081-12-29	2081-12-29
2081-11-29	2	2082-01-29	2082-01-29
2081-11-29	5	2082-04-29	2082-04-29
2081-11-29	12	2082-11-29	2082-11-29
2081-11-29	25	2083-12-29	2083-12-29
2081-12-01	-25	2079-11-01	2079-11-01
2081-12-01	-12	2080-12-01	2080-12-01
2081-12-01	-5	2081-07-01	2081-07-01
2081-12-01	-2	2081-10-01	2081-10-01
2081-12-01	-1	2081-11-01	2081-11-01
2081-12-01	1	2082-01-01	2082-01-01
2081-12-01	2	2082-02-01	2082-02-01
2081-12-01	5	2082-05-01	2082-05-01
2081-12-01	12	2082-12-01	2082-12-01
2081-12-01	25	2084-01-01	2084-01-01
2081-12-08	-25	2079-11-08	2079-11-08
2081-12-08	-12	2080-12-08	2080-12-08
2081-12-08	-5	2081-07-08	2081-07-08
2081-12-08	-2	2081-10-08	2081-10-08
2081-12-08	-1	2081-11-08	2081-11-08
2081-12-08	1	2082-01-08	2082-01-08
2081-12-08	2	2082-02-08	2082-02-08
2081-12-08	5	2082-05-08	2082-05-08
2081-12-08	12	2082-12-08	2082-12-08
2081-12-08	25	2084-01-08	2084-01-08
2081-12-15	-25	2079-11-15	2079-11-15
2081-12-15	-12	2080-12-15	2080-12-15
2081-12-15	-5	2081-07-15	2081-07-15
2081-12-15	-2	2081-10-15	2081-10-15
2081-12-15	-1	2081-11-15	2081-11-15
2081-12-15	1	2082-01-15	2082-01-15
2081-12-15	2	2082-02-15	2082-02-15
2081-12-15	5	2082-05-15	2082-05-15
2081-12-15	12	2082-12-15	2082-12-15
2081-12-15	25	2084-01-15	2084-01-15
2081-12-31	-25	2079-11-30	2079-12-01
2081-12-31	-12	2080-12-30	2081-01-01
2081-12-31	-5	2081-07-30	2081-08-01
2081-12-31	-2	2081-10-30	2081-11-01
2081-12-31	-1	2081-11-29	2081-12-02
2081-12-31	1	2082-01-31	2082-01-31
2081-12-31	2	2082-02-31	2082-02-31
2081-12-31	5	2082-05-31	2082-05-31
2081-12-31	12	2082-12-30	2083-01-01
2081-12-31	25	2084-01-31	2084-01-31
2082-01-01	-25	2079-12-01	2079-12-01
2082-01-01	-12	2081-01-01	2081-01-01
2082-01-01	-5	2081-08-01	2081-08-01
2082-01-01	-2	2081-11-01	2081-11-01
2082-01-01	-1	2081-12-01	2081-12-01
2082-01-01	1	2082-02-01	2082-02-01
2082-01-01	2	2082-03-01	2082-03-01
2082-01-01	5	2082-06-01	2082-06-01
2082-01-01	12	2083-01-01	2083-01-01
2082-01-01	25	2084-02-01	2084-02-01
2082-01-15	-25	2079-12-15	2079-12-15
2082-01-15	-12	2081-01-15	2081-01-15
2082-01-15	-5	2081-08-15	2081-08-15
2082-01-15	-2	2081-11-15	2081-11-15
2082-01-15	-1	2081-12-15	2081-12-15
2082-01-15	1	2082-02-15	2082-02-15
2082-01-15	2	2082-03-15	2082-03-15
2082-01-15	5	2082-06-15	2082-06-15
2082-01-15	12	2083-01-15	2083-01-15
2082-01-15	25	2084-02-15	2084-02-15
2082-01-16	-25	2079-12-16	2079-12-16
2082-01-16	-12	2081-01-16	2081-01-16
2082-01-16	-5	2081-08-16	2081-08-16
2082-01-16	-2	2081-11-16	2081-11-16
2082-01-16	-1	2081-12-16	2081-12-16
2082-01-16	1	2082-02-16	2082-02-16
2082-01-16	2	2082-03-16	2082-03-16
2082-01-16	5	2082-06-16	2082-06-16
2082-01-16	12	2083-01-16	2083-01-16
2082-01-16	25	2084-02-16	2084-02-16
2082-01-31	-25	2079-12-30	2080-01-01
2082-01-31	-12	2081-01-31	2081-01-31
2082-01-31	-5	2081-08-30	2081-09-01
2082-01-31	-2	2081-11-29	2081-12-02
2082-01-31	-1	2081-12-31	2081-12-31
2082-01-31	1	2082-02-31	2082-02-31
2082-01-31	2	2082-03-31	2082-03-31
2082-01-31	5	2082-06-31	2082-06-31
2082-01-31	12	2083-01-31	2083-01-31
2082-01-31	25	2084-02-31	2084-02-31
2082-02-01	-25	2080-01-01	2080-01-01
2082-02-01	-12	2081-02-01	2081-02-01
2082-02-01	-5	2081-09-01	2081-09-01
2082-02-01	-2	2081-12-01	2081-12-01
2082-02-01	-1	2082-01-01	2082-01-01
2082-02-01	1	2082-03-01	2082-03-01
2082-02-01	2	2082-04-01	2082-04-01
2082-02-01	5	2082-07-01	2082-07-01
2082-02-01	12	2083-02-01	2083-02-01
2082-02-01	25	2084-03-01	2084-03-01
2082-02-15	-25	2080-01-15	2080-01-15
2082-02-15	-12	2081-02-15	2081-02-15
2082-02-15	-5	2081-09-15	2081-09-15
2082-02-15	-2	2081-12-15	2081-12-15
2082-02-15	-1	2082-01-15	2082-01-15
2082-02-15	1	2082-03-15	2082-03-15
2082-02-15	2	2082-04-15	2082-04-15
2082-02-15	5	2082-07-15	2082-07-15
2082-02-15	12	2083-02-15	2083-02-15
2082-02-15	25	2084-03-15	2084-03-15
2082-02-31	-25	2080-01-31	2080-01-31
2082-02-31	-12	2081-02-31	2081-02-31
2082-02-31	-5	2081-09-29	2081-10-02
2082-02-31	-2	2081-12-31	2081-12-31
2082-02-31	-1	2082-01-31	2082-01-31
2082-02-31	1	2082-03-31	2082-03-31
2082-02-31	2	2082-04-31	2082-04-31
2082-02-31	5	2082-07-30	2082-08-01
2082-02-31	12	2083-02-31	2083-02-31
2082-02-31	25	2084-03-31	2084-03-31
2082-03-01	-25	2080-02-01	2080-02-01
2082-03-01	-12	2081-03-01	2081-03-01
2082-03-01	-5	2081-10-01	2081-10-01
2082-03-01	-2	2082-01-01	2082-01-01
2082-03-01	-1	2082-02-01	2082-02-01
2082-03-01	1	2082-04-01	2082-04-01
2082-03-01	2	2082-05-01	2082-05-01
2082-03-01	5	2082-08-01	2082-08-01
2082-03-01	12	2083-03-01	2083-03-01
2082-03-01	25	2084-04-01	2084-04-01
2082-03-15	-25	2080-02-15	2080-02-15
2082-03-15	-12	2081-03-15	2081-03-15
2082-03-15	-5	2081-10-15	2081-10-15
2082-03-15	-2	2082-01-15	2082-01-15
2082-03-15	-1	2082-02-15	2082-02-15
2082-03-15	1	2082-04-15	2082-04-15
2082-03-15	2	2082-05-15	2082-05-15
2082-03-15	5	2082-08-15	2082-08-15
2082-03-15	12	2083-03-15	2083-03-15
2082-03-15	25	2084-04-15	2084-04-15
2082-03-32	-25	2080-02-32	2080-02-32
2082-03-32	-12	2081-03-31	2081-04-01
2082-03-32	-5	2081-10-30	2081-11-02
2082-03-32	-2	2082-01-31	2082-02-01
2082-03-32	-1	2082-02-31	2082-03-01
2082-03-32	1	2082-04-31	2082-05-01
2082-03-32	2	2082-05-31	2082-06-01
2082-03-32	5	2082-08-29	2082-09-03
2082-03-32	12	2083-03-32	2083-03-32
2082-03-32	25	2084-04-31	2084-05-01
2082-04-01	-25	2080-03-01	2080-03-01
2082-04-01	-12	2081-04-01	2081-04-01
2082-04-01	-5	2081-11-01	2081-11-01
2082-04-01	-2	2082-02-01	2082-02-01
2082-04-01	-1	2082-03-01	2082-03-01
2082-04-01	1	2082-05-01	2082-05-01
2082-04-01	2	2082-06-01	2082-06-01
2082-04-01	5	2082-09-01	2082-09-01
2082-04-01	12	2083-04-01	2083-04-01
2082-04-01	25	2084-05-01	2084-05-01
2082-04-15	-25	2080-03-15	2080-03-15
2082-04-15	-12	2081-04-15	2081-04-15
2082-04-15	-5	2081-11-15	2081-11-15
2082-04-15	-2	2082-02-15	2082-02-15
2082-04-15	-1	2082-03-15	2082-03-15
2082-04-15	1	2082-05-15	2082-05-15
2082-04-15	2	2082-06-15	2082-06-15
2082-04-15	5	2082-09-15	2082-09-15
2082-04-15	12	2083-04-15	2083-04-15
2082-04-15	25	2084-05-15	2084-05-15
2082-04-31	-25	2080-03-31	2080-03-31
2082-04-31	-12	2081-04-31	2081-04-31
2082-04-31	-5	2081-11-29	2081-12-02
2082-04-31	-2	2082-02-31	2082-02-31
2082-04-31	-1	2082-03-31	2082-03-31
2082-04-31	1	2082-05-31	2082-05-31
2082-04-31	2	2082-06-31	2082-06-31
2082-04-31	5	2082-09-30	2082-10-01
2082-04-31	12	2083-04-31	2083-04-31
2082-04-31	25	2084-05-31	2084-05-31
2082-05-01	-25	2080-04-01	2080-04-01
2082-05-01	-12	2081-05-01	2081-05-01
2082-05-01	-5	2081-12-01	2081-12-01
2082-05-01	-2	2082-03-01	2082-03-01
2082-05-01	-1	2082-04-01	2082-04-01
2082-05-01	1	2082-06-01	2082-06-01
2082-05-01	2	2082-07-01	2082-07-01
2082-05-01	5	2082-10-01	2082-10-01
2082-05-01	12	2083-05-01	2083-05-01
2082-05-01	25	2084-06-01	2084-06-01
2082-05-15	-25	2080-04-15	2080-04-15
2082-05-15	-12	2081-05-15	2081-05-15
2082-05-15	-5	2081-12-15	2081-12-15
2082-05-15	-2	2082-03-15	2082-03-15
2082-05-15	-1	2082-04-15	2082-04-15
2082-05-15	1	2082-06-15	2082-06-15
2082-05-15	2	2082-07-15	2082-07-15
2082-05-15	5	2082-10-15	2082-10-15
2082-05-15	12	2083-05-15	2083-05-15
2082-05-15	25	2084-06-15	2084-06-15
2082-05-31	-25	2080-04-31	2080-04-31
2082-05-31	-12	2081-05-31	2081-05-31
2082-05-31	-5	2081-12-31	2081-12-31
2082-05-31	-2	2082-03-31	2082-03-31
2082-05-31	-1	2082-04-31	2082-04-31
2082-05-31	1	2082-06-31	2082-06-31
2082-05-31	2	2082-07-30	2082-08-01
2082-05-31	5	2082-10-29	2082-11-02
2082-05-31	12	2083-05-31	2083-05-31
2082-05-31	25	2084-06-30	2084-07-01
2082-06-01	-25	2080-05-01	2080-05-01
2082-06-01	-12	2081-06-01	2081-06-01
2082-06-01	-5	2082-01-01	2082-01-01
2082-06-01	-2	2082-04-01	2082-04-01
2082-06-01	-1	2082-05-01	2082-05-01
2082-06-01	1	2082-07-01	2082-07-01
2082-06-01	2	2082-08-01	2082-08-01
2082-06-01	5	2082-11-01	2082-11-01
2082-06-01	12	2083-06-01	2083-06-01
2082-06-01	25	2084-07-01	2084-07-01
2082-06-15	-25	2080-05-15	2080-05-15
2082-06-15	-12	2081-06-15	2081-06-15
2082-06-15	-5	2082-01-15	2082-01-15
2082-06-15	-2	2082-04-15	2082-04-15
2082-06-15	-1	2082-05-15	2082-05-15
2082-06-15	1	2082-07-15	2082-07-15
2082-06-15	2	2082-08-15	2082-08-15
2082-06-15	5	2082-11-15	2082-11-15
2082-06-15	12	2083-06-15	2083-06-15
2082-06-15	25	2084-07-15	2084-07-15
2082-06-31	-25	2080-05-31	2080-05-31
2082-06-31	-12	2081-06-30	2081-07-01
2082-06-31	-5	2082-01-31	2082-01-31
2082-06-31	-2	2082-04-31	2082-04-31
2082-06-31	-1	2082-05-31	2082-05-31
2082-06-31	1	2082-07-30	2082-08-01
2082-06-31	2	2082-08-29	2082-09-02
2082-06-31	5	2082-11-30	2082-12-01
2082-06-31	12	2083-06-31	2083-06-31
2082-06-31	25	2084-07-30	2084-08-01
2082-07-01	-25	2080-06-01	2080-06-01
2082-07-01	-12	2081-07-01	2081-07-01
2082-07-01	-5	2082-02-01	2082-02-01
2082-07-01	-2	2082-05-01	2082-05-01
2082-07-01	-1	2082-06-01	2082-06-01
2082-07-01	1	2082-08-01	2082-08-01
2082-07-01	2	2082-09-01	2082-09-01
2082-07-01	5	2082-12-01	2082-12-01
2082-07-01	12	2083-07-01	2083-07-01
2082-07-01	25	2084-08-01	2084-08-01
2082-07-15	-25	2080-06-15	2080-06-15
2082-07-15	-12	2081-07-15	2081-07-15
2082-07-15	-5	2082-02-15	2082-02-15
2082-07-15	-2	2082-05-15	2082-05-15
2082-07-15	-1	2082-06-15	2082-06-15
2082-07-15	1	2082-08-15	2082-08-15
2082-07-15	2	2082-09-15	2082-09-15
2082-07-15	5	2082-12-15	2082-12-15
2082-07-15	12	2083-07-15	2083-07-15
2082-07-15	25	2084-08-15	2084-08-15
2082-07-30	-25	2080-06-30	2080-06-30
2082-07-30	-12	2081-07-30	2081-07-30
2082-07-30	-5	2082-02-30	2082-02-30
2082-07-30	-2	2082-05-30	2082-05-30
2082-07-30	-1	2082-06-30	2082-06-30
2082-07-30	1	2082-08-29	2082-09-01
2082-07-30	2	2082-09-30	2082-09-30
2082-07-30	5	2082-12-30	2082-12-30
2082-07-30	12	2083-07-30	2083-07-30
2082-07-30	25	2084-08-30	2084-08-30
2082-08-01	-25	2080-07-01	2080-07-01
2082-08-01	-12	2081-08-01	2081-08-01
2082-08-01	-5	2082-03-01	2082-03-01
2082-08-01	-2	2082-06-01	2082-06-01
2082-08-01	-1	2082-07-01	2082-07-01
2082-08-01	1	2082-09-01	2082-09-01
2082-08-01	2	2082-10-01	2082-10-01
2082-08-01	5	2083-01-01	2083-01-01
2082-08-01	12	2083-08-01	2083-08-01
2082-08-01	25	2084-09-01	2084-09-01
2082-08-15	-25	2080-07-15	2080-07-15
2082-08-15	-12	2081-08-15	2081-08-15
2082-08-15	-5	2082-03-15	2082-03-15
2082-08-15	-2	2082-06-15	2082-06-15
2082-08-15	-1	2082-07-15	2082-07-15
2082-08-15	1	2082-09-15	2082-09-15
2082-08-15	2	2082-10-15	2082-10-15
2082-08-15	5	2083-01-15	2083-01-15
2082-08-15	12	2083-08-15	2083-08-15
2082-08-15	25	2084-09-15	2084-09-15
2082-08-29	-25	2080-07-29	2080-07-29
2082-08-29	-12	2081-08-29	2081-08-29
2082-08-29	-5	2082-03-29	2082-03-29
2082-08-29	-2	2082-06-29	2082-06-29
2082-08-29	-1	2082-07-29	2082-07-29
2082-08-29	1	2082-09-29	2082-09-29
2082-08-29	2	2082-10-29	2082-10-29
2082-08-29	5	2083-01-29	2083-01-29
2082-08-29	12	2083-08-29	2083-08-29
2082-08-29	25	2084-09-29	2084-09-29
2082-09-01	-25	2080-08-01	2080-08-01
2082-09-01	-12	2081-09-01	2081-09-01
2082-09-01	-5	2082-04-01	2082-04-01
2082-09-01	-2	2082-07-01	2082-07-01
2082-09-01	-1	2082-08-01	2082-08-01
2082-09-01	1	2082-10-01	2082-10-01
2082-09-01	2	2082-11-01	2082-11-01
2082-09-01	5	2083-02-01	2083-02-01
2082-09-01	12	2083-09-01	2083-09-01
2082-09-01	25	2084-10-01	2084-10-01
2082-09-15	-25	2080-08-15	2080-08-15
2082-09-15	-12	2081-09-15	2081-09-15
2082-09-15	-5	2082-04-15	2082-04-15
2082-09-15	-2	2082-07-15	2082-07-15
2082-09-15	-1	2082-08-15	2082-08-15
2082-09-15	1	2082-10-15	2082-10-15
2082-09-15	2	2082-11-15	2082-11-15
2082-09-15	5	2083-02-15	2083-02-15
2082-09-15	12	2083-09-15	2083-09-15
2082-09-15	25	2084-10-15	2084-10-15
2082-09-30	-25	2080-08-30	2080-08-30
2082-09-30	-12	2081-09-29	2081-10-01
2082-09-30	-5	2082-04-30	2082-04-30
2082-09-30	-2	2082-07-30	2082-07-30
2082-09-30	-1	2082-08-29	2082-09-01
2082-09-30	1	2082-10-29	2082-11-01
2082-09-30	2	2082-11-30	2082-11-30
2082-09-30	5	2083-02-30	2083-02-30
2082-09-30	12	2083-09-30	2083-09-30
2082-09-30	25	2084-10-30	2084-10-30
2082-10-01	-25	2080-09-01	2080-09-01
2082-10-01	-12	2081-10-01	2081-10-01
2082-10-01	-5	2082-05-01	2082-05-01
2082-10-01	-2	2082-08-01	2082-08-01
2082-10-01	-1	2082-09-01	2082-09-01
2082-10-01	1	2082-11-01	2082-11-01
2082-10-01	2	2082-12-01	2082-12-01
2082-10-01	5	2083-03-01	2083-03-01
2082-10-01	12	2083-10-01	2083-10-01
2082-10-01	25	2084-11-01	2084-11-01
2082-10-15	-25	2080-09-15	2080-09-15
2082-10-15	-12	2081-10-15	2081-10-15
2082-10-15	-5	2082-05-15	2082-05-15
2082-10-15	-2	2082-08-15	2082-08-15
2082-10-15	-1	2082-09-15	2082-09-15
2082-10-15	1	2082-11-15	2082-11-15
2082-10-15	2	2082-12-15	2082-12-15
2082-10-15	5	2083-03-15	2083-03-15
2082-10-15	12	2083-10-15	2083-10-15
2082-10-15	25	2084-11-15	2084-11-15
2082-10-29	-25	2080-09-29	2080-09-29
2082-10-29	-12	2081-10-29	2081-10-29
2082-10-29	-5	2082-05-29	2082-05-29
2082-10-29	-2	2082-08-29	2082-08-29
2082-10-29	-1	2082-09-29	2082-09-29
2082-10-29	1	2082-11-29	2082-11-29
2082-10-29	2	2082-12-29	2082-12-29
2082-10-29	5	2083-03-29	2083-03-29
2082-10-29	12	2083-10-29	2083-10-29
2082-10-29	25	2084-11-29	2084-11-29
2082-11-01	-25	2080-10-01	2080-10-01
2082-11-01	-12	2081-11-01	2081-11-01
2082-11-01	-5	2082-06-01	2082-06-01
2082-11-01	-2	2082-09-01	2082-09-01
2082-11-01	-1	2082-10-01	2082-10-01
2082-11-01	1	2082-12-01	2082-12-01
2082-11-01	2	2083-01-01	2083-01-01
2082-11-01	5	2083-04-01	2083-04-01
2082-11-01	12	2083-11-01	2083-11-01
2082-11-01	25	2084-12-01	2084-12-01
2082-11-15	-25	2080-10-15	2080-10-15
2082-11-15	-12	2081-11-15	2081-11-15
2082-11-15	-5	2082-06-15	2082-06-15
2082-11-15	-2	2082-09-15	2082-09-15
2082-11-15	-1	2082-10-15	2082-10-15
2082-11-15	1	2082-12-15	2082-12-15
2082-11-15	2	2083-01-15	2083-01-15
2082-11-15	5	2083-04-15	2083-04-15
2082-11-15	12	2083-11-15	2083-11-15
2082-11-15	25	2084-12-15	2084-12-15
2082-11-30	-25	2080-10-29	2080-11-01
2082-11-30	-12	2081-11-29	2081-12-01
2082-11-30	-5	2082-06-30	2082-06-30
2082-11-30	-2	2082-09-30	2082-09-30
2082-11-30	-1	2082-10-29	2082-11-01
2082-11-30	1	2082-12-30	2082-12-30
2082-11-30	2	2083-01-30	2083-01-30
2082-11-30	5	2083-04-30	2083-04-30
2082-11-30	12	2083-11-30	2083-11-30
2082-11-30	25	2084-12-30	2084-12-30
2082-12-01	-25	2080-11-01	2080-11-01
2082-12-01	-12	2081-12-01	2081-12-01
2082-12-01	-5	2082-07-01	2082-07-01
2082-12-01	-2	2082-10-01	2082-10-01
2082-12-01	-1	2082-11-01	2082-11-01
2082-12-01	1	2083-01-01	2083-01-01
2082-12-01	2	2083-02-01	2083-02-01
2082-12-01	5	2083-05-01	2083-05-01
2082-12-01	12	2083-12-01	2083-12-01
2082-12-01	25	2085-01-01	2085-01-01
2082-12-15	-25	2080-11-15	2080-11-15
2082-12-15	-12	2081-12-15	2081-12-15
2082-12-15	-5	2082-07-15	2082-07-15
2082-12-15	-2	2082-10-15	2082-10-15
2082-12-15	-1	2082-11-15	2082-11-15
2082-12-15	1	2083-01-15	2083-01-15
2082-12-15	2	2083-02-15	2083-02-15
2082-12-15	5	2083-05-15	2083-05-15
2082-12-15	12	2083-12-15	2083-12-15
2082-12-15	25	2085-01-15	2085-01-15
2082-12-30	-25	2080-11-30	2080-11-30
2082-12-30	-12	2081-12-30	2081-12-30
2082-12-30	-5	2082-07-30	2082-07-30
2082-12-30	-2	2082-10-29	2082-11-01
2082-12-30	-1	2082-11-30	2082-11-30
2082-12-30	1	2083-01-30	2083-01-30
2082-12-30	2	2083-02-30	2083-02-30
2082-12-30	5	2083-05-30	2083-05-30
2082-12-30	12	2083-12-30	2083-12-30
2082-12-30	25	2085-01-30	2085-01-30
2083-01-01	-25	2080-12-01	2080-12-01
2083-01-01	-12	2082-01-01	2082-01-01
2083-01-01	-5	2082-08-01	2082-08-01
2083-01-01	-2	2082-11-01	2082-11-01
2083-01-01	-1	2082-12-01	2082-12-01
2083-01-01	1	2083-02-01	2083-02-01
2083-01-01	2	2083-03-01	2083-03-01
2083-01-01	5	2083-06-01	2083-06-01
2083-01-01	12	2084-01-01	2084-01-01
2083-01-01	25	2085-02-01	2085-02-01
2083-01-15	-25	2080-12-15	2080-12-15
2083-01-15	-12	2082-01-15	2082-01-15
2083-01-15	-5	2082-08-15	2082-08-15
2083-01-15	-2	2082-11-15	2082-11-15
2083-01-15	-1	2082-12-15	2082-12-15
2083-01-15	1	2083-02-15	2083-02-15
2083-01-15	2	2083-03-15	2083-03-15
2083-01-15	5	2083-06-15	2083-06-15
2083-01-15	12	2084-01-15	2084-01-15
2083-01-15	25	2085-02-15	2085-02-15
2083-01-31	-25	2080-12-30	2081-01-01
2083-01-31	-12	2082-01-31	2082-01-31
2083-01-31	-5	2082-08-29	2082-09-02
2083-01-31	-2	2082-11-30	2082-12-01
2083-01-31	-1	2082-12-30	2083-01-01
2083-01-31	1	2083-02-31	2083-02-31
2083-01-31	2	2083-03-31	2083-03-31
2083-01-31	5	2083-06-31	2083-06-31
2083-01-31	12	2084-01-31	2084-01-31
2083-01-31	25	2085-02-31	2085-02-31
2083-02-01	-25	2081-01-01	2081-01-01
2083-02-01	-12	2082-02-01	2082-02-01
2083-02-01	-5	2082-09-01	2082-09-01
2083-02-01	-2	2082-12-01	2082-12-01
2083-02-01	-1	2083-01-01	2083-01-01
2083-02-01	1	2083-03-01	2083-03-01
2083-02-01	2	2083-04-01	2083-04-01
2083-02-01	5	2083-07-01	2083-07-01
2083-02-01	12	2084-02-01	2084-02-01
2083-02-01	25	2085-03-01	2085-03-01
2083-02-15	-25	2081-01-15	2081-01-15
2083-02-15	-12	2082-02-15	2082-02-15
2083-02-15	-5	2082-09-15	2082-09-15
2083-02-15	-2	2082-12-15	2082-12-15
2083-02-15	-1	2083-01-15	2083-01-15
2083-02-15	1	2083-03-15	2083-03-15
2083-02-15	2	2083-04-15	2083-04-15
2083-02-15	5	2083-07-15	2083-07-15
2083-02-15	12	2084-02-15	2084-02-15
2083-02-15	25	2085-03-15	2085-03-15
2083-02-31	-25	2081-01-31	2081-01-31
2083-02-31	-12	2082-02-31	2082-02-31
2083-02-31	-5	2082-09-30	2082-10-01
2083-02-31	-2	2082-12-30	2083-01-01
2083-02-31	-1	2083-01-31	2083-01-31
2083-02-31	1	2083-03-31	2083-03-31
2083-02-31	2	2083-04-31	2083-04-31
2083-02-31	5	2083-07-30	2083-08-01
2083-02-31	12	2084-02-31	2084-02-31
2083-02-31	25	2085-03-31	2085-03-31
2083-03-01	-25	2081-02-01	2081-02-01
2083-03-01	-12	2082-03-01	2082-03-01
2083-03-01	-5	2082-10-01	2082-10-01
2083-03-01	-2	2083-01-01	2083-01-01
2083-03-01	-1	2083-02-01	2083-02-01
2083-03-01	1	2083-04-01	2083-04-01
2083-03-01	2	2083-05-01	2083-05-01
2083-03-01	5	2083-08-01	2083-08-01
2083-03-01	12	2084-03-01	2084-03-01
2083-03-01	25	2085-04-01	2085-04-01
2083-03-15	-25	2081-02-15	2081-02-15
2083-03-15	-12	2082-03-15	2082-03-15
2083-03-15	-5	2082-10-15	2082-10-15
2083-03-15	-2	2083-01-15	2083-01-15
2083-03-15	-1	2083-02-15	2083-02-15
2083-03-15	1	2083-04-15	2083-04-15
2083-03-15	2	2083-05-15	2083-05-15
2083-03-15	5	2083-08-15	2083-08-15
2083-03-15	12	2084-03-15	2084-03-15
2083-03-15	25	2085-04-15	2085-04-15
2083-03-32	-25	2081-02-32	2081-02-32
2083-03-32	-12	2082-03-32	2082-03-32
2083-03-32	-5	2082-10-29	2082-11-03
2083-03-32	-2	2083-01-31	2083-02-01
2083-03-32	-1	2083-02-31	2083-03-01
2083-03-32	1	2083-04-31	2083-05-01
2083-03-32	2	2083-05-31	2083-06-01
2083-03-32	5	2083-08-29	2083-09-03
2083-03-32	12	2084-03-32	2084-03-32
2083-03-32	25	2085-04-32	2085-04-32
2083-04-01	-25	2081-03-01	2081-03-01
2083-04-01	-12	2082-04-01	2082-04-01
2083-04-01	-5	2082-11-01	2082-11-01
2083-04-01	-2	2083-02-01	2083-02-01
2083-04-01	-1	2083-03-01	2083-03-01
2083-04-01	1	2083-05-01	2083-05-01
2083-04-01	2	2083-06-01	2083-06-01
2083-04-01	5	2083-09-01	2083-09-01
2083-04-01	12	2084-04-01	2084-04-01
2083-04-01	25	2085-05-01	2085-05-01
2083-04-15	-25	2081-03-15	2081-03-15
2083-04-15	-12	2082-04-15	2082-04-15
2083-04-15	-5	2082-11-15	2082-11-15
2083-04-15	-2	2083-02-15	2083-02-15
2083-04-15	-1	2083-03-15	2083-03-15
2083-04-15	1	2083-05-15	2083-05-15
2083-04-15	2	2083-06-15	2083-06-15
2083-04-15	5	2083-09-15	2083-09-15
2083-04-15	12	2084-04-15	2084-04-15
2083-04-15	25	2085-05-15	2085-05-15
2083-04-31	-25	2081-03-31	2081-03-31
2083-04-31	-12	2082-04-31	2082-04-31
2083-04-31	-5	2082-11-30	2082-12-01
2083-04-31	-2	2083-02-31	2083-02-31
2083-04-31	-1	2083-03-31	2083-03-31
2083-04-31	1	2083-05-31	2083-05-31
2083-04-31	2	2083-06-31	2083-06-31
2083-04-31	5	2083-09-30	2083-10-01
2083-04-31	12	2084-04-31	2084-04-31
2083-04-31	25	2085-05-30	2085-06-01
2083-05-01	-25	2081-04-01	2081-04-01
2083-05-01	-12	2082-05-01	2082-05-01
2083-05-01	-5	2082-12-01	2082-12-01
2083-05-01	-2	2083-03-01	2083-03-01
2083-05-01	-1	2083-04-01	2083-04-01
2083-05-01	1	2083-06-01	2083-06-01
2083-05-01	2	2083-07-01	2083-07-01
2083-05-01	5	2083-10-01	2083-10-01
2083-05-01	12	2084-05-01	2084-05-01
2083-05-01	25	2085-06-01	2085-06-01
2083-05-15	-25	2081-04-15	2081-04-15
2083-05-15	-12	2082-05-15	2082-05-15
2083-05-15	-5	2082-12-15	2082-12-15
2083-05-15	-2	2083-03-15	2083-03-15
2083-05-15	-1	2083-04-15	2083-04-15
2083-05-15	1	2083-06-15	2083-06-15
2083-05-15	2	2083-07-15	2083-07-15
2083-05-15	5	2083-10-15	2083-10-15
2083-05-15	12	2084-05-15	2084-05-15
2083-05-15	25	2085-06-15	2085-06-15
2083-05-31	-25	2081-04-31	2081-04-31
2083-05-31	-12	2082-05-31	2082-05-31
2083-05-31	-5	2082-12-30	2083-01-01
2083-05-31	-2	2083-03-31	2083-03-31
2083-05-31	-1	2083-04-31	2083-04-31
2083-05-31	1	2083-06-31	2083-06-31
2083-05-31	2	2083-07-30	2083-08-01
2083-05-31	5	2083-10-29	2083-11-02
2083-05-31	12	2084-05-31	2084-05-31
2083-05-31	25	2085-06-31	2085-06-31
2083-06-01	-25	2081-05-01	2081-05-01
2083-06-01	-12	2082-06-01	2082-06-01
2083-06-01	-5	2083-01-01	2083-01-01
2083-06-01	-2	2083-04-01	2083-04-01
2083-06-01	-1	2083-05-01	2083-05-01
2083-06-01	1	2083-07-01	2083-07-01
2083-06-01	2	2083-08-01	2083-08-01
2083-06-01	5	2083-11-01	2083-11-01
2083-06-01	12	2084-06-01	2084-06-01
2083-06-01	25	2085-07-01	2085-07-01
2083-06-15	-25	2081-05-15	2081-05-15
2083-06-15	-12	2082-06-15	2082-06-15
2083-06-15	-5	2083-01-15	2083-01-15
2083-06-15	-2	2083-04-15	2083-04-15
2083-06-15	-1	2083-05-15	2083-05-15
2083-06-15	1	2083-07-15	2083-07-15
2083-06-15	2	2083-08-15	2083-08-15
2083-06-15	5	2083-11-15	2083-11-15
2083-06-15	12	2084-06-15	2084-06-15
2083-06-15	25	2085-07-15	2085-07-15
2083-06-31	-25	2081-05-31	2081-05-31
2083-06-31	-12	2082-06-31	2082-06-31
2083-06-31	-5	2083-01-31	2083-01-31
2083-06-31	-2	2083-04-31	2083-04-31
2083-06-31	-1	2083-05-31	2083-05-31
2083-06-31	1	2083-07-30	2083-08-01
2083-06-31	2	2083-08-29	2083-09-02
2083-06-31	5	2083-11-30	2083-12-01
2083-06-31	12	2084-06-30	2084-07-01
2083-06-31	25	2085-07-30	2085-08-01
2083-07-01	-25	2081-06-01	2081-06-01
2083-07-01	-12	2082-07-01	2082-07-01
2083-07-01	-5	2083-02-01	2083-02-01
2083-07-01	-2	2083-05-01	2083-05-01
2083-07-01	-1	2083-06-01	2083-06-01
2083-07-01	1	2083-08-01	2083-08-01
2083-07-01	2	2083-09-01	2083-09-01
2083-07-01	5	2083-12-01	2083-12-01
2083-07-01	12	2084-07-01	2084-07-01
2083-07-01	25	2085-08-01	2085-08-01
2083-07-15	-25	2081-06-15	2081-06-15
2083-07-15	-12	2082-07-15	2082-07-15
2083-07-15	-5	2083-02-15	2083-02-15
2083-07-15	-2	2083-05-15	2083-05-15
2083-07-15	-1	2083-06-15	2083-06-15
2083-07-15	1	2083-08-15	2083-08-15
2083-07-15	2	2083-09-15	2083-09-15
2083-07-15	5	2083-12-15	2083-12-15
2083-07-15	12	2084-07-15	2084-07-15
2083-07-15	25	2085-08-15	2085-08-15
2083-07-30	-25	2081-06-30	2081-06-30
2083-07-30	-12	2082-07-30	2082-07-30
2083-07-30	-5	2083-02-30	2083-02-30
2083-07-30	-2	2083-05-30	2083-05-30
2083-07-30	-1	2083-06-30	2083-06-30
2083-07-30	1	2083-08-29	2083-09-01
2083-07-30	2	2083-09-30	2083-09-30
2083-07-30	5	2083-12-30	2083-12-30
2083-07-30	12	2084-07-30	2084-07-30
2083-07-30	25	2085-08-30	2085-08-30
2083-08-01	-25	2081-07-01	2081-07-01
2083-08-01	-12	2082-08-01	2082-08-01
2083-08-01	-5	2083-03-01	2083-03-01
2083-08-01	-2	2083-06-01	2083-06-01
2083-08-01	-1	2083-07-01	2083-07-01
2083-08-01	1	2083-09-01	2083-09-01
2083-08-01	2	2083-10-01	2083-10-01
2083-08-01	5	2084-01-01	2084-01-01
2083-08-01	12	2084-08-01	2084-08-01
2083-08-01	25	2085-09-01	2085-09-01
2083-08-15	-25	2081-07-15	2081-07-15
2083-08-15	-12	2082-08-15	2082-08-15
2083-08-15	-5	2083-03-15	2083-03-15
2083-08-15	-2	2083-06-15	2083-06-15
2083-08-15	-1	2083-07-15	2083-07-15
2083-08-15	1	2083-09-15	2083-09-15
2083-08-15	2	2083-10-15	2083-10-15
2083-08-15	5	2084-01-15	2084-01-15
2083-08-15	12	2084-08-15	2084-08-15
2083-08-15	25	2085-09-15	2085-09-15
2083-08-29	-25	2081-07-29	2081-07-29
2083-08-29	-12	2082-08-29	2082-08-29
2083-08-29	-5	2083-03-29	2083-03-29
2083-08-29	-2	2083-06-29	2083-06-29
2083-08-29	-1	2083-07-29	2083-07-29
2083-08-29	1	2083-09-29	2083-09-29
2083-08-29	2	2083-10-29	2083-10-29
2083-08-29	5	2084-01-29	2084-01-29
2083-08-29	12	2084-08-29	2084-08-29
2083-08-29	25	2085-09-29	2085-09-29
2083-09-01	-25	2081-08-01	2081-08-01
2083-09-01	-12	2082-09-01	2082-09-01
2083-09-01	-5	2083-04-01	2083-04-01
2083-09-01	-2	2083-07-01	2083-07-01
2083-09-01	-1	2083-08-01	2083-08-01
2083-09-01	1	2083-10-01	2083-10-01
2083-09-01	2	2083-11-01	2083-11-01
2083-09-01	5	2084-02-01	2084-02-01
2083-09-01	12	2084-09-01	2084-09-01
2083-09-01	25	2085-10-01	2085-10-01
2083-09-15	-25	2081-08-15	2081-08-15
2083-09-15	-12	2082-09-15	2082-09-15
2083-09-15	-5	2083-04-15	2083-04-15
2083-09-15	-2	2083-07-15	2083-07-15
2083-09-15	-1	2083-08-15	2083-08-15
2083-09-15	1	2083-10-15	2083-10-15
2083-09-15	2	2083-11-15	2083-11-15
2083-09-15	5	2084-02-15	2084-02-15
2083-09-15	12	2084-09-15	2084-09-15
2083-09-15	25	2085-10-15	2085-10-15
2083-09-30	-25	2081-08-30	2081-08-30
2083-09-30	-12	2082-09-30	2082-09-30
2083-09-30	-5	2083-04-30	2083-04-30
2083-09-30	-2	2083-07-30	2083-07-30
2083-09-30	-1	2083-08-29	2083-09-01
2083-09-30	1	2083-10-29	2083-11-01
2083-09-30	2	2083-11-30	2083-11-30
2083-09-30	5	2084-02-30	2084-02-30
2083-09-30	12	2084-09-29	2084-10-01
2083-09-30	25	2085-10-30	2085-10-30
2083-10-01	-25	2081-09-01	2081-09-01
2083-10-01	-12	2082-10-01	2082-10-01
2083-10-01	-5	2083-05-01	2083-05-01
2083-10-01	-2	2083-08-01	2083-08-01
2083-10-01	-1	2083-09-01	2083-09-01
2083-10-01	1	2083-11-01	2083-11-01
2083-10-01	2	2083-12-01	2083-12-01
2083-10-01	5	2084-03-01	2084-03-01
2083-10-01	12	2084-10-01	2084-10-01
2083-10-01	25	2085-11-01	2085-11-01
2083-10-15	-25	2081-09-15	2081-09-15
2083-10-15	-12	2082-10-15	2082-10-15
2083-10-15	-5	2083-05-15	2083-05-15
2083-10-15	-2	2083-08-15	2083-08-15
2083-10-15	-1	2083-09-15	2083-09-15
2083-10-15	1	2083-11-15	2083-11-15
2083-10-15	2	2083-12-15	2083-12-15
2083-10-15	5	2084-03-15	2084-03-15
2083-10-15	12	2084-10-15	2084-10-15
2083-10-15	25	2085-11-15	2085-11-15
2083-10-29	-25	2081-09-29	2081-09-29
2083-10-29	-12	2082-10-29	2082-10-29
2083-10-29	-5	2083-05-29	2083-05-29
2083-10-29	-2	2083-08-29	2083-08-29
2083-10-29	-1	2083-09-29	2083-09-29
2083-10-29	1	2083-11-29	2083-11-29
2083-10-29	2	2083-12-29	2083-12-29
2083-10-29	5	2084-03-29	2084-03-29
2083-10-29	12	2084-10-29	2084-10-29
2083-10-29	25	2085-11-29	2085-11-29
2083-11-01	-25	2081-10-01	2081-10-01
2083-11-01	-12	2082-11-01	2082-11-01
2083-11-01	-5	2083-06-01	2083-06-01
2083-11-01	-2	2083-09-01	2083-09-01
2083-11-01	-1	2083-10-01	2083-10-01
2083-11-01	1	2083-12-01	2083-12-01
2083-11-01	2	2084-01-01	2084-01-01
2083-11-01	5	2084-04-01	2084-04-01
2083-11-01	12	2084-11-01	2084-11-01
2083-11-01	25	2085-12-01	2085-12-01
2083-11-15	-25	2081-10-15	2081-10-15
2083-11-15	-12	2082-11-15	2082-11-15
2083-11-15	-5	2083-06-15	2083-06-15
2083-11-15	-2	2083-09-15	2083-09-15
2083-11-15	-1	2083-10-15	2083-10-15
2083-11-15	1	2083-12-15	2083-12-15
2083-11-15	2	2084-01-15	2084-01-15
2083-11-15	5	2084-04-15	2084-04-15
2083-11-15	12	2084-11-15	2084-11-15
2083-11-15	25	2085-12-15	2085-12-15
2083-11-30	-25	2081-10-30	2081-10-30
2083-11-30	-12	2082-11-30	2082-11-30
2083-11-30	-5	2083-06-30	2083-06-30
2083-11-30	-2	2083-09-30	2083-09-30
2083-11-30	-1	2083-10-29	2083-11-01
2083-11-30	1	2083-12-30	2083-12-30
2083-11-30	2	2084-01-30	2084-01-30
2083-11-30	5	2084-04-30	2084-04-30
2083-11-30	12	2084-11-30	2084-11-30
2083-11-30	25	2085-12-30	2085-12-30
2083-12-01	-25	2081-11-01	2081-11-01
2083-12-01	-12	2082-12-01	2082-12-01
2083-12-01	-5	2083-07-01	2083-07-01
2083-12-01	-2	2083-10-01	2083-10-01
2083-12-01	-1	2083-11-01	2083-11-01
2083-12-01	1	2084-01-01	2084-01-01
2083-12-01	2	2084-02-01	2084-02-01
2083-12-01	5	2084-05-01	2084-05-01
2083-12-01	12	2084-12-01	2084-12-01
2083-12-01	25	2086-01-01	2086-01-01
2083-12-15	-25	2081-11-15	2081-11-15
2083-12-15	-12	2082-12-15	2082-12-15
2083-12-15	-5	2083-07-15	2083-07-15
2083-12-15	-2	2083-10-15	2083-10-15
2083-12-15	-1	2083-11-15	2083-11-15
2083-12-15	1	2084-01-15	2084-01-15
2083-12-15	2	2084-02-15	2084-02-15
2083-12-15	5	2084-05-15	2084-05-15
2083-12-15	12	2084-12-15	2084-12-15
2083-12-15	25	2086-01-15	2086-01-15
2083-12-30	-25	2081-11-29	2081-12-01
2083-12-30	-12	2082-12-30	2082-12-30
2083-12-30	-5	2083-07-30	2083-07-30
2083-12-30	-2	2083-10-29	2083-11-01
2083-12-30	-1	2083-11-30	2083-11-30
2083-12-30	1	2084-01-30	2084-01-30
2083-12-30	2	2084-02-30	2084-02-30
2083-12-30	5	2084-05-30	2084-05-30
2083-12-30	12	2084-12-30	2084-12-30
2083-12-30	25	2086-01-30	2086-01-30
2084-01-01	-25	2081-12-01	2081-12-01
2084-01-01	-12	2083-01-01	2083-01-01
2084-01-01	-5	2083-08-01	2083-08-01
2084-01-01	-2	2083-11-01	2083-11-01
2084-01-01	-1	2083-12-01	2083-12-01
2084-01-01	1	2084-02-01	2084-02-01
2084-01-01	2	2084-03-01	2084-03-01
2084-01-01	5	2084-06-01	2084-06-01
2084-01-01	12	2085-01-01	2085-01-01
2084-01-01	25	2086-02-01	2086-02-01
2084-01-15	-25	2081-12-15	2081-12-15
2084-01-15	-12	2083-01-15	2083-01-15
2084-01-15	-5	2083-08-15	2083-08-15
2084-01-15	-2	2083-11-15	2083-11-15
2084-01-15	-1	2083-12-15	2083-12-15
2084-01-15	1	2084-02-15	2084-02-15
2084-01-15	2	2084-03-15	2084-03-15
2084-01-15	5	2084-06-15	2084-06-15
2084-01-15	12	2085-01-15	2085-01-15
2084-01-15	25	2086-02-15	2086-02-15
2084-01-31	-25	2081-12-31	2081-12-31
2084-01-31	-12	2083-01-31	2083-01-31
2084-01-31	-5	2083-08-29	2083-09-02
2084-01-31	-2	2083-11-30	2083-12-01
2084-01-31	-1	2083-12-30	2084-01-01
2084-01-31	1	2084-02-31	2084-02-31
2084-01-31	2	2084-03-31	2084-03-31
2084-01-31	5	2084-06-30	2084-07-01
2084-01-31	12	2085-01-31	2085-01-31
2084-01-31	25	2086-02-31	2086-02-31
2084-02-01	-25	2082-01-01	2082-01-01
2084-02-01	-12	2083-02-01	2083-02-01
2084-02-01	-5	2083-09-01	2083-09-01
2084-02-01	-2	2083-12-01	2083-12-01
2084-02-01	-1	2084-01-01	2084-01-01
2084-02-01	1	2084-03-01	2084-03-01
2084-02-01	2	2084-04-01	2084-04-01
2084-02-01	5	2084-07-01	2084-07-01
2084-02-01	12	2085-02-01	2085-02-01
2084-02-01	25	2086-03-01	2086-03-01
2084-02-15	-25	2082-01-15	2082-01-15
2084-02-15	-12	2083-02-15	2083-02-15
2084-02-15	-5	2083-09-15	2083-09-15
2084-02-15	-2	2083-12-15	2083-12-15
2084-02-15	-1	2084-01-15	2084-01-15
2084-02-15	1	2084-03-15	2084-03-15
2084-02-15	2	2084-04-15	2084-04-15
2084-02-15	5	2084-07-15	2084-07-15
2084-02-15	12	2085-02-15	2085-02-15
2084-02-15	25	2086-03-15	2086-03-15
2084-02-31	-25	2082-01-31	2082-01-31
2084-02-31	-12	2083-02-31	2083-02-31
2084-02-31	-5	2083-09-30	2083-10-01
2084-02-31	-2	2083-12-30	2084-01-01
2084-02-31	-1	2084-01-31	2084-01-31
2084-02-31	1	2084-03-31	2084-03-31
2084-02-31	2	2084-04-31	2084-04-31
2084-02-31	5	2084-07-30	2084-08-01
2084-02-31	12	2085-02-31	2085-02-31
2084-02-31	25	2086-03-31	2086-03-31
2084-03-01	-25	2082-02-01	2082-02-01
2084-03-01	-12	2083-03-01	2083-03-01
2084-03-01	-5	2083-10-01	2083-10-01
2084-03-01	-2	2084-01-01	2084-01-01
2084-03-01	-1	2084-02-01	2084-02-01
2084-03-01	1	2084-04-01	2084-04-01
2084-03-01	2	2084-05-01	2084-05-01
2084-03-01	5	2084-08-01	2084-08-01
2084-03-01	12	2085-03-01	2085-03-01
2084-03-01	25	2086-04-01	2086-04-01
2084-03-15	-25	2082-02-15	2082-02-15
2084-03-15	-12	2083-03-15	2083-03-15
2084-03-15	-5	2083-10-15	2083-10-15
2084-03-15	-2	2084-01-15	2084-01-15
2084-03-15	-1	2084-02-15	2084-02-15
2084-03-15	1	2084-04-15	2084-04-15
2084-03-15	2	2084-05-15	2084-05-15
2084-03-15	5	2084-08-15	2084-08-15
2084-03-15	12	2085-03-15	2085-03-15
2084-03-15	25	2086-04-15	2086-04-15
2084-03-25	-25	2082-02-25	2082-02-25
2084-03-25	-12	2083-03-25	2083-03-25
2084-03-25	-5	2083-10-25	2083-10-25
2084-03-25	-2	2084-01-25	2084-01-25
2084-03-25	-1	2084-02-25	2084-02-25
2084-03-25	1	2084-04-25	2084-04-25
2084-03-25	2	2084-05-25	2084-05-25
2084-03-25	5	2084-08-25	2084-08-25
2084-03-25	12	2085-03-25	2085-03-25
2084-03-25	25	2086-04-25	2086-04-25
2084-03-32	-25	2082-02-31	2082-03-01
2084-03-32	-12	2083-03-32	2083-03-32
2084-03-32	-5	2083-10-29	2083-11-03
2084-03-32	-2	2084-01-31	2084-02-01
2084-03-32	-1	2084-02-31	2084-03-01
2084-03-32	1	2084-04-31	2084-05-01
2084-03-32	2	2084-05-31	2084-06-01
2084-03-32	5	2084-08-30	2084-09-02
2084-03-32	12	2085-03-31	2085-04-01
2084-03-32	25	2086-04-32	2086-04-32
2084-04-01	-25	2082-03-01	2082-03-01
2084-04-01	-12	2083-04-01	2083-04-01
2084-04-01	-5	2083-11-01	2083-11-01
2084-04-01	-2	2084-02-01	2084-02-01
2084-04-01	-1	2084-03-01	2084-03-01
2084-04-01	1	2084-05-01	2084-05-01
2084-04-01	2	2084-06-01	2084-06-01
2084-04-01	5	2084-09-01	2084-09-01
2084-04-01	12	2085-04-01	2085-04-01
2084-04-01	25	2086-05-01	2086-05-01
2084-04-15	-25	2082-03-15	2082-03-15
2084-04-15	-12	2083-04-15	2083-04-15
2084-04-15	-5	2083-11-15	2083-11-15
2084-04-15	-2	2084-02-15	2084-02-15
2084-04-15	-1	2084-03-15	2084-03-15
2084-04-15	1	2084-05-15	2084-05-15
2084-04-15	2	2084-06-15	2084-06-15
2084-04-15	5	2084-09-15	2084-09-15
2084-04-15	12	2085-04-15	2085-04-15
2084-04-15	25	2086-05-15	2086-05-15
2084-04-31	-25	2082-03-31	2082-03-31
2084-04-31	-12	2083-04-31	2083-04-31
2084-04-31	-5	2083-11-30	2083-12-01
2084-04-31	-2	2084-02-31	2084-02-31
2084-04-31	-1	2084-03-31	2084-03-31
2084-04-31	1	2084-05-31	2084-05-31
2084-04-31	2	2084-06-30	2084-07-01
2084-04-31	5	2084-09-29	2084-10-02
2084-04-31	12	2085-04-31	2085-04-31
2084-04-31	25	2086-05-31	2086-05-31
2084-05-01	-25	2082-04-01	2082-04-01
2084-05-01	-12	2083-05-01	2083-05-01
2084-05-01	-5	2083-12-01	2083-12-01
2084-05-01	-2	2084-03-01	2084-03-01
2084-05-01	-1	2084-04-01	2084-04-01
2084-05-01	1	2084-06-01	2084-06-01
2084-05-01	2	2084-07-01	2084-07-01
2084-05-01	5	2084-10-01	2084-10-01
2084-05-01	12	2085-05-01	2085-05-01
2084-05-01	25	2086-06-01	2086-06-01
2084-05-15	-25	2082-04-15	2082-04-15
2084-05-15	-12	2083-05-15	2083-05-15
2084-05-15	-5	2083-12-15	2083-12-15
2084-05-15	-2	2084-03-15	2084-03-15
2084-05-15	-1	2084-04-15	2084-04-15
2084-05-15	1	2084-06-15	2084-06-15
2084-05-15	2	2084-07-15	2084-07-15
2084-05-15	5	2084-10-15	2084-10-15
2084-05-15	12	2085-05-15	2085-05-15
2084-05-15	25	2086-06-15	2086-06-15
2084-05-31	-25	2082-04-31	2082-04-31
2084-05-31	-12	2083-05-31	2083-05-31
2084-05-31	-5	2083-12-30	2084-01-01
2084-05-31	-2	2084-03-31	2084-03-31
2084-05-31	-1	2084-04-31	2084-04-31
2084-05-31	1	2084-06-30	2084-07-01
2084-05-31	2	2084-07-30	2084-08-01
2084-05-31	5	2084-10-30	2084-11-01
2084-05-31	12	2085-05-30	2085-06-01
2084-05-31	25	2086-06-30	2086-07-01
2084-06-01	-25	2082-05-01	2082-05-01
2084-06-01	-12	2083-06-01	2083-06-01
2084-06-01	-5	2084-01-01	2084-01-01
2084-06-01	-2	2084-04-01	2084-04-01
2084-06-01	-1	2084-05-01	2084-05-01
2084-06-01	1	2084-07-01	2084-07-01
2084-06-01	2	2084-08-01	2084-08-01
2084-06-01	5	2084-11-01	2084-11-01
2084-06-01	12	2085-06-01	2085-06-01
2084-06-01	25	2086-07-01	2086-07-01
2084-06-15	-25	2082-05-15	2082-05-15
2084-06-15	-12	2083-06-15	2083-06-15
2084-06-15	-5	2084-01-15	2084-01-15
2084-06-15	-2	2084-04-15	2084-04-15
2084-06-15	-1	2084-05-15	2084-05-15
2084-06-15	1	2084-07-15	2084-07-15
2084-06-15	2	2084-08-15	2084-08-15
2084-06-15	5	2084-11-15	2084-11-15
2084-06-15	12	2085-06-15	2085-06-15
2084-06-15	25	2086-07-15	2086-07-15
2084-06-30	-25	2082-05-30	2082-05-30
2084-06-30	-12	2083-06-30	2083-06-30
2084-06-30	-5	2084-01-30	2084-01-30
2084-06-30	-2	2084-04-30	2084-04-30
2084-06-30	-1	2084-05-30	2084-05-30
2084-06-30	1	2084-07-30	2084-07-30
2084-06-30	2	2084-08-30	2084-08-30
2084-06-30	5	2084-11-30	2084-11-30
2084-06-30	12	2085-06-30	2085-06-30
2084-06-30	25	2086-07-30	2086-07-30
2084-07-01	-25	2082-06-01	2082-06-01
2084-07-01	-12	2083-07-01	2083-07-01
2084-07-01	-5	2084-02-01	2084-02-01
2084-07-01	-2	2084-05-01	2084-05-01
2084-07-01	-1	2084-06-01	2084-06-01
2084-07-01	1	2084-08-01	2084-08-01
2084-07-01	2	2084-09-01	2084-09-01
2084-07-01	5	2084-12-01	2084-12-01
2084-07-01	12	2085-07-01	2085-07-01
2084-07-01	25	2086-08-01	2086-08-01
2084-07-15	-25	2082-06-15	2082-06-15
2084-07-15	-12	2083-07-15	2083-07-15
2084-07-15	-5	2084-02-15	2084-02-15
2084-07-15	-2	2084-05-15	2084-05-15
2084-07-15	-1	2084-06-15	2084-06-15
2084-07-15	1	2084-08-15	2084-08-15
2084-07-15	2	2084-09-15	2084-09-15
2084-07-15	5	2084-12-15	2084-12-15
2084-07-15	12	2085-07-15	2085-07-15
2084-07-15	25	2086-08-15	2086-08-15
2084-07-30	-25	2082-06-30	2082-06-30
2084-07-30	-12	2083-07-30	2083-07-30
2084-07-30	-5	2084-02-30	2084-02-30
2084-07-30	-2	2084-05-30	2084-05-30
2084-07-30	-1	2084-06-30	2084-06-30
2084-07-30	1	2084-08-30	2084-08-30
2084-07-30	2	2084-09-29	2084-10-01
2084-07-30	5	2084-12-30	2084-12-30
2084-07-30	12	2085-07-30	2085-07-30
2084-07-30	25	2086-08-30	2086-08-30
2084-08-01	-25	2082-07-01	2082-07-01
2084-08-01	-12	2083-08-01	2083-08-01
2084-08-01	-5	2084-03-01	2084-03-01
2084-08-01	-2	2084-06-01	2084-06-01
2084-08-01	-1	2084-07-01	2084-07-01
2084-08-01	1	2084-09-01	2084-09-01
2084-08-01	2	2084-10-01	2084-10-01
2084-08-01	5	2085-01-01	2085-01-01
2084-08-01	12	2085-08-01	2085-08-01
2084-08-01	25	2086-09-01	2086-09-01
2084-08-15	-25	2082-07-15	2082-07-15
2084-08-15	-12	2083-08-15	2083-08-15
2084-08-15	-5	2084-03-15	2084-03-15
2084-08-15	-2	2084-06-15	2084-06-15
2084-08-15	-1	2084-07-15	2084-07-15
2084-08-15	1	2084-09-15	2084-09-15
2084-08-15	2	2084-10-15	2084-10-15
2084-08-15	5	2085-01-15	2085-01-15
2084-08-15	12	2085-08-15	2085-08-15
2084-08-15	25	2086-09-15	2086-09-15
2084-08-30	-25	2082-07-30	2082-07-30
2084-08-30	-12	2083-08-29	2083-09-01
2084-08-30	-5	2084-03-30	2084-03-30
2084-08-30	-2	2084-06-30	2084-06-30
2084-08-30	-1	2084-07-30	2084-07-30
2084-08-30	1	2084-09-29	2084-10-01
2084-08-30	2	2084-10-30	2084-10-30
2084-08-30	5	2085-01-30	2085-01-30
2084-08-30	12	2085-08-30	2085-08-30
2084-08-30	25	2086-09-29	2086-10-01
2084-09-01	-25	2082-08-01	2082-08-01
2084-09-01	-12	2083-09-01	2083-09-01
2084-09-01	-5	2084-04-01	2084-04-01
2084-09-01	-2	2084-07-01	2084-07-01
2084-09-01	-1	2084-08-01	2084-08-01
2084-09-01	1	2084-10-01	2084-10-01
2084-09-01	2	2084-11-01	2084-11-01
2084-09-01	5	2085-02-01	2085-02-01
2084-09-01	12	2085-09-01	2085-09-01
2084-09-01	25	2086-10-01	2086-10-01
2084-09-15	-25	2082-08-15	2082-08-15
2084-09-15	-12	2083-09-15	2083-09-15
2084-09-15	-5	2084-04-15	2084-04-15
2084-09-15	-2	2084-07-15	2084-07-15
2084-09-15	-1	2084-08-15	2084-08-15
2084-09-15	1	2084-10-15	2084-10-15
2084-09-15	2	2084-11-15	2084-11-15
2084-09-15	5	2085-02-15	2085-02-15
2084-09-15	12	2085-09-15	2085-09-15
2084-09-15	25	2086-10-15	2086-10-15
2084-09-29	-25	2082-08-29	2082-08-29
2084-09-29	-12	2083-09-29	2083-09-29
2084-09-29	-5	2084-04-29	2084-04-29
2084-09-29	-2	2084-07-29	2084-07-29
2084-09-29	-1	2084-08-29	2084-08-29
2084-09-29	1	2084-10-29	2084-10-29
2084-09-29	2	2084-11-29	2084-11-29
2084-09-29	5	2085-02-29	2085-02-29
2084-09-29	12	2085-09-29	2085-09-29
2084-09-29	25	2086-10-29	2086-10-29
2084-10-01	-25	2082-09-01	2082-09-01
2084-10-01	-12	2083-10-01	2083-10-01
2084-10-01	-5	2084-05-01	2084-05-01
2084-10-01	-2	2084-08-01	2084-08-01
2084-10-01	-1	2084-09-01	2084-09-01
2084-10-01	1	2084-11-01	2084-11-01
2084-10-01	2	2084-12-01	2084-12-01
2084-10-01	5	2085-03-01	2085-03-01
2084-10-01	12	2085-10-01	2085-10-01
2084-10-01	25	2086-11-01	2086-11-01
2084-10-15	-25	2082-09-15	2082-09-15
2084-10-15	-12	2083-10-15	2083-10-15
2084-10-15	-5	2084-05-15	2084-05-15
2084-10-15	-2	2084-08-15	2084-08-15
2084-10-15	-1	2084-09-15	2084-09-15
2084-10-15	1	2084-11-15	2084-11-15
2084-10-15	2	2084-12-15	2084-12-15
2084-10-15	5	2085-03-15	2085-03-15
2084-10-15	12	2085-10-15	2085-10-15
2084-10-15	25	2086-11-15	2086-11-15
2084-10-30	-25	2082-09-30	2082-09-30
2084-10-30	-12	2083-10-29	2083-11-01
2084-10-30	-5	2084-05-30	2084-05-30
2084-10-30	-2	2084-08-30	2084-08-30
2084-10-30	-1	2084-09-29	2084-10-01
2084-10-30	1	2084-11-30	2084-11-30
2084-10-30	2	2084-12-30	2084-12-30
2084-10-30	5	2085-03-30	2085-03-30
2084-10-30	12	2085-10-30	2085-10-30
2084-10-30	25	2086-11-30	2086-11-30
2084-11-01	-25	2082-10-01	2082-10-01
2084-11-01	-12	2083-11-01	2083-11-01
2084-11-01	-5	2084-06-01	2084-06-01
2084-11-01	-2	2084-09-01	2084-09-01
2084-11-01	-1	2084-10-01	2084-10-01
2084-11-01	1	2084-12-01	2084-12-01
2084-11-01	2	2085-01-01	2085-01-01
2084-11-01	5	2085-04-01	2085-04-01
2084-11-01	12	2085-11-01	2085-11-01
2084-11-01	25	2086-12-01	2086-12-01
2084-11-15	-25	2082-10-15	2082-10-15
2084-11-15	-12	2083-11-15	2083-11-15
2084-11-15	-5	2084-06-15	2084-06-15
2084-11-15	-2	2084-09-15	2084-09-15
2084-11-15	-1	2084-10-15	2084-10-15
2084-11-15	1	2084-12-15	2084-12-15
2084-11-15	2	2085-01-15	2085-01-15
2084-11-15	5	2085-04-15	2085-04-15
2084-11-15	12	2085-11-15	2085-11-15
2084-11-15	25	2086-12-15	2086-12-15
2084-11-30	-25	2082-10-29	2082-11-01
2084-11-30	-12	2083-11-30	2083-11-30
2084-11-30	-5	2084-06-30	2084-06-30
2084-11-30	-2	2084-09-29	2084-10-01
2084-11-30	-1	2084-10-30	2084-10-30
2084-11-30	1	2084-12-30	2084-12-30
2084-11-30	2	2085-01-30	2085-01-30
2084-11-30	5	2085-04-30	2085-04-30
2084-11-30	12	2085-11-30	2085-11-30
2084-11-30	25	2086-12-30	2086-12-30
2084-12-01	-25	2082-11-01	2082-11-01
2084-12-01	-12	2083-12-01	2083-12-01
2084-12-01	-5	2084-07-01	2084-07-01
2084-12-01	-2	2084-10-01	2084-10-01
2084-12-01	-1	2084-11-01	2084-11-01
2084-12-01	1	2085-01-01	2085-01-01
2084-12-01	2	2085-02-01	2085-02-01
2084-12-01	5	2085-05-01	2085-05-01
2084-12-01	12	2085-12-01	2085-12-01
2084-12-01	25	2087-01-01	2087-01-01
2084-12-15	-25	2082-11-15	2082-11-15
2084-12-15	-12	2083-12-15	2083-12-15
2084-12-15	-5	2084-07-15	2084-07-15
2084-12-15	-2	2084-10-15	2084-10-15
2084-12-15	-1	2084-11-15	2084-11-15
2084-12-15	1	2085-01-15	2085-01-15
2084-12-15	2	2085-02-15	2085-02-15
2084-12-15	5	2085-05-15	2085-05-15
2084-12-15	12	2085-12-15	2085-12-15
2084-12-15	25	2087-01-15	2087-01-15
2084-12-30	-25	2082-11-30	2082-11-30
2084-12-30	-12	2083-12-30	2083-12-30
2084-12-30	-5	2084-07-30	2084-07-30
2084-12-30	-2	2084-10-30	2084-10-30
2084-12-30	-1	2084-11-30	2084-11-30
2084-12-30	1	2085-01-30	2085-01-30
2084-12-30	2	2085-02-30	2085-02-30
2084-12-30	5	2085-05-30	2085-05-30
2084-12-30	12	2085-12-30	2085-12-30
2084-12-30	25	2087-01-30	2087-01-30
2085-02-30	-25	2083-01-30	2083-01-30
2085-02-30	-12	2084-02-30	2084-02-30
2085-02-30	-5	2084-09-29	2084-10-01
2085-02-30	-2	2084-12-30	2084-12-30
2085-02-30	-1	2085-01-30	2085-01-30
2085-02-30	1	2085-03-30	2085-03-30
2085-02-30	2	2085-04-30	2085-04-30
2085-02-30	5	2085-07-30	2085-07-30
2085-02-30	12	2086-02-30	2086-02-30
2085-02-30	25	2087-03-30	2087-03-30
2085-05-08	-25	2083-04-08	2083-04-08
2085-05-08	-12	2084-05-08	2084-05-08
2085-05-08	-5	2084-12-08	2084-12-08
2085-05-08	-2	2085-03-08	2085-03-08
2085-05-08	-1	2085-04-08	2085-04-08
2085-05-08	1	2085-06-08	2085-06-08
2085-05-08	2	2085-07-08	2085-07-08
2085-05-08	5	2085-10-08	2085-10-08
2085-05-08	12	2086-05-08	2086-05-08
2085-05-08	25	2087-06-08	2087-06-08
2087-01-01	-25	2084-12-01	2084-12-01
2087-01-01	-12	2086-01-01	2086-01-01
2087-01-01	-5	2086-08-01	2086-08-01
2087-01-01	-2	2086-11-01	2086-11-01
2087-01-01	-1	2086-12-01	2086-12-01
2087-01-01	1	2087-02-01	2087-02-01
2087-01-01	2	2087-03-01	2087-03-01
2087-01-01	5	2087-06-01	2087-06-01
2087-01-01	12	2088-01-01	2088-01-01
2087-01-01	25	2089-02-01	2089-02-01
2087-01-15	-25	2084-12-15	2084-12-15
2087-01-15	-12	2086-01-15	2086-01-15
2087-01-15	-5	2086-08-15	2086-08-15
2087-01-15	-2	2086-11-15	2086-11-15
2087-01-15	-1	2086-12-15	2086-12-15
2087-01-15	1	2087-02-15	2087-02-15
2087-01-15	2	2087-03-15	2087-03-15
2087-01-15	5	2087-06-15	2087-06-15
2087-01-15	12	2088-01-15	2088-01-15
2087-01-15	25	2089-02-15	2089-02-15
2087-01-31	-25	2084-12-30	2085-01-01
2087-01-31	-12	2086-01-30	2086-02-01
2087-01-31	-5	2086-08-30	2086-09-01
2087-01-31	-2	2086-11-30	2086-12-01
2087-01-31	-1	2086-12-30	2087-01-01
2087-01-31	1	2087-02-31	2087-02-31
2087-01-31	2	2087-03-31	2087-03-31
2087-01-31	5	2087-06-31	2087-06-31
2087-01-31	12	2088-01-30	2088-02-01
2087-01-31	25	2089-02-31	2089-02-31
2087-02-01	-25	2085-01-01	2085-01-01
2087-02-01	-12	2086-02-01	2086-02-01
2087-02-01	-5	2086-09-01	2086-09-01
2087-02-01	-2	2086-12-01	2086-12-01
2087-02-01	-1	2087-01-01	2087-01-01
2087-02-01	1	2087-03-01	2087-03-01
2087-02-01	2	2087-04-01	2087-04-01
2087-02-01	5	2087-07-01	2087-07-01
2087-02-01	12	2088-02-01	2088-02-01
2087-02-01	25	2089-03-01	2089-03-01
2087-02-15	-25	2085-01-15	2085-01-15
2087-02-15	-12	2086-02-15	2086-02-15
2087-02-15	-5	2086-09-15	2086-09-15
2087-02-15	-2	2086-12-15	2086-12-15
2087-02-15	-1	2087-01-15	2087-01-15
2087-02-15	1	2087-03-15	2087-03-15
2087-02-15	2	2087-04-15	2087-04-15
2087-02-15	5	2087-07-15	2087-07-15
2087-02-15	12	2088-02-15	2088-02-15
2087-02-15	25	2089-03-15	2089-03-15
2087-02-31	-25	2085-01-31	2085-01-31
2087-02-31	-12	2086-02-31	2086-02-31
2087-02-31	-5	2086-09-29	2086-10-02
2087-02-31	-2	2086-12-30	2087-01-01
2087-02-31	-1	2087-01-31	2087-01-31
2087-02-31	1	2087-03-31	2087-03-31
2087-02-31	2	2087-04-31	2087-04-31
2087-02-31	5	2087-07-30	2087-08-01
2087-02-31	12	2088-02-31	2088-02-31
2087-02-31	25	2089-03-31	2089-03-31
2087-03-01	-25	2085-02-01	2085-02-01
2087-03-01	-12	2086-03-01	2086-03-01
2087-03-01	-5	2086-10-01	2086-10-01
2087-03-01	-2	2087-01-01	2087-01-01
2087-03-01	-1	2087-02-01	2087-02-01
2087-03-01	1	2087-04-01	2087-04-01
2087-03-01	2	2087-05-01	2087-05-01
2087-03-01	5	2087-08-01	2087-08-01
2087-03-01	12	2088-03-01	2088-03-01
2087-03-01	25	2089-04-01	2089-04-01
2087-03-15	-25	2085-02-15	2085-02-15
2087-03-15	-12	2086-03-15	2086-03-15
2087-03-15	-5	2086-10-15	2086-10-15
2087-03-15	-2	2087-01-15	2087-01-15
2087-03-15	-1	2087-02-15	2087-02-15
2087-03-15	1	2087-04-15	2087-04-15
2087-03-15	2	2087-05-15	2087-05-15
2087-03-15	5	2087-08-15	2087-08-15
2087-03-15	12	2088-03-15	2088-03-15
2087-03-15	25	2089-04-15	2089-04-15
2087-03-32	-25	2085-02-32	2085-02-32
2087-03-32	-12	2086-03-31	2086-04-01
2087-03-32	-5	2086-10-30	2086-11-02
2087-03-32	-2	2087-01-31	2087-02-01
2087-03-32	-1	2087-02-31	2087-03-01
2087-03-32	1	2087-04-31	2087-05-01
2087-03-32	2	2087-05-31	2087-06-01
2087-03-32	5	2087-08-30	2087-09-02
2087-03-32	12	2088-03-32	2088-03-32
2087-03-32	25	2089-04-32	2089-04-32
2087-04-01	-25	2085-03-01	2085-03-01
2087-04-01	-12	2086-04-01	2086-04-01
2087-04-01	-5	2086-11-01	2086-11-01
2087-04-01	-2	2087-02-01	2087-02-01
2087-04-01	-1	2087-03-01	2087-03-01
2087-04-01	1	2087-05-01	2087-05-01
2087-04-01	2	2087-06-01	2087-06-01
2087-04-01	5	2087-09-01	2087-09-01
2087-04-01	12	2088-04-01	2088-04-01
2087-04-01	25	2089-05-01	2089-05-01
2087-04-15	-25	2085-03-15	2085-03-15
2087-04-15	-12	2086-04-15	2086-04-15
2087-04-15	-5	2086-11-15	2086-11-15
2087-04-15	-2	2087-02-15	2087-02-15
2087-04-15	-1	2087-03-15	2087-03-15
2087-04-15	1	2087-05-15	2087-05-15
2087-04-15	2	2087-06-15	2087-06-15
2087-04-15	5	2087-09-15	2087-09-15
2087-04-15	12	2088-04-15	2088-04-15
2087-04-15	25	2089-05-15	2089-05-15
2087-04-31	-25	2085-03-31	2085-03-31
2087-04-31	-12	2086-04-31	2086-04-31
2087-04-31	-5	2086-11-30	2086-12-01
2087-04-31	-2	2087-02-31	2087-02-31
2087-04-31	-1	2087-03-31	2087-03-31
2087-04-31	1	2087-05-31	2087-05-31
2087-04-31	2	2087-06-31	2087-06-31
2087-04-31	5	2087-09-30	2087-10-01
2087-04-31	12	2088-04-31	2088-04-31
2087-04-31	25	2089-05-31	2089-05-31
2087-05-01	-25	2085-04-01	2085-04-01
2087-05-01	-12	2086-05-01	2086-05-01
2087-05-01	-5	2086-12-01	2086-12-01
2087-05-01	-2	2087-03-01	2087-03-01
2087-05-01	-1	2087-04-01	2087-04-01
2087-05-01	1	2087-06-01	2087-06-01
2087-05-01	2	2087-07-01	2087-07-01
2087-05-01	5	2087-10-01	2087-10-01
2087-05-01	12	2088-05-01	2088-05-01
2087-05-01	25	2089-06-01	2089-06-01
2087-05-15	-25	2085-04-15	2085-04-15
2087-05-15	-12	2086-05-15	2086-05-15
2087-05-15	-5	2086-12-15	2086-12-15
2087-05-15	-2	2087-03-15	2087-03-15
2087-05-15	-1	2087-04-15	2087-04-15
2087-05-15	1	2087-06-15	2087-06-15
2087-05-15	2	2087-07-15	2087-07-15
2087-05-15	5	2087-10-15	2087-10-15
2087-05-15	12	2088-05-15	2088-05-15
2087-05-15	25	2089-06-15	2089-06-15
2087-05-31	-25	2085-04-31	2085-04-31
2087-05-31	-12	2086-05-31	2086-05-31
2087-05-31	-5	2086-12-30	2087-01-01
2087-05-31	-2	2087-03-31	2087-03-31
2087-05-31	-1	2087-04-31	2087-04-31
2087-05-31	1	2087-06-31	2087-06-31
2087-05-31	2	2087-07-30	2087-08-01
2087-05-31	5	2087-10-30	2087-11-01
2087-05-31	12	2088-05-30	2088-06-01
2087-05-31	25	2089-06-30	2089-07-01
2087-06-01	-25	2085-05-01	2085-05-01
2087-06-01	-12	2086-06-01	2086-06-01
2087-06-01	-5	2087-01-01	2087-01-01
2087-06-01	-2	2087-04-01	2087-04-01
2087-06-01	-1	2087-05-01	2087-05-01
2087-06-01	1	2087-07-01	2087-07-01
2087-06-01	2	2087-08-01	2087-08-01
2087-06-01	5	2087-11-01	2087-11-01
2087-06-01	12	2088-06-01	2088-06-01
2087-06-01	25	2089-07-01	2089-07-01
2087-06-15	-25	2085-05-15	2085-05-15
2087-06-15	-12	2086-06-15	2086-06-15
2087-06-15	-5	2087-01-15	2087-01-15
2087-06-15	-2	2087-04-15	2087-04-15
2087-06-15	-1	2087-05-15	2087-05-15
2087-06-15	1	2087-07-15	2087-07-15
2087-06-15	2	2087-08-15	2087-08-15
2087-06-15	5	2087-11-15	2087-11-15
2087-06-15	12	2088-06-15	2088-06-15
2087-06-15	25	2089-07-15	2089-07-15
2087-06-31	-25	2085-05-30	2085-06-01
2087-06-31	-12	2086-06-30	2086-07-01
2087-06-31	-5	2087-01-31	2087-01-31
2087-06-31	-2	2087-04-31	2087-04-31
2087-06-31	-1	2087-05-31	2087-05-31
2087-06-31	1	2087-07-30	2087-08-01
2087-06-31	2	2087-08-30	2087-09-01
2087-06-31	5	2087-11-30	2087-12-01
2087-06-31	12	2088-06-31	2088-06-31
2087-06-31	25	2089-07-30	2089-08-01
2087-07-01	-25	2085-06-01	2085-06-01
2087-07-01	-12	2086-07-01	2086-07-01
2087-07-01	-5	2087-02-01	2087-02-01
2087-07-01	-2	2087-05-01	2087-05-01
2087-07-01	-1	2087-06-01	2087-06-01
2087-07-01	1	2087-08-01	2087-08-01
2087-07-01	2	2087-09-01	2087-09-01
2087-07-01	5	2087-12-01	2087-12-01
2087-07-01	12	2088-07-01	2088-07-01
2087-07-01	25	2089-08-01	2089-08-01
2087-07-15	-25	2085-06-15	2085-06-15
2087-07-15	-12	2086-07-15	2086-07-15
2087-07-15	-5	2087-02-15	2087-02-15
2087-07-15	-2	2087-05-15	2087-05-15
2087-07-15	-1	2087-06-15	2087-06-15
2087-07-15	1	2087-08-15	2087-08-15
2087-07-15	2	2087-09-15	2087-09-15
2087-07-15	5	2087-12-15	2087-12-15
2087-07-15	12	2088-07-15	2088-07-15
2087-07-15	25	2089-08-15	2089-08-15
2087-07-30	-25	2085-06-30	2085-06-30
2087-07-30	-12	2086-07-30	2086-07-30
2087-07-30	-5	2087-02-30	2087-02-30
2087-07-30	-2	2087-05-30	2087-05-30
2087-07-30	-1	2087-06-30	2087-06-30
2087-07-30	1	2087-08-30	2087-08-30
2087-07-30	2	2087-09-30	2087-09-30
2087-07-30	5	2087-12-30	2087-12-30
2087-07-30	12	2088-07-30	2088-07-30
2087-07-30	25	2089-08-30	2089-08-30
2087-08-01	-25	2085-07-01	2085-07-01
2087-08-01	-12	2086-08-01	2086-08-01
2087-08-01	-5	2087-03-01	2087-03-01
2087-08-01	-2	2087-06-01	2087-06-01
2087-08-01	-1	2087-07-01	2087-07-01
2087-08-01	1	2087-09-01	2087-09-01
2087-08-01	2	2087-10-01	2087-10-01
2087-08-01	5	2088-01-01	2088-01-01
2087-08-01	12	2088-08-01	2088-08-01
2087-08-01	25	2089-09-01	2089-09-01
2087-08-15	-25	2085-07-15	2085-07-15
2087-08-15	-12	2086-08-15	2086-08-15
2087-08-15	-5	2087-03-15	2087-03-15
2087-08-15	-2	2087-06-15	2087-06-15
2087-08-15	-1	2087-07-15	2087-07-15
2087-08-15	1	2087-09-15	2087-09-15
2087-08-15	2	2087-10-15	2087-10-15
2087-08-15	5	2088-01-15	2088-01-15
2087-08-15	12	2088-08-15	2088-08-15
2087-08-15	25	2089-09-15	2089-09-15
2087-08-30	-25	2085-07-30	2085-07-30
2087-08-30	-12	2086-08-30	2086-08-30
2087-08-30	-5	2087-03-30	2087-03-30
2087-08-30	-2	2087-06-30	2087-06-30
2087-08-30	-1	2087-07-30	2087-07-30
2087-08-30	1	2087-09-30	2087-09-30
2087-08-30	2	2087-10-30	2087-10-30
2087-08-30	5	2088-01-30	2088-01-30
2087-08-30	12	2088-08-30	2088-08-30
2087-08-30	25	2089-09-29	2089-10-01
2087-09-01	-25	2085-08-01	2085-08-01
2087-09-01	-12	2086-09-01	2086-09-01
2087-09-01	-5	2087-04-01	2087-04-01
2087-09-01	-2	2087-07-01	2087-07-01
2087-09-01	-1	2087-08-01	2087-08-01
2087-09-01	1	2087-10-01	2087-10-01
2087-09-01	2	2087-11-01	2087-11-01
2087-09-01	5	2088-02-01	2088-02-01
2087-09-01	12	2088-09-01	2088-09-01
2087-09-01	25	2089-10-01	2089-10-01
2087-09-15	-25	2085-08-15	2085-08-15
2087-09-15	-12	2086-09-15	2086-09-15
2087-09-15	-5	2087-04-15	2087-04-15
2087-09-15	-2	2087-07-15	2087-07-15
2087-09-15	-1	2087-08-15	2087-08-15
2087-09-15	1	2087-10-15	2087-10-15
2087-09-15	2	2087-11-15	2087-11-15
2087-09-15	5	2088-02-15	2088-02-15
2087-09-15	12	2088-09-15	2088-09-15
2087-09-15	25	2089-10-15	2089-10-15
2087-09-30	-25	2085-08-30	2085-08-30
2087-09-30	-12	2086-09-29	2086-10-01
2087-09-30	-5	2087-04-30	2087-04-30
2087-09-30	-2	2087-07-30	2087-07-30
2087-09-30	-1	2087-08-30	2087-08-30
2087-09-30	1	2087-10-30	2087-10-30
2087-09-30	2	2087-11-30	2087-11-30
2087-09-30	5	2088-02-30	2088-02-30
2087-09-30	12	2088-09-29	2088-10-01
2087-09-30	25	2089-10-30	2089-10-30
2087-10-01	-25	2085-09-01	2085-09-01
2087-10-01	-12	2086-10-01	2086-10-01
2087-10-01	-5	2087-05-01	2087-05-01
2087-10-01	-2	2087-08-01	2087-08-01
2087-10-01	-1	2087-09-01	2087-09-01
2087-10-01	1	2087-11-01	2087-11-01
2087-10-01	2	2087-12-01	2087-12-01
2087-10-01	5	2088-03-01	2088-03-01
2087-10-01	12	2088-10-01	2088-10-01
2087-10-01	25	2089-11-01	2089-11-01
2087-10-15	-25	2085-09-15	2085-09-15
2087-10-15	-12	2086-10-15	2086-10-15
2087-10-15	-5	2087-05-15	2087-05-15
2087-10-15	-2	2087-08-15	2087-08-15
2087-10-15	-1	2087-09-15	2087-09-15
2087-10-15	1	2087-11-15	2087-11-15
2087-10-15	2	2087-12-15	2087-12-15
2087-10-15	5	2088-03-15	2088-03-15
2087-10-15	12	2088-10-15	2088-10-15
2087-10-15	25	2089-11-15	2089-11-15
2087-10-30	-25	2085-09-29	2085-10-01
2087-10-30	-12	2086-10-30	2086-10-30
2087-10-30	-5	2087-05-30	2087-05-30
2087-10-30	-2	2087-08-30	2087-08-30
2087-10-30	-1	2087-09-30	2087-09-30
2087-10-30	1	2087-11-30	2087-11-30
2087-10-30	2	2087-12-30	2087-12-30
2087-10-30	5	2088-03-30	2088-03-30
2087-10-30	12	2088-10-30	2088-10-30
2087-10-30	25	2089-11-30	2089-11-30
2087-11-01	-25	2085-10-01	2085-10-01
2087-11-01	-12	2086-11-01	2086-11-01
2087-11-01	-5	2087-06-01	2087-06-01
2087-11-01	-2	2087-09-01	2087-09-01
2087-11-01	-1	2087-10-01	2087-10-01
2087-11-01	1	2087-12-01	2087-12-01
2087-11-01	2	2088-01-01	2088-01-01
2087-11-01	5	2088-04-01	2088-04-01
2087-11-01	12	2088-11-01	2088-11-01
2087-11-01	25	2089-12-01	2089-12-01
2087-11-15	-25	2085-10-15	2085-10-15
2087-11-15	-12	2086-11-15	2086-11-15
2087-11-15	-5	2087-06-15	2087-06-15
2087-11-15	-2	2087-09-15	2087-09-15
2087-11-15	-1	2087-10-15	2087-10-15
2087-11-15	1	2087-12-15	2087-12-15
2087-11-15	2	2088-01-15	2088-01-15
2087-11-15	5	2088-04-15	2088-04-15
2087-11-15	12	2088-11-15	2088-11-15
2087-11-15	25	2089-12-15	2089-12-15
2087-11-30	-25	2085-10-30	2085-10-30
2087-11-30	-12	2086-11-30	2086-11-30
2087-11-30	-5	2087-06-30	2087-06-30
2087-11-30	-2	2087-09-30	2087-09-30
2087-11-30	-1	2087-10-30	2087-10-30
2087-11-30	1	2087-12-30	2087-12-30
2087-11-30	2	2088-01-30	2088-01-30
2087-11-30	5	2088-04-30	2088-04-30
2087-11-30	12	2088-11-30	2088-11-30
2087-11-30	25	2089-12-30	2089-12-30
2087-12-01	-25	2085-11-01	2085-11-01
2087-12-01	-12	2086-12-01	2086-12-01
2087-12-01	-5	2087-07-01	2087-07-01
2087-12-01	-2	2087-10-01	2087-10-01
2087-12-01	-1	2087-11-01	2087-11-01
2087-12-01	1	2088-01-01	2088-01-01
2087-12-01	2	2088-02-01	2088-02-01
2087-12-01	5	2088-05-01	2088-05-01
2087-12-01	12	2088-12-01	2088-12-01
2087-12-01	25	2090-01-01	2090-01-01
2087-12-15	-25	2085-11-15	2085-11-15
2087-12-15	-12	2086-12-15	2086-12-15
2087-12-15	-5	2087-07-15	2087-07-15
2087-12-15	-2	2087-10-15	2087-10-15
2087-12-15	-1	2087-11-15	2087-11-15
2087-12-15	1	2088-01-15	2088-01-15
2087-12-15	2	2088-02-15	2088-02-15
2087-12-15	5	2088-05-15	2088-05-15
2087-12-15	12	2088-12-15	2088-12-15
2087-12-15	25	2090-01-15	2090-01-15
2087-12-19	-25	2085-11-19	2085-11-19
2087-12-19	-12	2086-12-19	2086-12-19
2087-12-19	-5	2087-07-19	2087-07-19
2087-12-19	-2	2087-10-19	2087-10-19
2087-12-19	-1	2087-11-19	2087-11-19
2087-12-19	1	2088-01-19	2088-01-19
2087-12-19	2	2088-02-19	2088-02-19
2087-12-19	5	2088-05-19	2088-05-19
2087-12-19	12	2088-12-19	2088-12-19
2087-12-19	25	2090-01-19	2090-01-19
2087-12-30	-25	2085-11-30	2085-11-30
2087-12-30	-12	2086-12-30	2086-12-30
2087-12-30	-5	2087-07-30	2087-07-30
2087-12-30	-2	2087-10-30	2087-10-30
2087-12-30	-1	2087-11-30	2087-11-30
2087-12-30	1	2088-01-30	2088-01-30
2087-12-30	2	2088-02-30	2088-02-30
2087-12-30	5	2088-05-30	2088-05-30
2087-12-30	12	2088-12-30	2088-12-30
2087-12-30	25	2090-01-30	2090-01-30
2088-04-19	-25	2086-03-19	2086-03-19
2088-04-19	-12	2087-04-19	2087-04-19
2088-04-19	-5	2087-11-19	2087-11-19
2088-04-19	-2	2088-02-19	2088-02-19
2088-04-19	-1	2088-03-19	2088-03-19
2088-04-19	1	2088-05-19	2088-05-19
2088-04-19	2	2088-06-19	2088-06-19
2088-04-19	5	2088-09-19	2088-09-19
2088-04-19	12	2089-04-19	2089-04-19
2088-04-19	25	2090-05-19	2090-05-19
2088-11-26	-25	2086-10-26	2086-10-26
2088-11-26	-12	2087-11-26	2087-11-26
2088-11-26	-5	2088-06-26	2088-06-26
2088-11-26	-2	2088-09-26	2088-09-26
2088-11-26	-1	2088-10-26	2088-10-26
2088-11-26	1	2088-12-26	2088-12-26
2088-11-26	2	2089-01-26	2089-01-26
2088-11-26	5	2089-04-26	2089-04-26
2088-11-26	12	2089-11-26	2089-11-26
2088-11-26	25	2090-12-26	2090-12-26
2090-01-01	-25	2087-12-01	2087-12-01
2090-01-01	-12	2089-01-01	2089-01-01
2090-01-01	-5	2089-08-01	2089-08-01
2090-01-01	-2	2089-11-01	2089-11-01
2090-01-01	-1	2089-12-01	2089-12-01
2090-01-01	1	2090-02-01	2090-02-01
2090-01-01	2	2090-03-01	2090-03-01
2090-01-01	5	2090-06-01	2090-06-01
2090-01-01	12	2091-01-01	2091-01-01
2090-01-01	25	2092-02-01	2092-02-01
2090-01-15	-25	2087-12-15	2087-12-15
2090-01-15	-12	2089-01-15	2089-01-15
2090-01-15	-5	2089-08-15	2089-08-15
2090-01-15	-2	2089-11-15	2089-11-15
2090-01-15	-1	2089-12-15	2089-12-15
2090-01-15	1	2090-02-15	2090-02-15
2090-01-15	2	2090-03-15	2090-03-15
2090-01-15	5	2090-06-15	2090-06-15
2090-01-15	12	2091-01-15	2091-01-15
2090-01-15	25	2092-02-15	2092-02-15
2090-01-30	-25	2087-12-30	2087-12-30
2090-01-30	-12	2089-01-30	2089-01-30
2090-01-30	-5	2089-08-30	2089-08-30
2090-01-30	-2	2089-11-30	2089-11-30
2090-01-30	-1	2089-12-30	2089-12-30
2090-01-30	1	2090-02-30	2090-02-30
2090-01-30	2	2090-03-30	2090-03-30
2090-01-30	5	2090-06-30	2090-06-30
2090-01-30	12	2091-01-30	2091-01-30
2090-01-30	25	2092-02-30	2092-02-30
2090-02-01	-25	2088-01-01	2088-01-01
2090-02-01	-12	2089-02-01	2089-02-01
2090-02-01	-5	2089-09-01	2089-09-01
2090-02-01	-2	2089-12-01	2089-12-01
2090-02-01	-1	2090-01-01	2090-01-01
2090-02-01	1	2090-03-01	2090-03-01
2090-02-01	2	2090-04-01	2090-04-01
2090-02-01	5	2090-07-01	2090-07-01
2090-02-01	12	2091-02-01	2091-02-01
2090-02-01	25	2092-03-01	2092-03-01
2090-02-15	-25	2088-01-15	2088-01-15
2090-02-15	-12	2089-02-15	2089-02-15
2090-02-15	-5	2089-09-15	2089-09-15
2090-02-15	-2	2089-12-15	2089-12-15
2090-02-15	-1	2090-01-15	2090-01-15
2090-02-15	1	2090-03-15	2090-03-15
2090-02-15	2	2090-04-15	2090-04-15
2090-02-15	5	2090-07-15	2090-07-15
2090-02-15	12	2091-02-15	2091-02-15
2090-02-15	25	2092-03-15	2092-03-15
2090-02-31	-25	2088-01-30	2088-02-01
2090-02-31	-12	2089-02-31	2089-02-31
2090-02-31	-5	2089-09-29	2089-10-02
2090-02-31	-2	2089-12-30	2090-01-01
2090-02-31	-1	2090-01-30	2090-02-01
2090-02-31	1	2090-03-31	2090-03-31
2090-02-31	2	2090-04-31	2090-04-31
2090-02-31	5	2090-07-30	2090-08-01
2090-02-31	12	2091-02-31	2091-02-31
2090-02-31	25	2092-03-31	2092-03-31
2090-03-01	-25	2088-02-01	2088-02-01
2090-03-01	-12	2089-03-01	2089-03-01
2090-03-01	-5	2089-10-01	2089-10-01
2090-03-01	-2	2090-01-01	2090-01-01
2090-03-01	-1	2090-02-01	2090-02-01
2090-03-01	1	2090-04-01	2090-04-01
2090-03-01	2	2090-05-01	2090-05-01
2090-03-01	5	2090-08-01	2090-08-01
2090-03-01	12	2091-03-01	2091-03-01
2090-03-01	25	2092-04-01	2092-04-01
2090-03-15	-25	2088-02-15	2088-02-15
2090-03-15	-12	2089-03-15	2089-03-15
2090-03-15	-5	2089-10-15	2089-10-15
2090-03-15	-2	2090-01-15	2090-01-15
2090-03-15	-1	2090-02-15	2090-02-15
2090-03-15	1	2090-04-15	2090-04-15
2090-03-15	2	2090-05-15	2090-05-15
2090-03-15	5	2090-08-15	2090-08-15
2090-03-15	12	2091-03-15	2091-03-15
2090-03-15	25	2092-04-15	2092-04-15
2090-03-32	-25	2088-02-31	2088-03-01
2090-03-32	-12	2089-03-31	2089-04-01
2090-03-32	-5	2089-10-30	2089-11-02
2090-03-32	-2	2090-01-30	2090-02-02
2090-03-32	-1	2090-02-31	2090-03-01
2090-03-32	1	2090-04-31	2090-05-01
2090-03-32	2	2090-05-31	2090-06-01
2090-03-32	5	2090-08-29	2090-09-03
2090-03-32	12	2091-03-32	2091-03-32
2090-03-32	25	2092-04-32	2092-04-32
2090-04-01	-25	2088-03-01	2088-03-01
2090-04-01	-12	2089-04-01	2089-04-01
2090-04-01	-5	2089-11-01	2089-11-01
2090-04-01	-2	2090-02-01	2090-02-01
2090-04-01	-1	2090-03-01	2090-03-01
2090-04-01	1	2090-05-01	2090-05-01
2090-04-01	2	2090-06-01	2090-06-01
2090-04-01	5	2090-09-01	2090-09-01
2090-04-01	12	2091-04-01	2091-04-01
2090-04-01	25	2092-05-01	2092-05-01
2090-04-15	-25	2088-03-15	2088-03-15
2090-04-15	-12	2089-04-15	2089-04-15
2090-04-15	-5	2089-11-15	2089-11-15
2090-04-15	-2	2090-02-15	2090-02-15
2090-04-15	-1	2090-03-15	2090-03-15
2090-04-15	1	2090-05-15	2090-05-15
2090-04-15	2	2090-06-15	2090-06-15
2090-04-15	5	2090-09-15	2090-09-15
2090-04-15	12	2091-04-15	2091-04-15
2090-04-15	25	2092-05-15	2092-05-15
2090-04-31	-25	2088-03-31	2088-03-31
2090-04-31	-12	2089-04-31	2089-04-31
2090-04-31	-5	2089-11-30	2089-12-01
2090-04-31	-2	2090-02-31	2090-02-31
2090-04-31	-1	2090-03-31	2090-03-31
2090-04-31	1	2090-05-31	2090-05-31
2090-04-31	2	2090-06-31	2090-06-31
2090-04-31	5	2090-09-30	2090-10-01
2090-04-31	12	2091-04-31	2091-04-31
2090-04-31	25	2092-05-31	2092-05-31
2090-05-01	-25	2088-04-01	2088-04-01
2090-05-01	-12	2089-05-01	2089-05-01
2090-05-01	-5	2089-12-01	2089-12-01
2090-05-01	-2	2090-03-01	2090-03-01
2090-05-01	-1	2090-04-01	2090-04-01
2090-05-01	1	2090-06-01	2090-06-01
2090-05-01	2	2090-07-01	2090-07-01
2090-05-01	5	2090-10-01	2090-10-01
2090-05-01	12	2091-05-01	2091-05-01
2090-05-01	25	2092-06-01	2092-06-01
2090-05-15	-25	2088-04-15	2088-04-15
2090-05-15	-12	2089-05-15	2089-05-15
2090-05-15	-5	2089-12-15	2089-12-15
2090-05-15	-2	2090-03-15	2090-03-15
2090-05-15	-1	2090-04-15	2090-04-15
2090-05-15	1	2090-06-15	2090-06-15
2090-05-15	2	2090-07-15	2090-07-15
2090-05-15	5	2090-10-15	2090-10-15
2090-05-15	12	2091-05-15	2091-05-15
2090-05-15	25	2092-06-15	2092-06-15
2090-05-31	-25	2088-04-31	2088-04-31
2090-05-31	-12	2089-05-31	2089-05-31
2090-05-31	-5	2089-12-30	2090-01-01
2090-05-31	-2	2090-03-31	2090-03-31
2090-05-31	-1	2090-04-31	2090-04-31
2090-05-31	1	2090-06-31	2090-06-31
2090-05-31	2	2090-07-30	2090-08-01
2090-05-31	5	2090-10-29	2090-11-02
2090-05-31	12	2091-05-31	2091-05-31
2090-05-31	25	2092-06-30	2092-07-01
2090-06-01	-25	2088-05-01	2088-05-01
2090-06-01	-12	2089-06-01	2089-06-01
2090-06-01	-5	2090-01-01	2090-01-01
2090-06-01	-2	2090-04-01	2090-04-01
2090-06-01	-1	2090-05-01	2090-05-01
2090-06-01	1	2090-07-01	2090-07-01
2090-06-01	2	2090-08-01	2090-08-01
2090-06-01	5	2090-11-01	2090-11-01
2090-06-01	12	2091-06-01	2091-06-01
2090-06-01	25	2092-07-01	2092-07-01
2090-06-15	-25	2088-05-15	2088-05-15
2090-06-15	-12	2089-06-15	2089-06-15
2090-06-15	-5	2090-01-15	2090-01-15
2090-06-15	-2	2090-04-15	2090-04-15
2090-06-15	-1	2090-05-15	2090-05-15
2090-06-15	1	2090-07-15	2090-07-15
2090-06-15	2	2090-08-15	2090-08-15
2090-06-15	5	2090-11-15	2090-11-15
2090-06-15	12	2091-06-15	2091-06-15
2090-06-15	25	2092-07-15	2092-07-15
2090-06-31	-25	2088-05-30	2088-06-01
2090-06-31	-12	2089-06-30	2089-07-01
2090-06-31	-5	2090-01-30	2090-02-01
2090-06-31	-2	2090-04-31	2090-04-31
2090-06-31	-1	2090-05-31	2090-05-31
2090-06-31	1	2090-07-30	2090-08-01
2090-06-31	2	2090-08-29	2090-09-02
2090-06-31	5	2090-11-30	2090-12-01
2090-06-31	12	2091-06-30	2091-07-01
2090-06-31	25	2092-07-30	2092-08-01
2090-07-01	-25	2088-06-01	2088-06-01
2090-07-01	-12	2089-07-01	2089-07-01
2090-07-01	-5	2090-02-01	2090-02-01
2090-07-01	-2	2090-05-01	2090-05-01
2090-07-01	-1	2090-06-01	2090-06-01
2090-07-01	1	2090-08-01	2090-08-01
2090-07-01	2	2090-09-01	2090-09-01
2090-07-01	5	2090-12-01	2090-12-01
2090-07-01	12	2091-07-01	2091-07-01
2090-07-01	25	2092-08-01	2092-08-01
2090-07-15	-25	2088-06-15	2088-06-15
2090-07-15	-12	2089-07-15	2089-07-15
2090-07-15	-5	2090-02-15	2090-02-15
2090-07-15	-2	2090-05-15	2090-05-15
2090-07-15	-1	2090-06-15	2090-06-15
2090-07-15	1	2090-08-15	2090-08-15
2090-07-15	2	2090-09-15	2090-09-15
2090-07-15	5	2090-12-15	2090-12-15
2090-07-15	12	2091-07-15	2091-07-15
2090-07-15	25	2092-08-15	2092-08-15
2090-07-30	-25	2088-06-30	2088-06-30
2090-07-30	-12	2089-07-30	2089-07-30
2090-07-30	-5	2090-02-30	2090-02-30
2090-07-30	-2	2090-05-30	2090-05-30
2090-07-30	-1	2090-06-30	2090-06-30
2090-07-30	1	2090-08-29	2090-09-01
2090-07-30	2	2090-09-30	2090-09-30
2090-07-30	5	2090-12-30	2090-12-30
2090-07-30	12	2091-07-30	2091-07-30
2090-07-30	25	2092-08-30	2092-08-30
2090-08-01	-25	2088-07-01	2088-07-01
2090-08-01	-12	2089-08-01	2089-08-01
2090-08-01	-5	2090-03-01	2090-03-01
2090-08-01	-2	2090-06-01	2090-06-01
2090-08-01	-1	2090-07-01	2090-07-01
2090-08-01	1	2090-09-01	2090-09-01
2090-08-01	2	2090-10-01	2090-10-01
2090-08-01	5	2091-01-01	2091-01-01
2090-08-01	12	2091-08-01	2091-08-01
2090-08-01	25	2092-09-01	2092-09-01
2090-08-15	-25	2088-07-15	2088-07-15
2090-08-15	-12	2089-08-15	2089-08-15
2090-08-15	-5	2090-03-15	2090-03-15
2090-08-15	-2	2090-06-15	2090-06-15
2090-08-15	-1	2090-07-15	2090-07-15
2090-08-15	1	2090-09-15	2090-09-15
2090-08-15	2	2090-10-15	2090-10-15
2090-08-15	5	2091-01-15	2091-01-15
2090-08-15	12	2091-08-15	2091-08-15
2090-08-15	25	2092-09-15	2092-09-15
2090-08-20	-25	2088-07-20	2088-07-20
2090-08-20	-12	2089-08-20	2089-08-20
2090-08-20	-5	2090-03-20	2090-03-20
2090-08-20	-2	2090-06-20	2090-06-20
2090-08-20	-1	2090-07-20	2090-07-20
2090-08-20	1	2090-09-20	2090-09-20
2090-08-20	2	2090-10-20	2090-10-20
2090-08-20	5	2091-01-20	2091-01-20
2090-08-20	12	2091-08-20	2091-08-20
2090-08-20	25	2092-09-20	2092-09-20
2090-08-29	-25	2088-07-29	2088-07-29
2090-08-29	-12	2089-08-29	2089-08-29
2090-08-29	-5	2090-03-29	2090-03-29
2090-08-29	-2	2090-06-29	2090-06-29
2090-08-29	-1	2090-07-29	2090-07-29
2090-08-29	1	2090-09-29	2090-09-29
2090-08-29	2	2090-10-29	2090-10-29
2090-08-29	5	2091-01-29	2091-01-29
2090-08-29	12	2091-08-29	2091-08-29
2090-08-29	25	2092-09-29	2092-09-29
2090-09-01	-25	2088-08-01	2088-08-01
2090-09-01	-12	2089-09-01	2089-09-01
2090-09-01	-5	2090-04-01	2090-04-01
2090-09-01	-2	2090-07-01	2090-07-01
2090-09-01	-1	2090-08-01	2090-08-01
2090-09-01	1	2090-10-01	2090-10-01
2090-09-01	2	2090-11-01	2090-11-01
2090-09-01	5	2091-02-01	2091-02-01
2090-09-01	12	2091-09-01	2091-09-01
2090-09-01	25	2092-10-01	2092-10-01
2090-09-13	-25	2088-08-13	2088-08-13
2090-09-13	-12	2089-09-13	2089-09-13
2090-09-13	-5	2090-04-13	2090-04-13
2090-09-13	-2	2090-07-13	2090-07-13
2090-09-13	-1	2090-08-13	2090-08-13
2090-09-13	1	2090-10-13	2090-10-13
2090-09-13	2	2090-11-13	2090-11-13
2090-09-13	5	2091-02-13	2091-02-13
2090-09-13	12	2091-09-13	2091-09-13
2090-09-13	25	2092-10-13	2092-10-13
2090-09-15	-25	2088-08-15	2088-08-15
2090-09-15	-12	2089-09-15	2089-09-15
2090-09-15	-5	2090-04-15	2090-04-15
2090-09-15	-2	2090-07-15	2090-07-15
2090-09-15	-1	2090-08-15	2090-08-15
2090-09-15	1	2090-10-15	2090-10-15
2090-09-15	2	2090-11-15	2090-11-15
2090-09-15	5	2091-02-15	2091-02-15
2090-09-15	12	2091-09-15	2091-09-15
2090-09-15	25	2092-10-15	2092-10-15
2090-09-30	-25	2088-08-30	2088-08-30
2090-09-30	-12	2089-09-29	2089-10-01
2090-09-30	-5	2090-04-30	2090-04-30
2090-09-30	-2	2090-07-30	2090-07-30
2090-09-30	-1	2090-08-29	2090-09-01
2090-09-30	1	2090-10-29	2090-11-01
2090-09-30	2	2090-11-30	2090-11-30
2090-09-30	5	2091-02-30	2091-02-30
2090-09-30	12	2091-09-30	2091-09-30
2090-09-30	25	2092-10-29	2092-11-01
2090-10-01	-25	2088-09-01	2088-09-01
2090-10-01	-12	2089-10-01	2089-10-01
2090-10-01	-5	2090-05-01	2090-05-01
2090-10-01	-2	2090-08-01	2090-08-01
2090-10-01	-1	2090-09-01	2090-09-01
2090-10-01	1	2090-11-01	2090-11-01
2090-10-01	2	2090-12-01	2090-12-01
2090-10-01	5	2091-03-01	2091-03-01
2090-10-01	12	2091-10-01	2091-10-01
2090-10-01	25	2092-11-01	2092-11-01
2090-10-15	-25	2088-09-15	2088-09-15
2090-10-15	-12	2089-10-15	2089-10-15
2090-10-15	-5	2090-05-15	2090-05-15
2090-10-15	-2	2090-08-15	2090-08-15
2090-10-15	-1	2090-09-15	2090-09-15
2090-10-15	1	2090-11-15	2090-11-15
2090-10-15	2	2090-12-15	2090-12-15
2090-10-15	5	2091-03-15	2091-03-15
2090-10-15	12	2091-10-15	2091-10-15
2090-10-15	25	2092-11-15	2092-11-15
2090-10-29	-25	2088-09-29	2088-09-29
2090-10-29	-12	2089-10-29	2089-10-29
2090-10-29	-5	2090-05-29	2090-05-29
2090-10-29	-2	2090-08-29	2090-08-29
2090-10-29	-1	2090-09-29	2090-09-29
2090-10-29	1	2090-11-29	2090-11-29
2090-10-29	2	2090-12-29	2090-12-29
2090-10-29	5	2091-03-29	2091-03-29
2090-10-29	12	2091-10-29	2091-10-29
2090-10-29	25	2092-11-29	2092-11-29
2090-11-01	-25	2088-10-01	2088-10-01
2090-11-01	-12	2089-11-01	2089-11-01
2090-11-01	-5	2090-06-01	2090-06-01
2090-11-01	-2	2090-09-01	2090-09-01
2090-11-01	-1	2090-10-01	2090-10-01
2090-11-01	1	2090-12-01	2090-12-01
2090-11-01	2	2091-01-01	2091-01-01
2090-11-01	5	2091-04-01	2091-04-01
2090-11-01	12	2091-11-01	2091-11-01
2090-11-01	25	2092-12-01	2092-12-01
2090-11-15	-25	2088-10-15	2088-10-15
2090-11-15	-12	2089-11-15	2089-11-15
2090-11-15	-5	2090-06-15	2090-06-15
2090-11-15	-2	2090-09-15	2090-09-15
2090-11-15	-1	2090-10-15	2090-10-15
2090-11-15	1	2090-12-15	2090-12-15
2090-11-15	2	2091-01-15	2091-01-15
2090-11-15	5	2091-04-15	2091-04-15
2090-11-15	12	2091-11-15	2091-11-15
2090-11-15	25	2092-12-15	2092-12-15
2090-11-30	-25	2088-10-30	2088-10-30
2090-11-30	-12	2089-11-30	2089-11-30
2090-11-30	-5	2090-06-30	2090-06-30
2090-11-30	-2	2090-09-30	2090-09-30
2090-11-30	-1	2090-10-29	2090-11-01
2090-11-30	1	2090-12-30	2090-12-30
2090-11-30	2	2091-01-30	2091-01-30
2090-11-30	5	2091-04-30	2091-04-30
2090-11-30	12	2091-11-30	2091-11-30
2090-11-30	25	2092-12-30	2092-12-30
2090-12-01	-25	2088-11-01	2088-11-01
2090-12-01	-12	2089-12-01	2089-12-01
2090-12-01	-5	2090-07-01	2090-07-01
2090-12-01	-2	2090-10-01	2090-10-01
2090-12-01	-1	2090-11-01	2090-11-01
2090-12-01	1	2091-01-01	2091-01-01
2090-12-01	2	2091-02-01	2091-02-01
2090-12-01	5	2091-05-01	2091-05-01
2090-12-01	12	2091-12-01	2091-12-01
2090-12-01	25	2093-01-01	2093-01-01
2090-12-15	-25	2088-11-15	2088-11-15
2090-12-15	-12	2089-12-15	2089-12-15
2090-12-15	-5	2090-07-15	2090-07-15
2090-12-15	-2	2090-10-15	2090-10-15
2090-12-15	-1	2090-11-15	2090-11-15
2090-12-15	1	2091-01-15	2091-01-15
2090-12-15	2	2091-02-15	2091-02-15
2090-12-15	5	2091-05-15	2091-05-15
2090-12-15	12	2091-12-15	2091-12-15
2090-12-15	25	2093-01-15	2093-01-15
2090-12-30	-25	2088-11-30	2088-11-30
2090-12-30	-12	2089-12-30	2089-12-30
2090-12-30	-5	2090-07-30	2090-07-30
2090-12-30	-2	2090-10-29	2090-11-01
2090-12-30	-1	2090-11-30	2090-11-30
2090-12-30	1	2091-01-30	2091-01-30
2090-12-30	2	2091-02-30	2091-02-30
2090-12-30	5	2091-05-30	2091-05-30
2090-12-30	12	2091-12-30	2091-12-30
2090-12-30	25	2093-01-30	2093-01-30
2092-05-09	-25	2090-04-09	2090-04-09
2092-05-09	-12	2091-05-09	2091-05-09
2092-05-09	-5	2091-12-09	2091-12-09
2092-05-09	-2	2092-03-09	2092-03-09
2092-05-09	-1	2092-04-09	2092-04-09
2092-05-09	1	2092-06-09	2092-06-09
2092-05-09	2	2092-07-09	2092-07-09
2092-05-09	5	2092-10-09	2092-10-09
2092-05-09	12	2093-05-09	2093-05-09
2092-05-09	25	2094-06-09	2094-06-09
2093-06-12	-25	2091-05-12	2091-05-12
2093-06-12	-12	2092-06-12	2092-06-12
2093-06-12	-5	2093-01-12	2093-01-12
2093-06-12	-2	2093-04-12	2093-04-12
2093-06-12	-1	2093-05-12	2093-05-12
2093-06-12	1	2093-07-12	2093-07-12
2093-06-12	2	2093-08-12	2093-08-12
2093-06-12	5	2093-11-12	2093-11-12
2093-06-12	12	2094-06-12	2094-06-12
2093-06-12	25	2095-07-12	2095-07-12
2094-10-15	-25	2092-09-15	2092-09-15
2094-10-15	-12	2093-10-15	2093-10-15
2094-10-15	-5	2094-05-15	2094-05-15
2094-10-15	-2	2094-08-15	2094-08-15
2094-10-15	-1	2094-09-15	2094-09-15
2094-10-15	1	2094-11-15	2094-11-15
2094-10-15	2	2094-12-15	2094-12-15
2094-10-15	5	2095-03-15	2095-03-15
2094-10-15	12	2095-10-15	2095-10-15
2094-10-15	25	2096-11-15	2096-11-15
2095-08-02	-25	2093-07-02	2093-07-02
2095-08-02	-12	2094-08-02	2094-08-02
2095-08-02	-5	2095-03-02	2095-03-02
2095-08-02	-2	2095-06-02	2095-06-02
2095-08-02	-1	2095-07-02	2095-07-02
2095-08-02	1	2095-09-02	2095-09-02
2095-08-02	2	2095-10-02	2095-10-02
2095-08-02	5	2096-01-02	2096-01-02
2095-08-02	12	2096-08-02	2096-08-02
2095-08-02	25	2097-09-02	2097-09-02
2096-07-29	-25	2094-06-29	2094-06-29
2096-07-29	-12	2095-07-29	2095-07-29
2096-07-29	-5	2096-02-29	2096-02-29
2096-07-29	-2	2096-05-29	2096-05-29
2096-07-29	-1	2096-06-29	2096-06-29
2096-07-29	1	2096-08-29	2096-08-29
2096-07-29	2	2096-09-29	2096-09-29
2096-07-29	5	2096-12-29	2096-12-29
2096-07-29	12	2097-07-29	2097-07-29
2096-07-29	25	2098-08-29	2098-08-29
2096-12-31	-25	2094-11-30	2094-12-01
2096-12-31	-12	2095-12-30	2096-01-01
2096-12-31	-5	2096-07-30	2096-08-01
2096-12-31	-2	2096-10-29	2096-11-02
2096-12-31	-1	2096-11-30	2096-12-01
2096-12-31	1	2097-01-31	2097-01-31
2096-12-31	2	2097-02-31	2097-02-31
2096-12-31	5	2097-05-31	2097-05-31
2096-12-31	12	2097-12-30	2098-01-01
2096-12-31	25	2099-01-31	2099-01-31
2097-07-01	-25	2095-06-01	2095-06-01
2097-07-01	-12	2096-07-01	2096-07-01
2097-07-01	-5	2097-02-01	2097-02-01
2097-07-01	-2	2097-05-01	2097-05-01
2097-07-01	-1	2097-06-01	2097-06-01
2097-07-01	1	2097-08-01	2097-08-01
2097-07-01	2	2097-09-01	2097-09-01
2097-07-01	5	2097-12-01	2097-12-01
2097-07-01	12	2098-07-01	2098-07-01
2097-07-01	25	2099-08-01	2099-08-01
2099-02-09	-25	2097-01-09	2097-01-09
2099-02-09	-12	2098-02-09	2098-02-09
2099-02-09	-5	2098-09-09	2098-09-09
2099-02-09	-2	2098-12-09	2098-12-09
2099-02-09	-1	2099-01-09	2099-01-09
2099-02-09	1	2099-03-09	2099-03-09
2099-02-09	2	2099-04-09	2099-04-09
2099-02-09	5	2099-07-09	2099-07-09
2099-02-09	12	2100-02-09	2100-02-09
2099-02-09	25	2101-03-09	2101-03-09
2099-08-25	-25	2097-07-25	2097-07-25
2099-08-25	-12	2098-08-25	2098-08-25
2099-08-25	-5	2099-03-25	2099-03-25
2099-08-25	-2	2099-06-25	2099-06-25
2099-08-25	-1	2099-07-25	2099-07-25
2099-08-25	1	2099-09-25	2099-09-25
2099-08-25	2	2099-10-25	2099-10-25
2099-08-25	5	2100-01-25	2100-01-25
2099-08-25	12	2100-08-25	2100-08-25
2099-08-25	25	2101-09-25	2101-09-25
2099-11-22	-25	2097-10-22	2097-10-22
2099-11-22	-12	2098-11-22	2098-11-22
2099-11-22	-5	2099-06-22	2099-06-22
2099-11-22	-2	2099-09-22	2099-09-22
2099-11-22	-1	2099-10-22	2099-10-22
2099-11-22	1	2099-12-22	2099-12-22
2099-11-22	2	2100-01-22	2100-01-22
2099-11-22	5	2100-04-22	2100-04-22
2099-11-22	12	2100-11-22	2100-11-22
2099-11-22	25	2101-12-22	2101-12-22
2100-01-01	-25	2097-12-01	2097-12-01
2100-01-01	-12	2099-01-01	2099-01-01
2100-01-01	-5	2099-08-01	2099-08-01
2100-01-01	-2	2099-11-01	2099-11-01
2100-01-01	-1	2099-12-01	2099-12-01
2100-01-01	1	2100-02-01	2100-02-01
2100-01-01	2	2100-03-01	2100-03-01
2100-01-01	5	2100-06-01	2100-06-01
2100-01-01	12	2101-01-01	2101-01-01
2100-01-01	25	2102-02-01	2102-02-01
2100-01-15	-25	2097-12-15	2097-12-15
2100-01-15	-12	2099-01-15	2099-01-15
2100-01-15	-5	2099-08-15	2099-08-15
2100-01-15	-2	2099-11-15	2099-11-15
2100-01-15	-1	2099-12-15	2099-12-15
2100-01-15	1	2100-02-15	2100-02-15
2100-01-15	2	2100-03-15	2100-03-15
2100-01-15	5	2100-06-15	2100-06-15
2100-01-15	12	2101-01-15	2101-01-15
2100-01-15	25	2102-02-15	2102-02-15
2100-01-31	-25	2097-12-30	2098-01-01
2100-01-31	-12	2099-01-31	2099-01-31
2100-01-31	-5	2099-08-29	2099-09-02
2100-01-31	-2	2099-11-30	2099-12-01
2100-01-31	-1	2099-12-30	2100-01-01
2100-01-31	1	2100-02-31	2100-02-31
2100-01-31	2	2100-03-31	2100-03-31
2100-01-31	5	2100-06-30	2100-07-01
2100-01-31	12	2101-01-31	2101-01-31
2100-01-31	25	2102-02-31	2102-02-31
2100-02-01	-25	2098-01-01	2098-01-01
2100-02-01	-12	2099-02-01	2099-02-01
2100-02-01	-5	2099-09-01	2099-09-01
2100-02-01	-2	2099-12-01	2099-12-01
2100-02-01	-1	2100-01-01	2100-01-01
2100-02-01	1	2100-03-01	2100-03-01
2100-02-01	2	2100-04-01	2100-04-01
2100-02-01	5	2100-07-01	2100-07-01
2100-02-01	12	2101-02-01	2101-02-01
2100-02-01	25	2102-03-01	2102-03-01
2100-02-15	-25	2098-01-15	2098-01-15
2100-02-15	-12	2099-02-15	2099-02-15
2100-02-15	-5	2099-09-15	2099-09-15
2100-02-15	-2	2099-12-15	2099-12-15
2100-02-15	-1	2100-01-15	2100-01-15
2100-02-15	1	2100-03-15	2100-03-15
2100-02-15	2	2100-04-15	2100-04-15
2100-02-15	5	2100-07-15	2100-07-15
2100-02-15	12	2101-02-15	2101-02-15
2100-02-15	25	2102-03-15	2102-03-15
2100-02-32	-25	2098-01-31	2098-02-01
2100-02-32	-12	2099-02-31	2099-03-01
2100-02-32	-5	2099-09-30	2099-10-02
2100-02-32	-2	2099-12-30	2100-01-02
2100-02-32	-1	2100-01-31	2100-02-01
2100-02-32	1	2100-03-31	2100-04-01
2100-02-32	2	2100-04-32	2100-04-32
2100-02-32	5	2100-07-30	2100-08-02
2100-02-32	12	2101-02-31	2101-03-01
2100-02-32	25	2102-03-32	2102-03-32
2100-03-01	-25	2098-02-01	2098-02-01
2100-03-01	-12	2099-03-01	2099-03-01
2100-03-01	-5	2099-10-01	2099-10-01
2100-03-01	-2	2100-01-01	2100-01-01
2100-03-01	-1	2100-02-01	2100-02-01
2100-03-01	1	2100-04-01	2100-04-01
2100-03-01	2	2100-05-01	2100-05-01
2100-03-01	5	2100-08-01	2100-08-01
2100-03-01	12	2101-03-01	2101-03-01
2100-03-01	25	2102-04-01	2102-04-01
2100-03-15	-25	2098-02-15	2098-02-15
2100-03-15	-12	2099-03-15	2099-03-15
2100-03-15	-5	2099-10-15	2099-10-15
2100-03-15	-2	2100-01-15	2100-01-15
2100-03-15	-1	2100-02-15	2100-02-15
2100-03-15	1	2100-04-15	2100-04-15
2100-03-15	2	2100-05-15	2100-05-15
2100-03-15	5	2100-08-15	2100-08-15
2100-03-15	12	2101-03-15	2101-03-15
2100-03-15	25	2102-04-15	2102-04-15
2100-03-31	-25	2098-02-31	2098-02-31
2100-03-31	-12	2099-03-31	2099-03-31
2100-03-31	-5	2099-10-29	2099-11-02
2100-03-31	-2	2100-01-31	2100-01-31
2100-03-31	-1	2100-02-31	2100-02-31
2100-03-31	1	2100-04-31	2100-04-31
2100-03-31	2	2100-05-31	2100-05-31
2100-03-31	5	2100-08-30	2100-09-01
2100-03-31	12	2101-03-31	2101-03-31
2100-03-31	25	2102-04-31	2102-04-31
2100-04-01	-25	2098-03-01	2098-03-01
2100-04-01	-12	2099-04-01	2099-04-01
2100-04-01	-5	2099-11-01	2099-11-01
2100-04-01	-2	2100-02-01	2100-02-01
2100-04-01	-1	2100-03-01	2100-03-01
2100-04-01	1	2100-05-01	2100-05-01
2100-04-01	2	2100-06-01	2100-06-01
2100-04-01	5	2100-09-01	2100-09-01
2100-04-01	12	2101-04-01	2101-04-01
2100-04-01	25	2102-05-01	2102-05-01
2100-04-15	-25	2098-03-15	2098-03-15
2100-04-15	-12	2099-04-15	2099-04-15
2100-04-15	-5	2099-11-15	2099-11-15
2100-04-15	-2	2100-02-15	2100-02-15
2100-04-15	-1	2100-03-15	2100-03-15
2100-04-15	1	2100-05-15	2100-05-15
2100-04-15	2	2100-06-15	2100-06-15
2100-04-15	5	2100-09-15	2100-09-15
2100-04-15	12	2101-04-15	2101-04-15
2100-04-15	25	2102-05-15	2102-05-15
2100-04-32	-25	2098-03-32	2098-03-32
2100-04-32	-12	2099-04-32	2099-04-32
2100-04-32	-5	2099-11-30	2099-12-02
2100-04-32	-2	2100-02-32	2100-02-32
2100-04-32	-1	2100-03-31	2100-04-01
2100-04-32	1	2100-05-31	2100-06-01
2100-04-32	2	2100-06-30	2100-07-02
2100-04-32	5	2100-09-29	2100-10-03
2100-04-32	12	2101-04-32	2101-04-32
2100-04-32	25	2102-05-31	2102-06-01
2100-05-01	-25	2098-04-01	2098-04-01
2100-05-01	-12	2099-05-01	2099-05-01
2100-05-01	-5	2099-12-01	2099-12-01
2100-05-01	-2	2100-03-01	2100-03-01
2100-05-01	-1	2100-04-01	2100-04-01
2100-05-01	1	2100-06-01	2100-06-01
2100-05-01	2	2100-07-01	2100-07-01
2100-05-01	5	2100-10-01	2100-10-01
2100-05-01	12	2101-05-01	2101-05-01
2100-05-01	25	2102-06-01	2102-06-01
2100-05-15	-25	2098-04-15	2098-04-15
2100-05-15	-12	2099-05-15	2099-05-15
2100-05-15	-5	2099-12-15	2099-12-15
2100-05-15	-2	2100-03-15	2100-03-15
2100-05-15	-1	2100-04-15	2100-04-15
2100-05-15	1	2100-06-15	2100-06-15
2100-05-15	2	2100-07-15	2100-07-15
2100-05-15	5	2100-10-15	2100-10-15
2100-05-15	12	2101-05-15	2101-05-15
2100-05-15	25	2102-06-15	2102-06-15
2100-05-31	-25	2098-04-31	2098-04-31
2100-05-31	-12	2099-05-31	2099-05-31
2100-05-31	-5	2099-12-30	2100-01-01
2100-05-31	-2	2100-03-31	2100-03-31
2100-05-31	-1	2100-04-31	2100-04-31
2100-05-31	1	2100-06-30	2100-07-01
2100-05-31	2	2100-07-30	2100-08-01
2100-05-31	5	2100-10-29	2100-11-02
2100-05-31	12	2101-05-31	2101-05-31
2100-05-31	25	2102-06-31	2102-06-31
2100-06-01	-25	2098-05-01	2098-05-01
2100-06-01	-12	2099-06-01	2099-06-01
2100-06-01	-5	2100-01-01	2100-01-01
2100-06-01	-2	2100-04-01	2100-04-01
2100-06-01	-1	2100-05-01	2100-05-01
2100-06-01	1	2100-07-01	2100-07-01
2100-06-01	2	2100-08-01	2100-08-01
2100-06-01	5	2100-11-01	2100-11-01
2100-06-01	12	2101-06-01	2101-06-01
2100-06-01	25	2102-07-01	2102-07-01
2100-06-15	-25	2098-05-15	2098-05-15
2100-06-15	-12	2099-06-15	2099-06-15
2100-06-15	-5	2100-01-15	2100-01-15
2100-06-15	-2	2100-04-15	2100-04-15
2100-06-15	-1	2100-05-15	2100-05-15
2100-06-15	1	2100-07-15	2100-07-15
2100-06-15	2	2100-08-15	2100-08-15
2100-06-15	5	2100-11-15	2100-11-15
2100-06-15	12	2101-06-15	2101-06-15
2100-06-15	25	2102-07-15	2102-07-15
2100-06-30	-25	2098-05-30	2098-05-30
2100-06-30	-12	2099-06-30	2099-06-30
2100-06-30	-5	2100-01-30	2100-01-30
2100-06-30	-2	2100-04-30	2100-04-30
2100-06-30	-1	2100-05-30	2100-05-30
2100-06-30	1	2100-07-30	2100-07-30
2100-06-30	2	2100-08-30	2100-08-30
2100-06-30	5	2100-11-30	2100-11-30
2100-06-30	12	2101-06-30	2101-06-30
2100-06-30	25	2102-07-30	2102-07-30
2100-07-01	-25	2098-06-01	2098-06-01
2100-07-01	-12	2099-07-01	2099-07-01
2100-07-01	-5	2100-02-01	2100-02-01
2100-07-01	-2	2100-05-01	2100-05-01
2100-07-01	-1	2100-06-01	2100-06-01
2100-07-01	1	2100-08-01	2100-08-01
2100-07-01	2	2100-09-01	2100-09-01
2100-07-01	5	2100-12-01	2100-12-01
2100-07-01	12	2101-07-01	2101-07-01
2100-07-01	25	2102-08-01	2102-08-01
2100-07-15	-25	2098-06-15	2098-06-15
2100-07-15	-12	2099-07-15	2099-07-15
2100-07-15	-5	2100-02-15	2100-02-15
2100-07-15	-2	2100-05-15	2100-05-15
2100-07-15	-1	2100-06-15	2100-06-15
2100-07-15	1	2100-08-15	2100-08-15
2100-07-15	2	2100-09-15	2100-09-15
2100-07-15	5	2100-12-15	2100-12-15
2100-07-15	12	2101-07-15	2101-07-15
2100-07-15	25	2102-08-15	2102-08-15
2100-07-30	-25	2098-06-30	2098-06-30
2100-07-30	-12	2099-07-30	2099-07-30
2100-07-30	-5	2100-02-30	2100-02-30
2100-07-30	-2	2100-05-30	2100-05-30
2100-07-30	-1	2100-06-30	2100-06-30
2100-07-30	1	2100-08-30	2100-08-30
2100-07-30	2	2100-09-29	2100-10-01
2100-07-30	5	2100-12-30	2100-12-30
2100-07-30	12	2101-07-29	2101-08-01
2100-07-30	25	2102-08-29	2102-09-01
2100-08-01	-25	2098-07-01	2098-07-01
2100-08-01	-12	2099-08-01	2099-08-01
2100-08-01	-5	2100-03-01	2100-03-01
2100-08-01	-2	2100-06-01	2100-06-01
2100-08-01	-1	2100-07-01	2100-07-01
2100-08-01	1	2100-09-01	2100-09-01
2100-08-01	2	2100-10-01	2100-10-01
2100-08-01	5	2101-01-01	2101-01-01
2100-08-01	12	2101-08-01	2101-08-01
2100-08-01	25	2102-09-01	2102-09-01
2100-08-15	-25	2098-07-15	2098-07-15
2100-08-15	-12	2099-08-15	2099-08-15
2100-08-15	-5	2100-03-15	2100-03-15
2100-08-15	-2	2100-06-15	2100-06-15
2100-08-15	-1	2100-07-15	2100-07-15
2100-08-15	1	2100-09-15	2100-09-15
2100-08-15	2	2100-10-15	2100-10-15
2100-08-15	5	2101-01-15	2101-01-15
2100-08-15	12	2101-08-15	2101-08-15
2100-08-15	25	2102-09-15	2102-09-15
2100-08-30	-25	2098-07-30	2098-07-30
2100-08-30	-12	2099-08-29	2099-09-01
2100-08-30	-5	2100-03-30	2100-03-30
2100-08-30	-2	2100-06-30	2100-06-30
2100-08-30	-1	2100-07-30	2100-07-30
2100-08-30	1	2100-09-29	2100-10-01
2100-08-30	2	2100-10-29	2100-11-01
2100-08-30	5	2101-01-30	2101-01-30
2100-08-30	12	2101-08-30	2101-08-30
2100-08-30	25	2102-09-30	2102-09-30
2100-09-01	-25	2098-08-01	2098-08-01
2100-09-01	-12	2099-09-01	2099-09-01
2100-09-01	-5	2100-04-01	2100-04-01
2100-09-01	-2	2100-07-01	2100-07-01
2100-09-01	-1	2100-08-01	2100-08-01
2100-09-01	1	2100-10-01	2100-10-01
2100-09-01	2	2100-11-01	2100-11-01
2100-09-01	5	2101-02-01	2101-02-01
2100-09-01	12	2101-09-01	2101-09-01
2100-09-01	25	2102-10-01	2102-10-01
2100-09-15	-25	2098-08-15	2098-08-15
2100-09-15	-12	2099-09-15	2099-09-15
2100-09-15	-5	2100-04-15	2100-04-15
2100-09-15	-2	2100-07-15	2100-07-15
2100-09-15	-1	2100-08-15	2100-08-15
2100-09-15	1	2100-10-15	2100-10-15
2100-09-15	2	2100-11-15	2100-11-15
2100-09-15	5	2101-02-15	2101-02-15
2100-09-15	12	2101-09-15	2101-09-15
2100-09-15	25	2102-10-15	2102-10-15
2100-09-29	-25	2098-08-29	2098-08-29
2100-09-29	-12	2099-09-29	2099-09-29
2100-09-29	-5	2100-04-29	2100-04-29
2100-09-29	-2	2100-07-29	2100-07-29
2100-09-29	-1	2100-08-29	2100-08-29
2100-09-29	1	2100-10-29	2100-10-29
2100-09-29	2	2100-11-29	2100-11-29
2100-09-29	5	2101-02-29	2101-02-29
2100-09-29	12	2101-09-29	2101-09-29
2100-09-29	25	2102-10-29	2102-10-29
2100-10-01	-25	2098-09-01	2098-09-01
2100-10-01	-12	2099-10-01	2099-10-01
2100-10-01	-5	2100-05-01	2100-05-01
2100-10-01	-2	2100-08-01	2100-08-01
2100-10-01	-1	2100-09-01	2100-09-01
2100-10-01	1	2100-11-01	2100-11-01
2100-10-01	2	2100-12-01	2100-12-01
2100-10-01	5	2101-03-01	2101-03-01
2100-10-01	12	2101-10-01	2101-10-01
2100-10-01	25	2102-11-01	2102-11-01
2100-10-04	-25	2098-09-04	2098-09-04
2100-10-04	-12	2099-10-04	2099-10-04
2100-10-04	-5	2100-05-04	2100-05-04
2100-10-04	-2	2100-08-04	2100-08-04
2100-10-04	-1	2100-09-04	2100-09-04
2100-10-04	1	2100-11-04	2100-11-04
2100-10-04	2	2100-12-04	2100-12-04
2100-10-04	5	2101-03-04	2101-03-04
2100-10-04	12	2101-10-04	2101-10-04
2100-10-04	25	2102-11-04	2102-11-04
2100-10-15	-25	2098-09-15	2098-09-15
2100-10-15	-12	2099-10-15	2099-10-15
2100-10-15	-5	2100-05-15	2100-05-15
2100-10-15	-2	2100-08-15	2100-08-15
2100-10-15	-1	2100-09-15	2100-09-15
2100-10-15	1	2100-11-15	2100-11-15
2100-10-15	2	2100-12-15	2100-12-15
2100-10-15	5	2101-03-15	2101-03-15
2100-10-15	12	2101-10-15	2101-10-15
2100-10-15	25	2102-11-15	2102-11-15
2100-10-29	-25	2098-09-29	2098-09-29
2100-10-29	-12	2099-10-29	2099-10-29
2100-10-29	-5	2100-05-29	2100-05-29
2100-10-29	-2	2100-08-29	2100-08-29
2100-10-29	-1	2100-09-29	2100-09-29
2100-10-29	1	2100-11-29	2100-11-29
2100-10-29	2	2100-12-29	2100-12-29
2100-10-29	5	2101-03-29	2101-03-29
2100-10-29	12	2101-10-29	2101-10-29
2100-10-29	25	2102-11-29	2102-11-29
2100-11-01	-25	2098-10-01	2098-10-01
2100-11-01	-12	2099-11-01	2099-11-01
2100-11-01	-5	2100-06-01	2100-06-01
2100-11-01	-2	2100-09-01	2100-09-01
2100-11-01	-1	2100-10-01	2100-10-01
2100-11-01	1	2100-12-01	2100-12-01
2100-11-01	2	2101-01-01	2101-01-01
2100-11-01	5	2101-04-01	2101-04-01
2100-11-01	12	2101-11-01	2101-11-01
2100-11-01	25	2102-12-01	2102-12-01
2100-11-15	-25	2098-10-15	2098-10-15
2100-11-15	-12	2099-11-15	2099-11-15
2100-11-15	-5	2100-06-15	2100-06-15
2100-11-15	-2	2100-09-15	2100-09-15
2100-11-15	-1	2100-10-15	2100-10-15
2100-11-15	1	2100-12-15	2100-12-15
2100-11-15	2	2101-01-15	2101-01-15
2100-11-15	5	2101-04-15	2101-04-15
2100-11-15	12	2101-11-15	2101-11-15
2100-11-15	25	2102-12-15	2102-12-15
2100-11-30	-25	2098-10-29	2098-11-01
2100-11-30	-12	2099-11-30	2099-11-30
2100-11-30	-5	2100-06-30	2100-06-30
2100-11-30	-2	2100-09-29	2100-10-01
2100-11-30	-1	2100-10-29	2100-11-01
2100-11-30	1	2100-12-30	2100-12-30
2100-11-30	2	2101-01-30	2101-01-30
2100-11-30	5	2101-04-30	2101-04-30
2100-11-30	12	2101-11-30	2101-11-30
2100-11-30	25	2102-12-30	2102-12-30
2100-12-01	-25	2098-11-01	2098-11-01
2100-12-01	-12	2099-12-01	2099-12-01
2100-12-01	-5	2100-07-01	2100-07-01
2100-12-01	-2	2100-10-01	2100-10-01
2100-12-01	-1	2100-11-01	2100-11-01
2100-12-01	1	2101-01-01	2101-01-01
2100-12-01	2	2101-02-01	2101-02-01
2100-12-01	5	2101-05-01	2101-05-01
2100-12-01	12	2101-12-01	2101-12-01
2100-12-01	25	2103-01-01	2103-01-01
2100-12-15	-25	2098-11-15	2098-11-15
2100-12-15	-12	2099-12-15	2099-12-15
2100-12-15	-5	2100-07-15	2100-07-15
2100-12-15	-2	2100-10-15	2100-10-15
2100-12-15	-1	2100-11-15	2100-11-15
2100-12-15	1	2101-01-15	2101-01-15
2100-12-15	2	2101-02-15	2101-02-15
2100-12-15	5	2101-05-15	2101-05-15
2100-12-15	12	2101-12-15	2101-12-15
2100-12-15	25	2103-01-15	2103-01-15
2100-12-31	-25	2098-11-30	2098-12-01
2100-12-31	-12	2099-12-30	2100-01-01
2100-12-31	-5	2100-07-30	2100-08-01
2100-12-31	-2	2100-10-29	2100-11-02
2100-12-31	-1	2100-11-30	2100-12-01
2100-12-31	1	2101-01-31	2101-01-31
2100-12-31	2	2101-02-31	2101-02-31
2100-12-31	5	2101-05-31	2101-05-31
2100-12-31	12	2101-12-30	2102-01-01
2100-12-31	25	2103-01-31	2103-01-31
2101-12-09	-25	2099-11-09	2099-11-09
2101-12-09	-12	2100-12-09	2100-12-09
2101-12-09	-5	2101-07-09	2101-07-09
2101-12-09	-2	2101-10-09	2101-10-09
2101-12-09	-1	2101-11-09	2101-11-09
2101-12-09	1	2102-01-09	2102-01-09
2101-12-09	2	2102-02-09	2102-02-09
2101-12-09	5	2102-05-09	2102-05-09
2101-12-09	12	2102-12-09	2102-12-09
2101-12-09	25	2104-01-09	2104-01-09
2103-03-18	-25	2101-02-18	2101-02-18
2103-03-18	-12	2102-03-18	2102-03-18
2103-03-18	-5	2102-10-18	2102-10-18
2103-03-18	-2	2103-01-18	2103-01-18
2103-03-18	-1	2103-02-18	2103-02-18
2103-03-18	1	2103-04-18	2103-04-18
2103-03-18	2	2103-05-18	2103-05-18
2103-03-18	5	2103-08-18	2103-08-18
2103-03-18	12	2104-03-18	2104-03-18
2103-03-18	25	2105-04-18	2105-04-18
2105-11-26	-25	2103-10-26	2103-10-26
2105-11-26	-12	2104-11-26	2104-11-26
2105-11-26	-5	2105-06-26	2105-06-26
2105-11-26	-2	2105-09-26	2105-09-26
2105-11-26	-1	2105-10-26	2105-10-26
2105-11-26	1	2105-12-26	2105-12-26
2105-11-26	2	2106-01-26	2106-01-26
2105-11-26	5	2106-04-26	2106-04-26
2105-11-26	12	2106-11-26	2106-11-26
2105-11-26	25	2107-12-26	2107-12-26
2108-02-01	-25	2106-01-01	2106-01-01
2108-02-01	-12	2107-02-01	2107-02-01
2108-02-01	-5	2107-09-01	2107-09-01
2108-02-01	-2	2107-12-01	2107-12-01
2108-02-01	-1	2108-01-01	2108-01-01
2108-02-01	1	2108-03-01	2108-03-01
2108-02-01	2	2108-04-01	2108-04-01
2108-02-01	5	2108-07-01	2108-07-01
2108-02-01	12	2109-02-01	2109-02-01
2108-02-01	25	2110-03-01	2110-03-01
2111-11-03	-25	2109-10-03	2109-10-03
2111-11-03	-12	2110-11-03	2110-11-03
2111-11-03	-5	2111-06-03	2111-06-03
2111-11-03	-2	2111-09-03	2111-09-03
2111-11-03	-1	2111-10-03	2111-10-03
2111-11-03	1	2111-12-03	2111-12-03
2111-11-03	2	2112-01-03	2112-01-03
2111-11-03	5	2112-04-03	2112-04-03
2111-11-03	12	2112-11-03	2112-11-03
2111-11-03	25	2113-12-03	2113-12-03
2112-04-05	-25	2110-03-05	2110-03-05
2112-04-05	-12	2111-04-05	2111-04-05
2112-04-05	-5	2111-11-05	2111-11-05
2112-04-05	-2	2112-02-05	2112-02-05
2112-04-05	-1	2112-03-05	2112-03-05
2112-04-05	1	2112-05-05	2112-05-05
2112-04-05	2	2112-06-05	2112-06-05
2112-04-05	5	2112-09-05	2112-09-05
2112-04-05	12	2113-04-05	2113-04-05
2112-04-05	25	2114-05-05	2114-05-05
2112-10-10	-25	2110-09-10	2110-09-10
2112-10-10	-12	2111-10-10	2111-10-10
2112-10-10	-5	2112-05-10	2112-05-10
2112-10-10	-2	2112-08-10	2112-08-10
2112-10-10	-1	2112-09-10	2112-09-10
2112-10-10	1	2112-11-10	2112-11-10
2112-10-10	2	2112-12-10	2112-12-10
2112-10-10	5	2113-03-10	2113-03-10
2112-10-10	12	2113-10-10	2113-10-10
2112-10-10	25	2114-11-10	2114-11-10
2113-06-26	-25	2111-05-26	2111-05-26
2113-06-26	-12	2112-06-26	2112-06-26
2113-06-26	-5	2113-01-26	2113-01-26
2113-06-26	-2	2113-04-26	2113-04-26
2113-06-26	-1	2113-05-26	2113-05-26
2113-06-26	1	2113-07-26	2113-07-26
2113-06-26	2	2113-08-26	2113-08-26
2113-06-26	5	2113-11-26	2113-11-26
2113-06-26	12	2114-06-26	2114-06-26
2113-06-26	25	2115-07-26	2115-07-26
2113-08-15	-25	2111-07-15	2111-07-15
2113-08-15	-12	2112-08-15	2112-08-15
2113-08-15	-5	2113-03-15	2113-03-15
2113-08-15	-2	2113-06-15	2113-06-15
2113-08-15	-1	2113-07-15	2113-07-15
2113-08-15	1	2113-09-15	2113-09-15
2113-08-15	2	2113-10-15	2113-10-15
2113-08-15	5	2114-01-15	2114-01-15
2113-08-15	12	2114-08-15	2114-08-15
2113-08-15	25	2115-09-15	2115-09-15
2114-01-12	-25	2111-12-12	2111-12-12
2114-01-12	-12	2113-01-12	2113-01-12
2114-01-12	-5	2113-08-12	2113-08-12
2114-01-12	-2	2113-11-12	2113-11-12
2114-01-12	-1	2113-12-12	2113-12-12
2114-01-12	1	2114-02-12	2114-02-12
2114-01-12	2	2114-03-12	2114-03-12
2114-01-12	5	2114-06-12	2114-06-12
2114-01-12	12	2115-01-12	2115-01-12
2114-01-12	25	2116-02-12	2116-02-12
2114-10-06	-25	2112-09-06	2112-09-06
2114-10-06	-12	2113-10-06	2113-10-06
2114-10-06	-5	2114-05-06	2114-05-06
2114-10-06	-2	2114-08-06	2114-08-06
2114-10-06	-1	2114-09-06	2114-09-06
2114-10-06	1	2114-11-06	2114-11-06
2114-10-06	2	2114-12-06	2114-12-06
2114-10-06	5	2115-03-06	2115-03-06
2114-10-06	12	2115-10-06	2115-10-06
2114-10-06	25	2116-11-06	2116-11-06
2115-09-22	-25	2113-08-22	2113-08-22
2115-09-22	-12	2114-09-22	2114-09-22
2115-09-22	-5	2115-04-22	2115-04-22
2115-09-22	-2	2115-07-22	2115-07-22
2115-09-22	-1	2115-08-22	2115-08-22
2115-09-22	1	2115-10-22	2115-10-22
2115-09-22	2	2115-11-22	2115-11-22
2115-09-22	5	2116-02-22	2116-02-22
2115-09-22	12	2116-09-22	2116-09-22
2115-09-22	25	2117-10-22	2117-10-22
2116-04-20	-25	2114-03-20	2114-03-20
2116-04-20	-12	2115-04-20	2115-04-20
2116-04-20	-5	2115-11-20	2115-11-20
2116-04-20	-2	2116-02-20	2116-02-20
2116-04-20	-1	2116-03-20	2116-03-20
2116-04-20	1	2116-05-20	2116-05-20
2116-04-20	2	2116-06-20	2116-06-20
2116-04-20	5	2116-09-20	2116-09-20
2116-04-20	12	2117-04-20	2117-04-20
2116-04-20	25	2118-05-20	2118-05-20
2116-06-21	-25	2114-05-21	2114-05-21
2116-06-21	-12	2115-06-21	2115-06-21
2116-06-21	-5	2116-01-21	2116-01-21
2116-06-21	-2	2116-04-21	2116-04-21
2116-06-21	-1	2116-05-21	2116-05-21
2116-06-21	1	2116-07-21	2116-07-21
2116-06-21	2	2116-08-21	2116-08-21
2116-06-21	5	2116-11-21	2116-11-21
2116-06-21	12	2117-06-21	2117-06-21
2116-06-21	25	2118-07-21	2118-07-21
2117-08-02	-25	2115-07-02	2115-07-02
2117-08-02	-12	2116-08-02	2116-08-02
2117-08-02	-5	2117-03-02	2117-03-02
2117-08-02	-2	2117-06-02	2117-06-02
2117-08-02	-1	2117-07-02	2117-07-02
2117-08-02	1	2117-09-02	2117-09-02
2117-08-02	2	2117-10-02	2117-10-02
2117-08-02	5	2118-01-02	2118-01-02
2117-08-02	12	2118-08-02	2118-08-02
2117-08-02	25	2119-09-02	2119-09-02
2120-10-15	-25	2118-09-15	2118-09-15
2120-10-15	-12	2119-10-15	2119-10-15
2120-10-15	-5	2120-05-15	2120-05-15
2120-10-15	-2	2120-08-15	2120-08-15
2120-10-15	-1	2120-09-15	2120-09-15
2120-10-15	1	2120-11-15	2120-11-15
2120-10-15	2	2120-12-15	2120-12-15
2120-10-15	5	2121-03-15	2121-03-15
2120-10-15	12	2121-10-15	2121-10-15
2120-10-15	25	2122-11-15	2122-11-15
2124-06-07	-25	2122-05-07	2122-05-07
2124-06-07	-12	2123-06-07	2123-06-07
2124-06-07	-5	2124-01-07	2124-01-07
2124-06-07	-2	2124-04-07	2124-04-07
2124-06-07	-1	2124-05-07	2124-05-07
2124-06-07	1	2124-07-07	2124-07-07
2124-06-07	2	2124-08-07	2124-08-07
2124-06-07	5	2124-11-07	2124-11-07
2124-06-07	12	2125-06-07	2125-06-07
2124-06-07	25	2126-07-07	2126-07-07
2124-10-01	-25	2122-09-01	2122-09-01
2124-10-01	-12	2123-10-01	2123-10-01
2124-10-01	-5	2124-05-01	2124-05-01
2124-10-01	-2	2124-08-01	2124-08-01
2124-10-01	-1	2124-09-01	2124-09-01
2124-10-01	1	2124-11-01	2124-11-01
2124-10-01	2	2124-12-01	2124-12-01
2124-10-01	5	2125-03-01	2125-03-01
2124-10-01	12	2125-10-01	2125-10-01
2124-10-01	25	2126-11-01	2126-11-01
2125-07-30	-25	2123-06-30	2123-06-30
2125-07-30	-12	2124-07-29	2124-08-01
2125-07-30	-5	2125-02-30	2125-02-30
2125-07-30	-2	2125-05-30	2125-05-30
2125-07-30	-1	2125-06-30	2125-06-30
2125-07-30	1	2125-08-29	2125-09-01
2125-07-30	2	2125-09-30	2125-09-30
2125-07-30	5	2125-12-30	2125-12-30
2125-07-30	12	2126-07-30	2126-07-30
2125-07-30	25	2127-08-30	2127-08-30
2125-11-28	-25	2123-10-28	2123-10-28
2125-11-28	-12	2124-11-28	2124-11-28
2125-11-28	-5	2125-06-28	2125-06-28
2125-11-28	-2	2125-09-28	2125-09-28
2125-11-28	-1	2125-10-28	2125-10-28
2125-11-28	1	2125-12-28	2125-12-28
2125-11-28	2	2126-01-28	2126-01-28
2125-11-28	5	2126-04-28	2126-04-28
2125-11-28	12	2126-11-28	2126-11-28
2125-11-28	25	2127-12-28	2127-12-28
2128-08-08	-25	2126-07-08	2126-07-08
2128-08-08	-12	2127-08-08	2127-08-08
2128-08-08	-5	2128-03-08	2128-03-08
2128-08-08	-2	2128-06-08	2128-06-08
2128-08-08	-1	2128-07-08	2128-07-08
2128-08-08	1	2128-09-08	2128-09-08
2128-08-08	2	2128-10-08	2128-10-08
2128-08-08	5	2129-01-08	2129-01-08
2128-08-08	12	2129-08-08	2129-08-08
2128-08-08	25	2130-09-08	2130-09-08
2129-04-01	-25	2127-03-01	2127-03-01
2129-04-01	-12	2128-04-01	2128-04-01
2129-04-01	-5	2128-11-01	2128-11-01
2129-04-01	-2	2129-02-01	2129-02-01
2129-04-01	-1	2129-03-01	2129-03-01
2129-04-01	1	2129-05-01	2129-05-01
2129-04-01	2	2129-06-01	2129-06-01
2129-04-01	5	2129-09-01	2129-09-01
2129-04-01	12	2130-04-01	2130-04-01
2129-04-01	25	2131-05-01	2131-05-01
2130-02-06	-25	2128-01-06	2128-01-06
2130-02-06	-12	2129-02-06	2129-02-06
2130-02-06	-5	2129-09-06	2129-09-06
2130-02-06	-2	2129-12-06	2129-12-06
2130-02-06	-1	2130-01-06	2130-01-06
2130-02-06	1	2130-03-06	2130-03-06
2130-02-06	2	2130-04-06	2130-04-06
2130-02-06	5	2130-07-06	2130-07-06
2130-02-06	12	2131-02-06	2131-02-06
2130-02-06	25	2132-03-06	2132-03-06
2131-12-15	-25	2129-11-15	2129-11-15
2131-12-15	-12	2130-12-15	2130-12-15
2131-12-15	-5	2131-07-15	2131-07-15
2131-12-15	-2	2131-10-15	2131-10-15
2131-12-15	-1	2131-11-15	2131-11-15
2131-12-15	1	2132-01-15	2132-01-15
2131-12-15	2	2132-02-15	2132-02-15
2131-12-15	5	2132-05-15	2132-05-15
2131-12-15	12	2132-12-15	2132-12-15
2131-12-15	25	2134-01-15	2134-01-15
2133-01-21	-25	2130-12-21	2130-12-21
2133-01-21	-12	2132-01-21	2132-01-21
2133-01-21	-5	2132-08-21	2132-08-21
2133-01-21	-2	2132-11-21	2132-11-21
2133-01-21	-1	2132-12-21	2132-12-21
2133-01-21	1	2133-02-21	2133-02-21
2133-01-21	2	2133-03-21	2133-03-21
2133-01-21	5	2133-06-21	2133-06-21
2133-01-21	12	2134-01-21	2134-01-21
2133-01-21	25	2135-02-21	2135-02-21
2133-11-09	-25	2131-10-09	2131-10-09
2133-11-09	-12	2132-11-09	2132-11-09
2133-11-09	-5	2133-06-09	2133-06-09
2133-11-09	-2	2133-09-09	2133-09-09
2133-11-09	-1	2133-10-09	2133-10-09
2133-11-09	1	2133-12-09	2133-12-09
2133-11-09	2	2134-01-09	2134-01-09
2133-11-09	5	2134-04-09	2134-04-09
2133-11-09	12	2134-11-09	2134-11-09
2133-11-09	25	2135-12-09	2135-12-09
2134-09-13	-25	2132-08-13	2132-08-13
2134-09-13	-12	2133-09-13	2133-09-13
2134-09-13	-5	2134-04-13	2134-04-13
2134-09-13	-2	2134-07-13	2134-07-13
2134-09-13	-1	2134-08-13	2134-08-13
2134-09-13	1	2134-10-13	2134-10-13
2134-09-13	2	2134-11-13	2134-11-13
2134-09-13	5	2135-02-13	2135-02-13
2134-09-13	12	2135-09-13	2135-09-13
2134-09-13	25	2136-10-13	2136-10-13
2136-10-17	-25	2134-09-17	2134-09-17
2136-10-17	-12	2135-10-17	2135-10-17
2136-10-17	-5	2136-05-17	2136-05-17
2136-10-17	-2	2136-08-17	2136-08-17
2136-10-17	-1	2136-09-17	2136-09-17
2136-10-17	1	2136-11-17	2136-11-17
2136-10-17	2	2136-12-17	2136-12-17
2136-10-17	5	2137-03-17	2137-03-17
2136-10-17	12	2137-10-17	2137-10-17
2136-10-17	25	2138-11-17	2138-11-17
2137-11-22	-25	2135-10-22	2135-10-22
2137-11-22	-12	2136-11-22	2136-11-22
2137-11-22	-5	2137-06-22	2137-06-22
2137-11-22	-2	2137-09-22	2137-09-22
2137-11-22	-1	2137-10-22	2137-10-22
2137-11-22	1	2137-12-22	2137-12-22
2137-11-22	2	2138-01-22	2138-01-22
2137-11-22	5	2138-04-22	2138-04-22
2137-11-22	12	2138-11-22	2138-11-22
2137-11-22	25	2139-12-22	2139-12-22
2139-07-13	-25	2137-06-13	2137-06-13
2139-07-13	-12	2138-07-13	2138-07-13
2139-07-13	-5	2139-02-13	2139-02-13
2139-07-13	-2	2139-05-13	2139-05-13
2139-07-13	-1	2139-06-13	2139-06-13
2139-07-13	1	2139-08-13	2139-08-13
2139-07-13	2	2139-09-13	2139-09-13
2139-07-13	5	2139-12-13	2139-12-13
2139-07-13	12	2140-07-13	2140-07-13
2139-07-13	25	2141-08-13	2141-08-13
2141-06-20	-25	2139-05-20	2139-05-20
2141-06-20	-12	2140-06-20	2140-06-20
2141-06-20	-5	2141-01-20	2141-01-20
2141-06-20	-2	2141-04-20	2141-04-20
2141-06-20	-1	2141-05-20	2141-05-20
2141-06-20	1	2141-07-20	2141-07-20
2141-06-20	2	2141-08-20	2141-08-20
2141-06-20	5	2141-11-20	2141-11-20
2141-06-20	12	2142-06-20	2142-06-20
2141-06-20	25	2143-07-20	2143-07-20
2141-09-23	-25	2139-08-23	2139-08-23
2141-09-23	-12	2140-09-23	2140-09-23
2141-09-23	-5	2141-04-23	2141-04-23
2141-09-23	-2	2141-07-23	2141-07-23
2141-09-23	-1	2141-08-23	2141-08-23
2141-09-23	1	2141-10-23	2141-10-23
2141-09-23	2	2141-11-23	2141-11-23
2141-09-23	5	2142-02-23	2142-02-23
2141-09-23	12	2142-09-23	2142-09-23
2141-09-23	25	2143-10-23	2143-10-23
2141-09-28	-25	2139-08-28	2139-08-28
2141-09-28	-12	2140-09-28	2140-09-28
2141-09-28	-5	2141-04-28	2141-04-28
2141-09-28	-2	2141-07-28	2141-07-28
2141-09-28	-1	2141-08-28	2141-08-28
2141-09-28	1	2141-10-28	2141-10-28
2141-09-28	2	2141-11-28	2141-11-28
2141-09-28	5	2142-02-28	2142-02-28
2141-09-28	12	2142-09-28	2142-09-28
2141-09-28	25	2143-10-28	2143-10-28
2141-12-29	-25	2139-11-29	2139-11-29
2141-12-29	-12	2140-12-29	2140-12-29
2141-12-29	-5	2141-07-29	2141-07-29
2141-12-29	-2	2141-10-29	2141-10-29
2141-12-29	-1	2141-11-29	2141-11-29
2141-12-29	1	2142-01-29	2142-01-29
2141-12-29	2	2142-02-29	2142-02-29
2141-12-29	5	2142-05-29	2142-05-29
2141-12-29	12	2142-12-29	2142-12-29
2141-12-29	25	2144-01-29	2144-01-29
2143-04-13	-25	2141-03-13	2141-03-13
2143-04-13	-12	2142-04-13	2142-04-13
2143-04-13	-5	2142-11-13	2142-11-13
2143-04-13	-2	2143-02-13	2143-02-13
2143-04-13	-1	2143-03-13	2143-03-13
2143-04-13	1	2143-05-13	2143-05-13
2143-04-13	2	2143-06-13	2143-06-13
2143-04-13	5	2143-09-13	2143-09-13
2143-04-13	12	2144-04-13	2144-04-13
2143-04-13	25	2145-05-13	2145-05-13
2144-05-31	-25	2142-04-31	2142-04-31
2144-05-31	-12	2143-05-31	2143-05-31
2144-05-31	-5	2143-12-31	2143-12-31
2144-05-31	-2	2144-03-31	2144-03-31
2144-05-31	-1	2144-04-31	2144-04-31
2144-05-31	1	2144-06-31	2144-06-31
2144-05-31	2	2144-07-30	2144-08-01
2144-05-31	5	2144-10-29	2144-11-02
2144-05-31	12	2145-05-31	2145-05-31
2144-05-31	25	2146-06-30	2146-07-01
2145-01-14	-25	2142-12-14	2142-12-14
2145-01-14	-12	2144-01-14	2144-01-14
2145-01-14	-5	2144-08-14	2144-08-14
2145-01-14	-2	2144-11-14	2144-11-14
2145-01-14	-1	2144-12-14	2144-12-14
2145-01-14	1	2145-02-14	2145-02-14
2145-01-14	2	2145-03-14	2145-03-14
2145-01-14	5	2145-06-14	2145-06-14
2145-01-14	12	2146-01-14	2146-01-14
2145-01-14	25	2147-02-14	2147-02-14
2146-06-26	-25	2144-05-26	2144-05-26
2146-06-26	-12	2145-06-26	2145-06-26
2146-06-26	-5	2146-01-26	2146-01-26
2146-06-26	-2	2146-04-26	2146-04-26
2146-06-26	-1	2146-05-26	2146-05-26
2146-06-26	1	2146-07-26	2146-07-26
2146-06-26	2	2146-08-26	2146-08-26
2146-06-26	5	2146-11-26	2146-11-26
2146-06-26	12	2147-06-26	2147-06-26
2146-06-26	25	2148-07-26	2148-07-26
2146-11-16	-25	2144-10-16	2144-10-16
2146-11-16	-12	2145-11-16	2145-11-16
2146-11-16	-5	2146-06-16	2146-06-16
2146-11-16	-2	2146-09-16	2146-09-16
2146-11-16	-1	2146-10-16	2146-10-16
2146-11-16	1	2146-12-16	2146-12-16
2146-11-16	2	2147-01-16	2147-01-16
2146-11-16	5	2147-04-16	2147-04-16
2146-11-16	12	2147-11-16	2147-11-16
2146-11-16	25	2148-12-16	2148-12-16
2147-12-03	-25	2145-11-03	2145-11-03
2147-12-03	-12	2146-12-03	2146-12-03
2147-12-03	-5	2147-07-03	2147-07-03
2147-12-03	-2	2147-10-03	2147-10-03
2147-12-03	-1	2147-11-03	2147-11-03
2147-12-03	1	2148-01-03	2148-01-03
2147-12-03	2	2148-02-03	2148-02-03
2147-12-03	5	2148-05-03	2148-05-03
2147-12-03	12	2148-12-03	2148-12-03
2147-12-03	25	2150-01-03	2150-01-03
2148-10-25	-25	2146-09-25	2146-09-25
2148-10-25	-12	2147-10-25	2147-10-25
2148-10-25	-5	2148-05-25	2148-05-25
2148-10-25	-2	2148-08-25	2148-08-25
2148-10-25	-1	2148-09-25	2148-09-25
2148-10-25	1	2148-11-25	2148-11-25
2148-10-25	2	2148-12-25	2148-12-25
2148-10-25	5	2149-03-25	2149-03-25
2148-10-25	12	2149-10-25	2149-10-25
2148-10-25	25	2150-11-25	2150-11-25
2150-01-01	-25	2147-12-01	2147-12-01
2150-01-01	-12	2149-01-01	2149-01-01
2150-01-01	-5	2149-08-01	2149-08-01
2150-01-01	-2	2149-11-01	2149-11-01
2150-01-01	-1	2149-12-01	2149-12-01
2150-01-01	1	2150-02-01	2150-02-01
2150-01-01	2	2150-03-01	2150-03-01
2150-01-01	5	2150-06-01	2150-06-01
2150-01-01	12	2151-01-01	2151-01-01
2150-01-01	25	2152-02-01	2152-02-01
2150-01-15	-25	2147-12-15	2147-12-15
2150-01-15	-12	2149-01-15	2149-01-15
2150-01-15	-5	2149-08-15	2149-08-15
2150-01-15	-2	2149-11-15	2149-11-15
2150-01-15	-1	2149-12-15	2149-12-15
2150-01-15	1	2150-02-15	2150-02-15
2150-01-15	2	2150-03-15	2150-03-15
2150-01-15	5	2150-06-15	2150-06-15
2150-01-15	12	2151-01-15	2151-01-15
2150-01-15	25	2152-02-15	2152-02-15
2150-01-31	-25	2147-12-31	2147-12-31
2150-01-31	-12	2149-01-31	2149-01-31
2150-01-31	-5	2149-08-29	2149-09-02
2150-01-31	-2	2149-11-30	2149-12-01
2150-01-31	-1	2149-12-30	2150-01-01
2150-01-31	1	2150-02-31	2150-02-31
2150-01-31	2	2150-03-31	2150-03-31
2150-01-31	5	2150-06-30	2150-07-01
2150-01-31	12	2151-01-31	2151-01-31
2150-01-31	25	2152-02-31	2152-02-31
2150-02-01	-25	2148-01-01	2148-01-01
2150-02-01	-12	2149-02-01	2149-02-01
2150-02-01	-5	2149-09-01	2149-09-01
2150-02-01	-2	2149-12-01	2149-12-01
2150-02-01	-1	2150-01-01	2150-01-01
2150-02-01	1	2150-03-01	2150-03-01
2150-02-01	2	2150-04-01	2150-04-01
2150-02-01	5	2150-07-01	2150-07-01
2150-02-01	12	2151-02-01	2151-02-01
2150-02-01	25	2152-03-01	2152-03-01
2150-02-15	-25	2148-01-15	2148-01-15
2150-02-15	-12	2149-02-15	2149-02-15
2150-02-15	-5	2149-09-15	2149-09-15
2150-02-15	-2	2149-12-15	2149-12-15
2150-02-15	-1	2150-01-15	2150-01-15
2150-02-15	1	2150-03-15	2150-03-15
2150-02-15	2	2150-04-15	2150-04-15
2150-02-15	5	2150-07-15	2150-07-15
2150-02-15	12	2151-02-15	2151-02-15
2150-02-15	25	2152-03-15	2152-03-15
2150-02-32	-25	2148-01-31	2148-02-01
2150-02-32	-12	2149-02-31	2149-03-01
2150-02-32	-5	2149-09-30	2149-10-02
2150-02-32	-2	2149-12-30	2150-01-02
2150-02-32	-1	2150-01-31	2150-02-01
2150-02-32	1	2150-03-31	2150-04-01
2150-02-32	2	2150-04-32	2150-04-32
2150-02-32	5	2150-07-30	2150-08-02
2150-02-32	12	2151-02-31	2151-03-01
2150-02-32	25	2152-03-32	2152-03-32
2150-03-01	-25	2148-02-01	2148-02-01
2150-03-01	-12	2149-03-01	2149-03-01
2150-03-01	-5	2149-10-01	2149-10-01
2150-03-01	-2	2150-01-01	2150-01-01
2150-03-01	-1	2150-02-01	2150-02-01
2150-03-01	1	2150-04-01	2150-04-01
2150-03-01	2	2150-05-01	2150-05-01
2150-03-01	5	2150-08-01	2150-08-01
2150-03-01	12	2151-03-01	2151-03-01
2150-03-01	25	2152-04-01	2152-04-01
2150-03-15	-25	2148-02-15	2148-02-15
2150-03-15	-12	2149-03-15	2149-03-15
2150-03-15	-5	2149-10-15	2149-10-15
2150-03-15	-2	2150-01-15	2150-01-15
2150-03-15	-1	2150-02-15	2150-02-15
2150-03-15	1	2150-04-15	2150-04-15
2150-03-15	2	2150-05-15	2150-05-15
2150-03-15	5	2150-08-15	2150-08-15
2150-03-15	12	2151-03-15	2151-03-15
2150-03-15	25	2152-04-15	2152-04-15
2150-03-30	-25	2148-02-30	2148-02-30
2150-03-30	-12	2149-03-30	2149-03-30
2150-03-30	-5	2149-10-29	2149-11-01
2150-03-30	-2	2150-01-30	2150-01-30
2150-03-30	-1	2150-02-30	2150-02-30
2150-03-30	1	2150-04-30	2150-04-30
2150-03-30	2	2150-05-30	2150-05-30
2150-03-30	5	2150-08-30	2150-08-30
2150-03-30	12	2151-03-30	2151-03-30
2150-03-30	25	2152-04-30	2152-04-30
2150-03-31	-25	2148-02-31	2148-02-31
2150-03-31	-12	2149-03-31	2149-03-31
2150-03-31	-5	2149-10-29	2149-11-02
2150-03-31	-2	2150-01-31	2150-01-31
2150-03-31	-1	2150-02-31	2150-02-31
2150-03-31	1	2150-04-31	2150-04-31
2150-03-31	2	2150-05-31	2150-05-31
2150-03-31	5	2150-08-30	2150-09-01
2150-03-31	12	2151-03-31	2151-03-31
2150-03-31	25	2152-04-31	2152-04-31
2150-04-01	-25	2148-03-01	2148-03-01
2150-04-01	-12	2149-04-01	2149-04-01
2150-04-01	-5	2149-11-01	2149-11-01
2150-04-01	-2	2150-02-01	2150-02-01
2150-04-01	-1	2150-03-01	2150-03-01
2150-04-01	1	2150-05-01	2150-05-01
2150-04-01	2	2150-06-01	2150-06-01
2150-04-01	5	2150-09-01	2150-09-01
2150-04-01	12	2151-04-01	2151-04-01
2150-04-01	25	2152-05-01	2152-05-01
2150-04-15	-25	2148-03-15	2148-03-15
2150-04-15	-12	2149-04-15	2149-04-15
2150-04-15	-5	2149-11-15	2149-11-15
2150-04-15	-2	2150-02-15	2150-02-15
2150-04-15	-1	2150-03-15	2150-03-15
2150-04-15	1	2150-05-15	2150-05-15
2150-04-15	2	2150-06-15	2150-06-15
2150-04-15	5	2150-09-15	2150-09-15
2150-04-15	12	2151-04-15	2151-04-15
2150-04-15	25	2152-05-15	2152-05-15
2150-04-32	-25	2148-03-32	2148-03-32
2150-04-32	-12	2149-04-32	2149-04-32
2150-04-32	-5	2149-11-30	2149-12-02
2150-04-32	-2	2150-02-32	2150-02-32
2150-04-32	-1	2150-03-31	2150-04-01
2150-04-32	1	2150-05-31	2150-06-01
2150-04-32	2	2150-06-30	2150-07-02
2150-04-32	5	2150-09-29	2150-10-03
2150-04-32	12	2151-04-32	2151-04-32
2150-04-32	25	2152-05-31	2152-06-01
2150-05-01	-25	2148-04-01	2148-04-01
2150-05-01	-12	2149-05-01	2149-05-01
2150-05-01	-5	2149-12-01	2149-12-01
2150-05-01	-2	2150-03-01	2150-03-01
2150-05-01	-1	2150-04-01	2150-04-01
2150-05-01	1	2150-06-01	2150-06-01
2150-05-01	2	2150-07-01	2150-07-01
2150-05-01	5	2150-10-01	2150-10-01
2150-05-01	12	2151-05-01	2151-05-01
2150-05-01	25	2152-06-01	2152-06-01
2150-05-15	-25	2148-04-15	2148-04-15
2150-05-15	-12	2149-05-15	2149-05-15
2150-05-15	-5	2149-12-15	2149-12-15
2150-05-15	-2	2150-03-15	2150-03-15
2150-05-15	-1	2150-04-15	2150-04-15
2150-05-15	1	2150-06-15	2150-06-15
2150-05-15	2	2150-07-15	2150-07-15
2150-05-15	5	2150-10-15	2150-10-15
2150-05-15	12	2151-05-15	2151-05-15
2150-05-15	25	2152-06-15	2152-06-15
2150-05-31	-25	2148-04-31	2148-04-31
2150-05-31	-12	2149-05-31	2149-05-31
2150-05-31	-5	2149-12-30	2150-01-01
2150-05-31	-2	2150-03-31	2150-03-31
2150-05-31	-1	2150-04-31	2150-04-31
2150-05-31	1	2150-06-30	2150-07-01
2150-05-31	2	2150-07-30	2150-08-01
2150-05-31	5	2150-10-29	2150-11-02
2150-05-31	12	2151-05-31	2151-05-31
2150-05-31	25	2152-06-31	2152-06-31
2150-06-01	-25	2148-05-01	2148-05-01
2150-06-01	-12	2149-06-01	2149-06-01
2150-06-01	-5	2150-01-01	2150-01-01
2150-06-01	-2	2150-04-01	2150-04-01
2150-06-01	-1	2150-05-01	2150-05-01
2150-06-01	1	2150-07-01	2150-07-01
2150-06-01	2	2150-08-01	2150-08-01
2150-06-01	5	2150-11-01	2150-11-01
2150-06-01	12	2151-06-01	2151-06-01
2150-06-01	25	2152-07-01	2152-07-01
2150-06-15	-25	2148-05-15	2148-05-15
2150-06-15	-12	2149-06-15	2149-06-15
2150-06-15	-5	2150-01-15	2150-01-15
2150-06-15	-2	2150-04-15	2150-04-15
2150-06-15	-1	2150-05-15	2150-05-15
2150-06-15	1	2150-07-15	2150-07-15
2150-06-15	2	2150-08-15	2150-08-15
2150-06-15	5	2150-11-15	2150-11-15
2150-06-15	12	2151-06-15	2151-06-15
2150-06-15	25	2152-07-15	2152-07-15
2150-06-30	-25	2148-05-30	2148-05-30
2150-06-30	-12	2149-06-30	2149-06-30
2150-06-30	-5	2150-01-30	2150-01-30
2150-06-30	-2	2150-04-30	2150-04-30
2150-06-30	-1	2150-05-30	2150-05-30
2150-06-30	1	2150-07-30	2150-07-30
2150-06-30	2	2150-08-30	2150-08-30
2150-06-30	5	2150-11-30	2150-11-30
2150-06-30	12	2151-06-30	2151-06-30
2150-06-30	25	2152-07-30	2152-07-30
2150-07-01	-25	2148-06-01	2148-06-01
2150-07-01	-12	2149-07-01	2149-07-01
2150-07-01	-5	2150-02-01	2150-02-01
2150-07-01	-2	2150-05-01	2150-05-01
2150-07-01	-1	2150-06-01	2150-06-01
2150-07-01	1	2150-08-01	2150-08-01
2150-07-01	2	2150-09-01	2150-09-01
2150-07-01	5	2150-12-01	2150-12-01
2150-07-01	12	2151-07-01	2151-07-01
2150-07-01	25	2152-08-01	2152-08-01
2150-07-15	-25	2148-06-15	2148-06-15
2150-07-15	-12	2149-07-15	2149-07-15
2150-07-15	-5	2150-02-15	2150-02-15
2150-07-15	-2	2150-05-15	2150-05-15
2150-07-15	-1	2150-06-15	2150-06-15
2150-07-15	1	2150-08-15	2150-08-15
2150-07-15	2	2150-09-15	2150-09-15
2150-07-15	5	2150-12-15	2150-12-15
2150-07-15	12	2151-07-15	2151-07-15
2150-07-15	25	2152-08-15	2152-08-15
2150-07-30	-25	2148-06-30	2148-06-30
2150-07-30	-12	2149-07-30	2149-07-30
2150-07-30	-5	2150-02-30	2150-02-30
2150-07-30	-2	2150-05-30	2150-05-30
2150-07-30	-1	2150-06-30	2150-06-30
2150-07-30	1	2150-08-30	2150-08-30
2150-07-30	2	2150-09-29	2150-10-01
2150-07-30	5	2150-12-30	2150-12-30
2150-07-30	12	2151-07-29	2151-08-01
2150-07-30	25	2152-08-29	2152-09-01
2150-08-01	-25	2148-07-01	2148-07-01
2150-08-01	-12	2149-08-01	2149-08-01
2150-08-01	-5	2150-03-01	2150-03-01
2150-08-01	-2	2150-06-01	2150-06-01
2150-08-01	-1	2150-07-01	2150-07-01
2150-08-01	1	2150-09-01	2150-09-01
2150-08-01	2	2150-10-01	2150-10-01
2150-08-01	5	2151-01-01	2151-01-01
2150-08-01	12	2151-08-01	2151-08-01
2150-08-01	25	2152-09-01	2152-09-01
2150-08-15	-25	2148-07-15	2148-07-15
2150-08-15	-12	2149-08-15	2149-08-15
2150-08-15	-5	2150-03-15	2150-03-15
2150-08-15	-2	2150-06-15	2150-06-15
2150-08-15	-1	2150-07-15	2150-07-15
2150-08-15	1	2150-09-15	2150-09-15
2150-08-15	2	2150-10-15	2150-10-15
2150-08-15	5	2151-01-15	2151-01-15
2150-08-15	12	2151-08-15	2151-08-15
2150-08-15	25	2152-09-15	2152-09-15
2150-08-30	-25	2148-07-30	2148-07-30
2150-08-30	-12	2149-08-29	2149-09-01
2150-08-30	-5	2150-03-30	2150-03-30
2150-08-30	-2	2150-06-30	2150-06-30
2150-08-30	-1	2150-07-30	2150-07-30
2150-08-30	1	2150-09-29	2150-10-01
2150-08-30	2	2150-10-29	2150-11-01
2150-08-30	5	2151-01-30	2151-01-30
2150-08-30	12	2151-08-30	2151-08-30
2150-08-30	25	2152-09-30	2152-09-30
2150-09-01	-25	2148-08-01	2148-08-01
2150-09-01	-12	2149-09-01	2149-09-01
2150-09-01	-5	2150-04-01	2150-04-01
2150-09-01	-2	2150-07-01	2150-07-01
2150-09-01	-1	2150-08-01	2150-08-01
2150-09-01	1	2150-10-01	2150-10-01
2150-09-01	2	2150-11-01	2150-11-01
2150-09-01	5	2151-02-01	2151-02-01
2150-09-01	12	2151-09-01	2151-09-01
2150-09-01	25	2152-10-01	2152-10-01
2150-09-15	-25	2148-08-15	2148-08-15
2150-09-15	-12	2149-09-15	2149-09-15
2150-09-15	-5	2150-04-15	2150-04-15
2150-09-15	-2	2150-07-15	2150-07-15
2150-09-15	-1	2150-08-15	2150-08-15
2150-09-15	1	2150-10-15	2150-10-15
2150-09-15	2	2150-11-15	2150-11-15
2150-09-15	5	2151-02-15	2151-02-15
2150-09-15	12	2151-09-15	2151-09-15
2150-09-15	25	2152-10-15	2152-10-15
2150-09-29	-25	2148-08-29	2148-08-29
2150-09-29	-12	2149-09-29	2149-09-29
2150-09-29	-5	2150-04-29	2150-04-29
2150-09-29	-2	2150-07-29	2150-07-29
2150-09-29	-1	2150-08-29	2150-08-29
2150-09-29	1	2150-10-29	2150-10-29
2150-09-29	2	2150-11-29	2150-11-29
2150-09-29	5	2151-02-29	2151-02-29
2150-09-29	12	2151-09-29	2151-09-29
2150-09-29	25	2152-10-29	2152-10-29
2150-10-01	-25	2148-09-01	2148-09-01
2150-10-01	-12	2149-10-01	2149-10-01
2150-10-01	-5	2150-05-01	2150-05-01
2150-10-01	-2	2150-08-01	2150-08-01
2150-10-01	-1	2150-09-01	2150-09-01
2150-10-01	1	2150-11-01	2150-11-01
2150-10-01	2	2150-12-01	2150-12-01
2150-10-01	5	2151-03-01	2151-03-01
2150-10-01	12	2151-10-01	2151-10-01
2150-10-01	25	2152-11-01	2152-11-01
2150-10-15	-25	2148-09-15	2148-09-15
2150-10-15	-12	2149-10-15	2149-10-15
2150-10-15	-5	2150-05-15	2150-05-15
2150-10-15	-2	2150-08-15	2150-08-15
2150-10-15	-1	2150-09-15	2150-09-15
2150-10-15	1	2150-11-15	2150-11-15
2150-10-15	2	2150-12-15	2150-12-15
2150-10-15	5	2151-03-15	2151-03-15
2150-10-15	12	2151-10-15	2151-10-15
2150-10-15	25	2152-11-15	2152-11-15
2150-10-29	-25	2148-09-29	2148-09-29
2150-10-29	-12	2149-10-29	2149-10-29
2150-10-29	-5	2150-05-29	2150-05-29
2150-10-29	-2	2150-08-29	2150-08-29
2150-10-29	-1	2150-09-29	2150-09-29
2150-10-29	1	2150-11-29	2150-11-29
2150-10-29	2	2150-12-29	2150-12-29
2150-10-29	5	2151-03-29	2151-03-29
2150-10-29	12	2151-10-29	2151-10-29
2150-10-29	25	2152-11-29	2152-11-29
2150-11-01	-25	2148-10-01	2148-10-01
2150-11-01	-12	2149-11-01	2149-11-01
2150-11-01	-5	2150-06-01	2150-06-01
2150-11-01	-2	2150-09-01	2150-09-01
2150-11-01	-1	2150-10-01	2150-10-01
2150-11-01	1	2150-12-01	2150-12-01
2150-11-01	2	2151-01-01	2151-01-01
2150-11-01	5	2151-04-01	2151-04-01
2150-11-01	12	2151-11-01	2151-11-01
2150-11-01	25	2152-12-01	2152-12-01
2150-11-15	-25	2148-10-15	2148-10-15
2150-11-15	-12	2149-11-15	2149-11-15
2150-11-15	-5	2150-06-15	2150-06-15
2150-11-15	-2	2150-09-15	2150-09-15
2150-11-15	-1	2150-10-15	2150-10-15
2150-11-15	1	2150-12-15	2150-12-15
2150-11-15	2	2151-01-15	2151-01-15
2150-11-15	5	2151-04-15	2151-04-15
2150-11-15	12	2151-11-15	2151-11-15
2150-11-15	25	2152-12-15	2152-12-15
2150-11-30	-25	2148-10-29	2148-11-01
2150-11-30	-12	2149-11-30	2149-11-30
2150-11-30	-5	2150-06-30	2150-06-30
2150-11-30	-2	2150-09-29	2150-10-01
2150-11-30	-1	2150-10-29	2150-11-01
2150-11-30	1	2150-12-30	2150-12-30
2150-11-30	2	2151-01-30	2151-01-30
2150-11-30	5	2151-04-30	2151-04-30
2150-11-30	12	2151-11-29	2151-12-01
2150-11-30	25	2152-12-30	2152-12-30
2150-12-01	-25	2148-11-01	2148-11-01
2150-12-01	-12	2149-12-01	2149-12-01
2150-12-01	-5	2150-07-01	2150-07-01
2150-12-01	-2	2150-10-01	2150-10-01
2150-12-01	-1	2150-11-01	2150-11-01
2150-12-01	1	2151-01-01	2151-01-01
2150-12-01	2	2151-02-01	2151-02-01
2150-12-01	5	2151-05-01	2151-05-01
2150-12-01	12	2151-12-01	2151-12-01
2150-12-01	25	2153-01-01	2153-01-01
2150-12-15	-25	2148-11-15	2148-11-15
2150-12-15	-12	2149-12-15	2149-12-15
2150-12-15	-5	2150-07-15	2150-07-15
2150-12-15	-2	2150-10-15	2150-10-15
2150-12-15	-1	2150-11-15	2150-11-15
2150-12-15	1	2151-01-15	2151-01-15
2150-12-15	2	2151-02-15	2151-02-15
2150-12-15	5	2151-05-15	2151-05-15
2150-12-15	12	2151-12-15	2151-12-15
2150-12-15	25	2153-01-15	2153-01-15
2150-12-31	-25	2148-11-30	2148-12-01
2150-12-31	-12	2149-12-30	2150-01-01
2150-12-31	-5	2150-07-30	2150-08-01
2150-12-31	-2	2150-10-29	2150-11-02
2150-12-31	-1	2150-11-30	2150-12-01
2150-12-31	1	2151-01-31	2151-01-31
2150-12-31	2	2151-02-31	2151-02-31
2150-12-31	5	2151-05-31	2151-05-31
2150-12-31	12	2151-12-31	2151-12-31
2150-12-31	25	2153-01-31	2153-01-31
2152-04-19	-25	2150-03-19	2150-03-19
2152-04-19	-12	2151-04-19	2151-04-19
2152-04-19	-5	2151-11-19	2151-11-19
2152-04-19	-2	2152-02-19	2152-02-19
2152-04-19	-1	2152-03-19	2152-03-19
2152-04-19	1	2152-05-19	2152-05-19
2152-04-19	2	2152-06-19	2152-06-19
2152-04-19	5	2152-09-19	2152-09-19
2152-04-19	12	2153-04-19	2153-04-19
2152-04-19	25	2154-05-19	2154-05-19
2152-12-02	-25	2150-11-02	2150-11-02
2152-12-02	-12	2151-12-02	2151-12-02
2152-12-02	-5	2152-07-02	2152-07-02
2152-12-02	-2	2152-10-02	2152-10-02
2152-12-02	-1	2152-11-02	2152-11-02
2152-12-02	1	2153-01-02	2153-01-02
2152-12-02	2	2153-02-02	2153-02-02
2152-12-02	5	2153-05-02	2153-05-02
2152-12-02	12	2153-12-02	2153-12-02
2152-12-02	25	2155-01-02	2155-01-02
2153-09-25	-25	2151-08-25	2151-08-25
2153-09-25	-12	2152-09-25	2152-09-25
2153-09-25	-5	2153-04-25	2153-04-25
2153-09-25	-2	2153-07-25	2153-07-25
2153-09-25	-1	2153-08-25	2153-08-25
2153-09-25	1	2153-10-25	2153-10-25
2153-09-25	2	2153-11-25	2153-11-25
2153-09-25	5	2154-02-25	2154-02-25
2153-09-25	12	2154-09-25	2154-09-25
2153-09-25	25	2155-10-25	2155-10-25
2157-02-09	-25	2155-01-09	2155-01-09
2157-02-09	-12	2156-02-09	2156-02-09
2157-02-09	-5	2156-09-09	2156-09-09
2157-02-09	-2	2156-12-09	2156-12-09
2157-02-09	-1	2157-01-09	2157-01-09
2157-02-09	1	2157-03-09	2157-03-09
2157-02-09	2	2157-04-09	2157-04-09
2157-02-09	5	2157-07-09	2157-07-09
2157-02-09	12	2158-02-09	2158-02-09
2157-02-09	25	2159-03-09	2159-03-09
2164-02-23	-25	2162-01-23	2162-01-23
2164-02-23	-12	2163-02-23	2163-02-23
2164-02-23	-5	2163-09-23	2163-09-23
2164-02-23	-2	2163-12-23	2163-12-23
2164-02-23	-1	2164-01-23	2164-01-23
2164-02-23	1	2164-03-23	2164-03-23
2164-02-23	2	2164-04-23	2164-04-23
2164-02-23	5	2164-07-23	2164-07-23
2164-02-23	12	2165-02-23	2165-02-23
2164-02-23	25	2166-03-23	2166-03-23
2164-04-20	-25	2162-03-20	2162-03-20
2164-04-20	-12	2163-04-20	2163-04-20
2164-04-20	-5	2163-11-20	2163-11-20
2164-04-20	-2	2164-02-20	2164-02-20
2164-04-20	-1	2164-03-20	2164-03-20
2164-04-20	1	2164-05-20	2164-05-20
2164-04-20	2	2164-06-20	2164-06-20
2164-04-20	5	2164-09-20	2164-09-20
2164-04-20	12	2165-04-20	2165-04-20
2164-04-20	25	2166-05-20	2166-05-20
2164-05-20	-25	2162-04-20	2162-04-20
2164-05-20	-12	2163-05-20	2163-05-20
2164-05-20	-5	2163-12-20	2163-12-20
2164-05-20	-2	2164-03-20	2164-03-20
2164-05-20	-1	2164-04-20	2164-04-20
2164-05-20	1	2164-06-20	2164-06-20
2164-05-20	2	2164-07-20	2164-07-20
2164-05-20	5	2164-10-20	2164-10-20
2164-05-20	12	2165-05-20	2165-05-20
2164-05-20	25	2166-06-20	2166-06-20
2164-07-11	-25	2162-06-11	2162-06-11
2164-07-11	-12	2163-07-11	2163-07-11
2164-07-11	-5	2164-02-11	2164-02-11
2164-07-11	-2	2164-05-11	2164-05-11
2164-07-11	-1	2164-06-11	2164-06-11
2164-07-11	1	2164-08-11	2164-08-11
2164-07-11	2	2164-09-11	2164-09-11
2164-07-11	5	2164-12-11	2164-12-11
2164-07-11	12	2165-07-11	2165-07-11
2164-07-11	25	2166-08-11	2166-08-11
2164-08-11	-25	2162-07-11	2162-07-11
2164-08-11	-12	2163-08-11	2163-08-11
2164-08-11	-5	2164-03-11	2164-03-11
2164-08-11	-2	2164-06-11	2164-06-11
2164-08-11	-1	2164-07-11	2164-07-11
2164-08-11	1	2164-09-11	2164-09-11
2164-08-11	2	2164-10-11	2164-10-11
2164-08-11	5	2165-01-11	2165-01-11
2164-08-11	12	2165-08-11	2165-08-11
2164-08-11	25	2166-09-11	2166-09-11
2164-09-23	-25	2162-08-23	2162-08-23
2164-09-23	-12	2163-09-23	2163-09-23
2164-09-23	-5	2164-04-23	2164-04-23
2164-09-23	-2	2164-07-23	2164-07-23
2164-09-23	-1	2164-08-23	2164-08-23
2164-09-23	1	2164-10-23	2164-10-23
2164-09-23	2	2164-11-23	2164-11-23
2164-09-23	5	2165-02-23	2165-02-23
2164-09-23	12	2165-09-23	2165-09-23
2164-09-23	25	2166-10-23	2166-10-23
2165-02-19	-25	2163-01-19	2163-01-19
2165-02-19	-12	2164-02-19	2164-02-19
2165-02-19	-5	2164-09-19	2164-09-19
2165-02-19	-2	2164-12-19	2164-12-19
2165-02-19	-1	2165-01-19	2165-01-19
2165-02-19	1	2165-03-19	2165-03-19
2165-02-19	2	2165-04-19	2165-04-19
2165-02-19	5	2165-07-19	2165-07-19
2165-02-19	12	2166-02-19	2166-02-19
2165-02-19	25	2167-03-19	2167-03-19
2166-07-01	-25	2164-06-01	2164-06-01
2166-07-01	-12	2165-07-01	2165-07-01
2166-07-01	-5	2166-02-01	2166-02-01
2166-07-01	-2	2166-05-01	2166-05-01
2166-07-01	-1	2166-06-01	2166-06-01
2166-07-01	1	2166-08-01	2166-08-01
2166-07-01	2	2166-09-01	2166-09-01
2166-07-01	5	2166-12-01	2166-12-01
2166-07-01	12	2167-07-01	2167-07-01
2166-07-01	25	2168-08-01	2168-08-01
2167-04-07	-25	2165-03-07	2165-03-07
2167-04-07	-12	2166-04-07	2166-04-07
2167-04-07	-5	2166-11-07	2166-11-07
2167-04-07	-2	2167-02-07	2167-02-07
2167-04-07	-1	2167-03-07	2167-03-07
2167-04-07	1	2167-05-07	2167-05-07
2167-04-07	2	2167-06-07	2167-06-07
2167-04-07	5	2167-09-07	2167-09-07
2167-04-07	12	2168-04-07	2168-04-07
2167-04-07	25	2169-05-07	2169-05-07
2167-04-22	-25	2165-03-22	2165-03-22
2167-04-22	-12	2166-04-22	2166-04-22
2167-04-22	-5	2166-11-22	2166-11-22
2167-04-22	-2	2167-02-22	2167-02-22
2167-04-22	-1	2167-03-22	2167-03-22
2167-04-22	1	2167-05-22	2167-05-22
2167-04-22	2	2167-06-22	2167-06-22
2167-04-22	5	2167-09-22	2167-09-22
2167-04-22	12	2168-04-22	2168-04-22
2167-04-22	25	2169-05-22	2169-05-22
2167-04-31	-25	2165-03-31	2165-03-31
2167-04-31	-12	2166-04-31	2166-04-31
2167-04-31	-5	2166-11-29	2166-12-02
2167-04-31	-2	2167-02-31	2167-02-31
2167-04-31	-1	2167-03-31	2167-03-31
2167-04-31	1	2167-05-31	2167-05-31
2167-04-31	2	2167-06-31	2167-06-31
2167-04-31	5	2167-09-30	2167-10-01
2167-04-31	12	2168-04-31	2168-04-31
2167-04-31	25	2169-05-31	2169-05-31
2167-05-02	-25	2165-04-02	2165-04-02
2167-05-02	-12	2166-05-02	2166-05-02
2167-05-02	-5	2166-12-02	2166-12-02
2167-05-02	-2	2167-03-02	2167-03-02
2167-05-02	-1	2167-04-02	2167-04-02
2167-05-02	1	2167-06-02	2167-06-02
2167-05-02	2	2167-07-02	2167-07-02
2167-05-02	5	2167-10-02	2167-10-02
2167-05-02	12	2168-05-02	2168-05-02
2167-05-02	25	2169-06-02	2169-06-02
2168-11-14	-25	2166-10-14	2166-10-14
2168-11-14	-12	2167-11-14	2167-11-14
2168-11-14	-5	2168-06-14	2168-06-14
2168-11-14	-2	2168-09-14	2168-09-14
2168-11-14	-1	2168-10-14	2168-10-14
2168-11-14	1	2168-12-14	2168-12-14
2168-11-14	2	2169-01-14	2169-01-14
2168-11-14	5	2169-04-14	2169-04-14
2168-11-14	12	2169-11-14	2169-11-14
2168-11-14	25	2170-12-14	2170-12-14
2171-12-15	-25	2169-11-15	2169-11-15
2171-12-15	-12	2170-12-15	2170-12-15
2171-12-15	-5	2171-07-15	2171-07-15
2171-12-15	-2	2171-10-15	2171-10-15
2171-12-15	-1	2171-11-15	2171-11-15
2171-12-15	1	2172-01-15	2172-01-15
2171-12-15	2	2172-02-15	2172-02-15
2171-12-15	5	2172-05-15	2172-05-15
2171-12-15	12	2172-12-15	2172-12-15
2171-12-15	25	2174-01-15	2174-01-15
2172-04-05	-25	2170-03-05	2170-03-05
2172-04-05	-12	2171-04-05	2171-04-05
2172-04-05	-5	2171-11-05	2171-11-05
2172-04-05	-2	2172-02-05	2172-02-05
2172-04-05	-1	2172-03-05	2172-03-05
2172-04-05	1	2172-05-05	2172-05-05
2172-04-05	2	2172-06-05	2172-06-05
2172-04-05	5	2172-09-05	2172-09-05
2172-04-05	12	2173-04-05	2173-04-05
2172-04-05	25	2174-05-05	2174-05-05
2173-04-15	-25	2171-03-15	2171-03-15
2173-04-15	-12	2172-04-15	2172-04-15
2173-04-15	-5	2172-11-15	2172-11-15
2173-04-15	-2	2173-02-15	2173-02-15
2173-04-15	-1	2173-03-15	2173-03-15
2173-04-15	1	2173-05-15	2173-05-15
2173-04-15	2	2173-06-15	2173-06-15
2173-04-15	5	2173-09-15	2173-09-15
2173-04-15	12	2174-04-15	2174-04-15
2173-04-15	25	2175-05-15	2175-05-15
2174-02-21	-25	2172-01-21	2172-01-21
2174-02-21	-12	2173-02-21	2173-02-21
2174-02-21	-5	2173-09-21	2173-09-21
2174-02-21	-2	2173-12-21	2173-12-21
2174-02-21	-1	2174-01-21	2174-01-21
2174-02-21	1	2174-03-21	2174-03-21
2174-02-21	2	2174-04-21	2174-04-21
2174-02-21	5	2174-07-21	2174-07-21
2174-02-21	12	2175-02-21	2175-02-21
2174-02-21	25	2176-03-21	2176-03-21
2175-11-18	-25	2173-10-18	2173-10-18
2175-11-18	-12	2174-11-18	2174-11-18
2175-11-18	-5	2175-06-18	2175-06-18
2175-11-18	-2	2175-09-18	2175-09-18
2175-11-18	-1	2175-10-18	2175-10-18
2175-11-18	1	2175-12-18	2175-12-18
2175-11-18	2	2176-01-18	2176-01-18
2175-11-18	5	2176-04-18	2176-04-18
2175-11-18	12	2176-11-18	2176-11-18
2175-11-18	25	2177-12-18	2177-12-18
2177-12-09	-25	2175-11-09	2175-11-09
2177-12-09	-12	2176-12-09	2176-12-09
2177-12-09	-5	2177-07-09	2177-07-09
2177-12-09	-2	2177-10-09	2177-10-09
2177-12-09	-1	2177-11-09	2177-11-09
2177-12-09	1	2178-01-09	2178-01-09
2177-12-09	2	2178-02-09	2178-02-09
2177-12-09	5	2178-05-09	2178-05-09
2177-12-09	12	2178-12-09	2178-12-09
2177-12-09	25	2180-01-09	2180-01-09
2178-10-02	-25	2176-09-02	2176-09-02
2178-10-02	-12	2177-10-02	2177-10-02
2178-10-02	-5	2178-05-02	2178-05-02
2178-10-02	-2	2178-08-02	2178-08-02
2178-10-02	-1	2178-09-02	2178-09-02
2178-10-02	1	2178-11-02	2178-11-02
2178-10-02	2	2178-12-02	2178-12-02
2178-10-02	5	2179-03-02	2179-03-02
2178-10-02	12	2179-10-02	2179-10-02
2178-10-02	25	2180-11-02	2180-11-02
2178-10-12	-25	2176-09-12	2176-09-12
2178-10-12	-12	2177-10-12	2177-10-12
2178-10-12	-5	2178-05-12	2178-05-12
2178-10-12	-2	2178-08-12	2178-08-12
2178-10-12	-1	2178-09-12	2178-09-12
2178-10-12	1	2178-11-12	2178-11-12
2178-10-12	2	2178-12-12	2178-12-12
2178-10-12	5	2179-03-12	2179-03-12
2178-10-12	12	2179-10-12	2179-10-12
2178-10-12	25	2180-11-12	2180-11-12
2180-02-08	-25	2178-01-08	2178-01-08
2180-02-08	-12	2179-02-08	2179-02-08
2180-02-08	-5	2179-09-08	2179-09-08
2180-02-08	-2	2179-12-08	2179-12-08
2180-02-08	-1	2180-01-08	2180-01-08
2180-02-08	1	2180-03-08	2180-03-08
2180-02-08	2	2180-04-08	2180-04-08
2180-02-08	5	2180-07-08	2180-07-08
2180-02-08	12	2181-02-08	2181-02-08
2180-02-08	25	2182-03-08	2182-03-08
2180-06-22	-25	2178-05-22	2178-05-22
2180-06-22	-12	2179-06-22	2179-06-22
2180-06-22	-5	2180-01-22	2180-01-22
2180-06-22	-2	2180-04-22	2180-04-22
2180-06-22	-1	2180-05-22	2180-05-22
2180-06-22	1	2180-07-22	2180-07-22
2180-06-22	2	2180-08-22	2180-08-22
2180-06-22	5	2180-11-22	2180-11-22
2180-06-22	12	2181-06-22	2181-06-22
2180-06-22	25	2182-07-22	2182-07-22
2181-06-19	-25	2179-05-19	2179-05-19
2181-06-19	-12	2180-06-19	2180-06-19
2181-06-19	-5	2181-01-19	2181-01-19
2181-06-19	-2	2181-04-19	2181-04-19
2181-06-19	-1	2181-05-19	2181-05-19
2181-06-19	1	2181-07-19	2181-07-19
2181-06-19	2	2181-08-19	2181-08-19
2181-06-19	5	2181-11-19	2181-11-19
2181-06-19	12	2182-06-19	2182-06-19
2181-06-19	25	2183-07-19	2183-07-19
2182-02-24	-25	2180-01-24	2180-01-24
2182-02-24	-12	2181-02-24	2181-02-24
2182-02-24	-5	2181-09-24	2181-09-24
2182-02-24	-2	2181-12-24	2181-12-24
2182-02-24	-1	2182-01-24	2182-01-24
2182-02-24	1	2182-03-24	2182-03-24
2182-02-24	2	2182-04-24	2182-04-24
2182-02-24	5	2182-07-24	2182-07-24
2182-02-24	12	2183-02-24	2183-02-24
2182-02-24	25	2184-03-24	2184-03-24
2182-03-23	-25	2180-02-23	2180-02-23
2182-03-23	-12	2181-03-23	2181-03-23
2182-03-23	-5	2181-10-23	2181-10-23
2182-03-23	-2	2182-01-23	2182-01-23
2182-03-23	-1	2182-02-23	2182-02-23
2182-03-23	1	2182-04-23	2182-04-23
2182-03-23	2	2182-05-23	2182-05-23
2182-03-23	5	2182-08-23	2182-08-23
2182-03-23	12	2183-03-23	2183-03-23
2182-03-23	25	2184-04-23	2184-04-23
2182-10-11	-25	2180-09-11	2180-09-11
2182-10-11	-12	2181-10-11	2181-10-11
2182-10-11	-5	2182-05-11	2182-05-11
2182-10-11	-2	2182-08-11	2182-08-11
2182-10-11	-1	2182-09-11	2182-09-11
2182-10-11	1	2182-11-11	2182-11-11
2182-10-11	2	2182-12-11	2182-12-11
2182-10-11	5	2183-03-11	2183-03-11
2182-10-11	12	2183-10-11	2183-10-11
2182-10-11	25	2184-11-11	2184-11-11
2182-12-25	-25	2180-11-25	2180-11-25
2182-12-25	-12	2181-12-25	2181-12-25
2182-12-25	-5	2182-07-25	2182-07-25
2182-12-25	-2	2182-10-25	2182-10-25
2182-12-25	-1	2182-11-25	2182-11-25
2182-12-25	1	2183-01-25	2183-01-25
2182-12-25	2	2183-02-25	2183-02-25
2182-12-25	5	2183-05-25	2183-05-25
2182-12-25	12	2183-12-25	2183-12-25
2182-12-25	25	2185-01-25	2185-01-25
2184-05-12	-25	2182-04-12	2182-04-12
2184-05-12	-12	2183-05-12	2183-05-12
2184-05-12	-5	2183-12-12	2183-12-12
2184-05-12	-2	2184-03-12	2184-03-12
2184-05-12	-1	2184-04-12	2184-04-12
2184-05-12	1	2184-06-12	2184-06-12
2184-05-12	2	2184-07-12	2184-07-12
2184-05-12	5	2184-10-12	2184-10-12
2184-05-12	12	2185-05-12	2185-05-12
2184-05-12	25	2186-06-12	2186-06-12
2186-01-20	-25	2183-12-20	2183-12-20
2186-01-20	-12	2185-01-20	2185-01-20
2186-01-20	-5	2185-08-20	2185-08-20
2186-01-20	-2	2185-11-20	2185-11-20
2186-01-20	-1	2185-12-20	2185-12-20
2186-01-20	1	2186-02-20	2186-02-20
2186-01-20	2	2186-03-20	2186-03-20
2186-01-20	5	2186-06-20	2186-06-20
2186-01-20	12	2187-01-20	2187-01-20
2186-01-20	25	2188-02-20	2188-02-20
2186-11-17	-25	2184-10-17	2184-10-17
2186-11-17	-12	2185-11-17	2185-11-17
2186-11-17	-5	2186-06-17	2186-06-17
2186-11-17	-2	2186-09-17	2186-09-17
2186-11-17	-1	2186-10-17	2186-10-17
2186-11-17	1	2186-12-17	2186-12-17
2186-11-17	2	2187-01-17	2187-01-17
2186-11-17	5	2187-04-17	2187-04-17
2186-11-17	12	2187-11-17	2187-11-17
2186-11-17	25	2188-12-17	2188-12-17
2187-05-02	-25	2185-04-02	2185-04-02
2187-05-02	-12	2186-05-02	2186-05-02
2187-05-02	-5	2186-12-02	2186-12-02
2187-05-02	-2	2187-03-02	2187-03-02
2187-05-02	-1	2187-04-02	2187-04-02
2187-05-02	1	2187-06-02	2187-06-02
2187-05-02	2	2187-07-02	2187-07-02
2187-05-02	5	2187-10-02	2187-10-02
2187-05-02	12	2188-05-02	2188-05-02
2187-05-02	25	2189-06-02	2189-06-02
2189-03-02	-25	2187-02-02	2187-02-02
2189-03-02	-12	2188-03-02	2188-03-02
2189-03-02	-5	2188-10-02	2188-10-02
2189-03-02	-2	2189-01-02	2189-01-02
2189-03-02	-1	2189-02-02	2189-02-02
2189-03-02	1	2189-04-02	2189-04-02
2189-03-02	2	2189-05-02	2189-05-02
2189-03-02	5	2189-08-02	2189-08-02
2189-03-02	12	2190-03-02	2190-03-02
2189-03-02	25	2191-04-02	2191-04-02
2189-03-13	-25	2187-02-13	2187-02-13
2189-03-13	-12	2188-03-13	2188-03-13
2189-03-13	-5	2188-10-13	2188-10-13
2189-03-13	-2	2189-01-13	2189-01-13
2189-03-13	-1	2189-02-13	2189-02-13
2189-03-13	1	2189-04-13	2189-04-13
2189-03-13	2	2189-05-13	2189-05-13
2189-03-13	5	2189-08-13	2189-08-13
2189-03-13	12	2190-03-13	2190-03-13
2189-03-13	25	2191-04-13	2191-04-13
2190-10-12	-25	2188-09-12	2188-09-12
2190-10-12	-12	2189-10-12	2189-10-12
2190-10-12	-5	2190-05-12	2190-05-12
2190-10-12	-2	2190-08-12	2190-08-12
2190-10-12	-1	2190-09-12	2190-09-12
2190-10-12	1	2190-11-12	2190-11-12
2190-10-12	2	2190-12-12	2190-12-12
2190-10-12	5	2191-03-12	2191-03-12
2190-10-12	12	2191-10-12	2191-10-12
2190-10-12	25	2192-11-12	2192-11-12
2193-09-09	-25	2191-08-09	2191-08-09
2193-09-09	-12	2192-09-09	2192-09-09
2193-09-09	-5	2193-04-09	2193-04-09
2193-09-09	-2	2193-07-09	2193-07-09
2193-09-09	-1	2193-08-09	2193-08-09
2193-09-09	1	2193-10-09	2193-10-09
2193-09-09	2	2193-11-09	2193-11-09
2193-09-09	5	2194-02-09	2194-02-09
2193-09-09	12	2194-09-09	2194-09-09
2193-09-09	25	2195-10-09	2195-10-09
2195-05-26	-25	2193-04-26	2193-04-26
2195-05-26	-12	2194-05-26	2194-05-26
2195-05-26	-5	2194-12-26	2194-12-26
2195-05-26	-2	2195-03-26	2195-03-26
2195-05-26	-1	2195-04-26	2195-04-26
2195-05-26	1	2195-06-26	2195-06-26
2195-05-26	2	2195-07-26	2195-07-26
2195-05-26	5	2195-10-26	2195-10-26
2195-05-26	12	2196-05-26	2196-05-26
2195-05-26	25	2197-06-26	2197-06-26
2196-02-13	-25	2194-01-13	2194-01-13
2196-02-13	-12	2195-02-13	2195-02-13
2196-02-13	-5	2195-09-13	2195-09-13
2196-02-13	-2	2195-12-13	2195-12-13
2196-02-13	-1	2196-01-13	2196-01-13
2196-02-13	1	2196-03-13	2196-03-13
2196-02-13	2	2196-04-13	2196-04-13
2196-02-13	5	2196-07-13	2196-07-13
2196-02-13	12	2197-02-13	2197-02-13
2196-02-13	25	2198-03-13	2198-03-13
2196-03-25	-25	2194-02-25	2194-02-25
2196-03-25	-12	2195-03-25	2195-03-25
2196-03-25	-5	2195-10-25	2195-10-25
2196-03-25	-2	2196-01-25	2196-01-25
2196-03-25	-1	2196-02-25	2196-02-25
2196-03-25	1	2196-04-25	2196-04-25
2196-03-25	2	2196-05-25	2196-05-25
2196-03-25	5	2196-08-25	2196-08-25
2196-03-25	12	2197-03-25	2197-03-25
2196-03-25	25	2198-04-25	2198-04-25
2196-12-16	-25	2194-11-16	2194-11-16
2196-12-16	-12	2195-12-16	2195-12-16
2196-12-16	-5	2196-07-16	2196-07-16
2196-12-16	-2	2196-10-16	2196-10-16
2196-12-16	-1	2196-11-16	2196-11-16
2196-12-16	1	2197-01-16	2197-01-16
2196-12-16	2	2197-02-16	2197-02-16
2196-12-16	5	2197-05-16	2197-05-16
2196-12-16	12	2197-12-16	2197-12-16
2196-12-16	25	2199-01-16	2199-01-16
2198-01-01	-25	2195-12-01	2195-12-01
2198-01-01	-12	2197-01-01	2197-01-01
2198-01-01	-5	2197-08-01	2197-08-01
2198-01-01	-2	2197-11-01	2197-11-01
2198-01-01	-1	2197-12-01	2197-12-01
2198-01-01	1	2198-02-01	2198-02-01
2198-01-01	2	2198-03-01	2198-03-01
2198-01-01	5	2198-06-01	2198-06-01
2198-01-01	12	2199-01-01	2199-01-01
2198-01-01	25	ERR	ERR
2198-01-15	-25	2195-12-15	2195-12-15
2198-01-15	-12	2197-01-15	2197-01-15
2198-01-15	-5	2197-08-15	2197-08-15
2198-01-15	-2	2197-11-15	2197-11-15
2198-01-15	-1	2197-12-15	2197-12-15
2198-01-15	1	2198-02-15	2198-02-15
2198-01-15	2	2198-03-15	2198-03-15
2198-01-15	5	2198-06-15	2198-06-15
2198-01-15	12	2199-01-15	2199-01-15
2198-01-15	25	ERR	ERR
2198-01-19	-25	2195-12-19	2195-12-19
2198-01-19	-12	2197-01-19	2197-01-19
2198-01-19	-5	2197-08-19	2197-08-19
2198-01-19	-2	2197-11-19	2197-11-19
2198-01-19	-1	2197-12-19	2197-12-19
2198-01-19	1	2198-02-19	2198-02-19
2198-01-19	2	2198-03-19	2198-03-19
2198-01-19	5	2198-06-19	2198-06-19
2198-01-19	12	2199-01-19	2199-01-19
2198-01-19	25	ERR	ERR
2198-01-31	-25	2195-12-30	2196-01-01
2198-01-31	-12	2197-01-31	2197-01-31
2198-01-31	-5	2197-08-30	2197-09-01
2198-01-31	-2	2197-11-29	2197-12-02
2198-01-31	-1	2197-12-31	2197-12-31
2198-01-31	1	2198-02-31	2198-02-31
2198-01-31	2	2198-03-31	2198-03-31
2198-01-31	5	2198-06-31	2198-06-31
2198-01-31	12	2199-01-31	2199-01-31
2198-01-31	25	ERR	ERR
2198-02-01	-25	2196-01-01	2196-01-01
2198-02-01	-12	2197-02-01	2197-02-01
2198-02-01	-5	2197-09-01	2197-09-01
2198-02-01	-2	2197-12-01	2197-12-01
2198-02-01	-1	2198-01-01	2198-01-01
2198-02-01	1	2198-03-01	2198-03-01
2198-02-01	2	2198-04-01	2198-04-01
2198-02-01	5	2198-07-01	2198-07-01
2198-02-01	12	2199-02-01	2199-02-01
2198-02-01	25	ERR	ERR
2198-02-15	-25	2196-01-15	2196-01-15
2198-02-15	-12	2197-02-15	2197-02-15
2198-02-15	-5	2197-09-15	2197-09-15
2198-02-15	-2	2197-12-15	2197-12-15
2198-02-15	-1	2198-01-15	2198-01-15
2198-02-15	1	2198-03-15	2198-03-15
2198-02-15	2	2198-04-15	2198-04-15
2198-02-15	5	2198-07-15	2198-07-15
2198-02-15	12	2199-02-15	2199-02-15
2198-02-15	25	ERR	ERR
2198-02-31	-25	2196-01-31	2196-01-31
2198-02-31	-12	2197-02-31	2197-02-31
2198-02-31	-5	2197-09-29	2197-10-02
2198-02-31	-2	2197-12-31	2197-12-31
2198-02-31	-1	2198-01-31	2198-01-31
2198-02-31	1	2198-03-31	2198-03-31
2198-02-31	2	2198-04-31	2198-04-31
2198-02-31	5	2198-07-30	2198-08-01
2198-02-31	12	2199-02-31	2199-02-31
2198-02-31	25	ERR	ERR
2198-03-01	-25	2196-02-01	2196-02-01
2198-03-01	-12	2197-03-01	2197-03-01
2198-03-01	-5	2197-10-01	2197-10-01
2198-03-01	-2	2198-01-01	2198-01-01
2198-03-01	-1	2198-02-01	2198-02-01
2198-03-01	1	2198-04-01	2198-04-01
2198-03-01	2	2198-05-01	2198-05-01
2198-03-01	5	2198-08-01	2198-08-01
2198-03-01	12	2199-03-01	2199-03-01
2198-03-01	25	ERR	ERR
2198-03-15	-25	2196-02-15	2196-02-15
2198-03-15	-12	2197-03-15	2197-03-15
2198-03-15	-5	2197-10-15	2197-10-15
2198-03-15	-2	2198-01-15	2198-01-15
2198-03-15	-1	2198-02-15	2198-02-15
2198-03-15	1	2198-04-15	2198-04-15
2198-03-15	2	2198-05-15	2198-05-15
2198-03-15	5	2198-08-15	2198-08-15
2198-03-15	12	2199-03-15	2199-03-15
2198-03-15	25	ERR	ERR
2198-03-32	-25	2196-02-32	2196-02-32
2198-03-32	-12	2197-03-31	2197-04-01
2198-03-32	-5	2197-10-30	2197-11-02
2198-03-32	-2	2198-01-31	2198-02-01
2198-03-32	-1	2198-02-31	2198-03-01
2198-03-32	1	2198-04-31	2198-05-01
2198-03-32	2	2198-05-31	2198-06-01
2198-03-32	5	2198-08-29	2198-09-03
2198-03-32	12	2199-03-32	2199-03-32
2198-03-32	25	ERR	ERR
2198-04-01	-25	2196-03-01	2196-03-01
2198-04-01	-12	2197-04-01	2197-04-01
2198-04-01	-5	2197-11-01	2197-11-01
2198-04-01	-2	2198-02-01	2198-02-01
2198-04-01	-1	2198-03-01	2198-03-01
2198-04-01	1	2198-05-01	2198-05-01
2198-04-01	2	2198-06-01	2198-06-01
2198-04-01	5	2198-09-01	2198-09-01
2198-04-01	12	2199-04-01	2199-04-01
2198-04-01	25	ERR	ERR
2198-04-15	-25	2196-03-15	2196-03-15
2198-04-15	-12	2197-04-15	2197-04-15
2198-04-15	-5	2197-11-15	2197-11-15
2198-04-15	-2	2198-02-15	2198-02-15
2198-04-15	-1	2198-03-15	2198-03-15
2198-04-15	1	2198-05-15	2198-05-15
2198-04-15	2	2198-06-15	2198-06-15
2198-04-15	5	2198-09-15	2198-09-15
2198-04-15	12	2199-04-15	2199-04-15
2198-04-15	25	ERR	ERR
2198-04-31	-25	2196-03-31	2196-03-31
2198-04-31	-12	2197-04-31	2197-04-31
2198-04-31	-5	2197-11-29	2197-12-02
2198-04-31	-2	2198-02-31	2198-02-31
2198-04-31	-1	2198-03-31	2198-03-31
2198-04-31	1	2198-05-31	2198-05-31
2198-04-31	2	2198-06-31	2198-06-31
2198-04-31	5	2198-09-30	2198-10-01
2198-04-31	12	2199-04-31	2199-04-31
2198-04-31	25	ERR	ERR
2198-05-01	-25	2196-04-01	2196-04-01
2198-05-01	-12	2197-05-01	2197-05-01
2198-05-01	-5	2197-12-01	2197-12-01
2198-05-01	-2	2198-03-01	2198-03-01
2198-05-01	-1	2198-04-01	2198-04-01
2198-05-01	1	2198-06-01	2198-06-01
2198-05-01	2	2198-07-01	2198-07-01
2198-05-01	5	2198-10-01	2198-10-01
2198-05-01	12	2199-05-01	2199-05-01
2198-05-01	25	ERR	ERR
2198-05-15	-25	2196-04-15	2196-04-15
2198-05-15	-12	2197-05-15	2197-05-15
2198-05-15	-5	2197-12-15	2197-12-15
2198-05-15	-2	2198-03-15	2198-03-15
2198-05-15	-1	2198-04-15	2198-04-15
2198-05-15	1	2198-06-15	2198-06-15
2198-05-15	2	2198-07-15	2198-07-15
2198-05-15	5	2198-10-15	2198-10-15
2198-05-15	12	2199-05-15	2199-05-15
2198-05-15	25	ERR	ERR
2198-05-31	-25	2196-04-31	2196-04-31
2198-05-31	-12	2197-05-31	2197-05-31
2198-05-31	-5	2197-12-31	2197-12-31
2198-05-31	-2	2198-03-31	2198-03-31
2198-05-31	-1	2198-04-31	2198-04-31
2198-05-31	1	2198-06-31	2198-06-31
2198-05-31	2	2198-07-30	2198-08-01
2198-05-31	5	2198-10-29	2198-11-02
2198-05-31	12	2199-05-31	2199-05-31
2198-05-31	25	ERR	ERR
2198-06-01	-25	2196-05-01	2196-05-01
2198-06-01	-12	2197-06-01	2197-06-01
2198-06-01	-5	2198-01-01	2198-01-01
2198-06-01	-2	2198-04-01	2198-04-01
2198-06-01	-1	2198-05-01	2198-05-01
2198-06-01	1	2198-07-01	2198-07-01
2198-06-01	2	2198-08-01	2198-08-01
2198-06-01	5	2198-11-01	2198-11-01
2198-06-01	12	2199-06-01	2199-06-01
2198-06-01	25	ERR	ERR
2198-06-15	-25	2196-05-15	2196-05-15
2198-06-15	-12	2197-06-15	2197-06-15
2198-06-15	-5	2198-01-15	2198-01-15
2198-06-15	-2	2198-04-15	2198-04-15
2198-06-15	-1	2198-05-15	2198-05-15
2198-06-15	1	2198-07-15	2198-07-15
2198-06-15	2	2198-08-15	2198-08-15
2198-06-15	5	2198-11-15	2198-11-15
2198-06-15	12	2199-06-15	2199-06-15
2198-06-15	25	ERR	ERR
2198-06-31	-25	2196-05-31	2196-05-31
2198-06-31	-12	2197-06-30	2197-07-01
2198-06-31	-5	2198-01-31	2198-01-31
2198-06-31	-2	2198-04-31	2198-04-31
2198-06-31	-1	2198-05-31	2198-05-31
2198-06-31	1	2198-07-30	2198-08-01
2198-06-31	2	2198-08-29	2198-09-02
2198-06-31	5	2198-11-30	2198-12-01
2198-06-31	12	2199-06-30	2199-07-01
2198-06-31	25	ERR	ERR
2198-07-01	-25	2196-06-01	2196-06-01
2198-07-01	-12	2197-07-01	2197-07-01
2198-07-01	-5	2198-02-01	2198-02-01
2198-07-01	-2	2198-05-01	2198-05-01
2198-07-01	-1	2198-06-01	2198-06-01
2198-07-01	1	2198-08-01	2198-08-01
2198-07-01	2	2198-09-01	2198-09-01
2198-07-01	5	2198-12-01	2198-12-01
2198-07-01	12	2199-07-01	2199-07-01
2198-07-01	25	ERR	ERR
2198-07-15	-25	2196-06-15	2196-06-15
2198-07-15	-12	2197-07-15	2197-07-15
2198-07-15	-5	2198-02-15	2198-02-15
2198-07-15	-2	2198-05-15	2198-05-15
2198-07-15	-1	2198-06-15	2198-06-15
2198-07-15	1	2198-08-15	2198-08-15
2198-07-15	2	2198-09-15	2198-09-15
2198-07-15	5	2198-12-15	2198-12-15
2198-07-15	12	2199-07-15	2199-07-15
2198-07-15	25	ERR	ERR
2198-07-30	-25	2196-06-30	2196-06-30
2198-07-30	-12	2197-07-30	2197-07-30
2198-07-30	-5	2198-02-30	2198-02-30
2198-07-30	-2	2198-05-30	2198-05-30
2198-07-30	-1	2198-06-30	2198-06-30
2198-07-30	1	2198-08-29	2198-09-01
2198-07-30	2	2198-09-30	2198-09-30
2198-07-30	5	2198-12-30	2198-12-30
2198-07-30	12	2199-07-30	2199-07-30
2198-07-30	25	ERR	ERR
2198-08-01	-25	2196-07-01	2196-07-01
2198-08-01	-12	2197-08-01	2197-08-01
2198-08-01	-5	2198-03-01	2198-03-01
2198-08-01	-2	2198-06-01	2198-06-01
2198-08-01	-1	2198-07-01	2198-07-01
2198-08-01	1	2198-09-01	2198-09-01
2198-08-01	2	2198-10-01	2198-10-01
2198-08-01	5	2199-01-01	2199-01-01
2198-08-01	12	2199-08-01	2199-08-01
2198-08-01	25	ERR	ERR
2198-08-15	-25	2196-07-15	2196-07-15
2198-08-15	-12	2197-08-15	2197-08-15
2198-08-15	-5	2198-03-15	2198-03-15
2198-08-15	-2	2198-06-15	2198-06-15
2198-08-15	-1	2198-07-15	2198-07-15
2198-08-15	1	2198-09-15	2198-09-15
2198-08-15	2	2198-10-15	2198-10-15
2198-08-15	5	2199-01-15	2199-01-15
2198-08-15	12	2199-08-15	2199-08-15
2198-08-15	25	ERR	ERR
2198-08-29	-25	2196-07-29	2196-07-29
2198-08-29	-12	2197-08-29	2197-08-29
2198-08-29	-5	2198-03-29	2198-03-29
2198-08-29	-2	2198-06-29	2198-06-29
2198-08-29	-1	2198-07-29	2198-07-29
2198-08-29	1	2198-09-29	2198-09-29
2198-08-29	2	2198-10-29	2198-10-29
2198-08-29	5	2199-01-29	2199-01-29
2198-08-29	12	2199-08-29	2199-08-29
2198-08-29	25	ERR	ERR
2198-09-01	-25	2196-08-01	2196-08-01
2198-09-01	-12	2197-09-01	2197-09-01
2198-09-01	-5	2198-04-01	2198-04-01
2198-09-01	-2	2198-07-01	2198-07-01
2198-09-01	-1	2198-08-01	2198-08-01
2198-09-01	1	2198-10-01	2198-10-01
2198-09-01	2	2198-11-01	2198-11-01
2198-09-01	5	2199-02-01	2199-02-01
2198-09-01	12	2199-09-01	2199-09-01
2198-09-01	25	ERR	ERR
2198-09-15	-25	2196-08-15	2196-08-15
2198-09-15	-12	2197-09-15	2197-09-15
2198-09-15	-5	2198-04-15	2198-04-15
2198-09-15	-2	2198-07-15	2198-07-15
2198-09-15	-1	2198-08-15	2198-08-15
2198-09-15	1	2198-10-15	2198-10-15
2198-09-15	2	2198-11-15	2198-11-15
2198-09-15	5	2199-02-15	2199-02-15
2198-09-15	12	2199-09-15	2199-09-15
2198-09-15	25	ERR	ERR
2198-09-30	-25	2196-08-30	2196-08-30
2198-09-30	-12	2197-09-29	2197-10-01
2198-09-30	-5	2198-04-30	2198-04-30
2198-09-30	-2	2198-07-30	2198-07-30
2198-09-30	-1	2198-08-29	2198-09-01
2198-09-30	1	2198-10-29	2198-11-01
2198-09-30	2	2198-11-30	2198-11-30
2198-09-30	5	2199-02-30	2199-02-30
2198-09-30	12	2199-09-30	2199-09-30
2198-09-30	25	ERR	ERR
2198-10-01	-25	2196-09-01	2196-09-01
2198-10-01	-12	2197-10-01	2197-10-01
2198-10-01	-5	2198-05-01	2198-05-01
2198-10-01	-2	2198-08-01	2198-08-01
2198-10-01	-1	2198-09-01	2198-09-01
2198-10-01	1	2198-11-01	2198-11-01
2198-10-01	2	2198-12-01	2198-12-01
2198-10-01	5	2199-03-01	2199-03-01
2198-10-01	12	2199-10-01	2199-10-01
2198-10-01	25	ERR	ERR
2198-10-15	-25	2196-09-15	2196-09-15
2198-10-15	-12	2197-10-15	2197-10-15
2198-10-15	-5	2198-05-15	2198-05-15
2198-10-15	-2	2198-08-15	2198-08-15
2198-10-15	-1	2198-09-15	2198-09-15
2198-10-15	1	2198-11-15	2198-11-15
2198-10-15	2	2198-12-15	2198-12-15
2198-10-15	5	2199-03-15	2199-03-15
2198-10-15	12	2199-10-15	2199-10-15
2198-10-15	25	ERR	ERR
2198-10-29	-25	2196-09-29	2196-09-29
2198-10-29	-12	2197-10-29	2197-10-29
2198-10-29	-5	2198-05-29	2198-05-29
2198-10-29	-2	2198-08-29	2198-08-29
2198-10-29	-1	2198-09-29	2198-09-29
2198-10-29	1	2198-11-29	2198-11-29
2198-10-29	2	2198-12-29	2198-12-29
2198-10-29	5	2199-03-29	2199-03-29
2198-10-29	12	2199-10-29	2199-10-29
2198-10-29	25	ERR	ERR
2198-11-01	-25	2196-10-01	2196-10-01
2198-11-01	-12	2197-11-01	2197-11-01
2198-11-01	-5	2198-06-01	2198-06-01
2198-11-01	-2	2198-09-01	2198-09-01
2198-11-01	-1	2198-10-01	2198-10-01
2198-11-01	1	2198-12-01	2198-12-01
2198-11-01	2	2199-01-01	2199-01-01
2198-11-01	5	2199-04-01	2199-04-01
2198-11-01	12	2199-11-01	2199-11-01
2198-11-01	25	ERR	ERR
2198-11-15	-25	2196-10-15	2196-10-15
2198-11-15	-12	2197-11-15	2197-11-15
2198-11-15	-5	2198-06-15	2198-06-15
2198-11-15	-2	2198-09-15	2198-09-15
2198-11-15	-1	2198-10-15	2198-10-15
2198-11-15	1	2198-12-15	2198-12-15
2198-11-15	2	2199-01-15	2199-01-15
2198-11-15	5	2199-04-15	2199-04-15
2198-11-15	12	2199-11-15	2199-11-15
2198-11-15	25	ERR	ERR
2198-11-30	-25	2196-10-29	2196-11-01
2198-11-30	-12	2197-11-29	2197-12-01
2198-11-30	-5	2198-06-30	2198-06-30
2198-11-30	-2	2198-09-30	2198-09-30
2198-11-30	-1	2198-10-29	2198-11-01
2198-11-30	1	2198-12-30	2198-12-30
2198-11-30	2	2199-01-30	2199-01-30
2198-11-30	5	2199-04-30	2199-04-30
2198-11-30	12	2199-11-30	2199-11-30
2198-11-30	25	ERR	ERR
2198-12-01	-25	2196-11-01	2196-11-01
2198-12-01	-12	2197-12-01	2197-12-01
2198-12-01	-5	2198-07-01	2198-07-01
2198-12-01	-2	2198-10-01	2198-10-01
2198-12-01	-1	2198-11-01	2198-11-01
2198-12-01	1	2199-01-01	2199-01-01
2198-12-01	2	2199-02-01	2199-02-01
2198-12-01	5	2199-05-01	2199-05-01
2198-12-01	12	2199-12-01	2199-12-01
2198-12-01	25	ERR	ERR
2198-12-15	-25	2196-11-15	2196-11-15
2198-12-15	-12	2197-12-15	2197-12-15
2198-12-15	-5	2198-07-15	2198-07-15
2198-12-15	-2	2198-10-15	2198-10-15
2198-12-15	-1	2198-11-15	2198-11-15
2198-12-15	1	2199-01-15	2199-01-15
2198-12-15	2	2199-02-15	2199-02-15
2198-12-15	5	2199-05-15	2199-05-15
2198-12-15	12	2199-12-15	2199-12-15
2198-12-15	25	ERR	ERR
2198-12-30	-25	2196-11-30	2196-11-30
2198-12-30	-12	2197-12-30	2197-12-30
2198-12-30	-5	2198-07-30	2198-07-30
2198-12-30	-2	2198-10-29	2198-11-01
2198-12-30	-1	2198-11-30	2198-11-30
2198-12-30	1	2199-01-30	2199-01-30
2198-12-30	2	2199-02-30	2199-02-30
2198-12-30	5	2199-05-30	2199-05-30
2198-12-30	12	2199-12-30	2199-12-30
2198-12-30	25	ERR	ERR
2199-01-01	-25	2196-12-01	2196-12-01
2199-01-01	-12	2198-01-01	2198-01-01
2199-01-01	-5	2198-08-01	2198-08-01
2199-01-01	-2	2198-11-01	2198-11-01
2199-01-01	-1	2198-12-01	2198-12-01
2199-01-01	1	2199-02-01	2199-02-01
2199-01-01	2	2199-03-01	2199-03-01
2199-01-01	5	2199-06-01	2199-06-01
2199-01-01	12	ERR	ERR
2199-01-01	25	ERR	ERR
2199-01-15	-25	2196-12-15	2196-12-15
2199-01-15	-12	2198-01-15	2198-01-15
2199-01-15	-5	2198-08-15	2198-08-15
2199-01-15	-2	2198-11-15	2198-11-15
2199-01-15	-1	2198-12-15	2198-12-15
2199-01-15	1	2199-02-15	2199-02-15
2199-01-15	2	2199-03-15	2199-03-15
2199-01-15	5	2199-06-15	2199-06-15
2199-01-15	12	ERR	ERR
2199-01-15	25	ERR	ERR
2199-01-31	-25	2196-12-30	2197-01-01
2199-01-31	-12	2198-01-31	2198-01-31
2199-01-31	-5	2198-08-29	2198-09-02
2199-01-31	-2	2198-11-30	2198-12-01
2199-01-31	-1	2198-12-30	2199-01-01
2199-01-31	1	2199-02-31	2199-02-31
2199-01-31	2	2199-03-31	2199-03-31
2199-01-31	5	2199-06-30	2199-07-01
2199-01-31	12	ERR	ERR
2199-01-31	25	ERR	ERR
2199-02-01	-25	2197-01-01	2197-01-01
2199-02-01	-12	2198-02-01	2198-02-01
2199-02-01	-5	2198-09-01	2198-09-01
2199-02-01	-2	2198-12-01	2198-12-01
2199-02-01	-1	2199-01-01	2199-01-01
2199-02-01	1	2199-03-01	2199-03-01
2199-02-01	2	2199-04-01	2199-04-01
2199-02-01	5	2199-07-01	2199-07-01
2199-02-01	12	ERR	ERR
2199-02-01	25	ERR	ERR
2199-02-15	-25	2197-01-15	2197-01-15
2199-02-15	-12	2198-02-15	2198-02-15
2199-02-15	-5	2198-09-15	2198-09-15
2199-02-15	-2	2198-12-15	2198-12-15
2199-02-15	-1	2199-01-15	2199-01-15
2199-02-15	1	2199-03-15	2199-03-15
2199-02-15	2	2199-04-15	2199-04-15
2199-02-15	5	2199-07-15	2199-07-15
2199-02-15	12	ERR	ERR
2199-02-15	25	ERR	ERR
2199-02-31	-25	2197-01-31	2197-01-31
2199-02-31	-12	2198-02-31	2198-02-31
2199-02-31	-5	2198-09-30	2198-10-01
2199-02-31	-2	2198-12-30	2199-01-01
2199-02-31	-1	2199-01-31	2199-01-31
2199-02-31	1	2199-03-31	2199-03-31
2199-02-31	2	2199-04-31	2199-04-31
2199-02-31	5	2199-07-30	2199-08-01
2199-02-31	12	ERR	ERR
2199-02-31	25	ERR	ERR
2199-03-01	-25	2197-02-01	2197-02-01
2199-03-01	-12	2198-03-01	2198-03-01
2199-03-01	-5	2198-10-01	2198-10-01
2199-03-01	-2	2199-01-01	2199-01-01
2199-03-01	-1	2199-02-01	2199-02-01
2199-03-01	1	2199-04-01	2199-04-01
2199-03-01	2	2199-05-01	2199-05-01
2199-03-01	5	2199-08-01	2199-08-01
2199-03-01	12	ERR	ERR
2199-03-01	25	ERR	ERR
2199-03-15	-25	2197-02-15	2197-02-15
2199-03-15	-12	2198-03-15	2198-03-15
2199-03-15	-5	2198-10-15	2198-10-15
2199-03-15	-2	2199-01-15	2199-01-15
2199-03-15	-1	2199-02-15	2199-02-15
2199-03-15	1	2199-04-15	2199-04-15
2199-03-15	2	2199-05-15	2199-05-15
2199-03-15	5	2199-08-15	2199-08-15
2199-03-15	12	ERR	ERR
2199-03-15	25	ERR	ERR
2199-03-32	-25	2197-02-32	2197-02-32
2199-03-32	-12	2198-03-32	2198-03-32
2199-03-32	-5	2198-10-29	2198-11-03
2199-03-32	-2	2199-01-31	2199-02-01
2199-03-32	-1	2199-02-31	2199-03-01
2199-03-32	1	2199-04-31	2199-05-01
2199-03-32	2	2199-05-32	2199-05-32
2199-03-32	5	2199-08-29	2199-09-03
2199-03-32	12	ERR	ERR
2199-03-32	25	ERR	ERR
2199-04-01	-25	2197-03-01	2197-03-01
2199-04-01	-12	2198-04-01	2198-04-01
2199-04-01	-5	2198-11-01	2198-11-01
2199-04-01	-2	2199-02-01	2199-02-01
2199-04-01	-1	2199-03-01	2199-03-01
2199-04-01	1	2199-05-01	2199-05-01
2199-04-01	2	2199-06-01	2199-06-01
2199-04-01	5	2199-09-01	2199-09-01
2199-04-01	12	ERR	ERR
2199-04-01	25	ERR	ERR
2199-04-15	-25	2197-03-15	2197-03-15
2199-04-15	-12	2198-04-15	2198-04-15
2199-04-15	-5	2198-11-15	2198-11-15
2199-04-15	-2	2199-02-15	2199-02-15
2199-04-15	-1	2199-03-15	2199-03-15
2199-04-15	1	2199-05-15	2199-05-15
2199-04-15	2	2199-06-15	2199-06-15
2199-04-15	5	2199-09-15	2199-09-15
2199-04-15	12	ERR	ERR
2199-04-15	25	ERR	ERR
2199-04-31	-25	2197-03-31	2197-03-31
2199-04-31	-12	2198-04-31	2198-04-31
2199-04-31	-5	2198-11-30	2198-12-01
2199-04-31	-2	2199-02-31	2199-02-31
2199-04-31	-1	2199-03-31	2199-03-31
2199-04-31	1	2199-05-31	2199-05-31
2199-04-31	2	2199-06-30	2199-07-01
2199-04-31	5	2199-09-30	2199-10-01
2199-04-31	12	ERR	ERR
2199-04-31	25	ERR	ERR
2199-05-01	-25	2197-04-01	2197-04-01
2199-05-01	-12	2198-05-01	2198-05-01
2199-05-01	-5	2198-12-01	2198-12-01
2199-05-01	-2	2199-03-01	2199-03-01
2199-05-01	-1	2199-04-01	2199-04-01
2199-05-01	1	2199-06-01	2199-06-01
2199-05-01	2	2199-07-01	2199-07-01
2199-05-01	5	2199-10-01	2199-10-01
2199-05-01	12	ERR	ERR
2199-05-01	25	ERR	ERR
2199-05-15	-25	2197-04-15	2197-04-15
2199-05-15	-12	2198-05-15	2198-05-15
2199-05-15	-5	2198-12-15	2198-12-15
2199-05-15	-2	2199-03-15	2199-03-15
2199-05-15	-1	2199-04-15	2199-04-15
2199-05-15	1	2199-06-15	2199-06-15
2199-05-15	2	2199-07-15	2199-07-15
2199-05-15	5	2199-10-15	2199-10-15
2199-05-15	12	ERR	ERR
2199-05-15	25	ERR	ERR
2199-05-32	-25	2197-04-32	2197-04-32
2199-05-32	-12	2198-05-31	2198-06-01
2199-05-32	-5	2198-12-30	2199-01-02
2199-05-32	-2	2199-03-32	2199-03-32
2199-05-32	-1	2199-04-31	2199-05-01
2199-05-32	1	2199-06-30	2199-07-02
2199-05-32	2	2199-07-30	2199-08-02
2199-05-32	5	2199-10-29	2199-11-03
2199-05-32	12	ERR	ERR
2199-05-32	25	ERR	ERR
2199-06-01	-25	2197-05-01	2197-05-01
2199-06-01	-12	2198-06-01	2198-06-01
2199-06-01	-5	2199-01-01	2199-01-01
2199-06-01	-2	2199-04-01	2199-04-01
2199-06-01	-1	2199-05-01	2199-05-01
2199-06-01	1	2199-07-01	2199-07-01
2199-06-01	2	2199-08-01	2199-08-01
2199-06-01	5	2199-11-01	2199-11-01
2199-06-01	12	ERR	ERR
2199-06-01	25	ERR	ERR
2199-06-15	-25	2197-05-15	2197-05-15
2199-06-15	-12	2198-06-15	2198-06-15
2199-06-15	-5	2199-01-15	2199-01-15
2199-06-15	-2	2199-04-15	2199-04-15
2199-06-15	-1	2199-05-15	2199-05-15
2199-06-15	1	2199-07-15	2199-07-15
2199-06-15	2	2199-08-15	2199-08-15
2199-06-15	5	2199-11-15	2199-11-15
2199-06-15	12	ERR	ERR
2199-06-15	25	ERR	ERR
2199-06-30	-25	2197-05-30	2197-05-30
2199-06-30	-12	2198-06-30	2198-06-30
2199-06-30	-5	2199-01-30	2199-01-30
2199-06-30	-2	2199-04-30	2199-04-30
2199-06-30	-1	2199-05-30	2199-05-30
2199-06-30	1	2199-07-30	2199-07-30
2199-06-30	2	2199-08-29	2199-09-01
2199-06-30	5	2199-11-30	2199-11-30
2199-06-30	12	ERR	ERR
2199-06-30	25	ERR	ERR
2199-07-01	-25	2197-06-01	2197-06-01
2199-07-01	-12	2198-07-01	2198-07-01
2199-07-01	-5	2199-02-01	2199-02-01
2199-07-01	-2	2199-05-01	2199-05-01
2199-07-01	-1	2199-06-01	2199-06-01
2199-07-01	1	2199-08-01	2199-08-01
2199-07-01	2	2199-09-01	2199-09-01
2199-07-01	5	2199-12-01	2199-12-01
2199-07-01	12	ERR	ERR
2199-07-01	25	ERR	ERR
2199-07-15	-25	2197-06-15	2197-06-15
2199-07-15	-12	2198-07-15	2198-07-15
2199-07-15	-5	2199-02-15	2199-02-15
2199-07-15	-2	2199-05-15	2199-05-15
2199-07-15	-1	2199-06-15	2199-06-15
2199-07-15	1	2199-08-15	2199-08-15
2199-07-15	2	2199-09-15	2199-09-15
2199-07-15	5	2199-12-15	2199-12-15
2199-07-15	12	ERR	ERR
2199-07-15	25	ERR	ERR
2199-07-30	-25	2197-06-30	2197-06-30
2199-07-30	-12	2198-07-30	2198-07-30
2199-07-30	-5	2199-02-30	2199-02-30
2199-07-30	-2	2199-05-30	2199-05-30
2199-07-30	-1	2199-06-30	2199-06-30
2199-07-30	1	2199-08-29	2199-09-01
2199-07-30	2	2199-09-30	2199-09-30
2199-07-30	5	2199-12-30	2199-12-30
2199-07-30	12	ERR	ERR
2199-07-30	25	ERR	ERR
2199-08-01	-25	2197-07-01	2197-07-01
2199-08-01	-12	2198-08-01	2198-08-01
2199-08-01	-5	2199-03-01	2199-03-01
2199-08-01	-2	2199-06-01	2199-06-01
2199-08-01	-1	2199-07-01	2199-07-01
2199-08-01	1	2199-09-01	2199-09-01
2199-08-01	2	2199-10-01	2199-10-01
2199-08-01	5	ERR	ERR
2199-08-01	12	ERR	ERR
2199-08-01	25	ERR	ERR
2199-08-15	-25	2197-07-15	2197-07-15
2199-08-15	-12	2198-08-15	2198-08-15
2199-08-15	-5	2199-03-15	2199-03-15
2199-08-15	-2	2199-06-15	2199-06-15
2199-08-15	-1	2199-07-15	2199-07-15
2199-08-15	1	2199-09-15	2199-09-15
2199-08-15	2	2199-10-15	2199-10-15
2199-08-15	5	ERR	ERR
2199-08-15	12	ERR	ERR
2199-08-15	25	ERR	ERR
2199-08-29	-25	2197-07-29	2197-07-29
2199-08-29	-12	2198-08-29	2198-08-29
2199-08-29	-5	2199-03-29	2199-03-29
2199-08-29	-2	2199-06-29	2199-06-29
2199-08-29	-1	2199-07-29	2199-07-29
2199-08-29	1	2199-09-29	2199-09-29
2199-08-29	2	2199-10-29	2199-10-29
2199-08-29	5	ERR	ERR
2199-08-29	12	ERR	ERR
2199-08-29	25	ERR	ERR
2199-09-01	-25	2197-08-01	2197-08-01
2199-09-01	-12	2198-09-01	2198-09-01
2199-09-01	-5	2199-04-01	2199-04-01
2199-09-01	-2	2199-07-01	2199-07-01
2199-09-01	-1	2199-08-01	2199-08-01
2199-09-01	1	2199-10-01	2199-10-01
2199-09-01	2	2199-11-01	2199-11-01
2199-09-01	5	ERR	ERR
2199-09-01	12	ERR	ERR
2199-09-01	25	ERR	ERR
2199-09-15	-25	2197-08-15	2197-08-15
2199-09-15	-12	2198-09-15	2198-09-15
2199-09-15	-5	2199-04-15	2199-04-15
2199-09-15	-2	2199-07-15	2199-07-15
2199-09-15	-1	2199-08-15	2199-08-15
2199-09-15	1	2199-10-15	2199-10-15
2199-09-15	2	2199-11-15	2199-11-15
2199-09-15	5	ERR	ERR
2199-09-15	12	ERR	ERR
2199-09-15	25	ERR	ERR
2199-09-30	-25	2197-08-30	2197-08-30
2199-09-30	-12	2198-09-30	2198-09-30
2199-09-30	-5	2199-04-30	2199-04-30
2199-09-30	-2	2199-07-30	2199-07-30
2199-09-30	-1	2199-08-29	2199-09-01
2199-09-30	1	2199-10-29	2199-11-01
2199-09-30	2	2199-11-30	2199-11-30
2199-09-30	5	ERR	ERR
2199-09-30	12	ERR	ERR
2199-09-30	25	ERR	ERR
2199-10-01	-25	2197-09-01	2197-09-01
2199-10-01	-12	2198-10-01	2198-10-01
2199-10-01	-5	2199-05-01	2199-05-01
2199-10-01	-2	2199-08-01	2199-08-01
2199-10-01	-1	2199-09-01	2199-09-01
2199-10-01	1	2199-11-01	2199-11-01
2199-10-01	2	2199-12-01	2199-12-01
2199-10-01	5	ERR	ERR
2199-10-01	12	ERR	ERR
2199-10-01	25	ERR	ERR
2199-10-15	-25	2197-09-15	2197-09-15
2199-10-15	-12	2198-10-15	2198-10-15
2199-10-15	-5	2199-05-15	2199-05-15
2199-10-15	-2	2199-08-15	2199-08-15
2199-10-15	-1	2199-09-15	2199-09-15
2199-10-15	1	2199-11-15	2199-11-15
2199-10-15	2	2199-12-15	2199-12-15
2199-10-15	5	ERR	ERR
2199-10-15	12	ERR	ERR
2199-10-15	25	ERR	ERR
2199-10-17	-25	2197-09-17	2197-09-17
2199-10-17	-12	2198-10-17	2198-10-17
2199-10-17	-5	2199-05-17	2199-05-17
2199-10-17	-2	2199-08-17	2199-08-17
2199-10-17	-1	2199-09-17	2199-09-17
2199-10-17	1	2199-11-17	2199-11-17
2199-10-17	2	2199-12-17	2199-12-17
2199-10-17	5	ERR	ERR
2199-10-17	12	ERR	ERR
2199-10-17	25	ERR	ERR
2199-10-29	-25	2197-09-29	2197-09-29
2199-10-29	-12	2198-10-29	2198-10-29
2199-10-29	-5	2199-05-29	2199-05-29
2199-10-29	-2	2199-08-29	2199-08-29
2199-10-29	-1	2199-09-29	2199-09-29
2199-10-29	1	2199-11-29	2199-11-29
2199-10-29	2	2199-12-29	2199-12-29
2199-10-29	5	ERR	ERR
2199-10-29	12	ERR	ERR
2199-10-29	25	ERR	ERR
2199-11-01	-25	2197-10-01	2197-10-01
2199-11-01	-12	2198-11-01	2198-11-01
2199-11-01	-5	2199-06-01	2199-06-01
2199-11-01	-2	2199-09-01	2199-09-01
2199-11-01	-1	2199-10-01	2199-10-01
2199-11-01	1	2199-12-01	2199-12-01
2199-11-01	2	ERR	ERR
2199-11-01	5	ERR	ERR
2199-11-01	12	ERR	ERR
2199-11-01	25	ERR	ERR
2199-11-15	-25	2197-10-15	2197-10-15
2199-11-15	-12	2198-11-15	2198-11-15
2199-11-15	-5	2199-06-15	2199-06-15
2199-11-15	-2	2199-09-15	2199-09-15
2199-11-15	-1	2199-10-15	2199-10-15
2199-11-15	1	2199-12-15	2199-12-15
2199-11-15	2	ERR	ERR
2199-11-15	5	ERR	ERR
2199-11-15	12	ERR	ERR
2199-11-15	25	ERR	ERR
2199-11-30	-25	2197-10-30	2197-10-30
2199-11-30	-12	2198-11-30	2198-11-30
2199-11-30	-5	2199-06-30	2199-06-30
2199-11-30	-2	2199-09-30	2199-09-30
2199-11-30	-1	2199-10-29	2199-11-01
2199-11-30	1	2199-12-30	2199-12-30
2199-11-30	2	ERR	ERR
2199-11-30	5	ERR	ERR
2199-11-30	12	ERR	ERR
2199-11-30	25	ERR	ERR
2199-12-01	-25	2197-11-01	2197-11-01
2199-12-01	-12	2198-12-01	2198-12-01
2199-12-01	-5	2199-07-01	2199-07-01
2199-12-01	-2	2199-10-01	2199-10-01
2199-12-01	-1	2199-11-01	2199-11-01
2199-12-01	1	ERR	ERR
2199-12-01	2	ERR	ERR
2199-12-01	5	ERR	ERR
2199-12-01	12	ERR	ERR
2199-12-01	25	ERR	ERR
2199-12-15	-25	2197-11-15	2197-11-15
2199-12-15	-12	2198-12-15	2198-12-15
2199-12-15	-5	2199-07-15	2199-07-15
2199-12-15	-2	2199-10-15	2199-10-15
2199-12-15	-1	2199-11-15	2199-11-15
2199-12-15	1	ERR	ERR
2199-12-15	2	ERR	ERR
2199-12-15	5	ERR	ERR
2199-12-15	12	ERR	ERR
2199-12-15	25	ERR	ERR
2199-12-30	-25	2197-11-29	2197-12-01
2199-12-30	-12	2198-12-30	2198-12-30
2199-12-30	-5	2199-07-30	2199-07-30
2199-12-30	-2	2199-10-29	2199-11-01
2199-12-30	-1	2199-11-30	2199-11-30
2199-12-30	1	ERR	ERR
2199-12-30	2	ERR	ERR
2199-12-30	5	ERR	ERR
2199-12-30	12	ERR	ERR
2199-12-30	25	ERR	ERR
