bs	ad	weekday	day_of_year	month_length	to_string	unicode	long_en	long_en_weekday	long_ne	long_ne_weekday	dmy_dash_nopad	fy_start	fy_end	quarter_start	quarter_end
1901-01-01	1844-04-11	Thursday	1	31	1901/01/01	१९०१/०१/०१	Baishakh 01, 1901	Thursday, Baishakh 01, 1901	बैशाख ०१, १९०१	बिहिवार, बैशाख ०१, १९०१	1-1-1901	ERR	1901-03-32	1901-01-01	1901-03-32
1901-01-15	1844-04-25	Thursday	15	31	1901/01/15	१९०१/०१/१५	Baishakh 15, 1901	Thursday, Baishakh 15, 1901	बैशाख १५, १९०१	बिहिवार, बैशाख १५, १९०१	15-1-1901	ERR	1901-03-32	1901-01-01	1901-03-32
1901-01-31	1844-05-11	Saturday	31	31	1901/01/31	१९०१/०१/३१	Baishakh 31, 1901	Saturday, Baishakh 31, 1901	बैशाख ३१, १९०१	शनिवार, बैशाख ३१, १९०१	31-1-1901	ERR	1901-03-32	1901-01-01	1901-03-32
1901-02-01	1844-05-12	Sunday	32	31	1901/02/01	१९०१/०२/०१	Jestha 01, 1901	Sunday, Jestha 01, 1901	जेठ ०१, १९०१	आइतवार, जेठ ०१, १९०१	1-2-1901	ERR	1901-03-32	1901-01-01	1901-03-32
1901-02-15	1844-05-26	Sunday	46	31	1901/02/15	१९०१/०२/१५	Jestha 15, 1901	Sunday, Jestha 15, 1901	जेठ १५, १९०१	आइतवार, जेठ १५, १९०१	15-2-1901	ERR	1901-03-32	1901-01-01	1901-03-32
1901-02-31	1844-06-11	Tuesday	62	31	1901/02/31	१९०१/०२/३१	Jestha 31, 1901	Tuesday, Jestha 31, 1901	जेठ ३१, १९०१	मङ्गलवार, जेठ ३१, १९०१	31-2-1901	ERR	1901-03-32	1901-01-01	1901-03-32
1901-03-01	1844-06-12	Wednesday	63	32	1901/03/01	१९०१/०३/०१	Ashad 01, 1901	Wednesday, Ashad 01, 1901	असार ०१, १९०१	बुधवार, असार ०१, १९०१	1-3-1901	ERR	1901-03-32	1901-01-01	1901-03-32
1901-03-10	1844-06-21	Friday	72	32	1901/03/10	१९०१/०३/१०	Ashad 10, 1901	Friday, Ashad 10, 1901	असार १०, १९०१	शुक्रवार, असार १०, १९०१	10-3-1901	ERR	1901-03-32	1901-01-01	1901-03-32
1901-03-15	1844-06-26	Wednesday	77	32	1901/03/15	१९०१/०३/१५	Ashad 15, 1901	Wednesday, Ashad 15, 1901	असार १५, १९०१	बुधवार, असार १५, १९०१	15-3-1901	ERR	1901-03-32	1901-01-01	1901-03-32
1901-03-32	1844-07-13	Saturday	94	32	1901/03/32	१९०१/०३/३२	Ashad 32, 1901	Saturday, Ashad 32, 1901	असार ३२, १९०१	शनिवार, असार ३२, १९०१	32-3-1901	ERR	1901-03-32	1901-01-01	1901-03-32
1901-04-01	1844-07-14	Sunday	95	31	1901/04/01	१९०१/०४/०१	Shrawan 01, 1901	Sunday, Shrawan 01, 1901	साउन ०१, १९०१	आइतवार, साउन ०१, १९०१	1-4-1901	1901-04-01	1902-03-31	1901-04-01	1901-06-31
1901-04-15	1844-07-28	Sunday	109	31	1901/04/15	१९०१/०४/१५	Shrawan 15, 1901	Sunday, Shrawan 15, 1901	साउन १५, १९०१	आइतवार, साउन १५, १९०१	15-4-1901	1901-04-01	1902-03-31	1901-04-01	1901-06-31
1901-04-31	1844-08-13	Tuesday	125	31	1901/04/31	१९०१/०४/३१	Shrawan 31, 1901	Tuesday, Shrawan 31, 1901	साउन ३१, १९०१	मङ्गलवार, साउन ३१, १९०१	31-4-1901	1901-04-01	1902-03-31	1901-04-01	1901-06-31
1901-05-01	1844-08-14	Wednesday	126	31	1901/05/01	१९०१/०५/०१	Bhadra 01, 1901	Wednesday, Bhadra 01, 1901	भदौ ०१, १९०१	बुधवार, भदौ ०१, १९०१	1-5-1901	1901-04-01	1902-03-31	1901-04-01	1901-06-31
1901-05-15	1844-08-28	Wednesday	140	31	1901/05/15	१९०१/०५/१५	Bhadra 15, 1901	Wednesday, Bhadra 15, 1901	भदौ १५, १९०१	बुधवार, भदौ १५, १९०१	15-5-1901	1901-04-01	1902-03-31	1901-04-01	1901-06-31
1901-05-31	1844-09-13	Friday	156	31	1901/05/31	१९०१/०५/३१	Bhadra 31, 1901	Friday, Bhadra 31, 1901	भदौ ३१, १९०१	शुक्रवार, भदौ ३१, १९०१	31-5-1901	1901-04-01	1902-03-31	1901-04-01	1901-06-31
1901-06-01	1844-09-14	Saturday	157	31	1901/06/01	१९०१/०६/०१	Ashoj 01, 1901	Saturday, Ashoj 01, 1901	असोज ०१, १९०१	शनिवार, असोज ०१, १९०१	1-6-1901	1901-04-01	1902-03-31	1901-04-01	1901-06-31
1901-06-15	1844-09-28	Saturday	171	31	1901/06/15	१९०१/०६/१५	Ashoj 15, 1901	Saturday, Ashoj 15, 1901	असोज १५, १९०१	शनिवार, असोज १५, १९०१	15-6-1901	1901-04-01	1902-03-31	1901-04-01	1901-06-31
1901-06-31	1844-10-14	Monday	187	31	1901/06/31	१९०१/०६/३१	Ashoj 31, 1901	Monday, Ashoj 31, 1901	असोज ३१, १९०१	सोमवार, असोज ३१, १९०१	31-6-1901	1901-04-01	1902-03-31	1901-04-01	1901-06-31
1901-07-01	1844-10-15	Tuesday	188	30	1901/07/01	१९०१/०७/०१	Kartik 01, 1901	Tuesday, Kartik 01, 1901	कार्तिक ०१, १९०१	मङ्गलवार, कार्तिक ०१, १९०१	1-7-1901	1901-04-01	1902-03-31	1901-07-01	1901-09-30
1901-07-15	1844-10-29	Tuesday	202	30	1901/07/15	१९०१/०७/१५	Kartik 15, 1901	Tuesday, Kartik 15, 1901	कार्तिक १५, १९०१	मङ्गलवार, कार्तिक १५, १९०१	15-7-1901	1901-04-01	1902-03-31	1901-07-01	1901-09-30
1901-07-30	1844-11-13	Wednesday	217	30	1901/07/30	१९०१/०७/३०	Kartik 30, 1901	Wednesday, Kartik 30, 1901	कार्तिक ३०, १९०१	बुधवार, कार्तिक ३०, १९०१	30-7-1901	1901-04-01	1902-03-31	1901-07-01	1901-09-30
1901-08-01	1844-11-14	Thursday	218	29	1901/08/01	१९०१/०८/०१	Mangsir 01, 1901	Thursday, Mangsir 01, 1901	मंसिर ०१, १९०१	बिहिवार, मंसिर ०१, १९०१	1-8-1901	1901-04-01	1902-03-31	1901-07-01	1901-09-30
1901-08-15	1844-11-28	Thursday	232	29	1901/08/15	१९०१/०८/१५	Mangsir 15, 1901	Thursday, Mangsir 15, 1901	मंसिर १५, १९०१	बिहिवार, मंसिर १५, १९०१	15-8-1901	1901-04-01	1902-03-31	1901-07-01	1901-09-30
1901-08-29	1844-12-12	Thursday	246	29	1901/08/29	१९०१/०८/२९	Mangsir 29, 1901	Thursday, Mangsir 29, 1901	मंसिर २९, १९०१	बिहिवार, मंसिर २९, १९०१	29-8-1901	1901-04-01	1902-03-31	1901-07-01	1901-09-30
1901-09-01	1844-12-13	Friday	247	30	1901/09/01	१९०१/०९/०१	Poush 01, 1901	Friday, Poush 01, 1901	पुष ०१, १९०१	शुक्रवार, पुष ०१, १९०१	1-9-1901	1901-04-01	1902-03-31	1901-07-01	1901-09-30
1901-09-15	1844-12-27	Friday	261	30	1901/09/15	१९०१/०९/१५	Poush 15, 1901	Friday, Poush 15, 1901	पुष १५, १९०१	शुक्रवार, पुष १५, १९०१	15-9-1901	1901-04-01	1902-03-31	1901-07-01	1901-09-30
1901-09-30	1845-01-11	Saturday	276	30	1901/09/30	१९०१/०९/३०	Poush 30, 1901	Saturday, Poush 30, 1901	पुष ३०, १९०१	शनिवार, पुष ३०, १९०१	30-9-1901	1901-04-01	1902-03-31	1901-07-01	1901-09-30
1901-10-01	1845-01-12	Sunday	277	29	1901/10/01	१९०१/१०/०१	Magh 01, 1901	Sunday, Magh 01, 1901	माघ ०१, १९०१	आइतवार, माघ ०१, १९०१	1-10-1901	1901-04-01	1902-03-31	1901-10-01	1901-12-30
1901-10-15	1845-01-26	Sunday	291	29	1901/10/15	१९०१/१०/१५	Magh 15, 1901	Sunday, Magh 15, 1901	माघ १५, १९०१	आइतवार, माघ १५, १९०१	15-10-1901	1901-04-01	1902-03-31	1901-10-01	1901-12-30
1901-10-29	1845-02-09	Sunday	305	29	1901/10/29	१९०१/१०/२९	Magh 29, 1901	Sunday, Magh 29, 1901	माघ २९, १९०१	आइतवार, माघ २९, १९०१	29-10-1901	1901-04-01	1902-03-31	1901-10-01	1901-12-30
1901-11-01	1845-02-10	Monday	306	30	1901/11/01	१९०१/११/०१	Falgun 01, 1901	Monday, Falgun 01, 1901	फागुन ०१, १९०१	सोमवार, फागुन ०१, १९०१	1-11-1901	1901-04-01	1902-03-31	1901-10-01	1901-12-30
1901-11-06	1845-02-15	Saturday	311	30	1901/11/06	१९०१/११/०६	Falgun 06, 1901	Saturday, Falgun 06, 1901	फागुन ०६, १९०१	शनिवार, फागुन ०६, १९०१	6-11-1901	1901-04-01	1902-03-31	1901-10-01	1901-12-30
1901-11-15	1845-02-24	Monday	320	30	1901/11/15	१९०१/११/१५	Falgun 15, 1901	Monday, Falgun 15, 1901	फागुन १५, १९०१	सोमवार, फागुन १५, १९०१	15-11-1901	1901-04-01	1902-03-31	1901-10-01	1901-12-30
1901-11-30	1845-03-11	Tuesday	335	30	1901/11/30	१९०१/११/३०	Falgun 30, 1901	Tuesday, Falgun 30, 1901	फागुन ३०, १९०१	मङ्गलवार, फागुन ३०, १९०१	30-11-1901	1901-04-01	1902-03-31	1901-10-01	1901-12-30
1901-12-01	1845-03-12	Wednesday	336	30	1901/12/01	१९०१/१२/०१	Chaitra 01, 1901	Wednesday, Chaitra 01, 1901	चैत ०१, १९०१	बुधवार, चैत ०१, १९०१	1-12-1901	1901-04-01	1902-03-31	1901-10-01	1901-12-30
1901-12-15	1845-03-26	Wednesday	350	30	1901/12/15	१९०१/१२/१५	Chaitra 15, 1901	Wednesday, Chaitra 15, 1901	चैत १५, १९०१	बुधवार, चैत १५, १९०१	15-12-1901	1901-04-01	1902-03-31	1901-10-01	1901-12-30
1901-12-30	1845-04-10	Thursday	365	30	1901/12/30	१९०१/१२/३०	Chaitra 30, 1901	Thursday, Chaitra 30, 1901	चैत ३०, १९०१	बिहिवार, चैत ३०, १९०१	30-12-1901	1901-04-01	1902-03-31	1901-10-01	1901-12-30
1902-01-01	1845-04-11	Friday	1	31	1902/01/01	१९०२/०१/०१	Baishakh 01, 1902	Friday, Baishakh 01, 1902	बैशाख ०१, १९०२	शुक्रवार, बैशाख ०१, १९०२	1-1-1902	1901-04-01	1902-03-31	1902-01-01	1902-03-31
1902-01-15	1845-04-25	Friday	15	31	1902/01/15	१९०२/०१/१५	Baishakh 15, 1902	Friday, Baishakh 15, 1902	बैशाख १५, १९०२	शुक्रवार, बैशाख १५, १९०२	15-1-1902	1901-04-01	1902-03-31	1902-01-01	1902-03-31
1902-01-31	1845-05-11	Sunday	31	31	1902/01/31	१९०२/०१/३१	Baishakh 31, 1902	Sunday, Baishakh 31, 1902	बैशाख ३१, १९०२	आइतवार, बैशाख ३१, १९०२	31-1-1902	1901-04-01	1902-03-31	1902-01-01	1902-03-31
1902-02-01	1845-05-12	Monday	32	32	1902/02/01	१९०२/०२/०१	Jestha 01, 1902	Monday, Jestha 01, 1902	जेठ ०१, १९०२	सोमवार, जेठ ०१, १९०२	1-2-1902	1901-04-01	1902-03-31	1902-01-01	1902-03-31
1902-02-15	1845-05-26	Monday	46	32	1902/02/15	१९०२/०२/१५	Jestha 15, 1902	Monday, Jestha 15, 1902	जेठ १५, १९०२	सोमवार, जेठ १५, १९०२	15-2-1902	1901-04-01	1902-03-31	1902-01-01	1902-03-31
1902-02-32	1845-06-12	Thursday	63	32	1902/02/32	१९०२/०२/३२	Jestha 32, 1902	Thursday, Jestha 32, 1902	जेठ ३२, १९०२	बिहिवार, जेठ ३२, १९०२	32-2-1902	1901-04-01	1902-03-31	1902-01-01	1902-03-31
1902-03-01	1845-06-13	Friday	64	31	1902/03/01	१९०२/०३/०१	Ashad 01, 1902	Friday, Ashad 01, 1902	असार ०१, १९०२	शुक्रवार, असार ०१, १९०२	1-3-1902	1901-04-01	1902-03-31	1902-01-01	1902-03-31
1902-03-04	1845-06-16	Monday	67	31	1902/03/04	१९०२/०३/०४	Ashad 04, 1902	Monday, Ashad 04, 1902	असार ०४, १९०२	सोमवार, असार ०४, १९०२	4-3-1902	1901-04-01	1902-03-31	1902-01-01	1902-03-31
1902-03-15	1845-06-27	Friday	78	31	1902/03/15	१९०२/०३/१५	Ashad 15, 1902	Friday, Ashad 15, 1902	असार १५, १९०२	शुक्रवार, असार १५, १९०२	15-3-1902	1901-04-01	1902-03-31	1902-01-01	1902-03-31
1902-03-31	1845-07-13	Sunday	94	31	1902/03/31	१९०२/०३/३१	Ashad 31, 1902	Sunday, Ashad 31, 1902	असार ३१, १९०२	आइतवार, असार ३१, १९०२	31-3-1902	1901-04-01	1902-03-31	1902-01-01	1902-03-31
1902-04-01	1845-07-14	Monday	95	32	1902/04/01	१९०२/०४/०१	Shrawan 01, 1902	Monday, Shrawan 01, 1902	साउन ०१, १९०२	सोमवार, साउन ०१, १९०२	1-4-1902	1902-04-01	1903-03-31	1902-04-01	1902-06-30
1902-04-15	1845-07-28	Monday	109	32	1902/04/15	१९०२/०४/१५	Shrawan 15, 1902	Monday, Shrawan 15, 1902	साउन १५, १९०२	सोमवार, साउन १५, १९०२	15-4-1902	1902-04-01	1903-03-31	1902-04-01	1902-06-30
1902-04-32	1845-08-14	Thursday	126	32	1902/04/32	१९०२/०४/३२	Shrawan 32, 1902	Thursday, Shrawan 32, 1902	साउन ३२, १९०२	बिहिवार, साउन ३२, १९०२	32-4-1902	1902-04-01	1903-03-31	1902-04-01	1902-06-30
1902-05-01	1845-08-15	Friday	127	31	1902/05/01	१९०२/०५/०१	Bhadra 01, 1902	Friday, Bhadra 01, 1902	भदौ ०१, १९०२	शुक्रवार, भदौ ०१, १९०२	1-5-1902	1902-04-01	1903-03-31	1902-04-01	1902-06-30
1902-05-15	1845-08-29	Friday	141	31	1902/05/15	१९०२/०५/१५	Bhadra 15, 1902	Friday, Bhadra 15, 1902	भदौ १५, १९०२	शुक्रवार, भदौ १५, १९०२	15-5-1902	1902-04-01	1903-03-31	1902-04-01	1902-06-30
1902-05-31	1845-09-14	Sunday	157	31	1902/05/31	१९०२/०५/३१	Bhadra 31, 1902	Sunday, Bhadra 31, 1902	भदौ ३१, १९०२	आइतवार, भदौ ३१, १९०२	31-5-1902	1902-04-01	1903-03-31	1902-04-01	1902-06-30
1902-06-01	1845-09-15	Monday	158	30	1902/06/01	१९०२/०६/०१	Ashoj 01, 1902	Monday, Ashoj 01, 1902	असोज ०१, १९०२	सोमवार, असोज ०१, १९०२	1-6-1902	1902-04-01	1903-03-31	1902-04-01	1902-06-30
1902-06-15	1845-09-29	Monday	172	30	1902/06/15	१९०२/०६/१५	Ashoj 15, 1902	Monday, Ashoj 15, 1902	असोज १५, १९०२	सोमवार, असोज १५, १९०२	15-6-1902	1902-04-01	1903-03-31	1902-04-01	1902-06-30
1902-06-30	1845-10-14	Tuesday	187	30	1902/06/30	१९०२/०६/३०	Ashoj 30, 1902	Tuesday, Ashoj 30, 1902	असोज ३०, १९०२	मङ्गलवार, असोज ३०, १९०२	30-6-1902	1902-04-01	1903-03-31	1902-04-01	1902-06-30
1902-07-01	1845-10-15	Wednesday	188	30	1902/07/01	१९०२/०७/०१	Kartik 01, 1902	Wednesday, Kartik 01, 1902	कार्तिक ०१, १९०२	बुधवार, कार्तिक ०१, १९०२	1-7-1902	1902-04-01	1903-03-31	1902-07-01	1902-09-30
1902-07-15	1845-10-29	Wednesday	202	30	1902/07/15	१९०२/०७/१५	Kartik 15, 1902	Wednesday, Kartik 15, 1902	कार्तिक १५, १९०२	बुधवार, कार्तिक १५, १९०२	15-7-1902	1902-04-01	1903-03-31	1902-07-01	1902-09-30
1902-07-30	1845-11-13	Thursday	217	30	1902/07/30	१९०२/०७/३०	Kartik 30, 1902	Thursday, Kartik 30, 1902	कार्तिक ३०, १९०२	बिहिवार, कार्तिक ३०, १९०२	30-7-1902	1902-04-01	1903-03-31	1902-07-01	1902-09-30
1902-08-01	1845-11-14	Friday	218	29	1902/08/01	१९०२/०८/०१	Mangsir 01, 1902	Friday, Mangsir 01, 1902	मंसिर ०१, १९०२	शुक्रवार, मंसिर ०१, १९०२	1-8-1902	1902-04-01	1903-03-31	1902-07-01	1902-09-30
1902-08-15	1845-11-28	Friday	232	29	1902/08/15	१९०२/०८/१५	Mangsir 15, 1902	Friday, Mangsir 15, 1902	मंसिर १५, १९०२	शुक्रवार, मंसिर १५, १९०२	15-8-1902	1902-04-01	1903-03-31	1902-07-01	1902-09-30
1902-08-29	1845-12-12	Friday	246	29	1902/08/29	१९०२/०८/२९	Mangsir 29, 1902	Friday, Mangsir 29, 1902	मंसिर २९, १९०२	शुक्रवार, मंसिर २९, १९०२	29-8-1902	1902-04-01	1903-03-31	1902-07-01	1902-09-30
1902-09-01	1845-12-13	Saturday	247	30	1902/09/01	१९०२/०९/०१	Poush 01, 1902	Saturday, Poush 01, 1902	पुष ०१, १९०२	शनिवार, पुष ०१, १९०२	1-9-1902	1902-04-01	1903-03-31	1902-07-01	1902-09-30
1902-09-15	1845-12-27	Saturday	261	30	1902/09/15	१९०२/०९/१५	Poush 15, 1902	Saturday, Poush 15, 1902	पुष १५, १९०२	शनिवार, पुष १५, १९०२	15-9-1902	1902-04-01	1903-03-31	1902-07-01	1902-09-30
1902-09-30	1846-01-11	Sunday	276	30	1902/09/30	१९०२/०९/३०	Poush 30, 1902	Sunday, Poush 30, 1902	पुष ३०, १९०२	आइतवार, पुष ३०, १९०२	30-9-1902	1902-04-01	1903-03-31	1902-07-01	1902-09-30
1902-10-01	1846-01-12	Monday	277	29	1902/10/01	१९०२/१०/०१	Magh 01, 1902	Monday, Magh 01, 1902	माघ ०१, १९०२	सोमवार, माघ ०१, १९०२	1-10-1902	1902-04-01	1903-03-31	1902-10-01	1902-12-30
1902-10-15	1846-01-26	Monday	291	29	1902/10/15	१९०२/१०/१५	Magh 15, 1902	Monday, Magh 15, 1902	माघ १५, १९०२	सोमवार, माघ १५, १९०२	15-10-1902	1902-04-01	1903-03-31	1902-10-01	1902-12-30
1902-10-29	1846-02-09	Monday	305	29	1902/10/29	१९०२/१०/२९	Magh 29, 1902	Monday, Magh 29, 1902	माघ २९, १९०२	सोमवार, माघ २९, १९०२	29-10-1902	1902-04-01	1903-03-31	1902-10-01	1902-12-30
1902-11-01	1846-02-10	Tuesday	306	30	1902/11/01	१९०२/११/०१	Falgun 01, 1902	Tuesday, Falgun 01, 1902	फागुन ०१, १९०२	मङ्गलवार, फागुन ०१, १९०२	1-11-1902	1902-04-01	1903-03-31	1902-10-01	1902-12-30
1902-11-15	1846-02-24	Tuesday	320	30	1902/11/15	१९०२/११/१५	Falgun 15, 1902	Tuesday, Falgun 15, 1902	फागुन १५, १९०२	मङ्गलवार, फागुन १५, १९०२	15-11-1902	1902-04-01	1903-03-31	1902-10-01	1902-12-30
1902-11-30	1846-03-11	Wednesday	335	30	1902/11/30	१९०२/११/३०	Falgun 30, 1902	Wednesday, Falgun 30, 1902	फागुन ३०, १९०२	बुधवार, फागुन ३०, १९०२	30-11-1902	1902-04-01	1903-03-31	1902-10-01	1902-12-30
1902-12-01	1846-03-12	Thursday	336	30	1902/12/01	१९०२/१२/०१	Chaitra 01, 1902	Thursday, Chaitra 01, 1902	चैत ०१, १९०२	बिहिवार, चैत ०१, १९०२	1-12-1902	1902-04-01	1903-03-31	1902-10-01	1902-12-30
1902-12-15	1846-03-26	Thursday	350	30	1902/12/15	१९०२/१२/१५	Chaitra 15, 1902	Thursday, Chaitra 15, 1902	चैत १५, १९०२	बिहिवार, चैत १५, १९०२	15-12-1902	1902-04-01	1903-03-31	1902-10-01	1902-12-30
1902-12-30	1846-04-10	Friday	365	30	1902/12/30	१९०२/१२/३०	Chaitra 30, 1902	Friday, Chaitra 30, 1902	चैत ३०, १९०२	शुक्रवार, चैत ३०, १९०२	30-12-1902	1902-04-01	1903-03-31	1902-10-01	1902-12-30
1903-09-01	1846-12-14	Monday	248	29	1903/09/01	१९०३/०९/०१	Poush 01, 1903	Monday, Poush 01, 1903	पुष ०१, १९०३	सोमवार, पुष ०१, १९०३	1-9-1903	1903-04-01	1904-03-31	1903-07-01	1903-09-29
1903-09-11	1846-12-24	Thursday	258	29	1903/09/11	१९०३/०९/११	Poush 11, 1903	Thursday, Poush 11, 1903	पुष ११, १९०३	बिहिवार, पुष ११, १९०३	11-9-1903	1903-04-01	1904-03-31	1903-07-01	1903-09-29
1904-08-02	1847-11-16	Tuesday	219	29	1904/08/02	१९०४/०८/०२	Mangsir 02, 1904	Tuesday, Mangsir 02, 1904	मंसिर ०२, १९०४	मङ्गलवार, मंसिर ०२, १९०४	2-8-1904	1904-04-01	1905-03-32	1904-07-01	1904-09-30
1904-11-08	1848-02-18	Friday	313	30	1904/11/08	१९०४/११/०८	Falgun 08, 1904	Friday, Falgun 08, 1904	फागुन ०८, १९०४	शुक्रवार, फागुन ०८, १९०४	8-11-1904	1904-04-01	1905-03-32	1904-10-01	1904-12-30
1904-12-17	1848-03-28	Tuesday	352	30	1904/12/17	१९०४/१२/१७	Chaitra 17, 1904	Tuesday, Chaitra 17, 1904	चैत १७, १९०४	मङ्गलवार, चैत १७, १९०४	17-12-1904	1904-04-01	1905-03-32	1904-10-01	1904-12-30
1905-12-07	1849-03-18	Sunday	342	30	1905/12/07	१९०५/१२/०७	Chaitra 07, 1905	Sunday, Chaitra 07, 1905	चैत ०७, १९०५	आइतवार, चैत ०७, १९०५	7-12-1905	1905-04-01	1906-03-31	1905-10-01	1905-12-30
1906-07-21	1849-11-04	Sunday	208	30	1906/07/21	१९०६/०७/२१	Kartik 21, 1906	Sunday, Kartik 21, 1906	कार्तिक २१, १९०६	आइतवार, कार्तिक २१, १९०६	21-7-1906	1906-04-01	1907-03-31	1906-07-01	1906-09-29
1906-10-19	1850-01-30	Wednesday	295	29	1906/10/19	१९०६/१०/१९	Magh 19, 1906	Wednesday, Magh 19, 1906	माघ १९, १९०६	बुधवार, माघ १९, १९०६	19-10-1906	1906-04-01	1907-03-31	1906-10-01	1906-12-30
1908-03-26	1851-07-08	Tuesday	88	31	1908/03/26	१९०८/०३/२६	Ashad 26, 1908	Tuesday, Ashad 26, 1908	असार २६, १९०८	मङ्गलवार, असार २६, १९०८	26-3-1908	1907-04-01	1908-03-31	1908-01-01	1908-03-31
1908-11-15	1852-02-25	Wednesday	320	30	1908/11/15	१९०८/११/१५	Falgun 15, 1908	Wednesday, Falgun 15, 1908	फागुन १५, १९०८	बुधवार, फागुन १५, १९०८	15-11-1908	1908-04-01	1909-03-32	1908-10-01	1908-12-30
1909-02-12	1852-05-23	Sunday	43	31	1909/02/12	१९०९/०२/१२	Jestha 12, 1909	Sunday, Jestha 12, 1909	जेठ १२, १९०९	आइतवार, जेठ १२, १९०९	12-2-1909	1908-04-01	1909-03-32	1909-01-01	1909-03-32
1909-11-04	1853-02-13	Sunday	309	30	1909/11/04	१९०९/११/०४	Falgun 04, 1909	Sunday, Falgun 04, 1909	फागुन ०४, १९०९	आइतवार, फागुन ०४, १९०९	4-11-1909	1909-04-01	1910-03-31	1909-10-01	1909-12-30
1910-03-22	1853-07-04	Monday	85	31	1910/03/22	१९१०/०३/२२	Ashad 22, 1910	Monday, Ashad 22, 1910	असार २२, १९१०	सोमवार, असार २२, १९१०	22-3-1910	1909-04-01	1910-03-31	1910-01-01	1910-03-31
1911-04-27	1854-08-09	Wednesday	121	32	1911/04/27	१९११/०४/२७	Shrawan 27, 1911	Wednesday, Shrawan 27, 1911	साउन २७, १९११	बुधवार, साउन २७, १९११	27-4-1911	1911-04-01	1912-03-32	1911-04-01	1911-06-30
1911-07-19	1854-11-02	Thursday	206	30	1911/07/19	१९११/०७/१९	Kartik 19, 1911	Thursday, Kartik 19, 1911	कार्तिक १९, १९११	बिहिवार, कार्तिक १९, १९११	19-7-1911	1911-04-01	1912-03-32	1911-07-01	1911-09-29
1912-06-29	1855-10-13	Saturday	185	31	1912/06/29	१९१२/०६/२९	Ashoj 29, 1912	Saturday, Ashoj 29, 1912	असोज २९, १९१२	शनिवार, असोज २९, १९१२	29-6-1912	1912-04-01	1913-03-32	1912-04-01	1912-06-31
1913-05-26	1856-09-08	Monday	151	32	1913/05/26	१९१३/०५/२६	Bhadra 26, 1913	Monday, Bhadra 26, 1913	भदौ २६, १९१३	सोमवार, भदौ २६, १९१३	26-5-1913	1913-04-01	1914-03-31	1913-04-01	1913-06-30
1913-07-27	1856-11-10	Monday	214	30	1913/07/27	१९१३/०७/२७	Kartik 27, 1913	Monday, Kartik 27, 1913	कार्तिक २७, १९१३	सोमवार, कार्तिक २७, १९१३	27-7-1913	1913-04-01	1914-03-31	1913-07-01	1913-09-30
1913-09-23	1857-01-04	Sunday	269	30	1913/09/23	१९१३/०९/२३	Poush 23, 1913	Sunday, Poush 23, 1913	पुष २३, १९१३	आइतवार, पुष २३, १९१३	23-9-1913	1913-04-01	1914-03-31	1913-07-01	1913-09-30
1914-03-11	1857-06-23	Tuesday	74	31	1914/03/11	१९१४/०३/११	Ashad 11, 1914	Tuesday, Ashad 11, 1914	असार ११, १९१४	मङ्गलवार, असार ११, १९१४	11-3-1914	1913-04-01	1914-03-31	1914-01-01	1914-03-31
1914-04-12	1857-07-25	Saturday	106	32	1914/04/12	१९१४/०४/१२	Shrawan 12, 1914	Saturday, Shrawan 12, 1914	साउन १२, १९१४	शनिवार, साउन १२, १९१४	12-4-1914	1914-04-01	1915-03-31	1914-04-01	1914-06-30
1914-04-18	1857-07-31	Friday	112	32	1914/04/18	१९१४/०४/१८	Shrawan 18, 1914	Friday, Shrawan 18, 1914	साउन १८, १९१४	शुक्रवार, साउन १८, १९१४	18-4-1914	1914-04-01	1915-03-31	1914-04-01	1914-06-30
1916-03-07	1859-06-19	Sunday	69	32	1916/03/07	१९१६/०३/०७	Ashad 07, 1916	Sunday, Ashad 07, 1916	असार ०७, १९१६	आइतवार, असार ०७, १९१६	7-3-1916	1915-04-01	1916-03-32	1916-01-01	1916-03-32
1916-03-30	1859-07-12	Tuesday	92	32	1916/03/30	१९१६/०३/३०	Ashad 30, 1916	Tuesday, Ashad 30, 1916	असार ३०, १९१६	मङ्गलवार, असार ३०, १९१६	30-3-1916	1915-04-01	1916-03-32	1916-01-01	1916-03-32
1916-08-16	1859-11-30	Wednesday	233	29	1916/08/16	१९१६/०८/१६	Mangsir 16, 1916	Wednesday, Mangsir 16, 1916	मंसिर १६, १९१६	बुधवार, मंसिर १६, १९१६	16-8-1916	1916-04-01	1917-03-32	1916-07-01	1916-09-30
1917-08-21	1860-12-04	Tuesday	238	29	1917/08/21	१९१७/०८/२१	Mangsir 21, 1917	Tuesday, Mangsir 21, 1917	मंसिर २१, १९१७	मङ्गलवार, मंसिर २१, १९१७	21-8-1917	1917-04-01	1918-03-31	1917-07-01	1917-09-30
1920-01-25	1863-05-06	Wednesday	25	31	1920/01/25	१९२०/०१/२५	Baishakh 25, 1920	Wednesday, Baishakh 25, 1920	बैशाख २५, १९२०	बुधवार, बैशाख २५, १९२०	25-1-1920	1919-04-01	1920-03-32	1920-01-01	1920-03-32
1921-07-07	1864-10-21	Friday	194	30	1921/07/07	१९२१/०७/०७	Kartik 07, 1921	Friday, Kartik 07, 1921	कार्तिक ०७, १९२१	शुक्रवार, कार्तिक ०७, १९२१	7-7-1921	1921-04-01	1922-03-31	1921-07-01	1921-09-30
1922-03-15	1865-06-27	Tuesday	78	31	1922/03/15	१९२२/०३/१५	Ashad 15, 1922	Tuesday, Ashad 15, 1922	असार १५, १९२२	मङ्गलवार, असार १५, १९२२	15-3-1922	1921-04-01	1922-03-31	1922-01-01	1922-03-31
1924-06-20	1867-10-04	Friday	176	31	1924/06/20	१९२४/०६/२०	Ashoj 20, 1924	Friday, Ashoj 20, 1924	असोज २०, १९२४	शुक्रवार, असोज २०, १९२४	20-6-1924	1924-04-01	1925-03-32	1924-04-01	1924-06-31
1925-06-15	1868-09-29	Tuesday	172	30	1925/06/15	१९२५/०६/१५	Ashoj 15, 1925	Tuesday, Ashoj 15, 1925	असोज १५, १९२५	मङ्गलवार, असोज १५, १९२५	15-6-1925	1925-04-01	1926-03-31	1925-04-01	1925-06-30
1927-12-10	1871-03-22	Wednesday	345	30	1927/12/10	१९२७/१२/१०	Chaitra 10, 1927	Wednesday, Chaitra 10, 1927	चैत १०, १९२७	बुधवार, चैत १०, १९२७	10-12-1927	1927-04-01	1928-03-32	1927-10-01	1927-12-30
1929-01-10	1872-04-20	Saturday	10	31	1929/01/10	१९२९/०१/१०	Baishakh 10, 1929	Saturday, Baishakh 10, 1929	बैशाख १०, १९२९	शनिवार, बैशाख १०, १९२९	10-1-1929	1928-04-01	1929-03-31	1929-01-01	1929-03-31
1930-10-06	1874-01-17	Saturday	282	29	1930/10/06	१९३०/१०/०६	Magh 06, 1930	Saturday, Magh 06, 1930	माघ ०६, १९३०	शनिवार, माघ ०६, १९३०	6-10-1930	1930-04-01	1931-03-31	1930-10-01	1930-12-31
1931-11-02	1875-02-12	Friday	307	30	1931/11/02	१९३१/११/०२	Falgun 02, 1931	Friday, Falgun 02, 1931	फागुन ०२, १९३१	शुक्रवार, फागुन ०२, १९३१	2-11-1931	1931-04-01	1932-03-32	1931-10-01	1931-12-30
1932-09-18	1875-12-31	Friday	264	30	1932/09/18	१९३२/०९/१८	Poush 18, 1932	Friday, Poush 18, 1932	पुष १८, १९३२	शुक्रवार, पुष १८, १९३२	18-9-1932	1932-04-01	1933-03-31	1932-07-01	1932-09-30
1933-02-04	1876-05-15	Monday	35	32	1933/02/04	१९३३/०२/०४	Jestha 04, 1933	Monday, Jestha 04, 1933	जेठ ०४, १९३३	सोमवार, जेठ ०४, १९३३	4-2-1933	1932-04-01	1933-03-31	1933-01-01	1933-03-31
1934-03-11	1877-06-23	Saturday	74	31	1934/03/11	१९३४/०३/११	Ashad 11, 1934	Saturday, Ashad 11, 1934	असार ११, १९३४	शनिवार, असार ११, १९३४	11-3-1934	1933-04-01	1934-03-31	1934-01-01	1934-03-31
1935-06-04	1878-09-18	Wednesday	160	31	1935/06/04	१९३५/०६/०४	Ashoj 04, 1935	Wednesday, Ashoj 04, 1935	असोज ०४, १९३५	बुधवार, असोज ०४, १९३५	4-6-1935	1935-04-01	1936-03-32	1935-04-01	1935-06-31
1937-04-15	1880-07-28	Wednesday	109	32	1937/04/15	१९३७/०४/१५	Shrawan 15, 1937	Wednesday, Shrawan 15, 1937	साउन १५, १९३७	बुधवार, साउन १५, १९३७	15-4-1937	1937-04-01	1938-03-31	1937-04-01	1937-06-30
1937-06-10	1880-09-24	Friday	167	30	1937/06/10	१९३७/०६/१०	Ashoj 10, 1937	Friday, Ashoj 10, 1937	असोज १०, १९३७	शुक्रवार, असोज १०, १९३७	10-6-1937	1937-04-01	1938-03-31	1937-04-01	1937-06-30
1938-05-07	1881-08-21	Sunday	133	31	1938/05/07	१९३८/०५/०७	Bhadra 07, 1938	Sunday, Bhadra 07, 1938	भदौ ०७, १९३८	आइतवार, भदौ ०७, १९३८	7-5-1938	1938-04-01	1939-03-31	1938-04-01	1938-06-30
1938-07-08	1881-10-22	Saturday	195	30	1938/07/08	१९३८/०७/०८	Kartik 08, 1938	Saturday, Kartik 08, 1938	कार्तिक ०८, १९३८	शनिवार, कार्तिक ०८, १९३८	8-7-1938	1938-04-01	1939-03-31	1938-07-01	1938-09-29
1939-05-10	1882-08-24	Thursday	135	31	1939/05/10	१९३९/०५/१०	Bhadra 10, 1939	Thursday, Bhadra 10, 1939	भदौ १०, १९३९	बिहिवार, भदौ १०, १९३९	10-5-1939	1939-04-01	1940-03-32	1939-04-01	1939-06-31
1941-04-07	1884-07-20	Sunday	101	32	1941/04/07	१९४१/०४/०७	Shrawan 07, 1941	Sunday, Shrawan 07, 1941	साउन ०७, १९४१	आइतवार, साउन ०७, १९४१	7-4-1941	1941-04-01	1942-03-31	1941-04-01	1941-06-30
1941-06-01	1884-09-15	Monday	158	30	1941/06/01	१९४१/०६/०१	Ashoj 01, 1941	Monday, Ashoj 01, 1941	असोज ०१, १९४१	सोमवार, असोज ०१, १९४१	1-6-1941	1941-04-01	1942-03-31	1941-04-01	1941-06-30
1941-08-17	1884-11-30	Sunday	234	30	1941/08/17	१९४१/०८/१७	Mangsir 17, 1941	Sunday, Mangsir 17, 1941	मंसिर १७, १९४१	आइतवार, मंसिर १७, १९४१	17-8-1941	1941-04-01	1942-03-31	1941-07-01	1941-09-29
1943-02-17	1886-05-29	Saturday	48	31	1943/02/17	१९४३/०२/१७	Jestha 17, 1943	Saturday, Jestha 17, 1943	जेठ १७, १९४३	शनिवार, जेठ १७, १९४३	17-2-1943	1942-04-01	1943-03-32	1943-01-01	1943-03-32
1943-05-30	1886-09-13	Monday	155	31	1943/05/30	१९४३/०५/३०	Bhadra 30, 1943	Monday, Bhadra 30, 1943	भदौ ३०, १९४३	सोमवार, भदौ ३०, १९४३	30-5-1943	1943-04-01	1944-03-32	1943-04-01	1943-06-31
1943-12-12	1887-03-24	Thursday	347	30	1943/12/12	१९४३/१२/१२	Chaitra 12, 1943	Thursday, Chaitra 12, 1943	चैत १२, १९४३	बिहिवार, चैत १२, १९४३	12-12-1943	1943-04-01	1944-03-32	1943-10-01	1943-12-30
1945-03-04	1888-06-16	Saturday	67	31	1945/03/04	१९४५/०३/०४	Ashad 04, 1945	Saturday, Ashad 04, 1945	असार ०४, १९४५	शनिवार, असार ०४, १९४५	4-3-1945	1944-04-01	1945-03-31	1945-01-01	1945-03-31
1945-05-27	1888-09-10	Monday	153	31	1945/05/27	१९४५/०५/२७	Bhadra 27, 1945	Monday, Bhadra 27, 1945	भदौ २७, १९४५	सोमवार, भदौ २७, १९४५	27-5-1945	1945-04-01	1946-03-31	1945-04-01	1945-06-30
1945-07-28	1888-11-11	Sunday	215	30	1945/07/28	१९४५/०७/२८	Kartik 28, 1945	Sunday, Kartik 28, 1945	कार्तिक २८, १९४५	आइतवार, कार्तिक २८, १९४५	28-7-1945	1945-04-01	1946-03-31	1945-07-01	1945-09-29
1946-06-29	1889-10-13	Sunday	185	30	1946/06/29	१९४६/०६/२९	Ashoj 29, 1946	Sunday, Ashoj 29, 1946	असोज २९, १९४६	आइतवार, असोज २९, १९४६	29-6-1946	1946-04-01	1947-03-32	1946-04-01	1946-06-30
1947-06-18	1890-10-02	Thursday	174	31	1947/06/18	१९४७/०६/१८	Ashoj 18, 1947	Thursday, Ashoj 18, 1947	असोज १८, १९४७	बिहिवार, असोज १८, १९४७	18-6-1947	1947-04-01	1948-03-32	1947-04-01	1947-06-31
1947-09-09	1890-12-22	Monday	255	30	1947/09/09	१९४७/०९/०९	Poush 09, 1947	Monday, Poush 09, 1947	पुष ०९, १९४७	सोमवार, पुष ०९, १९४७	9-9-1947	1947-04-01	1948-03-32	1947-07-01	1947-09-30
1949-07-13	1892-10-27	Thursday	200	30	1949/07/13	१९४९/०७/१३	Kartik 13, 1949	Thursday, Kartik 13, 1949	कार्तिक १३, १९४९	बिहिवार, कार्तिक १३, १९४९	13-7-1949	1949-04-01	1950-03-31	1949-07-01	1949-09-29
1950-01-01	1893-04-12	Wednesday	1	31	1950/01/01	१९५०/०१/०१	Baishakh 01, 1950	Wednesday, Baishakh 01, 1950	बैशाख ०१, १९५०	बुधवार, बैशाख ०१, १९५०	1-1-1950	1949-04-01	1950-03-31	1950-01-01	1950-03-31
1950-01-15	1893-04-26	Wednesday	15	31	1950/01/15	१९५०/०१/१५	Baishakh 15, 1950	Wednesday, Baishakh 15, 1950	बैशाख १५, १९५०	बुधवार, बैशाख १५, १९५०	15-1-1950	1949-04-01	1950-03-31	1950-01-01	1950-03-31
1950-01-31	1893-05-12	Friday	31	31	1950/01/31	१९५०/०१/३१	Baishakh 31, 1950	Friday, Baishakh 31, 1950	बैशाख ३१, १९५०	शुक्रवार, बैशाख ३१, १९५०	31-1-1950	1949-04-01	1950-03-31	1950-01-01	1950-03-31
1950-02-01	1893-05-13	Saturday	32	31	1950/02/01	१९५०/०२/०१	Jestha 01, 1950	Saturday, Jestha 01, 1950	जेठ ०१, १९५०	शनिवार, जेठ ०१, १९५०	1-2-1950	1949-04-01	1950-03-31	1950-01-01	1950-03-31
1950-02-15	1893-05-27	Saturday	46	31	1950/02/15	१९५०/०२/१५	Jestha 15, 1950	Saturday, Jestha 15, 1950	जेठ १५, १९५०	शनिवार, जेठ १५, १९५०	15-2-1950	1949-04-01	1950-03-31	1950-01-01	1950-03-31
1950-02-31	1893-06-12	Monday	62	31	1950/02/31	१९५०/०२/३१	Jestha 31, 1950	Monday, Jestha 31, 1950	जेठ ३१, १९५०	सोमवार, जेठ ३१, १९५०	31-2-1950	1949-04-01	1950-03-31	1950-01-01	1950-03-31
1950-03-01	1893-06-13	Tuesday	63	31	1950/03/01	१९५०/०३/०१	Ashad 01, 1950	Tuesday, Ashad 01, 1950	असार ०१, १९५०	मङ्गलवार, असार ०१, १९५०	1-3-1950	1949-04-01	1950-03-31	1950-01-01	1950-03-31
1950-03-15	1893-06-27	Tuesday	77	31	1950/03/15	१९५०/०३/१५	Ashad 15, 1950	Tuesday, Ashad 15, 1950	असार १५, १९५०	मङ्गलवार, असार १५, १९५०	15-3-1950	1949-04-01	1950-03-31	1950-01-01	1950-03-31
1950-03-31	1893-07-13	Thursday	93	31	1950/03/31	१९५०/०३/३१	Ashad 31, 1950	Thursday, Ashad 31, 1950	असार ३१, १९५०	बिहिवार, असार ३१, १९५०	31-3-1950	1949-04-01	1950-03-31	1950-01-01	1950-03-31
1950-04-01	1893-07-14	Friday	94	32	1950/04/01	१९५०/०४/०१	Shrawan 01, 1950	Friday, Shrawan 01, 1950	साउन ०१, १९५०	शुक्रवार, साउन ०१, १९५०	1-4-1950	1950-04-01	1951-03-32	1950-04-01	1950-06-31
1950-04-15	1893-07-28	Friday	108	32	1950/04/15	१९५०/०४/१५	Shrawan 15, 1950	Friday, Shrawan 15, 1950	साउन १५, १९५०	शुक्रवार, साउन १५, १९५०	15-4-1950	1950-04-01	1951-03-32	1950-04-01	1950-06-31
1950-04-32	1893-08-14	Monday	125	32	1950/04/32	१९५०/०४/३२	Shrawan 32, 1950	Monday, Shrawan 32, 1950	साउन ३२, १९५०	सोमवार, साउन ३२, १९५०	32-4-1950	1950-04-01	1951-03-32	1950-04-01	1950-06-31
1950-05-01	1893-08-15	Tuesday	126	31	1950/05/01	१९५०/०५/०१	Bhadra 01, 1950	Tuesday, Bhadra 01, 1950	भदौ ०१, १९५०	मङ्गलवार, भदौ ०१, १९५०	1-5-1950	1950-04-01	1951-03-32	1950-04-01	1950-06-31
1950-05-15	1893-08-29	Tuesday	140	31	1950/05/15	१९५०/०५/१५	Bhadra 15, 1950	Tuesday, Bhadra 15, 1950	भदौ १५, १९५०	मङ्गलवार, भदौ १५, १९५०	15-5-1950	1950-04-01	1951-03-32	1950-04-01	1950-06-31
1950-05-31	1893-09-14	Thursday	156	31	1950/05/31	१९५०/०५/३१	Bhadra 31, 1950	Thursday, Bhadra 31, 1950	भदौ ३१, १९५०	बिहिवार, भदौ ३१, १९५०	31-5-1950	1950-04-01	1951-03-32	1950-04-01	1950-06-31
1950-06-01	1893-09-15	Friday	157	31	1950/06/01	१९५०/०६/०१	Ashoj 01, 1950	Friday, Ashoj 01, 1950	असोज ०१, १९५०	शुक्रवार, असोज ०१, १९५०	1-6-1950	1950-04-01	1951-03-32	1950-04-01	1950-06-31
1950-06-15	1893-09-29	Friday	171	31	1950/06/15	१९५०/०६/१५	Ashoj 15, 1950	Friday, Ashoj 15, 1950	असोज १५, १९५०	शुक्रवार, असोज १५, १९५०	15-6-1950	1950-04-01	1951-03-32	1950-04-01	1950-06-31
1950-06-31	1893-10-15	Sunday	187	31	1950/06/31	१९५०/०६/३१	Ashoj 31, 1950	Sunday, Ashoj 31, 1950	असोज ३१, १९५०	आइतवार, असोज ३१, १९५०	31-6-1950	1950-04-01	1951-03-32	1950-04-01	1950-06-31
1950-07-01	1893-10-16	Monday	188	29	1950/07/01	१९५०/०७/०१	Kartik 01, 1950	Monday, Kartik 01, 1950	कार्तिक ०१, १९५०	सोमवार, कार्तिक ०१, १९५०	1-7-1950	1950-04-01	1951-03-32	1950-07-01	1950-09-30
1950-07-15	1893-10-30	Monday	202	29	1950/07/15	१९५०/०७/१५	Kartik 15, 1950	Monday, Kartik 15, 1950	कार्तिक १५, १९५०	सोमवार, कार्तिक १५, १९५०	15-7-1950	1950-04-01	1951-03-32	1950-07-01	1950-09-30
1950-07-29	1893-11-13	Monday	216	29	1950/07/29	१९५०/०७/२९	Kartik 29, 1950	Monday, Kartik 29, 1950	कार्तिक २९, १९५०	सोमवार, कार्तिक २९, १९५०	29-7-1950	1950-04-01	1951-03-32	1950-07-01	1950-09-30
1950-08-01	1893-11-14	Tuesday	217	30	1950/08/01	१९५०/०८/०१	Mangsir 01, 1950	Tuesday, Mangsir 01, 1950	मंसिर ०१, १९५०	मङ्गलवार, मंसिर ०१, १९५०	1-8-1950	1950-04-01	1951-03-32	1950-07-01	1950-09-30
1950-08-15	1893-11-28	Tuesday	231	30	1950/08/15	१९५०/०८/१५	Mangsir 15, 1950	Tuesday, Mangsir 15, 1950	मंसिर १५, १९५०	मङ्गलवार, मंसिर १५, १९५०	15-8-1950	1950-04-01	1951-03-32	1950-07-01	1950-09-30
1950-08-30	1893-12-13	Wednesday	246	30	1950/08/30	१९५०/०८/३०	Mangsir 30, 1950	Wednesday, Mangsir 30, 1950	मंसिर ३०, १९५०	बुधवार, मंसिर ३०, १९५०	30-8-1950	1950-04-01	1951-03-32	1950-07-01	1950-09-30
1950-09-01	1893-12-14	Thursday	247	30	1950/09/01	१९५०/०९/०१	Poush 01, 1950	Thursday, Poush 01, 1950	पुष ०१, १९५०	बिहिवार, पुष ०१, १९५०	1-9-1950	1950-04-01	1951-03-32	1950-07-01	1950-09-30
1950-09-15	1893-12-28	Thursday	261	30	1950/09/15	१९५०/०९/१५	Poush 15, 1950	Thursday, Poush 15, 1950	पुष १५, १९५०	बिहिवार, पुष १५, १९५०	15-9-1950	1950-04-01	1951-03-32	1950-07-01	1950-09-30
1950-09-30	1894-01-12	Friday	276	30	1950/09/30	१९५०/०९/३०	Poush 30, 1950	Friday, Poush 30, 1950	पुष ३०, १९५०	शुक्रवार, पुष ३०, १९५०	30-9-1950	1950-04-01	1951-03-32	1950-07-01	1950-09-30
1950-10-01	1894-01-13	Saturday	277	29	1950/10/01	१९५०/१०/०१	Magh 01, 1950	Saturday, Magh 01, 1950	माघ ०१, १९५०	शनिवार, माघ ०१, १९५०	1-10-1950	1950-04-01	1951-03-32	1950-10-01	1950-12-31
1950-10-15	1894-01-27	Saturday	291	29	1950/10/15	१९५०/१०/१५	Magh 15, 1950	Saturday, Magh 15, 1950	माघ १५, १९५०	शनिवार, माघ १५, १९५०	15-10-1950	1950-04-01	1951-03-32	1950-10-01	1950-12-31
1950-10-29	1894-02-10	Saturday	305	29	1950/10/29	१९५०/१०/२९	Magh 29, 1950	Saturday, Magh 29, 1950	माघ २९, १९५०	शनिवार, माघ २९, १९५०	29-10-1950	1950-04-01	1951-03-32	1950-10-01	1950-12-31
1950-11-01	1894-02-11	Sunday	306	29	1950/11/01	१९५०/११/०१	Falgun 01, 1950	Sunday, Falgun 01, 1950	फागुन ०१, १९५०	आइतवार, फागुन ०१, १९५०	1-11-1950	1950-04-01	1951-03-32	1950-10-01	1950-12-31
1950-11-15	1894-02-25	Sunday	320	29	1950/11/15	१९५०/११/१५	Falgun 15, 1950	Sunday, Falgun 15, 1950	फागुन १५, १९५०	आइतवार, फागुन १५, १९५०	15-11-1950	1950-04-01	1951-03-32	1950-10-01	1950-12-31
1950-11-29	1894-03-11	Sunday	334	29	1950/11/29	१९५०/११/२९	Falgun 29, 1950	Sunday, Falgun 29, 1950	फागुन २९, १९५०	आइतवार, फागुन २९, १९५०	29-11-1950	1950-04-01	1951-03-32	1950-10-01	1950-12-31
1950-12-01	1894-03-12	Monday	335	31	1950/12/01	१९५०/१२/०१	Chaitra 01, 1950	Monday, Chaitra 01, 1950	चैत ०१, १९५०	सोमवार, चैत ०१, १९५०	1-12-1950	1950-04-01	1951-03-32	1950-10-01	1950-12-31
1950-12-15	1894-03-26	Monday	349	31	1950/12/15	१९५०/१२/१५	Chaitra 15, 1950	Monday, Chaitra 15, 1950	चैत १५, १९५०	सोमवार, चैत १५, १९५०	15-12-1950	1950-04-01	1951-03-32	1950-10-01	1950-12-31
1950-12-31	1894-04-11	Wednesday	365	31	1950/12/31	१९५०/१२/३१	Chaitra 31, 1950	Wednesday, Chaitra 31, 1950	चैत ३१, १९५०	बुधवार, चैत ३१, १९५०	31-12-1950	1950-04-01	1951-03-32	1950-10-01	1950-12-31
1951-05-08	1894-08-22	Wednesday	133	31	1951/05/08	१९५१/०५/०८	Bhadra 08, 1951	Wednesday, Bhadra 08, 1951	भदौ ०८, १९५१	बुधवार, भदौ ०८, १९५१	8-5-1951	1951-04-01	1952-03-32	1951-04-01	1951-06-31
1952-04-10	1895-07-24	Wednesday	104	32	1952/04/10	१९५२/०४/१०	Shrawan 10, 1952	Wednesday, Shrawan 10, 1952	साउन १०, १९५२	बुधवार, साउन १०, १९५२	10-4-1952	1952-04-01	1953-03-31	1952-04-01	1952-06-30
1952-08-09	1895-11-23	Saturday	226	29	1952/08/09	१९५२/०८/०९	Mangsir 09, 1952	Saturday, Mangsir 09, 1952	मंसिर ०९, १९५२	शनिवार, मंसिर ०९, १९५२	9-8-1952	1952-04-01	1953-03-31	1952-07-01	1952-09-30
1952-12-02	1896-03-13	Friday	337	30	1952/12/02	१९५२/१२/०२	Chaitra 02, 1952	Friday, Chaitra 02, 1952	चैत ०२, १९५२	शुक्रवार, चैत ०२, १९५२	2-12-1952	1952-04-01	1953-03-31	1952-10-01	1952-12-30
1955-05-12	1898-08-26	Friday	137	31	1955/05/12	१९५५/०५/१२	Bhadra 12, 1955	Friday, Bhadra 12, 1955	भदौ १२, १९५५	शुक्रवार, भदौ १२, १९५५	12-5-1955	1955-04-01	1956-03-32	1955-04-01	1955-06-31
1955-09-21	1899-01-03	Tuesday	267	30	1955/09/21	१९५५/०९/२१	Poush 21, 1955	Tuesday, Poush 21, 1955	पुष २१, १९५५	मङ्गलवार, पुष २१, १९५५	21-9-1955	1955-04-01	1956-03-32	1955-07-01	1955-09-30
1955-10-04	1899-01-16	Monday	280	29	1955/10/04	१९५५/१०/०४	Magh 04, 1955	Monday, Magh 04, 1955	माघ ०४, १९५५	सोमवार, माघ ०४, १९५५	4-10-1955	1955-04-01	1956-03-32	1955-10-01	1955-12-30
1955-11-12	1899-02-22	Wednesday	317	30	1955/11/12	१९५५/११/१२	Falgun 12, 1955	Wednesday, Falgun 12, 1955	फागुन १२, १९५५	बुधवार, फागुन १२, १९५५	12-11-1955	1955-04-01	1956-03-32	1955-10-01	1955-12-30
1956-09-20	1900-01-02	Tuesday	266	30	1956/09/20	१९५६/०९/२०	Poush 20, 1956	Tuesday, Poush 20, 1956	पुष २०, १९५६	मङ्गलवार, पुष २०, १९५६	20-9-1956	1956-04-01	1957-03-31	1956-07-01	1956-09-30
1956-10-26	1900-02-07	Wednesday	302	29	1956/10/26	१९५६/१०/२६	Magh 26, 1956	Wednesday, Magh 26, 1956	माघ २६, १९५६	बुधवार, माघ २६, १९५६	26-10-1956	1956-04-01	1957-03-31	1956-10-01	1956-12-30
1957-09-02	1900-12-16	Sunday	249	29	1957/09/02	१९५७/०९/०२	Poush 02, 1957	Sunday, Poush 02, 1957	पुष ०२, १९५७	आइतवार, पुष ०२, १९५७	2-9-1957	1957-04-01	1958-03-31	1957-07-01	1957-09-29
1958-06-27	1901-10-12	Saturday	183	31	1958/06/27	१९५८/०६/२७	Ashoj 27, 1958	Saturday, Ashoj 27, 1958	असोज २७, १९५८	शनिवार, असोज २७, १९५८	27-6-1958	1958-04-01	1959-03-32	1958-04-01	1958-06-31
1960-05-09	1903-08-25	Tuesday	135	31	1960/05/09	१९६०/०५/०९	Bhadra 09, 1960	Tuesday, Bhadra 09, 1960	भदौ ०९, १९६०	मङ्गलवार, भदौ ०९, १९६०	9-5-1960	1960-04-01	1961-03-31	1960-04-01	1960-06-30
1960-12-05	1904-03-17	Thursday	340	30	1960/12/05	१९६०/१२/०५	Chaitra 05, 1960	Thursday, Chaitra 05, 1960	चैत ०५, १९६०	बिहिवार, चैत ०५, १९६०	5-12-1960	1960-04-01	1961-03-31	1960-10-01	1960-12-30
1964-02-28	1907-06-10	Monday	59	32	1964/02/28	१९६४/०२/२८	Jestha 28, 1964	Monday, Jestha 28, 1964	जेठ २८, १९६४	सोमवार, जेठ २८, १९६४	28-2-1964	1963-04-01	1964-03-31	1964-01-01	1964-03-31
1965-02-13	1908-05-25	Monday	44	32	1965/02/13	१९६५/०२/१३	Jestha 13, 1965	Monday, Jestha 13, 1965	जेठ १३, १९६५	सोमवार, जेठ १३, १९६५	13-2-1965	1964-04-01	1965-03-31	1965-01-01	1965-03-31
1965-06-20	1908-10-05	Monday	177	30	1965/06/20	१९६५/०६/२०	Ashoj 20, 1965	Monday, Ashoj 20, 1965	असोज २०, १९६५	सोमवार, असोज २०, १९६५	20-6-1965	1965-04-01	1966-03-31	1965-04-01	1965-06-30
1965-08-11	1908-11-25	Wednesday	228	30	1965/08/11	१९६५/०८/११	Mangsir 11, 1965	Wednesday, Mangsir 11, 1965	मंसिर ११, १९६५	बुधवार, मंसिर ११, १९६५	11-8-1965	1965-04-01	1966-03-31	1965-07-01	1965-09-29
1966-04-22	1909-08-05	Thursday	115	32	1966/04/22	१९६६/०४/२२	Shrawan 22, 1966	Thursday, Shrawan 22, 1966	साउन २२, १९६६	बिहिवार, साउन २२, १९६६	22-4-1966	1966-04-01	1967-03-32	1966-04-01	1966-06-31
1966-04-30	1909-08-13	Friday	123	32	1966/04/30	१९६६/०४/३०	Shrawan 30, 1966	Friday, Shrawan 30, 1966	साउन ३०, १९६६	शुक्रवार, साउन ३०, १९६६	30-4-1966	1966-04-01	1967-03-32	1966-04-01	1966-06-31
1966-09-12	1909-12-26	Sunday	258	30	1966/09/12	१९६६/०९/१२	Poush 12, 1966	Sunday, Poush 12, 1966	पुष १२, १९६६	आइतवार, पुष १२, १९६६	12-9-1966	1966-04-01	1967-03-32	1966-07-01	1966-09-30
1969-04-26	1912-08-09	Friday	120	32	1969/04/26	१९६९/०४/२६	Shrawan 26, 1969	Friday, Shrawan 26, 1969	साउन २६, १९६९	शुक्रवार, साउन २६, १९६९	26-4-1969	1969-04-01	1970-03-32	1969-04-01	1969-06-30
1970-01-09	1913-04-21	Monday	9	31	1970/01/09	१९७०/०१/०९	Baishakh 09, 1970	Monday, Baishakh 09, 1970	बैशाख ०९, १९७०	सोमवार, बैशाख ०९, १९७०	9-1-1970	1969-04-01	1970-03-32	1970-01-01	1970-03-32
1971-02-21	1914-06-03	Wednesday	52	31	1971/02/21	१९७१/०२/२१	Jestha 21, 1971	Wednesday, Jestha 21, 1971	जेठ २१, १९७१	बुधवार, जेठ २१, १९७१	21-2-1971	1970-04-01	1971-03-32	1971-01-01	1971-03-32
1972-03-05	1915-06-19	Saturday	68	31	1972/03/05	१९७२/०३/०५	Ashad 05, 1972	Saturday, Ashad 05, 1972	असार ०५, १९७२	शनिवार, असार ०५, १९७२	5-3-1972	1971-04-01	1972-03-31	1972-01-01	1972-03-31
1974-11-19	1918-03-02	Saturday	324	30	1974/11/19	१९७४/११/१९	Falgun 19, 1974	Saturday, Falgun 19, 1974	फागुन १९, १९७४	शनिवार, फागुन १९, १९७४	19-11-1974	1974-04-01	1975-03-32	1974-10-01	1974-12-30
1975-09-24	1919-01-07	Tuesday	270	30	1975/09/24	१९७५/०९/२४	Poush 24, 1975	Tuesday, Poush 24, 1975	पुष २४, १९७५	मङ्गलवार, पुष २४, १९७५	24-9-1975	1975-04-01	1976-03-31	1975-07-01	1975-09-30
1977-12-09	1921-03-21	Monday	343	31	1977/12/09	१९७७/१२/०९	Chaitra 09, 1977	Monday, Chaitra 09, 1977	चैत ०९, १९७७	सोमवार, चैत ०९, १९७७	9-12-1977	1977-04-01	1978-03-32	1977-10-01	1977-12-31
1978-10-21	1922-02-03	Friday	297	29	1978/10/21	१९७८/१०/२१	Magh 21, 1978	Friday, Magh 21, 1978	माघ २१, १९७८	शुक्रवार, माघ २१, १९७८	21-10-1978	1978-04-01	1979-03-32	1978-10-01	1978-12-30
1979-07-02	1922-10-18	Wednesday	189	30	1979/07/02	१९७९/०७/०२	Kartik 02, 1979	Wednesday, Kartik 02, 1979	कार्तिक ०२, १९७९	बुधवार, कार्तिक ०२, १९७९	2-7-1979	1979-04-01	1980-03-31	1979-07-01	1979-09-30
1980-05-09	1923-08-25	Saturday	135	31	1980/05/09	१९८०/०५/०९	Bhadra 09, 1980	Saturday, Bhadra 09, 1980	भदौ ०९, १९८०	शनिवार, भदौ ०९, १९८०	9-5-1980	1980-04-01	1981-03-31	1980-04-01	1980-06-30
1980-12-18	1924-03-30	Sunday	353	31	1980/12/18	१९८०/१२/१८	Chaitra 18, 1980	Sunday, Chaitra 18, 1980	चैत १८, १९८०	आइतवार, चैत १८, १९८०	18-12-1980	1980-04-01	1981-03-31	1980-10-01	1980-12-31
1981-12-05	1925-03-17	Tuesday	339	31	1981/12/05	१९८१/१२/०५	Chaitra 05, 1981	Tuesday, Chaitra 05, 1981	चैत ०५, १९८१	मङ्गलवार, चैत ०५, १९८१	5-12-1981	1981-04-01	1982-03-32	1981-10-01	1981-12-31
1983-11-10	1927-02-21	Monday	315	30	1983/11/10	१९८३/११/१०	Falgun 10, 1983	Monday, Falgun 10, 1983	फागुन १०, १९८३	सोमवार, फागुन १०, १९८३	10-11-1983	1983-04-01	1984-03-31	1983-10-01	1983-12-30
1984-07-16	1927-11-01	Tuesday	203	30	1984/07/16	१९८४/०७/१६	Kartik 16, 1984	Tuesday, Kartik 16, 1984	कार्तिक १६, १९८४	मङ्गलवार, कार्तिक १६, १९८४	16-7-1984	1984-04-01	1985-03-31	1984-07-01	1984-09-29
1984-11-14	1928-02-25	Saturday	319	30	1984/11/14	१९८४/११/१४	Falgun 14, 1984	Saturday, Falgun 14, 1984	फागुन १४, १९८४	शनिवार, फागुन १४, १९८४	14-11-1984	1984-04-01	1985-03-31	1984-10-01	1984-12-31
1987-07-16	1930-11-01	Saturday	203	30	1987/07/16	१९८७/०७/१६	Kartik 16, 1987	Saturday, Kartik 16, 1987	कार्तिक १६, १९८७	शनिवार, कार्तिक १६, १९८७	16-7-1987	1987-04-01	1988-03-31	1987-07-01	1987-09-30
1987-07-30	1930-11-15	Saturday	217	30	1987/07/30	१९८७/०७/३०	Kartik 30, 1987	Saturday, Kartik 30, 1987	कार्तिक ३०, १९८७	शनिवार, कार्तिक ३०, १९८७	30-7-1987	1987-04-01	1988-03-31	1987-07-01	1987-09-30
1987-12-20	1931-04-02	Thursday	355	30	1987/12/20	१९८७/१२/२०	Chaitra 20, 1987	Thursday, Chaitra 20, 1987	चैत २०, १९८७	बिहिवार, चैत २०, १९८७	20-12-1987	1987-04-01	1988-03-31	1987-10-01	1987-12-30
1988-02-10	1931-05-23	Saturday	41	32	1988/02/10	१९८८/०२/१०	Jestha 10, 1988	Saturday, Jestha 10, 1988	जेठ १०, १९८८	शनिवार, जेठ १०, १९८८	10-2-1988	1987-04-01	1988-03-31	1988-01-01	1988-03-31
1989-02-19	1932-06-01	Wednesday	50	31	1989/02/19	१९८९/०२/१९	Jestha 19, 1989	Wednesday, Jestha 19, 1989	जेठ १९, १९८९	बुधवार, जेठ १९, १९८९	19-2-1989	1988-04-01	1989-03-31	1989-01-01	1989-03-31
1989-07-19	1932-11-04	Friday	206	30	1989/07/19	१९८९/०७/१९	Kartik 19, 1989	Friday, Kartik 19, 1989	कार्तिक १९, १९८९	शुक्रवार, कार्तिक १९, १९८९	19-7-1989	1989-04-01	1990-03-32	1989-07-01	1989-09-30
1989-11-17	1933-02-28	Tuesday	322	30	1989/11/17	१९८९/११/१७	Falgun 17, 1989	Tuesday, Falgun 17, 1989	फागुन १७, १९८९	मङ्गलवार, फागुन १७, १९८९	17-11-1989	1989-04-01	1990-03-32	1989-10-01	1989-12-30
1989-11-29	1933-03-12	Sunday	334	30	1989/11/29	१९८९/११/२९	Falgun 29, 1989	Sunday, Falgun 29, 1989	फागुन २९, १९८९	आइतवार, फागुन २९, १९८९	29-11-1989	1989-04-01	1990-03-32	1989-10-01	1989-12-30
1990-03-14	1933-06-27	Tuesday	76	32	1990/03/14	१९९०/०३/१४	Ashad 14, 1990	Tuesday, Ashad 14, 1990	असार १४, १९९०	मङ्गलवार, असार १४, १९९०	14-3-1990	1989-04-01	1990-03-32	1990-01-01	1990-03-32
1993-02-25	1936-06-07	Sunday	56	31	1993/02/25	१९९३/०२/२५	Jestha 25, 1993	Sunday, Jestha 25, 1993	जेठ २५, १९९३	आइतवार, जेठ २५, १९९३	25-2-1993	1992-04-01	1993-03-31	1993-01-01	1993-03-31
1994-01-31	1937-05-13	Thursday	31	31	1994/01/31	१९९४/०१/३१	Baishakh 31, 1994	Thursday, Baishakh 31, 1994	बैशाख ३१, १९९४	बिहिवार, बैशाख ३१, १९९४	31-1-1994	1993-04-01	1994-03-32	1994-01-01	1994-03-32
1994-05-25	1937-09-09	Thursday	150	31	1994/05/25	१९९४/०५/२५	Bhadra 25, 1994	Thursday, Bhadra 25, 1994	भदौ २५, १९९४	बिहिवार, भदौ २५, १९९४	25-5-1994	1994-04-01	1995-03-31	1994-04-01	1994-06-31
1994-10-12	1938-01-25	Tuesday	288	29	1994/10/12	१९९४/१०/१२	Magh 12, 1994	Tuesday, Magh 12, 1994	माघ १२, १९९४	मङ्गलवार, माघ १२, १९९४	12-10-1994	1994-04-01	1995-03-31	1994-10-01	1994-12-30
1996-09-28	1940-01-12	Friday	275	29	1996/09/28	१९९६/०९/२८	Poush 28, 1996	Friday, Poush 28, 1996	पुष २८, १९९६	शुक्रवार, पुष २८, १९९६	28-9-1996	1996-04-01	1997-03-32	1996-07-01	1996-09-29
1997-01-26	1940-05-08	Wednesday	26	31	1997/01/26	१९९७/०१/२६	Baishakh 26, 1997	Wednesday, Baishakh 26, 1997	बैशाख २६, १९९७	बुधवार, बैशाख २६, १९९७	26-1-1997	1996-04-01	1997-03-32	1997-01-01	1997-03-32
1997-03-30	1940-07-13	Saturday	92	32	1997/03/30	१९९७/०३/३०	Ashad 30, 1997	Saturday, Ashad 30, 1997	असार ३०, १९९७	शनिवार, असार ३०, १९९७	30-3-1997	1996-04-01	1997-03-32	1997-01-01	1997-03-32
1997-10-27	1941-02-09	Sunday	303	29	1997/10/27	१९९७/१०/२७	Magh 27, 1997	Sunday, Magh 27, 1997	माघ २७, १९९७	आइतवार, माघ २७, १९९७	27-10-1997	1997-04-01	1998-03-32	1997-10-01	1997-12-30
2000-01-01	1943-04-14	Wednesday	1	30	2000/01/01	२०००/०१/०१	Baishakh 01, 2000	Wednesday, Baishakh 01, 2000	बैशाख ०१, २०००	बुधवार, बैशाख ०१, २०००	1-1-2000	1999-04-01	2000-03-31	2000-01-01	2000-03-31
2000-01-15	1943-04-28	Wednesday	15	30	2000/01/15	२०००/०१/१५	Baishakh 15, 2000	Wednesday, Baishakh 15, 2000	बैशाख १५, २०००	बुधवार, बैशाख १५, २०००	15-1-2000	1999-04-01	2000-03-31	2000-01-01	2000-03-31
2000-01-30	1943-05-13	Thursday	30	30	2000/01/30	२०००/०१/३०	Baishakh 30, 2000	Thursday, Baishakh 30, 2000	बैशाख ३०, २०००	बिहिवार, बैशाख ३०, २०००	30-1-2000	1999-04-01	2000-03-31	2000-01-01	2000-03-31
2000-02-01	1943-05-14	Friday	31	32	2000/02/01	२०००/०२/०१	Jestha 01, 2000	Friday, Jestha 01, 2000	जेठ ०१, २०००	शुक्रवार, जेठ ०१, २०००	1-2-2000	1999-04-01	2000-03-31	2000-01-01	2000-03-31
2000-02-15	1943-05-28	Friday	45	32	2000/02/15	२०००/०२/१५	Jestha 15, 2000	Friday, Jestha 15, 2000	जेठ १५, २०००	शुक्रवार, जेठ १५, २०००	15-2-2000	1999-04-01	2000-03-31	2000-01-01	2000-03-31
2000-02-32	1943-06-14	Monday	62	32	2000/02/32	२०००/०२/३२	Jestha 32, 2000	Monday, Jestha 32, 2000	जेठ ३२, २०००	सोमवार, जेठ ३२, २०००	32-2-2000	1999-04-01	2000-03-31	2000-01-01	2000-03-31
2000-03-01	1943-06-15	Tuesday	63	31	2000/03/01	२०००/०३/०१	Ashad 01, 2000	Tuesday, Ashad 01, 2000	असार ०१, २०००	मङ्गलवार, असार ०१, २०००	1-3-2000	1999-04-01	2000-03-31	2000-01-01	2000-03-31
2000-03-15	1943-06-29	Tuesday	77	31	2000/03/15	२०००/०३/१५	Ashad 15, 2000	Tuesday, Ashad 15, 2000	असार १५, २०००	मङ्गलवार, असार १५, २०००	15-3-2000	1999-04-01	2000-03-31	2000-01-01	2000-03-31
2000-03-31	1943-07-15	Thursday	93	31	2000/03/31	२०००/०३/३१	Ashad 31, 2000	Thursday, Ashad 31, 2000	असार ३१, २०००	बिहिवार, असार ३१, २०००	31-3-2000	1999-04-01	2000-03-31	2000-01-01	2000-03-31
2000-04-01	1943-07-16	Friday	94	32	2000/04/01	२०००/०४/०१	Shrawan 01, 2000	Friday, Shrawan 01, 2000	साउन ०१, २०००	शुक्रवार, साउन ०१, २०००	1-4-2000	2000-04-01	2001-03-32	2000-04-01	2000-06-30
2000-04-15	1943-07-30	Friday	108	32	2000/04/15	२०००/०४/१५	Shrawan 15, 2000	Friday, Shrawan 15, 2000	साउन १५, २०००	शुक्रवार, साउन १५, २०००	15-4-2000	2000-04-01	2001-03-32	2000-04-01	2000-06-30
2000-04-32	1943-08-16	Monday	125	32	2000/04/32	२०००/०४/३२	Shrawan 32, 2000	Monday, Shrawan 32, 2000	साउन ३२, २०००	सोमवार, साउन ३२, २०००	32-4-2000	2000-04-01	2001-03-32	2000-04-01	2000-06-30
2000-05-01	1943-08-17	Tuesday	126	31	2000/05/01	२०००/०५/०१	Bhadra 01, 2000	Tuesday, Bhadra 01, 2000	भदौ ०१, २०००	मङ्गलवार, भदौ ०१, २०००	1-5-2000	2000-04-01	2001-03-32	2000-04-01	2000-06-30
2000-05-15	1943-08-31	Tuesday	140	31	2000/05/15	२०००/०५/१५	Bhadra 15, 2000	Tuesday, Bhadra 15, 2000	भदौ १५, २०००	मङ्गलवार, भदौ १५, २०००	15-5-2000	2000-04-01	2001-03-32	2000-04-01	2000-06-30
2000-05-31	1943-09-16	Thursday	156	31	2000/05/31	२०००/०५/३१	Bhadra 31, 2000	Thursday, Bhadra 31, 2000	भदौ ३१, २०००	बिहिवार, भदौ ३१, २०००	31-5-2000	2000-04-01	2001-03-32	2000-04-01	2000-06-30
2000-06-01	1943-09-17	Friday	157	30	2000/06/01	२०००/०६/०१	Ashoj 01, 2000	Friday, Ashoj 01, 2000	असोज ०१, २०००	शुक्रवार, असोज ०१, २०००	1-6-2000	2000-04-01	2001-03-32	2000-04-01	2000-06-30
2000-06-15	1943-10-01	Friday	171	30	2000/06/15	२०००/०६/१५	Ashoj 15, 2000	Friday, Ashoj 15, 2000	असोज १५, २०००	शुक्रवार, असोज १५, २०००	15-6-2000	2000-04-01	2001-03-32	2000-04-01	2000-06-30
2000-06-30	1943-10-16	Saturday	186	30	2000/06/30	२०००/०६/३०	Ashoj 30, 2000	Saturday, Ashoj 30, 2000	असोज ३०, २०००	शनिवार, असोज ३०, २०००	30-6-2000	2000-04-01	2001-03-32	2000-04-01	2000-06-30
2000-07-01	1943-10-17	Sunday	187	30	2000/07/01	२०००/०७/०१	Kartik 01, 2000	Sunday, Kartik 01, 2000	कार्तिक ०१, २०००	आइतवार, कार्तिक ०१, २०००	1-7-2000	2000-04-01	2001-03-32	2000-07-01	2000-09-29
2000-07-03	1943-10-19	Tuesday	189	30	2000/07/03	२०००/०७/०३	Kartik 03, 2000	Tuesday, Kartik 03, 2000	कार्तिक ०३, २०००	मङ्गलवार, कार्तिक ०३, २०००	3-7-2000	2000-04-01	2001-03-32	2000-07-01	2000-09-29
2000-07-15	1943-10-31	Sunday	201	30	2000/07/15	२०००/०७/१५	Kartik 15, 2000	Sunday, Kartik 15, 2000	कार्तिक १५, २०००	आइतवार, कार्तिक १५, २०००	15-7-2000	2000-04-01	2001-03-32	2000-07-01	2000-09-29
2000-07-30	1943-11-15	Monday	216	30	2000/07/30	२०००/०७/३०	Kartik 30, 2000	Monday, Kartik 30, 2000	कार्तिक ३०, २०००	सोमवार, कार्तिक ३०, २०००	30-7-2000	2000-04-01	2001-03-32	2000-07-01	2000-09-29
2000-08-01	1943-11-16	Tuesday	217	30	2000/08/01	२०००/०८/०१	Mangsir 01, 2000	Tuesday, Mangsir 01, 2000	मंसिर ०१, २०००	मङ्गलवार, मंसिर ०१, २०००	1-8-2000	2000-04-01	2001-03-32	2000-07-01	2000-09-29
2000-08-15	1943-11-30	Tuesday	231	30	2000/08/15	२०००/०८/१५	Mangsir 15, 2000	Tuesday, Mangsir 15, 2000	मंसिर १५, २०००	मङ्गलवार, मंसिर १५, २०००	15-8-2000	2000-04-01	2001-03-32	2000-07-01	2000-09-29
2000-08-18	1943-12-03	Friday	234	30	2000/08/18	२०००/०८/१८	Mangsir 18, 2000	Friday, Mangsir 18, 2000	मंसिर १८, २०००	शुक्रवार, मंसिर १८, २०००	18-8-2000	2000-04-01	2001-03-32	2000-07-01	2000-09-29
2000-08-30	1943-12-15	Wednesday	246	30	2000/08/30	२०००/०८/३०	Mangsir 30, 2000	Wednesday, Mangsir 30, 2000	मंसिर ३०, २०००	बुधवार, मंसिर ३०, २०००	30-8-2000	2000-04-01	2001-03-32	2000-07-01	2000-09-29
2000-09-01	1943-12-16	Thursday	247	29	2000/09/01	२०००/०९/०१	Poush 01, 2000	Thursday, Poush 01, 2000	पुष ०१, २०००	बिहिवार, पुष ०१, २०००	1-9-2000	2000-04-01	2001-03-32	2000-07-01	2000-09-29
2000-09-15	1943-12-30	Thursday	261	29	2000/09/15	२०००/०९/१५	Poush 15, 2000	Thursday, Poush 15, 2000	पुष १५, २०००	बिहिवार, पुष १५, २०००	15-9-2000	2000-04-01	2001-03-32	2000-07-01	2000-09-29
2000-09-29	1944-01-13	Thursday	275	29	2000/09/29	२०००/०९/२९	Poush 29, 2000	Thursday, Poush 29, 2000	पुष २९, २०००	बिहिवार, पुष २९, २०००	29-9-2000	2000-04-01	2001-03-32	2000-07-01	2000-09-29
2000-10-01	1944-01-14	Friday	276	30	2000/10/01	२०००/१०/०१	Magh 01, 2000	Friday, Magh 01, 2000	माघ ०१, २०००	शुक्रवार, माघ ०१, २०००	1-10-2000	2000-04-01	2001-03-32	2000-10-01	2000-12-31
2000-10-15	1944-01-28	Friday	290	30	2000/10/15	२०००/१०/१५	Magh 15, 2000	Friday, Magh 15, 2000	माघ १५, २०००	शुक्रवार, माघ १५, २०००	15-10-2000	2000-04-01	2001-03-32	2000-10-01	2000-12-31
2000-10-28	1944-02-10	Thursday	303	30	2000/10/28	२०००/१०/२८	Magh 28, 2000	Thursday, Magh 28, 2000	माघ २८, २०००	बिहिवार, माघ २८, २०००	28-10-2000	2000-04-01	2001-03-32	2000-10-01	2000-12-31
2000-10-30	1944-02-12	Saturday	305	30	2000/10/30	२०००/१०/३०	Magh 30, 2000	Saturday, Magh 30, 2000	माघ ३०, २०००	शनिवार, माघ ३०, २०००	30-10-2000	2000-04-01	2001-03-32	2000-10-01	2000-12-31
2000-11-01	1944-02-13	Sunday	306	29	2000/11/01	२०००/११/०१	Falgun 01, 2000	Sunday, Falgun 01, 2000	फागुन ०१, २०००	आइतवार, फागुन ०१, २०००	1-11-2000	2000-04-01	2001-03-32	2000-10-01	2000-12-31
2000-11-15	1944-02-27	Sunday	320	29	2000/11/15	२०००/११/१५	Falgun 15, 2000	Sunday, Falgun 15, 2000	फागुन १५, २०००	आइतवार, फागुन १५, २०००	15-11-2000	2000-04-01	2001-03-32	2000-10-01	2000-12-31
2000-11-29	1944-03-12	Sunday	334	29	2000/11/29	२०००/११/२९	Falgun 29, 2000	Sunday, Falgun 29, 2000	फागुन २९, २०००	आइतवार, फागुन २९, २०००	29-11-2000	2000-04-01	2001-03-32	2000-10-01	2000-12-31
2000-12-01	1944-03-13	Monday	335	31	2000/12/01	२०००/१२/०१	Chaitra 01, 2000	Monday, Chaitra 01, 2000	चैत ०१, २०००	सोमवार, चैत ०१, २०००	1-12-2000	2000-04-01	2001-03-32	2000-10-01	2000-12-31
2000-12-15	1944-03-27	Monday	349	31	2000/12/15	२०००/१२/१५	Chaitra 15, 2000	Monday, Chaitra 15, 2000	चैत १५, २०००	सोमवार, चैत १५, २०००	15-12-2000	2000-04-01	2001-03-32	2000-10-01	2000-12-31
2000-12-31	1944-04-12	Wednesday	365	31	2000/12/31	२०००/१२/३१	Chaitra 31, 2000	Wednesday, Chaitra 31, 2000	चैत ३१, २०००	बुधवार, चैत ३१, २०००	31-12-2000	2000-04-01	2001-03-32	2000-10-01	2000-12-31
2001-01-01	1944-04-13	Thursday	1	31	2001/01/01	२००१/०१/०१	Baishakh 01, 2001	Thursday, Baishakh 01, 2001	बैशाख ०१, २००१	बिहिवार, बैशाख ०१, २००१	1-1-2001	2000-04-01	2001-03-32	2001-01-01	2001-03-32
2001-01-15	1944-04-27	Thursday	15	31	2001/01/15	२००१/०१/१५	Baishakh 15, 2001	Thursday, Baishakh 15, 2001	बैशाख १५, २००१	बिहिवार, बैशाख १५, २००१	15-1-2001	2000-04-01	2001-03-32	2001-01-01	2001-03-32
2001-01-31	1944-05-13	Saturday	31	31	2001/01/31	२००१/०१/३१	Baishakh 31, 2001	Saturday, Baishakh 31, 2001	बैशाख ३१, २००१	शनिवार, बैशाख ३१, २००१	31-1-2001	2000-04-01	2001-03-32	2001-01-01	2001-03-32
2001-02-01	1944-05-14	Sunday	32	31	2001/02/01	२००१/०२/०१	Jestha 01, 2001	Sunday, Jestha 01, 2001	जेठ ०१, २००१	आइतवार, जेठ ०१, २००१	1-2-2001	2000-04-01	2001-03-32	2001-01-01	2001-03-32
2001-02-15	1944-05-28	Sunday	46	31	2001/02/15	२००१/०२/१५	Jestha 15, 2001	Sunday, Jestha 15, 2001	जेठ १५, २००१	आइतवार, जेठ १५, २००१	15-2-2001	2000-04-01	2001-03-32	2001-01-01	2001-03-32
2001-02-31	1944-06-13	Tuesday	62	31	2001/02/31	२००१/०२/३१	Jestha 31, 2001	Tuesday, Jestha 31, 2001	जेठ ३१, २००१	मङ्गलवार, जेठ ३१, २००१	31-2-2001	2000-04-01	2001-03-32	2001-01-01	2001-03-32
2001-03-01	1944-06-14	Wednesday	63	32	2001/03/01	२००१/०३/०१	Ashad 01, 2001	Wednesday, Ashad 01, 2001	असार ०१, २००१	बुधवार, असार ०१, २००१	1-3-2001	2000-04-01	2001-03-32	2001-01-01	2001-03-32
2001-03-15	1944-06-28	Wednesday	77	32	2001/03/15	२००१/०३/१५	Ashad 15, 2001	Wednesday, Ashad 15, 2001	असार १५, २००१	बुधवार, असार १५, २००१	15-3-2001	2000-04-01	2001-03-32	2001-01-01	2001-03-32
2001-03-32	1944-07-15	Saturday	94	32	2001/03/32	२००१/०३/३२	Ashad 32, 2001	Saturday, Ashad 32, 2001	असार ३२, २००१	शनिवार, असार ३२, २००१	32-3-2001	2000-04-01	2001-03-32	2001-01-01	2001-03-32
2001-04-01	1944-07-16	Sunday	95	31	2001/04/01	२००१/०४/०१	Shrawan 01, 2001	Sunday, Shrawan 01, 2001	साउन ०१, २००१	आइतवार, साउन ०१, २००१	1-4-2001	2001-04-01	2002-03-32	2001-04-01	2001-06-31
2001-04-15	1944-07-30	Sunday	109	31	2001/04/15	२००१/०४/१५	Shrawan 15, 2001	Sunday, Shrawan 15, 2001	साउन १५, २००१	आइतवार, साउन १५, २००१	15-4-2001	2001-04-01	2002-03-32	2001-04-01	2001-06-31
2001-04-31	1944-08-15	Tuesday	125	31	2001/04/31	२००१/०४/३१	Shrawan 31, 2001	Tuesday, Shrawan 31, 2001	साउन ३१, २००१	मङ्गलवार, साउन ३१, २००१	31-4-2001	2001-04-01	2002-03-32	2001-04-01	2001-06-31
2001-05-01	1944-08-16	Wednesday	126	31	2001/05/01	२००१/०५/०१	Bhadra 01, 2001	Wednesday, Bhadra 01, 2001	भदौ ०१, २००१	बुधवार, भदौ ०१, २००१	1-5-2001	2001-04-01	2002-03-32	2001-04-01	2001-06-31
2001-05-15	1944-08-30	Wednesday	140	31	2001/05/15	२००१/०५/१५	Bhadra 15, 2001	Wednesday, Bhadra 15, 2001	भदौ १५, २००१	बुधवार, भदौ १५, २००१	15-5-2001	2001-04-01	2002-03-32	2001-04-01	2001-06-31
2001-05-31	1944-09-15	Friday	156	31	2001/05/31	२००१/०५/३१	Bhadra 31, 2001	Friday, Bhadra 31, 2001	भदौ ३१, २००१	शुक्रवार, भदौ ३१, २००१	31-5-2001	2001-04-01	2002-03-32	2001-04-01	2001-06-31
2001-06-01	1944-09-16	Saturday	157	31	2001/06/01	२००१/०६/०१	Ashoj 01, 2001	Saturday, Ashoj 01, 2001	असोज ०१, २००१	शनिवार, असोज ०१, २००१	1-6-2001	2001-04-01	2002-03-32	2001-04-01	2001-06-31
2001-06-15	1944-09-30	Saturday	171	31	2001/06/15	२००१/०६/१५	Ashoj 15, 2001	Saturday, Ashoj 15, 2001	असोज १५, २००१	शनिवार, असोज १५, २००१	15-6-2001	2001-04-01	2002-03-32	2001-04-01	2001-06-31
2001-06-31	1944-10-16	Monday	187	31	2001/06/31	२००१/०६/३१	Ashoj 31, 2001	Monday, Ashoj 31, 2001	असोज ३१, २००१	सोमवार, असोज ३१, २००१	31-6-2001	2001-04-01	2002-03-32	2001-04-01	2001-06-31
2001-07-01	1944-10-17	Tuesday	188	30	2001/07/01	२००१/०७/०१	Kartik 01, 2001	Tuesday, Kartik 01, 2001	कार्तिक ०१, २००१	मङ्गलवार, कार्तिक ०१, २००१	1-7-2001	2001-04-01	2002-03-32	2001-07-01	2001-09-30
2001-07-15	1944-10-31	Tuesday	202	30	2001/07/15	२००१/०७/१५	Kartik 15, 2001	Tuesday, Kartik 15, 2001	कार्तिक १५, २००१	मङ्गलवार, कार्तिक १५, २००१	15-7-2001	2001-04-01	2002-03-32	2001-07-01	2001-09-30
2001-07-30	1944-11-15	Wednesday	217	30	2001/07/30	२००१/०७/३०	Kartik 30, 2001	Wednesday, Kartik 30, 2001	कार्तिक ३०, २००१	बुधवार, कार्तिक ३०, २००१	30-7-2001	2001-04-01	2002-03-32	2001-07-01	2001-09-30
2001-08-01	1944-11-16	Thursday	218	29	2001/08/01	२००१/०८/०१	Mangsir 01, 2001	Thursday, Mangsir 01, 2001	मंसिर ०१, २००१	बिहिवार, मंसिर ०१, २००१	1-8-2001	2001-04-01	2002-03-32	2001-07-01	2001-09-30
2001-08-15	1944-11-30	Thursday	232	29	2001/08/15	२००१/०८/१५	Mangsir 15, 2001	Thursday, Mangsir 15, 2001	मंसिर १५, २००१	बिहिवार, मंसिर १५, २००१	15-8-2001	2001-04-01	2002-03-32	2001-07-01	2001-09-30
2001-08-29	1944-12-14	Thursday	246	29	2001/08/29	२००१/०८/२९	Mangsir 29, 2001	Thursday, Mangsir 29, 2001	मंसिर २९, २००१	बिहिवार, मंसिर २९, २००१	29-8-2001	2001-04-01	2002-03-32	2001-07-01	2001-09-30
2001-09-01	1944-12-15	Friday	247	30	2001/09/01	२००१/०९/०१	Poush 01, 2001	Friday, Poush 01, 2001	पुष ०१, २००१	शुक्रवार, पुष ०१, २००१	1-9-2001	2001-04-01	2002-03-32	2001-07-01	2001-09-30
2001-09-15	1944-12-29	Friday	261	30	2001/09/15	२००१/०९/१५	Poush 15, 2001	Friday, Poush 15, 2001	पुष १५, २००१	शुक्रवार, पुष १५, २००१	15-9-2001	2001-04-01	2002-03-32	2001-07-01	2001-09-30
2001-09-30	1945-01-13	Saturday	276	30	2001/09/30	२००१/०९/३०	Poush 30, 2001	Saturday, Poush 30, 2001	पुष ३०, २००१	शनिवार, पुष ३०, २००१	30-9-2001	2001-04-01	2002-03-32	2001-07-01	2001-09-30
2001-10-01	1945-01-14	Sunday	277	29	2001/10/01	२००१/१०/०१	Magh 01, 2001	Sunday, Magh 01, 2001	माघ ०१, २००१	आइतवार, माघ ०१, २००१	1-10-2001	2001-04-01	2002-03-32	2001-10-01	2001-12-30
2001-10-15	1945-01-28	Sunday	291	29	2001/10/15	२००१/१०/१५	Magh 15, 2001	Sunday, Magh 15, 2001	माघ १५, २००१	आइतवार, माघ १५, २००१	15-10-2001	2001-04-01	2002-03-32	2001-10-01	2001-12-30
2001-10-29	1945-02-11	Sunday	305	29	2001/10/29	२००१/१०/२९	Magh 29, 2001	Sunday, Magh 29, 2001	माघ २९, २००१	आइतवार, माघ २९, २००१	29-10-2001	2001-04-01	2002-03-32	2001-10-01	2001-12-30
2001-11-01	1945-02-12	Monday	306	30	2001/11/01	२००१/११/०१	Falgun 01, 2001	Monday, Falgun 01, 2001	फागुन ०१, २००१	सोमवार, फागुन ०१, २००१	1-11-2001	2001-04-01	2002-03-32	2001-10-01	2001-12-30
2001-11-15	1945-02-26	Monday	320	30	2001/11/15	२००१/११/१५	Falgun 15, 2001	Monday, Falgun 15, 2001	फागुन १५, २००१	सोमवार, फागुन १५, २००१	15-11-2001	2001-04-01	2002-03-32	2001-10-01	2001-12-30
2001-11-30	1945-03-13	Tuesday	335	30	2001/11/30	२००१/११/३०	Falgun 30, 2001	Tuesday, Falgun 30, 2001	फागुन ३०, २००१	मङ्गलवार, फागुन ३०, २००१	30-11-2001	2001-04-01	2002-03-32	2001-10-01	2001-12-30
2001-12-01	1945-03-14	Wednesday	336	30	2001/12/01	२००१/१२/०१	Chaitra 01, 2001	Wednesday, Chaitra 01, 2001	चैत ०१, २००१	बुधवार, चैत ०१, २००१	1-12-2001	2001-04-01	2002-03-32	2001-10-01	2001-12-30
2001-12-15	1945-03-28	Wednesday	350	30	2001/12/15	२००१/१२/१५	Chaitra 15, 2001	Wednesday, Chaitra 15, 2001	चैत १५, २००१	बुधवार, चैत १५, २००१	15-12-2001	2001-04-01	2002-03-32	2001-10-01	2001-12-30
2001-12-30	1945-04-12	Thursday	365	30	2001/12/30	२००१/१२/३०	Chaitra 30, 2001	Thursday, Chaitra 30, 2001	चैत ३०, २००१	बिहिवार, चैत ३०, २००१	30-12-2001	2001-04-01	2002-03-32	2001-10-01	2001-12-30
2002-07-20	1945-11-05	Monday	207	30	2002/07/20	२००२/०७/२०	Kartik 20, 2002	Monday, Kartik 20, 2002	कार्तिक २०, २००२	सोमवार, कार्तिक २०, २००२	20-7-2002	2002-04-01	2003-03-31	2002-07-01	2002-09-30
2002-11-24	1946-03-07	Thursday	329	30	2002/11/24	२००२/११/२४	Falgun 24, 2002	Thursday, Falgun 24, 2002	फागुन २४, २००२	बिहिवार, फागुन २४, २००२	24-11-2002	2002-04-01	2003-03-31	2002-10-01	2002-12-30
2003-10-24	1947-02-06	Thursday	300	29	2003/10/24	२००३/१०/२४	Magh 24, 2003	Thursday, Magh 24, 2003	माघ २४, २००३	बिहिवार, माघ २४, २००३	24-10-2003	2003-04-01	2004-03-31	2003-10-01	2003-12-31
2004-04-08	1947-07-23	Wednesday	101	32	2004/04/08	२००४/०४/०८	Shrawan 08, 2004	Wednesday, Shrawan 08, 2004	साउन ०८, २००४	बुधवार, साउन ०८, २००४	8-4-2004	2004-04-01	2005-03-32	2004-04-01	2004-06-30
2005-01-05	1948-04-17	Saturday	5	31	2005/01/05	२००५/०१/०५	Baishakh 05, 2005	Saturday, Baishakh 05, 2005	बैशाख ०५, २००५	शनिवार, बैशाख ०५, २००५	5-1-2005	2004-04-01	2005-03-32	2005-01-01	2005-03-32
2005-02-11	1948-05-24	Monday	42	31	2005/02/11	२००५/०२/११	Jestha 11, 2005	Monday, Jestha 11, 2005	जेठ ११, २००५	सोमवार, जेठ ११, २००५	11-2-2005	2004-04-01	2005-03-32	2005-01-01	2005-03-32
2005-12-11	1949-03-24	Thursday	346	30	2005/12/11	२००५/१२/११	Chaitra 11, 2005	Thursday, Chaitra 11, 2005	चैत ११, २००५	बिहिवार, चैत ११, २००५	11-12-2005	2005-04-01	2006-03-32	2005-10-01	2005-12-30
2006-01-16	1949-04-28	Thursday	16	31	2006/01/16	२००६/०१/१६	Baishakh 16, 2006	Thursday, Baishakh 16, 2006	बैशाख १६, २००६	बिहिवार, बैशाख १६, २००६	16-1-2006	2005-04-01	2006-03-32	2006-01-01	2006-03-32
2007-05-07	1950-08-23	Wednesday	133	31	2007/05/07	२००७/०५/०७	Bhadra 07, 2007	Wednesday, Bhadra 07, 2007	भदौ ०७, २००७	बुधवार, भदौ ०७, २००७	7-5-2007	2007-04-01	2008-03-31	2007-04-01	2007-06-30
2010-02-14	1953-05-27	Wednesday	45	31	2010/02/14	२०१०/०२/१४	Jestha 14, 2010	Wednesday, Jestha 14, 2010	जेठ १४, २०१०	बुधवार, जेठ १४, २०१०	14-2-2010	2009-04-01	2010-03-32	2010-01-01	2010-03-32
2010-03-06	1953-06-19	Friday	68	32	2010/03/06	२०१०/०३/०६	Ashad 06, 2010	Friday, Ashad 06, 2010	असार ०६, २०१०	शुक्रवार, असार ०६, २०१०	6-3-2010	2009-04-01	2010-03-32	2010-01-01	2010-03-32
2010-11-17	1954-02-28	Sunday	322	30	2010/11/17	२०१०/११/१७	Falgun 17, 2010	Sunday, Falgun 17, 2010	फागुन १७, २०१०	आइतवार, फागुन १७, २०१०	17-11-2010	2010-04-01	2011-03-31	2010-10-01	2010-12-30
2012-06-11	1955-09-27	Tuesday	167	31	2012/06/11	२०१२/०६/११	Ashoj 11, 2012	Tuesday, Ashoj 11, 2012	असोज ११, २०१२	मङ्गलवार, असोज ११, २०१२	11-6-2012	2012-04-01	2013-03-32	2012-04-01	2012-06-31
2013-03-20	1956-07-03	Tuesday	82	32	2013/03/20	२०१३/०३/२०	Ashad 20, 2013	Tuesday, Ashad 20, 2013	असार २०, २०१३	मङ्गलवार, असार २०, २०१३	20-3-2013	2012-04-01	2013-03-32	2013-01-01	2013-03-32
2014-11-28	1958-03-11	Tuesday	333	30	2014/11/28	२०१४/११/२८	Falgun 28, 2014	Tuesday, Falgun 28, 2014	फागुन २८, २०१४	मङ्गलवार, फागुन २८, २०१४	28-11-2014	2014-04-01	2015-03-31	2014-10-01	2014-12-30
2015-12-27	1959-04-09	Thursday	362	31	2015/12/27	२०१५/१२/२७	Chaitra 27, 2015	Thursday, Chaitra 27, 2015	चैत २७, २०१५	बिहिवार, चैत २७, २०१५	27-12-2015	2015-04-01	2016-03-31	2015-10-01	2015-12-31
2016-09-25	1960-01-09	Saturday	271	30	2016/09/25	२०१६/०९/२५	Poush 25, 2016	Saturday, Poush 25, 2016	पुष २५, २०१६	शनिवार, पुष २५, २०१६	25-9-2016	2016-04-01	2017-03-32	2016-07-01	2016-09-30
2018-01-16	1961-04-28	Friday	16	31	2018/01/16	२०१८/०१/१६	Baishakh 16, 2018	Friday, Baishakh 16, 2018	बैशाख १६, २०१८	शुक्रवार, बैशाख १६, २०१८	16-1-2018	2017-04-01	2018-03-31	2018-01-01	2018-03-31
2019-11-03	1963-02-15	Friday	309	29	2019/11/03	२०१९/११/०३	Falgun 03, 2019	Friday, Falgun 03, 2019	फागुन ०३, २०१९	शुक्रवार, फागुन ०३, २०१९	3-11-2019	2019-04-01	2020-03-31	2019-10-01	2019-12-31
2020-08-06	1963-11-22	Friday	223	29	2020/08/06	२०२०/०८/०६	Mangsir 06, 2020	Friday, Mangsir 06, 2020	मंसिर ०६, २०२०	शुक्रवार, मंसिर ०६, २०२०	6-8-2020	2020-04-01	2021-03-32	2020-07-01	2020-09-30
2020-10-20	1964-02-03	Monday	296	29	2020/10/20	२०२०/१०/२०	Magh 20, 2020	Monday, Magh 20, 2020	माघ २०, २०२०	सोमवार, माघ २०, २०२०	20-10-2020	2020-04-01	2021-03-32	2020-10-01	2020-12-30
2021-10-16	1965-01-29	Friday	292	29	2021/10/16	२०२१/१०/१६	Magh 16, 2021	Friday, Magh 16, 2021	माघ १६, २०२१	शुक्रवार, माघ १६, २०२१	16-10-2021	2021-04-01	2022-03-31	2021-10-01	2021-12-30
2023-11-11	1967-02-23	Thursday	317	29	2023/11/11	२०२३/११/११	Falgun 11, 2023	Thursday, Falgun 11, 2023	फागुन ११, २०२३	बिहिवार, फागुन ११, २०२३	11-11-2023	2023-04-01	2024-03-31	2023-10-01	2023-12-31
2026-09-06	1969-12-21	Sunday	253	29	2026/09/06	२०२६/०९/०६	Poush 06, 2026	Sunday, Poush 06, 2026	पुष ०६, २०२६	आइतवार, पुष ०६, २०२६	6-9-2026	2026-04-01	2027-03-31	2026-07-01	2026-09-29
2026-09-21	1970-01-05	Monday	268	29	2026/09/21	२०२६/०९/२१	Poush 21, 2026	Monday, Poush 21, 2026	पुष २१, २०२६	सोमवार, पुष २१, २०२६	21-9-2026	2026-04-01	2027-03-31	2026-07-01	2026-09-29
2027-03-26	1970-07-10	Friday	88	31	2027/03/26	२०२७/०३/२६	Ashad 26, 2027	Friday, Ashad 26, 2027	असार २६, २०२७	शुक्रवार, असार २६, २०२७	26-3-2027	2026-04-01	2027-03-31	2027-01-01	2027-03-31
2031-08-21	1974-12-06	Friday	237	30	2031/08/21	२०३१/०८/२१	Mangsir 21, 2031	Friday, Mangsir 21, 2031	मंसिर २१, २०३१	शुक्रवार, मंसिर २१, २०३१	21-8-2031	2031-04-01	2032-03-32	2031-07-01	2031-09-29
2032-04-21	1975-08-06	Wednesday	115	31	2032/04/21	२०३२/०४/२१	Shrawan 21, 2032	Wednesday, Shrawan 21, 2032	साउन २१, २०३२	बुधवार, साउन २१, २०३२	21-4-2032	2032-04-01	2033-03-32	2032-04-01	2032-06-31
2034-01-11	1977-04-23	Saturday	11	31	2034/01/11	२०३४/०१/११	Baishakh 11, 2034	Saturday, Baishakh 11, 2034	बैशाख ११, २०३४	शनिवार, बैशाख ११, २०३४	11-1-2034	2033-04-01	2034-03-31	2034-01-01	2034-03-31
2036-03-09	1979-06-23	Saturday	71	32	2036/03/09	२०३६/०३/०९	Ashad 09, 2036	Saturday, Ashad 09, 2036	असार ०९, २०३६	शनिवार, असार ०९, २०३६	9-3-2036	2035-04-01	2036-03-32	2036-01-01	2036-03-32
2036-09-04	1979-12-19	Wednesday	250	30	2036/09/04	२०३६/०९/०४	Poush 04, 2036	Wednesday, Poush 04, 2036	पुष ०४, २०३६	बुधवार, पुष ०४, २०३६	4-9-2036	2036-04-01	2037-03-32	2036-07-01	2036-09-30
2038-11-23	1982-03-06	Saturday	328	30	2038/11/23	२०३८/११/२३	Falgun 23, 2038	Saturday, Falgun 23, 2038	फागुन २३, २०३८	शनिवार, फागुन २३, २०३८	23-11-2038	2038-04-01	2039-03-31	2038-10-01	2038-12-31
2039-08-14	1982-11-29	Monday	230	30	2039/08/14	२०३९/०८/१४	Mangsir 14, 2039	Monday, Mangsir 14, 2039	मंसिर १४, २०३९	सोमवार, मंसिर १४, २०३९	14-8-2039	2039-04-01	2040-03-32	2039-07-01	2039-09-30
2039-10-03	1983-01-17	Monday	279	29	2039/10/03	२०३९/१०/०३	Magh 03, 2039	Monday, Magh 03, 2039	माघ ०३, २०३९	सोमवार, माघ ०३, २०३९	3-10-2039	2039-04-01	2040-03-32	2039-10-01	2039-12-30
2040-07-02	1983-10-19	Wednesday	189	30	2040/07/02	२०४०/०७/०२	Kartik 02, 2040	Wednesday, Kartik 02, 2040	कार्तिक ०२, २०४०	बुधवार, कार्तिक ०२, २०४०	2-7-2040	2040-04-01	2041-03-32	2040-07-01	2040-09-30
2041-07-11	1984-10-27	Saturday	198	30	2041/07/11	२०४१/०७/११	Kartik 11, 2041	Saturday, Kartik 11, 2041	कार्तिक ११, २०४१	शनिवार, कार्तिक ११, २०४१	11-7-2041	2041-04-01	2042-03-31	2041-07-01	2041-09-30
2041-11-12	1985-02-23	Saturday	317	30	2041/11/12	२०४१/११/१२	Falgun 12, 2041	Saturday, Falgun 12, 2041	फागुन १२, २०४१	शनिवार, फागुन १२, २०४१	12-11-2041	2041-04-01	2042-03-31	2041-10-01	2041-12-30
2050-01-01	1993-04-13	Tuesday	1	31	2050/01/01	२०५०/०१/०१	Baishakh 01, 2050	Tuesday, Baishakh 01, 2050	बैशाख ०१, २०५०	मङ्गलवार, बैशाख ०१, २०५०	1-1-2050	2049-04-01	2050-03-31	2050-01-01	2050-03-31
2050-01-15	1993-04-27	Tuesday	15	31	2050/01/15	२०५०/०१/१५	Baishakh 15, 2050	Tuesday, Baishakh 15, 2050	बैशाख १५, २०५०	मङ्गलवार, बैशाख १५, २०५०	15-1-2050	2049-04-01	2050-03-31	2050-01-01	2050-03-31
2050-01-31	1993-05-13	Thursday	31	31	2050/01/31	२०५०/०१/३१	Baishakh 31, 2050	Thursday, Baishakh 31, 2050	बैशाख ३१, २०५०	बिहिवार, बैशाख ३१, २०५०	31-1-2050	2049-04-01	2050-03-31	2050-01-01	2050-03-31
2050-02-01	1993-05-14	Friday	32	32	2050/02/01	२०५०/०२/०१	Jestha 01, 2050	Friday, Jestha 01, 2050	जेठ ०१, २०५०	शुक्रवार, जेठ ०१, २०५०	1-2-2050	2049-04-01	2050-03-31	2050-01-01	2050-03-31
2050-02-15	1993-05-28	Friday	46	32	2050/02/15	२०५०/०२/१५	Jestha 15, 2050	Friday, Jestha 15, 2050	जेठ १५, २०५०	शुक्रवार, जेठ १५, २०५०	15-2-2050	2049-04-01	2050-03-31	2050-01-01	2050-03-31
2050-02-32	1993-06-14	Monday	63	32	2050/02/32	२०५०/०२/३२	Jestha 32, 2050	Monday, Jestha 32, 2050	जेठ ३२, २०५०	सोमवार, जेठ ३२, २०५०	32-2-2050	2049-04-01	2050-03-31	2050-01-01	2050-03-31
2050-03-01	1993-06-15	Tuesday	64	31	2050/03/01	२०५०/०३/०१	Ashad 01, 2050	Tuesday, Ashad 01, 2050	असार ०१, २०५०	मङ्गलवार, असार ०१, २०५०	1-3-2050	2049-04-01	2050-03-31	2050-01-01	2050-03-31
2050-03-15	1993-06-29	Tuesday	78	31	2050/03/15	२०५०/०३/१५	Ashad 15, 2050	Tuesday, Ashad 15, 2050	असार १५, २०५०	मङ्गलवार, असार १५, २०५०	15-3-2050	2049-04-01	2050-03-31	2050-01-01	2050-03-31
2050-03-31	1993-07-15	Thursday	94	31	2050/03/31	२०५०/०३/३१	Ashad 31, 2050	Thursday, Ashad 31, 2050	असार ३१, २०५०	बिहिवार, असार ३१, २०५०	31-3-2050	2049-04-01	2050-03-31	2050-01-01	2050-03-31
2050-04-01	1993-07-16	Friday	95	32	2050/04/01	२०५०/०४/०१	Shrawan 01, 2050	Friday, Shrawan 01, 2050	साउन ०१, २०५०	शुक्रवार, साउन ०१, २०५०	1-4-2050	2050-04-01	2051-03-31	2050-04-01	2050-06-30
2050-04-15	1993-07-30	Friday	109	32	2050/04/15	२०५०/०४/१५	Shrawan 15, 2050	Friday, Shrawan 15, 2050	साउन १५, २०५०	शुक्रवार, साउन १५, २०५०	15-4-2050	2050-04-01	2051-03-31	2050-04-01	2050-06-30
2050-04-32	1993-08-16	Monday	126	32	2050/04/32	२०५०/०४/३२	Shrawan 32, 2050	Monday, Shrawan 32, 2050	साउन ३२, २०५०	सोमवार, साउन ३२, २०५०	32-4-2050	2050-04-01	2051-03-31	2050-04-01	2050-06-30
2050-05-01	1993-08-17	Tuesday	127	31	2050/05/01	२०५०/०५/०१	Bhadra 01, 2050	Tuesday, Bhadra 01, 2050	भदौ ०१, २०५०	मङ्गलवार, भदौ ०१, २०५०	1-5-2050	2050-04-01	2051-03-31	2050-04-01	2050-06-30
2050-05-13	1993-08-29	Sunday	139	31	2050/05/13	२०५०/०५/१३	Bhadra 13, 2050	Sunday, Bhadra 13, 2050	भदौ १३, २०५०	आइतवार, भदौ १३, २०५०	13-5-2050	2050-04-01	2051-03-31	2050-04-01	2050-06-30
2050-05-15	1993-08-31	Tuesday	141	31	2050/05/15	२०५०/०५/१५	Bhadra 15, 2050	Tuesday, Bhadra 15, 2050	भदौ १५, २०५०	मङ्गलवार, भदौ १५, २०५०	15-5-2050	2050-04-01	2051-03-31	2050-04-01	2050-06-30
2050-05-31	1993-09-16	Thursday	157	31	2050/05/31	२०५०/०५/३१	Bhadra 31, 2050	Thursday, Bhadra 31, 2050	भदौ ३१, २०५०	बिहिवार, भदौ ३१, २०५०	31-5-2050	2050-04-01	2051-03-31	2050-04-01	2050-06-30
2050-06-01	1993-09-17	Friday	158	30	2050/06/01	२०५०/०६/०१	Ashoj 01, 2050	Friday, Ashoj 01, 2050	असोज ०१, २०५०	शुक्रवार, असोज ०१, २०५०	1-6-2050	2050-04-01	2051-03-31	2050-04-01	2050-06-30
2050-06-15	1993-10-01	Friday	172	30	2050/06/15	२०५०/०६/१५	Ashoj 15, 2050	Friday, Ashoj 15, 2050	असोज १५, २०५०	शुक्रवार, असोज १५, २०५०	15-6-2050	2050-04-01	2051-03-31	2050-04-01	2050-06-30
2050-06-30	1993-10-16	Saturday	187	30	2050/06/30	२०५०/०६/३०	Ashoj 30, 2050	Saturday, Ashoj 30, 2050	असोज ३०, २०५०	शनिवार, असोज ३०, २०५०	30-6-2050	2050-04-01	2051-03-31	2050-04-01	2050-06-30
2050-07-01	1993-10-17	Sunday	188	30	2050/07/01	२०५०/०७/०१	Kartik 01, 2050	Sunday, Kartik 01, 2050	कार्तिक ०१, २०५०	आइतवार, कार्तिक ०१, २०५०	1-7-2050	2050-04-01	2051-03-31	2050-07-01	2050-09-29
2050-07-15	1993-10-31	Sunday	202	30	2050/07/15	२०५०/०७/१५	Kartik 15, 2050	Sunday, Kartik 15, 2050	कार्तिक १५, २०५०	आइतवार, कार्तिक १५, २०५०	15-7-2050	2050-04-01	2051-03-31	2050-07-01	2050-09-29
2050-07-30	1993-11-15	Monday	217	30	2050/07/30	२०५०/०७/३०	Kartik 30, 2050	Monday, Kartik 30, 2050	कार्तिक ३०, २०५०	सोमवार, कार्तिक ३०, २०५०	30-7-2050	2050-04-01	2051-03-31	2050-07-01	2050-09-29
2050-08-01	1993-11-16	Tuesday	218	30	2050/08/01	२०५०/०८/०१	Mangsir 01, 2050	Tuesday, Mangsir 01, 2050	मंसिर ०१, २०५०	मङ्गलवार, मंसिर ०१, २०५०	1-8-2050	2050-04-01	2051-03-31	2050-07-01	2050-09-29
2050-08-15	1993-11-30	Tuesday	232	30	2050/08/15	२०५०/०८/१५	Mangsir 15, 2050	Tuesday, Mangsir 15, 2050	मंसिर १५, २०५०	मङ्गलवार, मंसिर १५, २०५०	15-8-2050	2050-04-01	2051-03-31	2050-07-01	2050-09-29
2050-08-30	1993-12-15	Wednesday	247	30	2050/08/30	२०५०/०८/३०	Mangsir 30, 2050	Wednesday, Mangsir 30, 2050	मंसिर ३०, २०५०	बुधवार, मंसिर ३०, २०५०	30-8-2050	2050-04-01	2051-03-31	2050-07-01	2050-09-29
2050-09-01	1993-12-16	Thursday	248	29	2050/09/01	२०५०/०९/०१	Poush 01, 2050	Thursday, Poush 01, 2050	पुष ०१, २०५०	बिहिवार, पुष ०१, २०५०	1-9-2050	2050-04-01	2051-03-31	2050-07-01	2050-09-29
2050-09-15	1993-12-30	Thursday	262	29	2050/09/15	२०५०/०९/१५	Poush 15, 2050	Thursday, Poush 15, 2050	पुष १५, २०५०	बिहिवार, पुष १५, २०५०	15-9-2050	2050-04-01	2051-03-31	2050-07-01	2050-09-29
2050-09-29	1994-01-13	Thursday	276	29	2050/09/29	२०५०/०९/२९	Poush 29, 2050	Thursday, Poush 29, 2050	पुष २९, २०५०	बिहिवार, पुष २९, २०५०	29-9-2050	2050-04-01	2051-03-31	2050-07-01	2050-09-29
2050-10-01	1994-01-14	Friday	277	30	2050/10/01	२०५०/१०/०१	Magh 01, 2050	Friday, Magh 01, 2050	माघ ०१, २०५०	शुक्रवार, माघ ०१, २०५०	1-10-2050	2050-04-01	2051-03-31	2050-10-01	2050-12-31
2050-10-06	1994-01-19	Wednesday	282	30	2050/10/06	२०५०/१०/०६	Magh 06, 2050	Wednesday, Magh 06, 2050	माघ ०६, २०५०	बुधवार, माघ ०६, २०५०	6-10-2050	2050-04-01	2051-03-31	2050-10-01	2050-12-31
2050-10-15	1994-01-28	Friday	291	30	2050/10/15	२०५०/१०/१५	Magh 15, 2050	Friday, Magh 15, 2050	माघ १५, २०५०	शुक्रवार, माघ १५, २०५०	15-10-2050	2050-04-01	2051-03-31	2050-10-01	2050-12-31
2050-10-30	1994-02-12	Saturday	306	30	2050/10/30	२०५०/१०/३०	Magh 30, 2050	Saturday, Magh 30, 2050	माघ ३०, २०५०	शनिवार, माघ ३०, २०५०	30-10-2050	2050-04-01	2051-03-31	2050-10-01	2050-12-31
2050-11-01	1994-02-13	Sunday	307	29	2050/11/01	२०५०/११/०१	Falgun 01, 2050	Sunday, Falgun 01, 2050	फागुन ०१, २०५०	आइतवार, फागुन ०१, २०५०	1-11-2050	2050-04-01	2051-03-31	2050-10-01	2050-12-31
2050-11-15	1994-02-27	Sunday	321	29	2050/11/15	२०५०/११/१५	Falgun 15, 2050	Sunday, Falgun 15, 2050	फागुन १५, २०५०	आइतवार, फागुन १५, २०५०	15-11-2050	2050-04-01	2051-03-31	2050-10-01	2050-12-31
2050-11-29	1994-03-13	Sunday	335	29	2050/11/29	२०५०/११/२९	Falgun 29, 2050	Sunday, Falgun 29, 2050	फागुन २९, २०५०	आइतवार, फागुन २९, २०५०	29-11-2050	2050-04-01	2051-03-31	2050-10-01	2050-12-31
2050-12-01	1994-03-14	Monday	336	31	2050/12/01	२०५०/१२/०१	Chaitra 01, 2050	Monday, Chaitra 01, 2050	चैत ०१, २०५०	सोमवार, चैत ०१, २०५०	1-12-2050	2050-04-01	2051-03-31	2050-10-01	2050-12-31
2050-12-15	1994-03-28	Monday	350	31	2050/12/15	२०५०/१२/१५	Chaitra 15, 2050	Monday, Chaitra 15, 2050	चैत १५, २०५०	सोमवार, चैत १५, २०५०	15-12-2050	2050-04-01	2051-03-31	2050-10-01	2050-12-31
2050-12-31	1994-04-13	Wednesday	366	31	2050/12/31	२०५०/१२/३१	Chaitra 31, 2050	Wednesday, Chaitra 31, 2050	चैत ३१, २०५०	बुधवार, चैत ३१, २०५०	31-12-2050	2050-04-01	2051-03-31	2050-10-01	2050-12-31
2052-03-02	1995-06-16	Friday	64	32	2052/03/02	२०५२/०३/०२	Ashad 02, 2052	Friday, Ashad 02, 2052	असार ०२, २०५२	शुक्रवार, असार ०२, २०५२	2-3-2052	2051-04-01	2052-03-32	2052-01-01	2052-03-32
2054-04-31	1997-08-15	Friday	125	32	2054/04/31	२०५४/०४/३१	Shrawan 31, 2054	Friday, Shrawan 31, 2054	साउन ३१, २०५४	शुक्रवार, साउन ३१, २०५४	31-4-2054	2054-04-01	2055-03-32	2054-04-01	2054-06-30
2054-05-08	1997-08-24	Sunday	134	31	2054/05/08	२०५४/०५/०८	Bhadra 08, 2054	Sunday, Bhadra 08, 2054	भदौ ०८, २०५४	आइतवार, भदौ ०८, २०५४	8-5-2054	2054-04-01	2055-03-32	2054-04-01	2054-06-30
2054-07-09	1997-10-25	Saturday	196	30	2054/07/09	२०५४/०७/०९	Kartik 09, 2054	Saturday, Kartik 09, 2054	कार्तिक ०९, २०५४	शनिवार, कार्तिक ०९, २०५४	9-7-2054	2054-04-01	2055-03-32	2054-07-01	2054-09-29
2055-03-32	1998-07-16	Thursday	94	32	2055/03/32	२०५५/०३/३२	Ashad 32, 2055	Thursday, Ashad 32, 2055	असार ३२, २०५५	बिहिवार, असार ३२, २०५५	32-3-2055	2054-04-01	2055-03-32	2055-01-01	2055-03-32
2055-05-24	1998-09-09	Wednesday	149	31	2055/05/24	२०५५/०५/२४	Bhadra 24, 2055	Wednesday, Bhadra 24, 2055	भदौ २४, २०५५	बुधवार, भदौ २४, २०५५	24-5-2055	2055-04-01	2056-03-32	2055-04-01	2055-06-31
2055-09-16	1998-12-31	Thursday	262	30	2055/09/16	२०५५/०९/१६	Poush 16, 2055	Thursday, Poush 16, 2055	पुष १६, २०५५	बिहिवार, पुष १६, २०५५	16-9-2055	2055-04-01	2056-03-32	2055-07-01	2055-09-30
2056-11-03	2000-02-15	Tuesday	308	30	2056/11/03	२०५६/११/०३	Falgun 03, 2056	Tuesday, Falgun 03, 2056	फागुन ०३, २०५६	मङ्गलवार, फागुन ०३, २०५६	3-11-2056	2056-04-01	2057-03-31	2056-10-01	2056-12-30
2057-01-16	2000-04-28	Friday	16	31	2057/01/16	२०५७/०१/१६	Baishakh 16, 2057	Friday, Baishakh 16, 2057	बैशाख १६, २०५७	शुक्रवार, बैशाख १६, २०५७	16-1-2057	2056-04-01	2057-03-31	2057-01-01	2057-03-31
2057-04-19	2000-08-03	Thursday	113	32	2057/04/19	२०५७/०४/१९	Shrawan 19, 2057	Thursday, Shrawan 19, 2057	साउन १९, २०५७	बिहिवार, साउन १९, २०५७	19-4-2057	2057-04-01	2058-03-31	2057-04-01	2057-06-30
2058-02-26	2001-06-08	Friday	56	32	2058/02/26	२०५८/०२/२६	Jestha 26, 2058	Friday, Jestha 26, 2058	जेठ २६, २०५८	शुक्रवार, जेठ २६, २०५८	26-2-2058	2057-04-01	2058-03-31	2058-01-01	2058-03-31
2059-05-28	2002-09-13	Friday	153	31	2059/05/28	२०५९/०५/२८	Bhadra 28, 2059	Friday, Bhadra 28, 2059	भदौ २८, २०५९	शुक्रवार, भदौ २८, २०५९	28-5-2059	2059-04-01	2060-03-32	2059-04-01	2059-06-31
2060-03-03	2003-06-17	Tuesday	65	32	2060/03/03	२०६०/०३/०३	Ashad 03, 2060	Tuesday, Ashad 03, 2060	असार ०३, २०६०	मङ्गलवार, असार ०३, २०६०	3-3-2060	2059-04-01	2060-03-32	2060-01-01	2060-03-32
2061-03-04	2004-06-18	Friday	67	31	2061/03/04	२०६१/०३/०४	Ashad 04, 2061	Friday, Ashad 04, 2061	असार ०४, २०६१	शुक्रवार, असार ०४, २०६१	4-3-2061	2060-04-01	2061-03-31	2061-01-01	2061-03-31
2062-06-09	2005-09-25	Sunday	165	31	2062/06/09	२०६२/०६/०९	Ashoj 09, 2062	Sunday, Ashoj 09, 2062	असोज ०९, २०६२	आइतवार, असोज ०९, २०६२	9-6-2062	2062-04-01	2063-03-32	2062-04-01	2062-06-31
2063-02-12	2006-05-26	Friday	43	31	2063/02/12	२०६३/०२/१२	Jestha 12, 2063	Friday, Jestha 12, 2063	जेठ १२, २०६३	शुक्रवार, जेठ १२, २०६३	12-2-2063	2062-04-01	2063-03-32	2063-01-01	2063-03-32
2063-05-08	2006-08-24	Thursday	133	31	2063/05/08	२०६३/०५/०८	Bhadra 08, 2063	Thursday, Bhadra 08, 2063	भदौ ०८, २०६३	बिहिवार, भदौ ०८, २०६३	8-5-2063	2063-04-01	2064-03-32	2063-04-01	2063-06-31
2064-01-22	2007-05-05	Saturday	22	31	2064/01/22	२०६४/०१/२२	Baishakh 22, 2064	Saturday, Baishakh 22, 2064	बैशाख २२, २०६४	शनिवार, बैशाख २२, २०६४	22-1-2064	2063-04-01	2064-03-32	2064-01-01	2064-03-32
2066-01-24	2009-05-07	Thursday	24	31	2066/01/24	२०६६/०१/२४	Baishakh 24, 2066	Thursday, Baishakh 24, 2066	बैशाख २४, २०६६	बिहिवार, बैशाख २४, २०६६	24-1-2066	2065-04-01	2066-03-31	2066-01-01	2066-03-31
2067-04-18	2010-08-03	Tuesday	112	31	2067/04/18	२०६७/०४/१८	Shrawan 18, 2067	Tuesday, Shrawan 18, 2067	साउन १८, २०६७	मङ्गलवार, साउन १८, २०६७	18-4-2067	2067-04-01	2068-03-32	2067-04-01	2067-06-31
2068-06-03	2011-09-20	Tuesday	160	30	2068/06/03	२०६८/०६/०३	Ashoj 03, 2068	Tuesday, Ashoj 03, 2068	असोज ०३, २०६८	मङ्गलवार, असोज ०३, २०६८	3-6-2068	2068-04-01	2069-03-31	2068-04-01	2068-06-30
2073-07-26	2016-11-11	Friday	213	30	2073/07/26	२०७३/०७/२६	Kartik 26, 2073	Friday, Kartik 26, 2073	कार्तिक २६, २०७३	शुक्रवार, कार्तिक २६, २०७३	26-7-2073	2073-04-01	2074-03-31	2073-07-01	2073-09-29
2074-03-20	2017-07-04	Tuesday	82	31	2074/03/20	२०७४/०३/२०	Ashad 20, 2074	Tuesday, Ashad 20, 2074	असार २०, २०७४	मङ्गलवार, असार २०, २०७४	20-3-2074	2073-04-01	2074-03-31	2074-01-01	2074-03-31
2074-06-24	2017-10-10	Tuesday	180	31	2074/06/24	२०७४/०६/२४	Ashoj 24, 2074	Tuesday, Ashoj 24, 2074	असोज २४, २०७४	मङ्गलवार, असोज २४, २०७४	24-6-2074	2074-04-01	2075-03-32	2074-04-01	2074-06-31
2074-12-08	2018-03-22	Thursday	343	30	2074/12/08	२०७४/१२/०८	Chaitra 08, 2074	Thursday, Chaitra 08, 2074	चैत ०८, २०७४	बिहिवार, चैत ०८, २०७४	8-12-2074	2074-04-01	2075-03-32	2074-10-01	2074-12-30
2075-05-09	2018-08-25	Saturday	134	31	2075/05/09	२०७५/०५/०९	Bhadra 09, 2075	Saturday, Bhadra 09, 2075	भदौ ०९, २०७५	शनिवार, भदौ ०९, २०७५	9-5-2075	2075-04-01	2076-03-31	2075-04-01	2075-06-31
2076-06-02	2019-09-19	Thursday	159	30	2076/06/02	२०७६/०६/०२	Ashoj 02, 2076	Thursday, Ashoj 02, 2076	असोज ०२, २०७६	बिहिवार, असोज ०२, २०७६	2-6-2076	2076-04-01	2077-03-31	2076-04-01	2076-06-30
2076-08-29	2019-12-15	Sunday	246	30	2076/08/29	२०७६/०८/२९	Mangsir 29, 2076	Sunday, Mangsir 29, 2076	मंसिर २९, २०७६	आइतवार, मंसिर २९, २०७६	29-8-2076	2076-04-01	2077-03-31	2076-07-01	2076-09-29
2077-01-01	2020-04-13	Monday	1	31	2077/01/01	२०७७/०१/०१	Baishakh 01, 2077	Monday, Baishakh 01, 2077	बैशाख ०१, २०७७	सोमवार, बैशाख ०१, २०७७	1-1-2077	2076-04-01	2077-03-31	2077-01-01	2077-03-31
2077-01-15	2020-04-27	Monday	15	31	2077/01/15	२०७७/०१/१५	Baishakh 15, 2077	Monday, Baishakh 15, 2077	बैशाख १५, २०७७	सोमवार, बैशाख १५, २०७७	15-1-2077	2076-04-01	2077-03-31	2077-01-01	2077-03-31
2077-01-31	2020-05-13	Wednesday	31	31	2077/01/31	२०७७/०१/३१	Baishakh 31, 2077	Wednesday, Baishakh 31, 2077	बैशाख ३१, २०७७	बुधवार, बैशाख ३१, २०७७	31-1-2077	2076-04-01	2077-03-31	2077-01-01	2077-03-31
2077-02-01	2020-05-14	Thursday	32	32	2077/02/01	२०७७/०२/०१	Jestha 01, 2077	Thursday, Jestha 01, 2077	जेठ ०१, २०७७	बिहिवार, जेठ ०१, २०७७	1-2-2077	2076-04-01	2077-03-31	2077-01-01	2077-03-31
2077-02-15	2020-05-28	Thursday	46	32	2077/02/15	२०७७/०२/१५	Jestha 15, 2077	Thursday, Jestha 15, 2077	जेठ १५, २०७७	बिहिवार, जेठ १५, २०७७	15-2-2077	2076-04-01	2077-03-31	2077-01-01	2077-03-31
2077-02-32	2020-06-14	Sunday	63	32	2077/02/32	२०७७/०२/३२	Jestha 32, 2077	Sunday, Jestha 32, 2077	जेठ ३२, २०७७	आइतवार, जेठ ३२, २०७७	32-2-2077	2076-04-01	2077-03-31	2077-01-01	2077-03-31
2077-03-01	2020-06-15	Monday	64	31	2077/03/01	२०७७/०३/०१	Ashad 01, 2077	Monday, Ashad 01, 2077	असार ०१, २०७७	सोमवार, असार ०१, २०७७	1-3-2077	2076-04-01	2077-03-31	2077-01-01	2077-03-31
2077-03-15	2020-06-29	Monday	78	31	2077/03/15	२०७७/०३/१५	Ashad 15, 2077	Monday, Ashad 15, 2077	असार १५, २०७७	सोमवार, असार १५, २०७७	15-3-2077	2076-04-01	2077-03-31	2077-01-01	2077-03-31
2077-03-31	2020-07-15	Wednesday	94	31	2077/03/31	२०७७/०३/३१	Ashad 31, 2077	Wednesday, Ashad 31, 2077	असार ३१, २०७७	बुधवार, असार ३१, २०७७	31-3-2077	2076-04-01	2077-03-31	2077-01-01	2077-03-31
2077-04-01	2020-07-16	Thursday	95	32	2077/04/01	२०७७/०४/०१	Shrawan 01, 2077	Thursday, Shrawan 01, 2077	साउन ०१, २०७७	बिहिवार, साउन ०१, २०७७	1-4-2077	2077-04-01	2078-03-31	2077-04-01	2077-06-30
2077-04-15	2020-07-30	Thursday	109	32	2077/04/15	२०७७/०४/१५	Shrawan 15, 2077	Thursday, Shrawan 15, 2077	साउन १५, २०७७	बिहिवार, साउन १५, २०७७	15-4-2077	2077-04-01	2078-03-31	2077-04-01	2077-06-30
2077-04-32	2020-08-16	Sunday	126	32	2077/04/32	२०७७/०४/३२	Shrawan 32, 2077	Sunday, Shrawan 32, 2077	साउन ३२, २०७७	आइतवार, साउन ३२, २०७७	32-4-2077	2077-04-01	2078-03-31	2077-04-01	2077-06-30
2077-05-01	2020-08-17	Monday	127	31	2077/05/01	२०७७/०५/०१	Bhadra 01, 2077	Monday, Bhadra 01, 2077	भदौ ०१, २०७७	सोमवार, भदौ ०१, २०७७	1-5-2077	2077-04-01	2078-03-31	2077-04-01	2077-06-30
2077-05-15	2020-08-31	Monday	141	31	2077/05/15	२०७७/०५/१५	Bhadra 15, 2077	Monday, Bhadra 15, 2077	भदौ १५, २०७७	सोमवार, भदौ १५, २०७७	15-5-2077	2077-04-01	2078-03-31	2077-04-01	2077-06-30
2077-05-31	2020-09-16	Wednesday	157	31	2077/05/31	२०७७/०५/३१	Bhadra 31, 2077	Wednesday, Bhadra 31, 2077	भदौ ३१, २०७७	बुधवार, भदौ ३१, २०७७	31-5-2077	2077-04-01	2078-03-31	2077-04-01	2077-06-30
2077-06-01	2020-09-17	Thursday	158	30	2077/06/01	२०७७/०६/०१	Ashoj 01, 2077	Thursday, Ashoj 01, 2077	असोज ०१, २०७७	बिहिवार, असोज ०१, २०७७	1-6-2077	2077-04-01	2078-03-31	2077-04-01	2077-06-30
2077-06-15	2020-10-01	Thursday	172	30	2077/06/15	२०७७/०६/१५	Ashoj 15, 2077	Thursday, Ashoj 15, 2077	असोज १५, २०७७	बिहिवार, असोज १५, २०७७	15-6-2077	2077-04-01	2078-03-31	2077-04-01	2077-06-30
2077-06-30	2020-10-16	Friday	187	30	2077/06/30	२०७७/०६/३०	Ashoj 30, 2077	Friday, Ashoj 30, 2077	असोज ३०, २०७७	शुक्रवार, असोज ३०, २०७७	30-6-2077	2077-04-01	2078-03-31	2077-04-01	2077-06-30
2077-07-01	2020-10-17	Saturday	188	30	2077/07/01	२०७७/०७/०१	Kartik 01, 2077	Saturday, Kartik 01, 2077	कार्तिक ०१, २०७७	शनिवार, कार्तिक ०१, २०७७	1-7-2077	2077-04-01	2078-03-31	2077-07-01	2077-09-29
2077-07-15	2020-10-31	Saturday	202	30	2077/07/15	२०७७/०७/१५	Kartik 15, 2077	Saturday, Kartik 15, 2077	कार्तिक १५, २०७७	शनिवार, कार्तिक १५, २०७७	15-7-2077	2077-04-01	2078-03-31	2077-07-01	2077-09-29
2077-07-30	2020-11-15	Sunday	217	30	2077/07/30	२०७७/०७/३०	Kartik 30, 2077	Sunday, Kartik 30, 2077	कार्तिक ३०, २०७७	आइतवार, कार्तिक ३०, २०७७	30-7-2077	2077-04-01	2078-03-31	2077-07-01	2077-09-29
2077-08-01	2020-11-16	Monday	218	30	2077/08/01	२०७७/०८/०१	Mangsir 01, 2077	Monday, Mangsir 01, 2077	मंसिर ०१, २०७७	सोमवार, मंसिर ०१, २०७७	1-8-2077	2077-04-01	2078-03-31	2077-07-01	2077-09-29
2077-08-15	2020-11-30	Monday	232	30	2077/08/15	२०७७/०८/१५	Mangsir 15, 2077	Monday, Mangsir 15, 2077	मंसिर १५, २०७७	सोमवार, मंसिर १५, २०७७	15-8-2077	2077-04-01	2078-03-31	2077-07-01	2077-09-29
2077-08-20	2020-12-05	Saturday	237	30	2077/08/20	२०७७/०८/२०	Mangsir 20, 2077	Saturday, Mangsir 20, 2077	मंसिर २०, २०७७	शनिवार, मंसिर २०, २०७७	20-8-2077	2077-04-01	2078-03-31	2077-07-01	2077-09-29
2077-08-30	2020-12-15	Tuesday	247	30	2077/08/30	२०७७/०८/३०	Mangsir 30, 2077	Tuesday, Mangsir 30, 2077	मंसिर ३०, २०७७	मङ्गलवार, मंसिर ३०, २०७७	30-8-2077	2077-04-01	2078-03-31	2077-07-01	2077-09-29
2077-09-01	2020-12-16	Wednesday	248	29	2077/09/01	२०७७/०९/०१	Poush 01, 2077	Wednesday, Poush 01, 2077	पुष ०१, २०७७	बुधवार, पुष ०१, २०७७	1-9-2077	2077-04-01	2078-03-31	2077-07-01	2077-09-29
2077-09-15	2020-12-30	Wednesday	262	29	2077/09/15	२०७७/०९/१५	Poush 15, 2077	Wednesday, Poush 15, 2077	पुष १५, २०७७	बुधवार, पुष १५, २०७७	15-9-2077	2077-04-01	2078-03-31	2077-07-01	2077-09-29
2077-09-29	2021-01-13	Wednesday	276	29	2077/09/29	२०७७/०९/२९	Poush 29, 2077	Wednesday, Poush 29, 2077	पुष २९, २०७७	बुधवार, पुष २९, २०७७	29-9-2077	2077-04-01	2078-03-31	2077-07-01	2077-09-29
2077-10-01	2021-01-14	Thursday	277	30	2077/10/01	२०७७/१०/०१	Magh 01, 2077	Thursday, Magh 01, 2077	माघ ०१, २०७७	बिहिवार, माघ ०१, २०७७	1-10-2077	2077-04-01	2078-03-31	2077-10-01	2077-12-31
2077-10-15	2021-01-28	Thursday	291	30	2077/10/15	२०७७/१०/१५	Magh 15, 2077	Thursday, Magh 15, 2077	माघ १५, २०७७	बिहिवार, माघ १५, २०७७	15-10-2077	2077-04-01	2078-03-31	2077-10-01	2077-12-31
2077-10-30	2021-02-12	Friday	306	30	2077/10/30	२०७७/१०/३०	Magh 30, 2077	Friday, Magh 30, 2077	माघ ३०, २०७७	शुक्रवार, माघ ३०, २०७७	30-10-2077	2077-04-01	2078-03-31	2077-10-01	2077-12-31
2077-11-01	2021-02-13	Saturday	307	29	2077/11/01	२०७७/११/०१	Falgun 01, 2077	Saturday, Falgun 01, 2077	फागुन ०१, २०७७	शनिवार, फागुन ०१, २०७७	1-11-2077	2077-04-01	2078-03-31	2077-10-01	2077-12-31
2077-11-15	2021-02-27	Saturday	321	29	2077/11/15	२०७७/११/१५	Falgun 15, 2077	Saturday, Falgun 15, 2077	फागुन १५, २०७७	शनिवार, फागुन १५, २०७७	15-11-2077	2077-04-01	2078-03-31	2077-10-01	2077-12-31
2077-11-26	2021-03-10	Wednesday	332	29	2077/11/26	२०७७/११/२६	Falgun 26, 2077	Wednesday, Falgun 26, 2077	फागुन २६, २०७७	बुधवार, फागुन २६, २०७७	26-11-2077	2077-04-01	2078-03-31	2077-10-01	2077-12-31
2077-11-29	2021-03-13	Saturday	335	29	2077/11/29	२०७७/११/२९	Falgun 29, 2077	Saturday, Falgun 29, 2077	फागुन २९, २०७७	शनिवार, फागुन २९, २०७७	29-11-2077	2077-04-01	2078-03-31	2077-10-01	2077-12-31
2077-12-01	2021-03-14	Sunday	336	31	2077/12/01	२०७७/१२/०१	Chaitra 01, 2077	Sunday, Chaitra 01, 2077	चैत ०१, २०७७	आइतवार, चैत ०१, २०७७	1-12-2077	2077-04-01	2078-03-31	2077-10-01	2077-12-31
2077-12-15	2021-03-28	Sunday	350	31	2077/12/15	२०७७/१२/१५	Chaitra 15, 2077	Sunday, Chaitra 15, 2077	चैत १५, २०७७	आइतवार, चैत १५, २०७७	15-12-2077	2077-04-01	2078-03-31	2077-10-01	2077-12-31
2077-12-31	2021-04-13	Tuesday	366	31	2077/12/31	२०७७/१२/३१	Chaitra 31, 2077	Tuesday, Chaitra 31, 2077	चैत ३१, २०७७	मङ्गलवार, चैत ३१, २०७७	31-12-2077	2077-04-01	2078-03-31	2077-10-01	2077-12-31
2078-01-01	2021-04-14	Wednesday	1	31	2078/01/01	२०७८/०१/०१	Baishakh 01, 2078	Wednesday, Baishakh 01, 2078	बैशाख ०१, २०७८	बुधवार, बैशाख ०१, २०७८	1-1-2078	2077-04-01	2078-03-31	2078-01-01	2078-03-31
2078-01-15	2021-04-28	Wednesday	15	31	2078/01/15	२०७८/०१/१५	Baishakh 15, 2078	Wednesday, Baishakh 15, 2078	बैशाख १५, २०७८	बुधवार, बैशाख १५, २०७८	15-1-2078	2077-04-01	2078-03-31	2078-01-01	2078-03-31
2078-01-31	2021-05-14	Friday	31	31	2078/01/31	२०७८/०१/३१	Baishakh 31, 2078	Friday, Baishakh 31, 2078	बैशाख ३१, २०७८	शुक्रवार, बैशाख ३१, २०७८	31-1-2078	2077-04-01	2078-03-31	2078-01-01	2078-03-31
2078-02-01	2021-05-15	Saturday	32	31	2078/02/01	२०७८/०२/०१	Jestha 01, 2078	Saturday, Jestha 01, 2078	जेठ ०१, २०७८	शनिवार, जेठ ०१, २०७८	1-2-2078	2077-04-01	2078-03-31	2078-01-01	2078-03-31
2078-02-09	2021-05-23	Sunday	40	31	2078/02/09	२०७८/०२/०९	Jestha 09, 2078	Sunday, Jestha 09, 2078	जेठ ०९, २०७८	आइतवार, जेठ ०९, २०७८	9-2-2078	2077-04-01	2078-03-31	2078-01-01	2078-03-31
2078-02-15	2021-05-29	Saturday	46	31	2078/02/15	२०७८/०२/१५	Jestha 15, 2078	Saturday, Jestha 15, 2078	जेठ १५, २०७८	शनिवार, जेठ १५, २०७८	15-2-2078	2077-04-01	2078-03-31	2078-01-01	2078-03-31
2078-02-31	2021-06-14	Monday	62	31	2078/02/31	२०७८/०२/३१	Jestha 31, 2078	Monday, Jestha 31, 2078	जेठ ३१, २०७८	सोमवार, जेठ ३१, २०७८	31-2-2078	2077-04-01	2078-03-31	2078-01-01	2078-03-31
2078-03-01	2021-06-15	Tuesday	63	31	2078/03/01	२०७८/०३/०१	Ashad 01, 2078	Tuesday, Ashad 01, 2078	असार ०१, २०७८	मङ्गलवार, असार ०१, २०७८	1-3-2078	2077-04-01	2078-03-31	2078-01-01	2078-03-31
2078-03-15	2021-06-29	Tuesday	77	31	2078/03/15	२०७८/०३/१५	Ashad 15, 2078	Tuesday, Ashad 15, 2078	असार १५, २०७८	मङ्गलवार, असार १५, २०७८	15-3-2078	2077-04-01	2078-03-31	2078-01-01	2078-03-31
2078-03-31	2021-07-15	Thursday	93	31	2078/03/31	२०७८/०३/३१	Ashad 31, 2078	Thursday, Ashad 31, 2078	असार ३१, २०७८	बिहिवार, असार ३१, २०७८	31-3-2078	2077-04-01	2078-03-31	2078-01-01	2078-03-31
2078-04-01	2021-07-16	Friday	94	32	2078/04/01	२०७८/०४/०१	Shrawan 01, 2078	Friday, Shrawan 01, 2078	साउन ०१, २०७८	शुक्रवार, साउन ०१, २०७८	1-4-2078	2078-04-01	2079-03-32	2078-04-01	2078-06-31
2078-04-15	2021-07-30	Friday	108	32	2078/04/15	२०७८/०४/१५	Shrawan 15, 2078	Friday, Shrawan 15, 2078	साउन १५, २०७८	शुक्रवार, साउन १५, २०७८	15-4-2078	2078-04-01	2079-03-32	2078-04-01	2078-06-31
2078-04-25	2021-08-09	Monday	118	32	2078/04/25	२०७८/०४/२५	Shrawan 25, 2078	Monday, Shrawan 25, 2078	साउन २५, २०७८	सोमवार, साउन २५, २०७८	25-4-2078	2078-04-01	2079-03-32	2078-04-01	2078-06-31
2078-04-32	2021-08-16	Monday	125	32	2078/04/32	२०७८/०४/३२	Shrawan 32, 2078	Monday, Shrawan 32, 2078	साउन ३२, २०७८	सोमवार, साउन ३२, २०७८	32-4-2078	2078-04-01	2079-03-32	2078-04-01	2078-06-31
2078-05-01	2021-08-17	Tuesday	126	31	2078/05/01	२०७८/०५/०१	Bhadra 01, 2078	Tuesday, Bhadra 01, 2078	भदौ ०१, २०७८	मङ्गलवार, भदौ ०१, २०७८	1-5-2078	2078-04-01	2079-03-32	2078-04-01	2078-06-31
2078-05-15	2021-08-31	Tuesday	140	31	2078/05/15	२०७८/०५/१५	Bhadra 15, 2078	Tuesday, Bhadra 15, 2078	भदौ १५, २०७८	मङ्गलवार, भदौ १५, २०७८	15-5-2078	2078-04-01	2079-03-32	2078-04-01	2078-06-31
2078-05-31	2021-09-16	Thursday	156	31	2078/05/31	२०७८/०५/३१	Bhadra 31, 2078	Thursday, Bhadra 31, 2078	भदौ ३१, २०७८	बिहिवार, भदौ ३१, २०७८	31-5-2078	2078-04-01	2079-03-32	2078-04-01	2078-06-31
2078-06-01	2021-09-17	Friday	157	31	2078/06/01	२०७८/०६/०१	Ashoj 01, 2078	Friday, Ashoj 01, 2078	असोज ०१, २०७८	शुक्रवार, असोज ०१, २०७८	1-6-2078	2078-04-01	2079-03-32	2078-04-01	2078-06-31
2078-06-15	2021-10-01	Friday	171	31	2078/06/15	२०७८/०६/१५	Ashoj 15, 2078	Friday, Ashoj 15, 2078	असोज १५, २०७८	शुक्रवार, असोज १५, २०७८	15-6-2078	2078-04-01	2079-03-32	2078-04-01	2078-06-31
2078-06-31	2021-10-17	Sunday	187	31	2078/06/31	२०७८/०६/३१	Ashoj 31, 2078	Sunday, Ashoj 31, 2078	असोज ३१, २०७८	आइतवार, असोज ३१, २०७८	31-6-2078	2078-04-01	2079-03-32	2078-04-01	2078-06-31
2078-07-01	2021-10-18	Monday	188	30	2078/07/01	२०७८/०७/०१	Kartik 01, 2078	Monday, Kartik 01, 2078	कार्तिक ०१, २०७८	सोमवार, कार्तिक ०१, २०७८	1-7-2078	2078-04-01	2079-03-32	2078-07-01	2078-09-30
2078-07-15	2021-11-01	Monday	202	30	2078/07/15	२०७८/०७/१५	Kartik 15, 2078	Monday, Kartik 15, 2078	कार्तिक १५, २०७८	सोमवार, कार्तिक १५, २०७८	15-7-2078	2078-04-01	2079-03-32	2078-07-01	2078-09-30
2078-07-30	2021-11-16	Tuesday	217	30	2078/07/30	२०७८/०७/३०	Kartik 30, 2078	Tuesday, Kartik 30, 2078	कार्तिक ३०, २०७८	मङ्गलवार, कार्तिक ३०, २०७८	30-7-2078	2078-04-01	2079-03-32	2078-07-01	2078-09-30
2078-08-01	2021-11-17	Wednesday	218	29	2078/08/01	२०७८/०८/०१	Mangsir 01, 2078	Wednesday, Mangsir 01, 2078	मंसिर ०१, २०७८	बुधवार, मंसिर ०१, २०७८	1-8-2078	2078-04-01	2079-03-32	2078-07-01	2078-09-30
2078-08-15	2021-12-01	Wednesday	232	29	2078/08/15	२०७८/०८/१५	Mangsir 15, 2078	Wednesday, Mangsir 15, 2078	मंसिर १५, २०७८	बुधवार, मंसिर १५, २०७८	15-8-2078	2078-04-01	2079-03-32	2078-07-01	2078-09-30
2078-08-29	2021-12-15	Wednesday	246	29	2078/08/29	२०७८/०८/२९	Mangsir 29, 2078	Wednesday, Mangsir 29, 2078	मंसिर २९, २०७८	बुधवार, मंसिर २९, २०७८	29-8-2078	2078-04-01	2079-03-32	2078-07-01	2078-09-30
2078-09-01	2021-12-16	Thursday	247	30	2078/09/01	२०७८/०९/०१	Poush 01, 2078	Thursday, Poush 01, 2078	पुष ०१, २०७८	बिहिवार, पुष ०१, २०७८	1-9-2078	2078-04-01	2079-03-32	2078-07-01	2078-09-30
2078-09-15	2021-12-30	Thursday	261	30	2078/09/15	२०७८/०९/१५	Poush 15, 2078	Thursday, Poush 15, 2078	पुष १५, २०७८	बिहिवार, पुष १५, २०७८	15-9-2078	2078-04-01	2079-03-32	2078-07-01	2078-09-30
2078-09-30	2022-01-14	Friday	276	30	2078/09/30	२०७८/०९/३०	Poush 30, 2078	Friday, Poush 30, 2078	पुष ३०, २०७८	शुक्रवार, पुष ३०, २०७८	30-9-2078	2078-04-01	2079-03-32	2078-07-01	2078-09-30
2078-10-01	2022-01-15	Saturday	277	29	2078/10/01	२०७८/१०/०१	Magh 01, 2078	Saturday, Magh 01, 2078	माघ ०१, २०७८	शनिवार, माघ ०१, २०७८	1-10-2078	2078-04-01	2079-03-32	2078-10-01	2078-12-30
2078-10-15	2022-01-29	Saturday	291	29	2078/10/15	२०७८/१०/१५	Magh 15, 2078	Saturday, Magh 15, 2078	माघ १५, २०७८	शनिवार, माघ १५, २०७८	15-10-2078	2078-04-01	2079-03-32	2078-10-01	2078-12-30
2078-10-29	2022-02-12	Saturday	305	29	2078/10/29	२०७८/१०/२९	Magh 29, 2078	Saturday, Magh 29, 2078	माघ २९, २०७८	शनिवार, माघ २९, २०७८	29-10-2078	2078-04-01	2079-03-32	2078-10-01	2078-12-30
2078-11-01	2022-02-13	Sunday	306	30	2078/11/01	२०७८/११/०१	Falgun 01, 2078	Sunday, Falgun 01, 2078	फागुन ०१, २०७८	आइतवार, फागुन ०१, २०७८	1-11-2078	2078-04-01	2079-03-32	2078-10-01	2078-12-30
2078-11-15	2022-02-27	Sunday	320	30	2078/11/15	२०७८/११/१५	Falgun 15, 2078	Sunday, Falgun 15, 2078	फागुन १५, २०७८	आइतवार, फागुन १५, २०७८	15-11-2078	2078-04-01	2079-03-32	2078-10-01	2078-12-30
2078-11-30	2022-03-14	Monday	335	30	2078/11/30	२०७८/११/३०	Falgun 30, 2078	Monday, Falgun 30, 2078	फागुन ३०, २०७८	सोमवार, फागुन ३०, २०७८	30-11-2078	2078-04-01	2079-03-32	2078-10-01	2078-12-30
2078-12-01	2022-03-15	Tuesday	336	30	2078/12/01	२०७८/१२/०१	Chaitra 01, 2078	Tuesday, Chaitra 01, 2078	चैत ०१, २०७८	मङ्गलवार, चैत ०१, २०७८	1-12-2078	2078-04-01	2079-03-32	2078-10-01	2078-12-30
2078-12-15	2022-03-29	Tuesday	350	30	2078/12/15	२०७८/१२/१५	Chaitra 15, 2078	Tuesday, Chaitra 15, 2078	चैत १५, २०७८	मङ्गलवार, चैत १५, २०७८	15-12-2078	2078-04-01	2079-03-32	2078-10-01	2078-12-30
2078-12-30	2022-04-13	Wednesday	365	30	2078/12/30	२०७८/१२/३०	Chaitra 30, 2078	Wednesday, Chaitra 30, 2078	चैत ३०, २०७८	बुधवार, चैत ३०, २०७८	30-12-2078	2078-04-01	2079-03-32	2078-10-01	2078-12-30
2079-01-01	2022-04-14	Thursday	1	31	2079/01/01	२०७९/०१/०१	Baishakh 01, 2079	Thursday, Baishakh 01, 2079	बैशाख ०१, २०७९	बिहिवार, बैशाख ०१, २०७९	1-1-2079	2078-04-01	2079-03-32	2079-01-01	2079-03-32
2079-01-15	2022-04-28	Thursday	15	31	2079/01/15	२०७९/०१/१५	Baishakh 15, 2079	Thursday, Baishakh 15, 2079	बैशाख १५, २०७९	बिहिवार, बैशाख १५, २०७९	15-1-2079	2078-04-01	2079-03-32	2079-01-01	2079-03-32
2079-01-31	2022-05-14	Saturday	31	31	2079/01/31	२०७९/०१/३१	Baishakh 31, 2079	Saturday, Baishakh 31, 2079	बैशाख ३१, २०७९	शनिवार, बैशाख ३१, २०७९	31-1-2079	2078-04-01	2079-03-32	2079-01-01	2079-03-32
2079-02-01	2022-05-15	Sunday	32	31	2079/02/01	२०७९/०२/०१	Jestha 01, 2079	Sunday, Jestha 01, 2079	जेठ ०१, २०७९	आइतवार, जेठ ०१, २०७९	1-2-2079	2078-04-01	2079-03-32	2079-01-01	2079-03-32
2079-02-15	2022-05-29	Sunday	46	31	2079/02/15	२०७९/०२/१५	Jestha 15, 2079	Sunday, Jestha 15, 2079	जेठ १५, २०७९	आइतवार, जेठ १५, २०७९	15-2-2079	2078-04-01	2079-03-32	2079-01-01	2079-03-32
2079-02-31	2022-06-14	Tuesday	62	31	2079/02/31	२०७९/०२/३१	Jestha 31, 2079	Tuesday, Jestha 31, 2079	जेठ ३१, २०७९	मङ्गलवार, जेठ ३१, २०७९	31-2-2079	2078-04-01	2079-03-32	2079-01-01	2079-03-32
2079-03-01	2022-06-15	Wednesday	63	32	2079/03/01	२०७९/०३/०१	Ashad 01, 2079	Wednesday, Ashad 01, 2079	असार ०१, २०७९	बुधवार, असार ०१, २०७९	1-3-2079	2078-04-01	2079-03-32	2079-01-01	2079-03-32
2079-03-15	2022-06-29	Wednesday	77	32	2079/03/15	२०७९/०३/१५	Ashad 15, 2079	Wednesday, Ashad 15, 2079	असार १५, २०७९	बुधवार, असार १५, २०७९	15-3-2079	2078-04-01	2079-03-32	2079-01-01	2079-03-32
2079-03-32	2022-07-16	Saturday	94	32	2079/03/32	२०७९/०३/३२	Ashad 32, 2079	Saturday, Ashad 32, 2079	असार ३२, २०७९	शनिवार, असार ३२, २०७९	32-3-2079	2078-04-01	2079-03-32	2079-01-01	2079-03-32
2079-04-01	2022-07-17	Sunday	95	31	2079/04/01	२०७९/०४/०१	Shrawan 01, 2079	Sunday, Shrawan 01, 2079	साउन ०१, २०७९	आइतवार, साउन ०१, २०७९	1-4-2079	2079-04-01	2080-03-31	2079-04-01	2079-06-31
2079-04-15	2022-07-31	Sunday	109	31	2079/04/15	२०७९/०४/१५	Shrawan 15, 2079	Sunday, Shrawan 15, 2079	साउन १५, २०७९	आइतवार, साउन १५, २०७९	15-4-2079	2079-04-01	2080-03-31	2079-04-01	2079-06-31
2079-04-31	2022-08-16	Tuesday	125	31	2079/04/31	२०७९/०४/३१	Shrawan 31, 2079	Tuesday, Shrawan 31, 2079	साउन ३१, २०७९	मङ्गलवार, साउन ३१, २०७९	31-4-2079	2079-04-01	2080-03-31	2079-04-01	2079-06-31
2079-05-01	2022-08-17	Wednesday	126	31	2079/05/01	२०७९/०५/०१	Bhadra 01, 2079	Wednesday, Bhadra 01, 2079	भदौ ०१, २०७९	बुधवार, भदौ ०१, २०७९	1-5-2079	2079-04-01	2080-03-31	2079-04-01	2079-06-31
2079-05-15	2022-08-31	Wednesday	140	31	2079/05/15	२०७९/०५/१५	Bhadra 15, 2079	Wednesday, Bhadra 15, 2079	भदौ १५, २०७९	बुधवार, भदौ १५, २०७९	15-5-2079	2079-04-01	2080-03-31	2079-04-01	2079-06-31
2079-05-31	2022-09-16	Friday	156	31	2079/05/31	२०७९/०५/३१	Bhadra 31, 2079	Friday, Bhadra 31, 2079	भदौ ३१, २०७९	शुक्रवार, भदौ ३१, २०७९	31-5-2079	2079-04-01	2080-03-31	2079-04-01	2079-06-31
2079-06-01	2022-09-17	Saturday	157	31	2079/06/01	२०७९/०६/०१	Ashoj 01, 2079	Saturday, Ashoj 01, 2079	असोज ०१, २०७९	शनिवार, असोज ०१, २०७९	1-6-2079	2079-04-01	2080-03-31	2079-04-01	2079-06-31
2079-06-15	2022-10-01	Saturday	171	31	2079/06/15	२०७९/०६/१५	Ashoj 15, 2079	Saturday, Ashoj 15, 2079	असोज १५, २०७९	शनिवार, असोज १५, २०७९	15-6-2079	2079-04-01	2080-03-31	2079-04-01	2079-06-31
2079-06-31	2022-10-17	Monday	187	31	2079/06/31	२०७९/०६/३१	Ashoj 31, 2079	Monday, Ashoj 31, 2079	असोज ३१, २०७९	सोमवार, असोज ३१, २०७९	31-6-2079	2079-04-01	2080-03-31	2079-04-01	2079-06-31
2079-07-01	2022-10-18	Tuesday	188	30	2079/07/01	२०७९/०७/०१	Kartik 01, 2079	Tuesday, Kartik 01, 2079	कार्तिक ०१, २०७९	मङ्गलवार, कार्तिक ०१, २०७९	1-7-2079	2079-04-01	2080-03-31	2079-07-01	2079-09-30
2079-07-15	2022-11-01	Tuesday	202	30	2079/07/15	२०७९/०७/१५	Kartik 15, 2079	Tuesday, Kartik 15, 2079	कार्तिक १५, २०७९	मङ्गलवार, कार्तिक १५, २०७९	15-7-2079	2079-04-01	2080-03-31	2079-07-01	2079-09-30
2079-07-30	2022-11-16	Wednesday	217	30	2079/07/30	२०७९/०७/३०	Kartik 30, 2079	Wednesday, Kartik 30, 2079	कार्तिक ३०, २०७९	बुधवार, कार्तिक ३०, २०७९	30-7-2079	2079-04-01	2080-03-31	2079-07-01	2079-09-30
2079-08-01	2022-11-17	Thursday	218	29	2079/08/01	२०७९/०८/०१	Mangsir 01, 2079	Thursday, Mangsir 01, 2079	मंसिर ०१, २०७९	बिहिवार, मंसिर ०१, २०७९	1-8-2079	2079-04-01	2080-03-31	2079-07-01	2079-09-30
2079-08-15	2022-12-01	Thursday	232	29	2079/08/15	२०७९/०८/१५	Mangsir 15, 2079	Thursday, Mangsir 15, 2079	मंसिर १५, २०७९	बिहिवार, मंसिर १५, २०७९	15-8-2079	2079-04-01	2080-03-31	2079-07-01	2079-09-30
2079-08-29	2022-12-15	Thursday	246	29	2079/08/29	२०७९/०८/२९	Mangsir 29, 2079	Thursday, Mangsir 29, 2079	मंसिर २९, २०७९	बिहिवार, मंसिर २९, २०७९	29-8-2079	2079-04-01	2080-03-31	2079-07-01	2079-09-30
2079-09-01	2022-12-16	Friday	247	30	2079/09/01	२०७९/०९/०१	Poush 01, 2079	Friday, Poush 01, 2079	पुष ०१, २०७९	शुक्रवार, पुष ०१, २०७९	1-9-2079	2079-04-01	2080-03-31	2079-07-01	2079-09-30
2079-09-15	2022-12-30	Friday	261	30	2079/09/15	२०७९/०९/१५	Poush 15, 2079	Friday, Poush 15, 2079	पुष १५, २०७९	शुक्रवार, पुष १५, २०७९	15-9-2079	2079-04-01	2080-03-31	2079-07-01	2079-09-30
2079-09-30	2023-01-14	Saturday	276	30	2079/09/30	२०७९/०९/३०	Poush 30, 2079	Saturday, Poush 30, 2079	पुष ३०, २०७९	शनिवार, पुष ३०, २०७९	30-9-2079	2079-04-01	2080-03-31	2079-07-01	2079-09-30
2079-10-01	2023-01-15	Sunday	277	29	2079/10/01	२०७९/१०/०१	Magh 01, 2079	Sunday, Magh 01, 2079	माघ ०१, २०७९	आइतवार, माघ ०१, २०७९	1-10-2079	2079-04-01	2080-03-31	2079-10-01	2079-12-30
2079-10-15	2023-01-29	Sunday	291	29	2079/10/15	२०७९/१०/१५	Magh 15, 2079	Sunday, Magh 15, 2079	माघ १५, २०७९	आइतवार, माघ १५, २०७९	15-10-2079	2079-04-01	2080-03-31	2079-10-01	2079-12-30
2079-10-29	2023-02-12	Sunday	305	29	2079/10/29	२०७९/१०/२९	Magh 29, 2079	Sunday, Magh 29, 2079	माघ २९, २०७९	आइतवार, माघ २९, २०७९	29-10-2079	2079-04-01	2080-03-31	2079-10-01	2079-12-30
2079-11-01	2023-02-13	Monday	306	30	2079/11/01	२०७९/११/०१	Falgun 01, 2079	Monday, Falgun 01, 2079	फागुन ०१, २०७९	सोमवार, फागुन ०१, २०७९	1-11-2079	2079-04-01	2080-03-31	2079-10-01	2079-12-30
2079-11-08	2023-02-20	Monday	313	30	2079/11/08	२०७९/११/०८	Falgun 08, 2079	Monday, Falgun 08, 2079	फागुन ०८, २०७९	सोमवार, फागुन ०८, २०७९	8-11-2079	2079-04-01	2080-03-31	2079-10-01	2079-12-30
2079-11-15	2023-02-27	Monday	320	30	2079/11/15	२०७९/११/१५	Falgun 15, 2079	Monday, Falgun 15, 2079	फागुन १५, २०७९	सोमवार, फागुन १५, २०७९	15-11-2079	2079-04-01	2080-03-31	2079-10-01	2079-12-30
2079-11-30	2023-03-14	Tuesday	335	30	2079/11/30	२०७९/११/३०	Falgun 30, 2079	Tuesday, Falgun 30, 2079	फागुन ३०, २०७९	मङ्गलवार, फागुन ३०, २०७९	30-11-2079	2079-04-01	2080-03-31	2079-10-01	2079-12-30
2079-12-01	2023-03-15	Wednesday	336	30	2079/12/01	२०७९/१२/०१	Chaitra 01, 2079	Wednesday, Chaitra 01, 2079	चैत ०१, २०७९	बुधवार, चैत ०१, २०७९	1-12-2079	2079-04-01	2080-03-31	2079-10-01	2079-12-30
2079-12-15	2023-03-29	Wednesday	350	30	2079/12/15	२०७९/१२/१५	Chaitra 15, 2079	Wednesday, Chaitra 15, 2079	चैत १५, २०७९	बुधवार, चैत १५, २०७९	15-12-2079	2079-04-01	2080-03-31	2079-10-01	2079-12-30
2079-12-30	2023-04-13	Thursday	365	30	2079/12/30	२०७९/१२/३०	Chaitra 30, 2079	Thursday, Chaitra 30, 2079	चैत ३०, २०७९	बिहिवार, चैत ३०, २०७९	30-12-2079	2079-04-01	2080-03-31	2079-10-01	2079-12-30
2080-01-01	2023-04-14	Friday	1	31	2080/01/01	२०८०/०१/०१	Baishakh 01, 2080	Friday, Baishakh 01, 2080	बैशाख ०१, २०८०	शुक्रवार, बैशाख ०१, २०८०	1-1-2080	2079-04-01	2080-03-31	2080-01-01	2080-03-31
2080-01-15	2023-04-28	Friday	15	31	2080/01/15	२०८०/०१/१५	Baishakh 15, 2080	Friday, Baishakh 15, 2080	बैशाख १५, २०८०	शुक्रवार, बैशाख १५, २०८०	15-1-2080	2079-04-01	2080-03-31	2080-01-01	2080-03-31
2080-01-31	2023-05-14	Sunday	31	31	2080/01/31	२०८०/०१/३१	Baishakh 31, 2080	Sunday, Baishakh 31, 2080	बैशाख ३१, २०८०	आइतवार, बैशाख ३१, २०८०	31-1-2080	2079-04-01	2080-03-31	2080-01-01	2080-03-31
2080-02-01	2023-05-15	Monday	32	32	2080/02/01	२०८०/०२/०१	Jestha 01, 2080	Monday, Jestha 01, 2080	जेठ ०१, २०८०	सोमवार, जेठ ०१, २०८०	1-2-2080	2079-04-01	2080-03-31	2080-01-01	2080-03-31
2080-02-15	2023-05-29	Monday	46	32	2080/02/15	२०८०/०२/१५	Jestha 15, 2080	Monday, Jestha 15, 2080	जेठ १५, २०८०	सोमवार, जेठ १५, २०८०	15-2-2080	2079-04-01	2080-03-31	2080-01-01	2080-03-31
2080-02-32	2023-06-15	Thursday	63	32	2080/02/32	२०८०/०२/३२	Jestha 32, 2080	Thursday, Jestha 32, 2080	जेठ ३२, २०८०	बिहिवार, जेठ ३२, २०८०	32-2-2080	2079-04-01	2080-03-31	2080-01-01	2080-03-31
2080-03-01	2023-06-16	Friday	64	31	2080/03/01	२०८०/०३/०१	Ashad 01, 2080	Friday, Ashad 01, 2080	असार ०१, २०८०	शुक्रवार, असार ०१, २०८०	1-3-2080	2079-04-01	2080-03-31	2080-01-01	2080-03-31
2080-03-15	2023-06-30	Friday	78	31	2080/03/15	२०८०/०३/१५	Ashad 15, 2080	Friday, Ashad 15, 2080	असार १५, २०८०	शुक्रवार, असार १५, २०८०	15-3-2080	2079-04-01	2080-03-31	2080-01-01	2080-03-31
2080-03-31	2023-07-16	Sunday	94	31	2080/03/31	२०८०/०३/३१	Ashad 31, 2080	Sunday, Ashad 31, 2080	असार ३१, २०८०	आइतवार, असार ३१, २०८०	31-3-2080	2079-04-01	2080-03-31	2080-01-01	2080-03-31
2080-04-01	2023-07-17	Monday	95	32	2080/04/01	२०८०/०४/०१	Shrawan 01, 2080	Monday, Shrawan 01, 2080	साउन ०१, २०८०	सोमवार, साउन ०१, २०८०	1-4-2080	2080-04-01	2081-03-31	2080-04-01	2080-06-30
2080-04-15	2023-07-31	Monday	109	32	2080/04/15	२०८०/०४/१५	Shrawan 15, 2080	Monday, Shrawan 15, 2080	साउन १५, २०८०	सोमवार, साउन १५, २०८०	15-4-2080	2080-04-01	2081-03-31	2080-04-01	2080-06-30
2080-04-32	2023-08-17	Thursday	126	32	2080/04/32	२०८०/०४/३२	Shrawan 32, 2080	Thursday, Shrawan 32, 2080	साउन ३२, २०८०	बिहिवार, साउन ३२, २०८०	32-4-2080	2080-04-01	2081-03-31	2080-04-01	2080-06-30
2080-05-01	2023-08-18	Friday	127	31	2080/05/01	२०८०/०५/०१	Bhadra 01, 2080	Friday, Bhadra 01, 2080	भदौ ०१, २०८०	शुक्रवार, भदौ ०१, २०८०	1-5-2080	2080-04-01	2081-03-31	2080-04-01	2080-06-30
2080-05-15	2023-09-01	Friday	141	31	2080/05/15	२०८०/०५/१५	Bhadra 15, 2080	Friday, Bhadra 15, 2080	भदौ १५, २०८०	शुक्रवार, भदौ १५, २०८०	15-5-2080	2080-04-01	2081-03-31	2080-04-01	2080-06-30
2080-05-31	2023-09-17	Sunday	157	31	2080/05/31	२०८०/०५/३१	Bhadra 31, 2080	Sunday, Bhadra 31, 2080	भदौ ३१, २०८०	आइतवार, भदौ ३१, २०८०	31-5-2080	2080-04-01	2081-03-31	2080-04-01	2080-06-30
2080-06-01	2023-09-18	Monday	158	30	2080/06/01	२०८०/०६/०१	Ashoj 01, 2080	Monday, Ashoj 01, 2080	असोज ०१, २०८०	सोमवार, असोज ०१, २०८०	1-6-2080	2080-04-01	2081-03-31	2080-04-01	2080-06-30
2080-06-15	2023-10-02	Monday	172	30	2080/06/15	२०८०/०६/१५	Ashoj 15, 2080	Monday, Ashoj 15, 2080	असोज १५, २०८०	सोमवार, असोज १५, २०८०	15-6-2080	2080-04-01	2081-03-31	2080-04-01	2080-06-30
2080-06-30	2023-10-17	Tuesday	187	30	2080/06/30	२०८०/०६/३०	Ashoj 30, 2080	Tuesday, Ashoj 30, 2080	असोज ३०, २०८०	मङ्गलवार, असोज ३०, २०८०	30-6-2080	2080-04-01	2081-03-31	2080-04-01	2080-06-30
2080-07-01	2023-10-18	Wednesday	188	30	2080/07/01	२०८०/०७/०१	Kartik 01, 2080	Wednesday, Kartik 01, 2080	कार्तिक ०१, २०८०	बुधवार, कार्तिक ०१, २०८०	1-7-2080	2080-04-01	2081-03-31	2080-07-01	2080-09-29
2080-07-15	2023-11-01	Wednesday	202	30	2080/07/15	२०८०/०७/१५	Kartik 15, 2080	Wednesday, Kartik 15, 2080	कार्तिक १५, २०८०	बुधवार, कार्तिक १५, २०८०	15-7-2080	2080-04-01	2081-03-31	2080-07-01	2080-09-29
2080-07-30	2023-11-16	Thursday	217	30	2080/07/30	२०८०/०७/३०	Kartik 30, 2080	Thursday, Kartik 30, 2080	कार्तिक ३०, २०८०	बिहिवार, कार्तिक ३०, २०८०	30-7-2080	2080-04-01	2081-03-31	2080-07-01	2080-09-29
2080-08-01	2023-11-17	Friday	218	30	2080/08/01	२०८०/०८/०१	Mangsir 01, 2080	Friday, Mangsir 01, 2080	मंसिर ०१, २०८०	शुक्रवार, मंसिर ०१, २०८०	1-8-2080	2080-04-01	2081-03-31	2080-07-01	2080-09-29
2080-08-15	2023-12-01	Friday	232	30	2080/08/15	२०८०/०८/१५	Mangsir 15, 2080	Friday, Mangsir 15, 2080	मंसिर १५, २०८०	शुक्रवार, मंसिर १५, २०८०	15-8-2080	2080-04-01	2081-03-31	2080-07-01	2080-09-29
2080-08-30	2023-12-16	Saturday	247	30	2080/08/30	२०८०/०८/३०	Mangsir 30, 2080	Saturday, Mangsir 30, 2080	मंसिर ३०, २०८०	शनिवार, मंसिर ३०, २०८०	30-8-2080	2080-04-01	2081-03-31	2080-07-01	2080-09-29
2080-09-01	2023-12-17	Sunday	248	29	2080/09/01	२०८०/०९/०१	Poush 01, 2080	Sunday, Poush 01, 2080	पुष ०१, २०८०	आइतवार, पुष ०१, २०८०	1-9-2080	2080-04-01	2081-03-31	2080-07-01	2080-09-29
2080-09-15	2023-12-31	Sunday	262	29	2080/09/15	२०८०/०९/१५	Poush 15, 2080	Sunday, Poush 15, 2080	पुष १५, २०८०	आइतवार, पुष १५, २०८०	15-9-2080	2080-04-01	2081-03-31	2080-07-01	2080-09-29
2080-09-29	2024-01-14	Sunday	276	29	2080/09/29	२०८०/०९/२९	Poush 29, 2080	Sunday, Poush 29, 2080	पुष २९, २०८०	आइतवार, पुष २९, २०८०	29-9-2080	2080-04-01	2081-03-31	2080-07-01	2080-09-29
2080-10-01	2024-01-15	Monday	277	29	2080/10/01	२०८०/१०/०१	Magh 01, 2080	Monday, Magh 01, 2080	माघ ०१, २०८०	सोमवार, माघ ०१, २०८०	1-10-2080	2080-04-01	2081-03-31	2080-10-01	2080-12-30
2080-10-15	2024-01-29	Monday	291	29	2080/10/15	२०८०/१०/१५	Magh 15, 2080	Monday, Magh 15, 2080	माघ १५, २०८०	सोमवार, माघ १५, २०८०	15-10-2080	2080-04-01	2081-03-31	2080-10-01	2080-12-30
2080-10-29	2024-02-12	Monday	305	29	2080/10/29	२०८०/१०/२९	Magh 29, 2080	Monday, Magh 29, 2080	माघ २९, २०८०	सोमवार, माघ २९, २०८०	29-10-2080	2080-04-01	2081-03-31	2080-10-01	2080-12-30
2080-11-01	2024-02-13	Tuesday	306	30	2080/11/01	२०८०/११/०१	Falgun 01, 2080	Tuesday, Falgun 01, 2080	फागुन ०१, २०८०	मङ्गलवार, फागुन ०१, २०८०	1-11-2080	2080-04-01	2081-03-31	2080-10-01	2080-12-30
2080-11-15	2024-02-27	Tuesday	320	30	2080/11/15	२०८०/११/१५	Falgun 15, 2080	Tuesday, Falgun 15, 2080	फागुन १५, २०८०	मङ्गलवार, फागुन १५, २०८०	15-11-2080	2080-04-01	2081-03-31	2080-10-01	2080-12-30
2080-11-30	2024-03-13	Wednesday	335	30	2080/11/30	२०८०/११/३०	Falgun 30, 2080	Wednesday, Falgun 30, 2080	फागुन ३०, २०८०	बुधवार, फागुन ३०, २०८०	30-11-2080	2080-04-01	2081-03-31	2080-10-01	2080-12-30
2080-12-01	2024-03-14	Thursday	336	30	2080/12/01	२०८०/१२/०१	Chaitra 01, 2080	Thursday, Chaitra 01, 2080	चैत ०१, २०८०	बिहिवार, चैत ०१, २०८०	1-12-2080	2080-04-01	2081-03-31	2080-10-01	2080-12-30
2080-12-15	2024-03-28	Thursday	350	30	2080/12/15	२०८०/१२/१५	Chaitra 15, 2080	Thursday, Chaitra 15, 2080	चैत १५, २०८०	बिहिवार, चैत १५, २०८०	15-12-2080	2080-04-01	2081-03-31	2080-10-01	2080-12-30
2080-12-30	2024-04-12	Friday	365	30	2080/12/30	२०८०/१२/३०	Chaitra 30, 2080	Friday, Chaitra 30, 2080	चैत ३०, २०८०	शुक्रवार, चैत ३०, २०८०	30-12-2080	2080-04-01	2081-03-31	2080-10-01	2080-12-30
2081-01-01	2024-04-13	Saturday	1	31	2081/01/01	२०८१/०१/०१	Baishakh 01, 2081	Saturday, Baishakh 01, 2081	बैशाख ०१, २०८१	शनिवार, बैशाख ०१, २०८१	1-1-2081	2080-04-01	2081-03-31	2081-01-01	2081-03-31
2081-01-15	2024-04-27	Saturday	15	31	2081/01/15	२०८१/०१/१५	Baishakh 15, 2081	Saturday, Baishakh 15, 2081	बैशाख १५, २०८१	शनिवार, बैशाख १५, २०८१	15-1-2081	2080-04-01	2081-03-31	2081-01-01	2081-03-31
2081-01-31	2024-05-13	Monday	31	31	2081/01/31	२०८१/०१/३१	Baishakh 31, 2081	Monday, Baishakh 31, 2081	बैशाख ३१, २०८१	सोमवार, बैशाख ३१, २०८१	31-1-2081	2080-04-01	2081-03-31	2081-01-01	2081-03-31
2081-02-01	2024-05-14	Tuesday	32	32	2081/02/01	२०८१/०२/०१	Jestha 01, 2081	Tuesday, Jestha 01, 2081	जेठ ०१, २०८१	मङ्गलवार, जेठ ०१, २०८१	1-2-2081	2080-04-01	2081-03-31	2081-01-01	2081-03-31
2081-02-15	2024-05-28	Tuesday	46	32	2081/02/15	२०८१/०२/१५	Jestha 15, 2081	Tuesday, Jestha 15, 2081	जेठ १५, २०८१	मङ्गलवार, जेठ १५, २०८१	15-2-2081	2080-04-01	2081-03-31	2081-01-01	2081-03-31
2081-02-32	2024-06-14	Friday	63	32	2081/02/32	२०८१/०२/३२	Jestha 32, 2081	Friday, Jestha 32, 2081	जेठ ३२, २०८१	शुक्रवार, जेठ ३२, २०८१	32-2-2081	2080-04-01	2081-03-31	2081-01-01	2081-03-31
2081-03-01	2024-06-15	Saturday	64	31	2081/03/01	२०८१/०३/०१	Ashad 01, 2081	Saturday, Ashad 01, 2081	असार ०१, २०८१	शनिवार, असार ०१, २०८१	1-3-2081	2080-04-01	2081-03-31	2081-01-01	2081-03-31
2081-03-15	2024-06-29	Saturday	78	31	2081/03/15	२०८१/०३/१५	Ashad 15, 2081	Saturday, Ashad 15, 2081	असार १५, २०८१	शनिवार, असार १५, २०८१	15-3-2081	2080-04-01	2081-03-31	2081-01-01	2081-03-31
2081-03-31	2024-07-15	Monday	94	31	2081/03/31	२०८१/०३/३१	Ashad 31, 2081	Monday, Ashad 31, 2081	असार ३१, २०८१	सोमवार, असार ३१, २०८१	31-3-2081	2080-04-01	2081-03-31	2081-01-01	2081-03-31
2081-04-01	2024-07-16	Tuesday	95	32	2081/04/01	२०८१/०४/०१	Shrawan 01, 2081	Tuesday, Shrawan 01, 2081	साउन ०१, २०८१	मङ्गलवार, साउन ०१, २०८१	1-4-2081	2081-04-01	2082-03-32	2081-04-01	2081-06-30
2081-04-15	2024-07-30	Tuesday	109	32	2081/04/15	२०८१/०४/१५	Shrawan 15, 2081	Tuesday, Shrawan 15, 2081	साउन १५, २०८१	मङ्गलवार, साउन १५, २०८१	15-4-2081	2081-04-01	2082-03-32	2081-04-01	2081-06-30
2081-04-32	2024-08-16	Friday	126	32	2081/04/32	२०८१/०४/३२	Shrawan 32, 2081	Friday, Shrawan 32, 2081	साउन ३२, २०८१	शुक्रवार, साउन ३२, २०८१	32-4-2081	2081-04-01	2082-03-32	2081-04-01	2081-06-30
2081-05-01	2024-08-17	Saturday	127	31	2081/05/01	२०८१/०५/०१	Bhadra 01, 2081	Saturday, Bhadra 01, 2081	भदौ ०१, २०८१	शनिवार, भदौ ०१, २०८१	1-5-2081	2081-04-01	2082-03-32	2081-04-01	2081-06-30
2081-05-15	2024-08-31	Saturday	141	31	2081/05/15	२०८१/०५/१५	Bhadra 15, 2081	Saturday, Bhadra 15, 2081	भदौ १५, २०८१	शनिवार, भदौ १५, २०८१	15-5-2081	2081-04-01	2082-03-32	2081-04-01	2081-06-30
2081-05-31	2024-09-16	Monday	157	31	2081/05/31	२०८१/०५/३१	Bhadra 31, 2081	Monday, Bhadra 31, 2081	भदौ ३१, २०८१	सोमवार, भदौ ३१, २०८१	31-5-2081	2081-04-01	2082-03-32	2081-04-01	2081-06-30
2081-06-01	2024-09-17	Tuesday	158	30	2081/06/01	२०८१/०६/०१	Ashoj 01, 2081	Tuesday, Ashoj 01, 2081	असोज ०१, २०८१	मङ्गलवार, असोज ०१, २०८१	1-6-2081	2081-04-01	2082-03-32	2081-04-01	2081-06-30
2081-06-15	2024-10-01	Tuesday	172	30	2081/06/15	२०८१/०६/१५	Ashoj 15, 2081	Tuesday, Ashoj 15, 2081	असोज १५, २०८१	मङ्गलवार, असोज १५, २०८१	15-6-2081	2081-04-01	2082-03-32	2081-04-01	2081-06-30
2081-06-30	2024-10-16	Wednesday	187	30	2081/06/30	२०८१/०६/३०	Ashoj 30, 2081	Wednesday, Ashoj 30, 2081	असोज ३०, २०८१	बुधवार, असोज ३०, २०८१	30-6-2081	2081-04-01	2082-03-32	2081-04-01	2081-06-30
2081-07-01	2024-10-17	Thursday	188	30	2081/07/01	२०८१/०७/०१	Kartik 01, 2081	Thursday, Kartik 01, 2081	कार्तिक ०१, २०८१	बिहिवार, कार्तिक ०१, २०८१	1-7-2081	2081-04-01	2082-03-32	2081-07-01	2081-09-29
2081-07-15	2024-10-31	Thursday	202	30	2081/07/15	२०८१/०७/१५	Kartik 15, 2081	Thursday, Kartik 15, 2081	कार्तिक १५, २०८१	बिहिवार, कार्तिक १५, २०८१	15-7-2081	2081-04-01	2082-03-32	2081-07-01	2081-09-29
2081-07-30	2024-11-15	Friday	217	30	2081/07/30	२०८१/०७/३०	Kartik 30, 2081	Friday, Kartik 30, 2081	कार्तिक ३०, २०८१	शुक्रवार, कार्तिक ३०, २०८१	30-7-2081	2081-04-01	2082-03-32	2081-07-01	2081-09-29
2081-08-01	2024-11-16	Saturday	218	30	2081/08/01	२०८१/०८/०१	Mangsir 01, 2081	Saturday, Mangsir 01, 2081	मंसिर ०१, २०८१	शनिवार, मंसिर ०१, २०८१	1-8-2081	2081-04-01	2082-03-32	2081-07-01	2081-09-29
2081-08-15	2024-11-30	Saturday	232	30	2081/08/15	२०८१/०८/१५	Mangsir 15, 2081	Saturday, Mangsir 15, 2081	मंसिर १५, २०८१	शनिवार, मंसिर १५, २०८१	15-8-2081	2081-04-01	2082-03-32	2081-07-01	2081-09-29
2081-08-30	2024-12-15	Sunday	247	30	2081/08/30	२०८१/०८/३०	Mangsir 30, 2081	Sunday, Mangsir 30, 2081	मंसिर ३०, २०८१	आइतवार, मंसिर ३०, २०८१	30-8-2081	2081-04-01	2082-03-32	2081-07-01	2081-09-29
2081-09-01	2024-12-16	Monday	248	29	2081/09/01	२०८१/०९/०१	Poush 01, 2081	Monday, Poush 01, 2081	पुष ०१, २०८१	सोमवार, पुष ०१, २०८१	1-9-2081	2081-04-01	2082-03-32	2081-07-01	2081-09-29
2081-09-15	2024-12-30	Monday	262	29	2081/09/15	२०८१/०९/१५	Poush 15, 2081	Monday, Poush 15, 2081	पुष १५, २०८१	सोमवार, पुष १५, २०८१	15-9-2081	2081-04-01	2082-03-32	2081-07-01	2081-09-29
2081-09-29	2025-01-13	Monday	276	29	2081/09/29	२०८१/०९/२९	Poush 29, 2081	Monday, Poush 29, 2081	पुष २९, २०८१	सोमवार, पुष २९, २०८१	29-9-2081	2081-04-01	2082-03-32	2081-07-01	2081-09-29
2081-10-01	2025-01-14	Tuesday	277	30	2081/10/01	२०८१/१०/०१	Magh 01, 2081	Tuesday, Magh 01, 2081	माघ ०१, २०८१	मङ्गलवार, माघ ०१, २०८१	1-10-2081	2081-04-01	2082-03-32	2081-10-01	2081-12-31
2081-10-04	2025-01-17	Friday	280	30	2081/10/04	२०८१/१०/०४	Magh 04, 2081	Friday, Magh 04, 2081	माघ ०४, २०८१	शुक्रवार, माघ ०४, २०८१	4-10-2081	2081-04-01	2082-03-32	2081-10-01	2081-12-31
2081-10-15	2025-01-28	Tuesday	291	30	2081/10/15	२०८१/१०/१५	Magh 15, 2081	Tuesday, Magh 15, 2081	माघ १५, २०८१	मङ्गलवार, माघ १५, २०८१	15-10-2081	2081-04-01	2082-03-32	2081-10-01	2081-12-31
2081-10-30	2025-02-12	Wednesday	306	30	2081/10/30	२०८१/१०/३०	Magh 30, 2081	Wednesday, Magh 30, 2081	माघ ३०, २०८१	बुधवार, माघ ३०, २०८१	30-10-2081	2081-04-01	2082-03-32	2081-10-01	2081-12-31
2081-11-01	2025-02-13	Thursday	307	29	2081/11/01	२०८१/११/०१	Falgun 01, 2081	Thursday, Falgun 01, 2081	फागुन ०१, २०८१	बिहिवार, फागुन ०१, २०८१	1-11-2081	2081-04-01	2082-03-32	2081-10-01	2081-12-31
2081-11-15	2025-02-27	Thursday	321	29	2081/11/15	२०८१/११/१५	Falgun 15, 2081	Thursday, Falgun 15, 2081	फागुन १५, २०८१	बिहिवार, फागुन १५, २०८१	15-11-2081	2081-04-01	2082-03-32	2081-10-01	2081-12-31
2081-11-29	2025-03-13	Thursday	335	29	2081/11/29	२०८१/११/२९	Falgun 29, 2081	Thursday, Falgun 29, 2081	फागुन २९, २०८१	बिहिवार, फागुन २९, २०८१	29-11-2081	2081-04-01	2082-03-32	2081-10-01	2081-12-31
2081-12-01	2025-03-14	Friday	336	31	2081/12/01	२०८१/१२/०१	Chaitra 01, 2081	Friday, Chaitra 01, 2081	चैत ०१, २०८१	शुक्रवार, चैत ०१, २०८१	1-12-2081	2081-04-01	2082-03-32	2081-10-01	2081-12-31
2081-12-08	2025-03-21	Friday	343	31	2081/12/08	२०८१/१२/०८	Chaitra 08, 2081	Friday, Chaitra 08, 2081	चैत ०८, २०८१	शुक्रवार, चैत ०८, २०८१	8-12-2081	2081-04-01	2082-03-32	2081-10-01	2081-12-31
2081-12-15	2025-03-28	Friday	350	31	2081/12/15	२०८१/१२/१५	Chaitra 15, 2081	Friday, Chaitra 15, 2081	चैत १५, २०८१	शुक्रवार, चैत १५, २०८१	15-12-2081	2081-04-01	2082-03-32	2081-10-01	2081-12-31
2081-12-31	2025-04-13	Sunday	366	31	2081/12/31	२०८१/१२/३१	Chaitra 31, 2081	Sunday, Chaitra 31, 2081	चैत ३१, २०८१	आइतवार, चैत ३१, २०८१	31-12-2081	2081-04-01	2082-03-32	2081-10-01	2081-12-31
2082-01-01	2025-04-14	Monday	1	31	2082/01/01	२०८२/०१/०१	Baishakh 01, 2082	Monday, Baishakh 01, 2082	बैशाख ०१, २०८२	सोमवार, बैशाख ०१, २०८२	1-1-2082	2081-04-01	2082-03-32	2082-01-01	2082-03-32
2082-01-15	2025-04-28	Monday	15	31	2082/01/15	२०८२/०१/१५	Baishakh 15, 2082	Monday, Baishakh 15, 2082	बैशाख १५, २०८२	सोमवार, बैशाख १५, २०८२	15-1-2082	2081-04-01	2082-03-32	2082-01-01	2082-03-32
2082-01-16	2025-04-29	Tuesday	16	31	2082/01/16	२०८२/०१/१६	Baishakh 16, 2082	Tuesday, Baishakh 16, 2082	बैशाख १६, २०८२	मङ्गलवार, बैशाख १६, २०८२	16-1-2082	2081-04-01	2082-03-32	2082-01-01	2082-03-32
2082-01-31	2025-05-14	Wednesday	31	31	2082/01/31	२०८२/०१/३१	Baishakh 31, 2082	Wednesday, Baishakh 31, 2082	बैशाख ३१, २०८२	बुधवार, बैशाख ३१, २०८२	31-1-2082	2081-04-01	2082-03-32	2082-01-01	2082-03-32
2082-02-01	2025-05-15	Thursday	32	31	2082/02/01	२०८२/०२/०१	Jestha 01, 2082	Thursday, Jestha 01, 2082	जेठ ०१, २०८२	बिहिवार, जेठ ०१, २०८२	1-2-2082	2081-04-01	2082-03-32	2082-01-01	2082-03-32
2082-02-15	2025-05-29	Thursday	46	31	2082/02/15	२०८२/०२/१५	Jestha 15, 2082	Thursday, Jestha 15, 2082	जेठ १५, २०८२	बिहिवार, जेठ १५, २०८२	15-2-2082	2081-04-01	2082-03-32	2082-01-01	2082-03-32
2082-02-31	2025-06-14	Saturday	62	31	2082/02/31	२०८२/०२/३१	Jestha 31, 2082	Saturday, Jestha 31, 2082	जेठ ३१, २०८२	शनिवार, जेठ ३१, २०८२	31-2-2082	2081-04-01	2082-03-32	2082-01-01	2082-03-32
2082-03-01	2025-06-15	Sunday	63	32	2082/03/01	२०८२/०३/०१	Ashad 01, 2082	Sunday, Ashad 01, 2082	असार ०१, २०८२	आइतवार, असार ०१, २०८२	1-3-2082	2081-04-01	2082-03-32	2082-01-01	2082-03-32
2082-03-15	2025-06-29	Sunday	77	32	2082/03/15	२०८२/०३/१५	Ashad 15, 2082	Sunday, Ashad 15, 2082	असार १५, २०८२	आइतवार, असार १५, २०८२	15-3-2082	2081-04-01	2082-03-32	2082-01-01	2082-03-32
2082-03-32	2025-07-16	Wednesday	94	32	2082/03/32	२०८२/०३/३२	Ashad 32, 2082	Wednesday, Ashad 32, 2082	असार ३२, २०८२	बुधवार, असार ३२, २०८२	32-3-2082	2081-04-01	2082-03-32	2082-01-01	2082-03-32
2082-04-01	2025-07-17	Thursday	95	31	2082/04/01	२०८२/०४/०१	Shrawan 01, 2082	Thursday, Shrawan 01, 2082	साउन ०१, २०८२	बिहिवार, साउन ०१, २०८२	1-4-2082	2082-04-01	2083-03-32	2082-04-01	2082-06-31
2082-04-15	2025-07-31	Thursday	109	31	2082/04/15	२०८२/०४/१५	Shrawan 15, 2082	Thursday, Shrawan 15, 2082	साउन १५, २०८२	बिहिवार, साउन १५, २०८२	15-4-2082	2082-04-01	2083-03-32	2082-04-01	2082-06-31
2082-04-31	2025-08-16	Saturday	125	31	2082/04/31	२०८२/०४/३१	Shrawan 31, 2082	Saturday, Shrawan 31, 2082	साउन ३१, २०८२	शनिवार, साउन ३१, २०८२	31-4-2082	2082-04-01	2083-03-32	2082-04-01	2082-06-31
2082-05-01	2025-08-17	Sunday	126	31	2082/05/01	२०८२/०५/०१	Bhadra 01, 2082	Sunday, Bhadra 01, 2082	भदौ ०१, २०८२	आइतवार, भदौ ०१, २०८२	1-5-2082	2082-04-01	2083-03-32	2082-04-01	2082-06-31
2082-05-15	2025-08-31	Sunday	140	31	2082/05/15	२०८२/०५/१५	Bhadra 15, 2082	Sunday, Bhadra 15, 2082	भदौ १५, २०८२	आइतवार, भदौ १५, २०८२	15-5-2082	2082-04-01	2083-03-32	2082-04-01	2082-06-31
2082-05-31	2025-09-16	Tuesday	156	31	2082/05/31	२०८२/०५/३१	Bhadra 31, 2082	Tuesday, Bhadra 31, 2082	भदौ ३१, २०८२	मङ्गलवार, भदौ ३१, २०८२	31-5-2082	2082-04-01	2083-03-32	2082-04-01	2082-06-31
2082-06-01	2025-09-17	Wednesday	157	31	2082/06/01	२०८२/०६/०१	Ashoj 01, 2082	Wednesday, Ashoj 01, 2082	असोज ०१, २०८२	बुधवार, असोज ०१, २०८२	1-6-2082	2082-04-01	2083-03-32	2082-04-01	2082-06-31
2082-06-15	2025-10-01	Wednesday	171	31	2082/06/15	२०८२/०६/१५	Ashoj 15, 2082	Wednesday, Ashoj 15, 2082	असोज १५, २०८२	बुधवार, असोज १५, २०८२	15-6-2082	2082-04-01	2083-03-32	2082-04-01	2082-06-31
2082-06-31	2025-10-17	Friday	187	31	2082/06/31	२०८२/०६/३१	Ashoj 31, 2082	Friday, Ashoj 31, 2082	असोज ३१, २०८२	शुक्रवार, असोज ३१, २०८२	31-6-2082	2082-04-01	2083-03-32	2082-04-01	2082-06-31
2082-07-01	2025-10-18	Saturday	188	30	2082/07/01	२०८२/०७/०१	Kartik 01, 2082	Saturday, Kartik 01, 2082	कार्तिक ०१, २०८२	शनिवार, कार्तिक ०१, २०८२	1-7-2082	2082-04-01	2083-03-32	2082-07-01	2082-09-30
2082-07-15	2025-11-01	Saturday	202	30	2082/07/15	२०८२/०७/१५	Kartik 15, 2082	Saturday, Kartik 15, 2082	कार्तिक १५, २०८२	शनिवार, कार्तिक १५, २०८२	15-7-2082	2082-04-01	2083-03-32	2082-07-01	2082-09-30
2082-07-30	2025-11-16	Sunday	217	30	2082/07/30	२०८२/०७/३०	Kartik 30, 2082	Sunday, Kartik 30, 2082	कार्तिक ३०, २०८२	आइतवार, कार्तिक ३०, २०८२	30-7-2082	2082-04-01	2083-03-32	2082-07-01	2082-09-30
2082-08-01	2025-11-17	Monday	218	29	2082/08/01	२०८२/०८/०१	Mangsir 01, 2082	Monday, Mangsir 01, 2082	मंसिर ०१, २०८२	सोमवार, मंसिर ०१, २०८२	1-8-2082	2082-04-01	2083-03-32	2082-07-01	2082-09-30
2082-08-15	2025-12-01	Monday	232	29	2082/08/15	२०८२/०८/१५	Mangsir 15, 2082	Monday, Mangsir 15, 2082	मंसिर १५, २०८२	सोमवार, मंसिर १५, २०८२	15-8-2082	2082-04-01	2083-03-32	2082-07-01	2082-09-30
2082-08-29	2025-12-15	Monday	246	29	2082/08/29	२०८२/०८/२९	Mangsir 29, 2082	Monday, Mangsir 29, 2082	मंसिर २९, २०८२	सोमवार, मंसिर २९, २०८२	29-8-2082	2082-04-01	2083-03-32	2082-07-01	2082-09-30
2082-09-01	2025-12-16	Tuesday	247	30	2082/09/01	२०८२/०९/०१	Poush 01, 2082	Tuesday, Poush 01, 2082	पुष ०१, २०८२	मङ्गलवार, पुष ०१, २०८२	1-9-2082	2082-04-01	2083-03-32	2082-07-01	2082-09-30
2082-09-15	2025-12-30	Tuesday	261	30	2082/09/15	२०८२/०९/१५	Poush 15, 2082	Tuesday, Poush 15, 2082	पुष १५, २०८२	मङ्गलवार, पुष १५, २०८२	15-9-2082	2082-04-01	2083-03-32	2082-07-01	2082-09-30
2082-09-30	2026-01-14	Wednesday	276	30	2082/09/30	२०८२/०९/३०	Poush 30, 2082	Wednesday, Poush 30, 2082	पुष ३०, २०८२	बुधवार, पुष ३०, २०८२	30-9-2082	2082-04-01	2083-03-32	2082-07-01	2082-09-30
2082-10-01	2026-01-15	Thursday	277	29	2082/10/01	२०८२/१०/०१	Magh 01, 2082	Thursday, Magh 01, 2082	माघ ०१, २०८२	बिहिवार, माघ ०१, २०८२	1-10-2082	2082-04-01	2083-03-32	2082-10-01	2082-12-30
2082-10-15	2026-01-29	Thursday	291	29	2082/10/15	२०८२/१०/१५	Magh 15, 2082	Thursday, Magh 15, 2082	माघ १५, २०८२	बिहिवार, माघ १५, २०८२	15-10-2082	2082-04-01	2083-03-32	2082-10-01	2082-12-30
2082-10-29	2026-02-12	Thursday	305	29	2082/10/29	२०८२/१०/२९	Magh 29, 2082	Thursday, Magh 29, 2082	माघ २९, २०८२	बिहिवार, माघ २९, २०८२	29-10-2082	2082-04-01	2083-03-32	2082-10-01	2082-12-30
2082-11-01	2026-02-13	Friday	306	30	2082/11/01	२०८२/११/०१	Falgun 01, 2082	Friday, Falgun 01, 2082	फागुन ०१, २०८२	शुक्रवार, फागुन ०१, २०८२	1-11-2082	2082-04-01	2083-03-32	2082-10-01	2082-12-30
2082-11-15	2026-02-27	Friday	320	30	2082/11/15	२०८२/११/१५	Falgun 15, 2082	Friday, Falgun 15, 2082	फागुन १५, २०८२	शुक्रवार, फागुन १५, २०८२	15-11-2082	2082-04-01	2083-03-32	2082-10-01	2082-12-30
2082-11-30	2026-03-14	Saturday	335	30	2082/11/30	२०८२/११/३०	Falgun 30, 2082	Saturday, Falgun 30, 2082	फागुन ३०, २०८२	शनिवार, फागुन ३०, २०८२	30-11-2082	2082-04-01	2083-03-32	2082-10-01	2082-12-30
2082-12-01	2026-03-15	Sunday	336	30	2082/12/01	२०८२/१२/०१	Chaitra 01, 2082	Sunday, Chaitra 01, 2082	चैत ०१, २०८२	आइतवार, चैत ०१, २०८२	1-12-2082	2082-04-01	2083-03-32	2082-10-01	2082-12-30
2082-12-15	2026-03-29	Sunday	350	30	2082/12/15	२०८२/१२/१५	Chaitra 15, 2082	Sunday, Chaitra 15, 2082	चैत १५, २०८२	आइतवार, चैत १५, २०८२	15-12-2082	2082-04-01	2083-03-32	2082-10-01	2082-12-30
2082-12-30	2026-04-13	Monday	365	30	2082/12/30	२०८२/१२/३०	Chaitra 30, 2082	Monday, Chaitra 30, 2082	चैत ३०, २०८२	सोमवार, चैत ३०, २०८२	30-12-2082	2082-04-01	2083-03-32	2082-10-01	2082-12-30
2083-01-01	2026-04-14	Tuesday	1	31	2083/01/01	२०८३/०१/०१	Baishakh 01, 2083	Tuesday, Baishakh 01, 2083	बैशाख ०१, २०८३	मङ्गलवार, बैशाख ०१, २०८३	1-1-2083	2082-04-01	2083-03-32	2083-01-01	2083-03-32
2083-01-15	2026-04-28	Tuesday	15	31	2083/01/15	२०८३/०१/१५	Baishakh 15, 2083	Tuesday, Baishakh 15, 2083	बैशाख १५, २०८३	मङ्गलवार, बैशाख १५, २०८३	15-1-2083	2082-04-01	2083-03-32	2083-01-01	2083-03-32
2083-01-31	2026-05-14	Thursday	31	31	2083/01/31	२०८३/०१/३१	Baishakh 31, 2083	Thursday, Baishakh 31, 2083	बैशाख ३१, २०८३	बिहिवार, बैशाख ३१, २०८३	31-1-2083	2082-04-01	2083-03-32	2083-01-01	2083-03-32
2083-02-01	2026-05-15	Friday	32	31	2083/02/01	२०८३/०२/०१	Jestha 01, 2083	Friday, Jestha 01, 2083	जेठ ०१, २०८३	शुक्रवार, जेठ ०१, २०८३	1-2-2083	2082-04-01	2083-03-32	2083-01-01	2083-03-32
2083-02-15	2026-05-29	Friday	46	31	2083/02/15	२०८३/०२/१५	Jestha 15, 2083	Friday, Jestha 15, 2083	जेठ १५, २०८३	शुक्रवार, जेठ १५, २०८३	15-2-2083	2082-04-01	2083-03-32	2083-01-01	2083-03-32
2083-02-31	2026-06-14	Sunday	62	31	2083/02/31	२०८३/०२/३१	Jestha 31, 2083	Sunday, Jestha 31, 2083	जेठ ३१, २०८३	आइतवार, जेठ ३१, २०८३	31-2-2083	2082-04-01	2083-03-32	2083-01-01	2083-03-32
2083-03-01	2026-06-15	Monday	63	32	2083/03/01	२०८३/०३/०१	Ashad 01, 2083	Monday, Ashad 01, 2083	असार ०१, २०८३	सोमवार, असार ०१, २०८३	1-3-2083	2082-04-01	2083-03-32	2083-01-01	2083-03-32
2083-03-15	2026-06-29	Monday	77	32	2083/03/15	२०८३/०३/१५	Ashad 15, 2083	Monday, Ashad 15, 2083	असार १५, २०८३	सोमवार, असार १५, २०८३	15-3-2083	2082-04-01	2083-03-32	2083-01-01	2083-03-32
2083-03-32	2026-07-16	Thursday	94	32	2083/03/32	२०८३/०३/३२	Ashad 32, 2083	Thursday, Ashad 32, 2083	असार ३२, २०८३	बिहिवार, असार ३२, २०८३	32-3-2083	2082-04-01	2083-03-32	2083-01-01	2083-03-32
2083-04-01	2026-07-17	Friday	95	31	2083/04/01	२०८३/०४/०१	Shrawan 01, 2083	Friday, Shrawan 01, 2083	साउन ०१, २०८३	शुक्रवार, साउन ०१, २०८३	1-4-2083	2083-04-01	2084-03-32	2083-04-01	2083-06-31
2083-04-15	2026-07-31	Friday	109	31	2083/04/15	२०८३/०४/१५	Shrawan 15, 2083	Friday, Shrawan 15, 2083	साउन १५, २०८३	शुक्रवार, साउन १५, २०८३	15-4-2083	2083-04-01	2084-03-32	2083-04-01	2083-06-31
2083-04-31	2026-08-16	Sunday	125	31	2083/04/31	२०८३/०४/३१	Shrawan 31, 2083	Sunday, Shrawan 31, 2083	साउन ३१, २०८३	आइतवार, साउन ३१, २०८३	31-4-2083	2083-04-01	2084-03-32	2083-04-01	2083-06-31
2083-05-01	2026-08-17	Monday	126	31	2083/05/01	२०८३/०५/०१	Bhadra 01, 2083	Monday, Bhadra 01, 2083	भदौ ०१, २०८३	सोमवार, भदौ ०१, २०८३	1-5-2083	2083-04-01	2084-03-32	2083-04-01	2083-06-31
2083-05-15	2026-08-31	Monday	140	31	2083/05/15	२०८३/०५/१५	Bhadra 15, 2083	Monday, Bhadra 15, 2083	भदौ १५, २०८३	सोमवार, भदौ १५, २०८३	15-5-2083	2083-04-01	2084-03-32	2083-04-01	2083-06-31
2083-05-31	2026-09-16	Wednesday	156	31	2083/05/31	२०८३/०५/३१	Bhadra 31, 2083	Wednesday, Bhadra 31, 2083	भदौ ३१, २०८३	बुधवार, भदौ ३१, २०८३	31-5-2083	2083-04-01	2084-03-32	2083-04-01	2083-06-31
2083-06-01	2026-09-17	Thursday	157	31	2083/06/01	२०८३/०६/०१	Ashoj 01, 2083	Thursday, Ashoj 01, 2083	असोज ०१, २०८३	बिहिवार, असोज ०१, २०८३	1-6-2083	2083-04-01	2084-03-32	2083-04-01	2083-06-31
2083-06-15	2026-10-01	Thursday	171	31	2083/06/15	२०८३/०६/१५	Ashoj 15, 2083	Thursday, Ashoj 15, 2083	असोज १५, २०८३	बिहिवार, असोज १५, २०८३	15-6-2083	2083-04-01	2084-03-32	2083-04-01	2083-06-31
2083-06-31	2026-10-17	Saturday	187	31	2083/06/31	२०८३/०६/३१	Ashoj 31, 2083	Saturday, Ashoj 31, 2083	असोज ३१, २०८३	शनिवार, असोज ३१, २०८३	31-6-2083	2083-04-01	2084-03-32	2083-04-01	2083-06-31
2083-07-01	2026-10-18	Sunday	188	30	2083/07/01	२०८३/०७/०१	Kartik 01, 2083	Sunday, Kartik 01, 2083	कार्तिक ०१, २०८३	आइतवार, कार्तिक ०१, २०८३	1-7-2083	2083-04-01	2084-03-32	2083-07-01	2083-09-30
2083-07-15	2026-11-01	Sunday	202	30	2083/07/15	२०८३/०७/१५	Kartik 15, 2083	Sunday, Kartik 15, 2083	कार्तिक १५, २०८३	आइतवार, कार्तिक १५, २०८३	15-7-2083	2083-04-01	2084-03-32	2083-07-01	2083-09-30
2083-07-30	2026-11-16	Monday	217	30	2083/07/30	२०८३/०७/३०	Kartik 30, 2083	Monday, Kartik 30, 2083	कार्तिक ३०, २०८३	सोमवार, कार्तिक ३०, २०८३	30-7-2083	2083-04-01	2084-03-32	2083-07-01	2083-09-30
2083-08-01	2026-11-17	Tuesday	218	29	2083/08/01	२०८३/०८/०१	Mangsir 01, 2083	Tuesday, Mangsir 01, 2083	मंसिर ०१, २०८३	मङ्गलवार, मंसिर ०१, २०८३	1-8-2083	2083-04-01	2084-03-32	2083-07-01	2083-09-30
2083-08-15	2026-12-01	Tuesday	232	29	2083/08/15	२०८३/०८/१५	Mangsir 15, 2083	Tuesday, Mangsir 15, 2083	मंसिर १५, २०८३	मङ्गलवार, मंसिर १५, २०८३	15-8-2083	2083-04-01	2084-03-32	2083-07-01	2083-09-30
2083-08-29	2026-12-15	Tuesday	246	29	2083/08/29	२०८३/०८/२९	Mangsir 29, 2083	Tuesday, Mangsir 29, 2083	मंसिर २९, २०८३	मङ्गलवार, मंसिर २९, २०८३	29-8-2083	2083-04-01	2084-03-32	2083-07-01	2083-09-30
2083-09-01	2026-12-16	Wednesday	247	30	2083/09/01	२०८३/०९/०१	Poush 01, 2083	Wednesday, Poush 01, 2083	पुष ०१, २०८३	बुधवार, पुष ०१, २०८३	1-9-2083	2083-04-01	2084-03-32	2083-07-01	2083-09-30
2083-09-15	2026-12-30	Wednesday	261	30	2083/09/15	२०८३/०९/१५	Poush 15, 2083	Wednesday, Poush 15, 2083	पुष १५, २०८३	बुधवार, पुष १५, २०८३	15-9-2083	2083-04-01	2084-03-32	2083-07-01	2083-09-30
2083-09-30	2027-01-14	Thursday	276	30	2083/09/30	२०८३/०९/३०	Poush 30, 2083	Thursday, Poush 30, 2083	पुष ३०, २०८३	बिहिवार, पुष ३०, २०८३	30-9-2083	2083-04-01	2084-03-32	2083-07-01	2083-09-30
2083-10-01	2027-01-15	Friday	277	29	2083/10/01	२०८३/१०/०१	Magh 01, 2083	Friday, Magh 01, 2083	माघ ०१, २०८३	शुक्रवार, माघ ०१, २०८३	1-10-2083	2083-04-01	2084-03-32	2083-10-01	2083-12-30
2083-10-15	2027-01-29	Friday	291	29	2083/10/15	२०८३/१०/१५	Magh 15, 2083	Friday, Magh 15, 2083	माघ १५, २०८३	शुक्रवार, माघ १५, २०८३	15-10-2083	2083-04-01	2084-03-32	2083-10-01	2083-12-30
2083-10-29	2027-02-12	Friday	305	29	2083/10/29	२०८३/१०/२९	Magh 29, 2083	Friday, Magh 29, 2083	माघ २९, २०८३	शुक्रवार, माघ २९, २०८३	29-10-2083	2083-04-01	2084-03-32	2083-10-01	2083-12-30
2083-11-01	2027-02-13	Saturday	306	30	2083/11/01	२०८३/११/०१	Falgun 01, 2083	Saturday, Falgun 01, 2083	फागुन ०१, २०८३	शनिवार, फागुन ०१, २०८३	1-11-2083	2083-04-01	2084-03-32	2083-10-01	2083-12-30
2083-11-15	2027-02-27	Saturday	320	30	2083/11/15	२०८३/११/१५	Falgun 15, 2083	Saturday, Falgun 15, 2083	फागुन १५, २०८३	शनिवार, फागुन १५, २०८३	15-11-2083	2083-04-01	2084-03-32	2083-10-01	2083-12-30
2083-11-30	2027-03-14	Sunday	335	30	2083/11/30	२०८३/११/३०	Falgun 30, 2083	Sunday, Falgun 30, 2083	फागुन ३०, २०८३	आइतवार, फागुन ३०, २०८३	30-11-2083	2083-04-01	2084-03-32	2083-10-01	2083-12-30
2083-12-01	2027-03-15	Monday	336	30	2083/12/01	२०८३/१२/०१	Chaitra 01, 2083	Monday, Chaitra 01, 2083	चैत ०१, २०८३	सोमवार, चैत ०१, २०८३	1-12-2083	2083-04-01	2084-03-32	2083-10-01	2083-12-30
2083-12-15	2027-03-29	Monday	350	30	2083/12/15	२०८३/१२/१५	Chaitra 15, 2083	Monday, Chaitra 15, 2083	चैत १५, २०८३	सोमवार, चैत १५, २०८३	15-12-2083	2083-04-01	2084-03-32	2083-10-01	2083-12-30
2083-12-30	2027-04-13	Tuesday	365	30	2083/12/30	२०८३/१२/३०	Chaitra 30, 2083	Tuesday, Chaitra 30, 2083	चैत ३०, २०८३	मङ्गलवार, चैत ३०, २०८३	30-12-2083	2083-04-01	2084-03-32	2083-10-01	2083-12-30
2084-01-01	2027-04-14	Wednesday	1	31	2084/01/01	२०८४/०१/०१	Baishakh 01, 2084	Wednesday, Baishakh 01, 2084	बैशाख ०१, २०८४	बुधवार, बैशाख ०१, २०८४	1-1-2084	2083-04-01	2084-03-32	2084-01-01	2084-03-32
2084-01-15	2027-04-28	Wednesday	15	31	2084/01/15	२०८४/०१/१५	Baishakh 15, 2084	Wednesday, Baishakh 15, 2084	बैशाख १५, २०८४	बुधवार, बैशाख १५, २०८४	15-1-2084	2083-04-01	2084-03-32	2084-01-01	2084-03-32
2084-01-31	2027-05-14	Friday	31	31	2084/01/31	२०८४/०१/३१	Baishakh 31, 2084	Friday, Baishakh 31, 2084	बैशाख ३१, २०८४	शुक्रवार, बैशाख ३१, २०८४	31-1-2084	2083-04-01	2084-03-32	2084-01-01	2084-03-32
2084-02-01	2027-05-15	Saturday	32	31	2084/02/01	२०८४/०२/०१	Jestha 01, 2084	Saturday, Jestha 01, 2084	जेठ ०१, २०८४	शनिवार, जेठ ०१, २०८४	1-2-2084	2083-04-01	2084-03-32	2084-01-01	2084-03-32
2084-02-15	2027-05-29	Saturday	46	31	2084/02/15	२०८४/०२/१५	Jestha 15, 2084	Saturday, Jestha 15, 2084	जेठ १५, २०८४	शनिवार, जेठ १५, २०८४	15-2-2084	2083-04-01	2084-03-32	2084-01-01	2084-03-32
2084-02-31	2027-06-14	Monday	62	31	2084/02/31	२०८४/०२/३१	Jestha 31, 2084	Monday, Jestha 31, 2084	जेठ ३१, २०८४	सोमवार, जेठ ३१, २०८४	31-2-2084	2083-04-01	2084-03-32	2084-01-01	2084-03-32
2084-03-01	2027-06-15	Tuesday	63	32	2084/03/01	२०८४/०३/०१	Ashad 01, 2084	Tuesday, Ashad 01, 2084	असार ०१, २०८४	मङ्गलवार, असार ०१, २०८४	1-3-2084	2083-04-01	2084-03-32	2084-01-01	2084-03-32
2084-03-15	2027-06-29	Tuesday	77	32	2084/03/15	२०८४/०३/१५	Ashad 15, 2084	Tuesday, Ashad 15, 2084	असार १५, २०८४	मङ्गलवार, असार १५, २०८४	15-3-2084	2083-04-01	2084-03-32	2084-01-01	2084-03-32
2084-03-25	2027-07-09	Friday	87	32	2084/03/25	२०८४/०३/२५	Ashad 25, 2084	Friday, Ashad 25, 2084	असार २५, २०८४	शुक्रवार, असार २५, २०८४	25-3-2084	2083-04-01	2084-03-32	2084-01-01	2084-03-32
2084-03-32	2027-07-16	Friday	94	32	2084/03/32	२०८४/०३/३२	Ashad 32, 2084	Friday, Ashad 32, 2084	असार ३२, २०८४	शुक्रवार, असार ३२, २०८४	32-3-2084	2083-04-01	2084-03-32	2084-01-01	2084-03-32
2084-04-01	2027-07-17	Saturday	95	31	2084/04/01	२०८४/०४/०१	Shrawan 01, 2084	Saturday, Shrawan 01, 2084	साउन ०१, २०८४	शनिवार, साउन ०१, २०८४	1-4-2084	2084-04-01	2085-03-31	2084-04-01	2084-06-30
2084-04-15	2027-07-31	Saturday	109	31	2084/04/15	२०८४/०४/१५	Shrawan 15, 2084	Saturday, Shrawan 15, 2084	साउन १५, २०८४	शनिवार, साउन १५, २०८४	15-4-2084	2084-04-01	2085-03-31	2084-04-01	2084-06-30
2084-04-31	2027-08-16	Monday	125	31	2084/04/31	२०८४/०४/३१	Shrawan 31, 2084	Monday, Shrawan 31, 2084	साउन ३१, २०८४	सोमवार, साउन ३१, २०८४	31-4-2084	2084-04-01	2085-03-31	2084-04-01	2084-06-30
2084-05-01	2027-08-17	Tuesday	126	31	2084/05/01	२०८४/०५/०१	Bhadra 01, 2084	Tuesday, Bhadra 01, 2084	भदौ ०१, २०८४	मङ्गलवार, भदौ ०१, २०८४	1-5-2084	2084-04-01	2085-03-31	2084-04-01	2084-06-30
2084-05-15	2027-08-31	Tuesday	140	31	2084/05/15	२०८४/०५/१५	Bhadra 15, 2084	Tuesday, Bhadra 15, 2084	भदौ १५, २०८४	मङ्गलवार, भदौ १५, २०८४	15-5-2084	2084-04-01	2085-03-31	2084-04-01	2084-06-30
2084-05-31	2027-09-16	Thursday	156	31	2084/05/31	२०८४/०५/३१	Bhadra 31, 2084	Thursday, Bhadra 31, 2084	भदौ ३१, २०८४	बिहिवार, भदौ ३१, २०८४	31-5-2084	2084-04-01	2085-03-31	2084-04-01	2084-06-30
2084-06-01	2027-09-17	Friday	157	30	2084/06/01	२०८४/०६/०१	Ashoj 01, 2084	Friday, Ashoj 01, 2084	असोज ०१, २०८४	शुक्रवार, असोज ०१, २०८४	1-6-2084	2084-04-01	2085-03-31	2084-04-01	2084-06-30
2084-06-15	2027-10-01	Friday	171	30	2084/06/15	२०८४/०६/१५	Ashoj 15, 2084	Friday, Ashoj 15, 2084	असोज १५, २०८४	शुक्रवार, असोज १५, २०८४	15-6-2084	2084-04-01	2085-03-31	2084-04-01	2084-06-30
2084-06-30	2027-10-16	Saturday	186	30	2084/06/30	२०८४/०६/३०	Ashoj 30, 2084	Saturday, Ashoj 30, 2084	असोज ३०, २०८४	शनिवार, असोज ३०, २०८४	30-6-2084	2084-04-01	2085-03-31	2084-04-01	2084-06-30
2084-07-01	2027-10-17	Sunday	187	30	2084/07/01	२०८४/०७/०१	Kartik 01, 2084	Sunday, Kartik 01, 2084	कार्तिक ०१, २०८४	आइतवार, कार्तिक ०१, २०८४	1-7-2084	2084-04-01	2085-03-31	2084-07-01	2084-09-29
2084-07-15	2027-10-31	Sunday	201	30	2084/07/15	२०८४/०७/१५	Kartik 15, 2084	Sunday, Kartik 15, 2084	कार्तिक १५, २०८४	आइतवार, कार्तिक १५, २०८४	15-7-2084	2084-04-01	2085-03-31	2084-07-01	2084-09-29
2084-07-30	2027-11-15	Monday	216	30	2084/07/30	२०८४/०७/३०	Kartik 30, 2084	Monday, Kartik 30, 2084	कार्तिक ३०, २०८४	सोमवार, कार्तिक ३०, २०८४	30-7-2084	2084-04-01	2085-03-31	2084-07-01	2084-09-29
2084-08-01	2027-11-16	Tuesday	217	30	2084/08/01	२०८४/०८/०१	Mangsir 01, 2084	Tuesday, Mangsir 01, 2084	मंसिर ०१, २०८४	मङ्गलवार, मंसिर ०१, २०८४	1-8-2084	2084-04-01	2085-03-31	2084-07-01	2084-09-29
2084-08-15	2027-11-30	Tuesday	231	30	2084/08/15	२०८४/०८/१५	Mangsir 15, 2084	Tuesday, Mangsir 15, 2084	मंसिर १५, २०८४	मङ्गलवार, मंसिर १५, २०८४	15-8-2084	2084-04-01	2085-03-31	2084-07-01	2084-09-29
2084-08-30	2027-12-15	Wednesday	246	30	2084/08/30	२०८४/०८/३०	Mangsir 30, 2084	Wednesday, Mangsir 30, 2084	मंसिर ३०, २०८४	बुधवार, मंसिर ३०, २०८४	30-8-2084	2084-04-01	2085-03-31	2084-07-01	2084-09-29
2084-09-01	2027-12-16	Thursday	247	29	2084/09/01	२०८४/०९/०१	Poush 01, 2084	Thursday, Poush 01, 2084	पुष ०१, २०८४	बिहिवार, पुष ०१, २०८४	1-9-2084	2084-04-01	2085-03-31	2084-07-01	2084-09-29
2084-09-15	2027-12-30	Thursday	261	29	2084/09/15	२०८४/०९/१५	Poush 15, 2084	Thursday, Poush 15, 2084	पुष १५, २०८४	बिहिवार, पुष १५, २०८४	15-9-2084	2084-04-01	2085-03-31	2084-07-01	2084-09-29
2084-09-29	2028-01-13	Thursday	275	29	2084/09/29	२०८४/०९/२९	Poush 29, 2084	Thursday, Poush 29, 2084	पुष २९, २०८४	बिहिवार, पुष २९, २०८४	29-9-2084	2084-04-01	2085-03-31	2084-07-01	2084-09-29
2084-10-01	2028-01-14	Friday	276	30	2084/10/01	२०८४/१०/०१	Magh 01, 2084	Friday, Magh 01, 2084	माघ ०१, २०८४	शुक्रवार, माघ ०१, २०८४	1-10-2084	2084-04-01	2085-03-31	2084-10-01	2084-12-30
2084-10-15	2028-01-28	Friday	290	30	2084/10/15	२०८४/१०/१५	Magh 15, 2084	Friday, Magh 15, 2084	माघ १५, २०८४	शुक्रवार, माघ १५, २०८४	15-10-2084	2084-04-01	2085-03-31	2084-10-01	2084-12-30
2084-10-30	2028-02-12	Saturday	305	30	2084/10/30	२०८४/१०/३०	Magh 30, 2084	Saturday, Magh 30, 2084	माघ ३०, २०८४	शनिवार, माघ ३०, २०८४	30-10-2084	2084-04-01	2085-03-31	2084-10-01	2084-12-30
2084-11-01	2028-02-13	Sunday	306	30	2084/11/01	२०८४/११/०१	Falgun 01, 2084	Sunday, Falgun 01, 2084	फागुन ०१, २०८४	आइतवार, फागुन ०१, २०८४	1-11-2084	2084-04-01	2085-03-31	2084-10-01	2084-12-30
2084-11-15	2028-02-27	Sunday	320	30	2084/11/15	२०८४/११/१५	Falgun 15, 2084	Sunday, Falgun 15, 2084	फागुन १५, २०८४	आइतवार, फागुन १५, २०८४	15-11-2084	2084-04-01	2085-03-31	2084-10-01	2084-12-30
2084-11-30	2028-03-13	Monday	335	30	2084/11/30	२०८४/११/३०	Falgun 30, 2084	Monday, Falgun 30, 2084	फागुन ३०, २०८४	सोमवार, फागुन ३०, २०८४	30-11-2084	2084-04-01	2085-03-31	2084-10-01	2084-12-30
2084-12-01	2028-03-14	Tuesday	336	30	2084/12/01	२०८४/१२/०१	Chaitra 01, 2084	Tuesday, Chaitra 01, 2084	चैत ०१, २०८४	मङ्गलवार, चैत ०१, २०८४	1-12-2084	2084-04-01	2085-03-31	2084-10-01	2084-12-30
2084-12-15	2028-03-28	Tuesday	350	30	2084/12/15	२०८४/१२/१५	Chaitra 15, 2084	Tuesday, Chaitra 15, 2084	चैत १५, २०८४	मङ्गलवार, चैत १५, २०८४	15-12-2084	2084-04-01	2085-03-31	2084-10-01	2084-12-30
2084-12-30	2028-04-12	Wednesday	365	30	2084/12/30	२०८४/१२/३०	Chaitra 30, 2084	Wednesday, Chaitra 30, 2084	चैत ३०, २०८४	बुधवार, चैत ३०, २०८४	30-12-2084	2084-04-01	2085-03-31	2084-10-01	2084-12-30
2085-02-30	2028-06-12	Monday	61	32	2085/02/30	२०८५/०२/३०	Jestha 30, 2085	Monday, Jestha 30, 2085	जेठ ३०, २०८५	सोमवार, जेठ ३०, २०८५	30-2-2085	2084-04-01	2085-03-31	2085-01-01	2085-03-31
2085-05-08	2028-08-24	Thursday	134	30	2085/05/08	२०८५/०५/०८	Bhadra 08, 2085	Thursday, Bhadra 08, 2085	भदौ ०८, २०८५	बिहिवार, भदौ ०८, २०८५	8-5-2085	2085-04-01	2086-03-31	2085-04-01	2085-06-31
2087-01-01	2030-04-14	Sunday	1	31	2087/01/01	२०८७/०१/०१	Baishakh 01, 2087	Sunday, Baishakh 01, 2087	बैशाख ०१, २०८७	आइतवार, बैशाख ०१, २०८७	1-1-2087	2086-04-01	2087-03-32	2087-01-01	2087-03-32
2087-01-15	2030-04-28	Sunday	15	31	2087/01/15	२०८७/०१/१५	Baishakh 15, 2087	Sunday, Baishakh 15, 2087	बैशाख १५, २०८७	आइतवार, बैशाख १५, २०८७	15-1-2087	2086-04-01	2087-03-32	2087-01-01	2087-03-32
2087-01-31	2030-05-14	Tuesday	31	31	2087/01/31	२०८७/०१/३१	Baishakh 31, 2087	Tuesday, Baishakh 31, 2087	बैशाख ३१, २०८७	मङ्गलवार, बैशाख ३१, २०८७	31-1-2087	2086-04-01	2087-03-32	2087-01-01	2087-03-32
2087-02-01	2030-05-15	Wednesday	32	31	2087/02/01	२०८७/०२/०१	Jestha 01, 2087	Wednesday, Jestha 01, 2087	जेठ ०१, २०८७	बुधवार, जेठ ०१, २०८७	1-2-2087	2086-04-01	2087-03-32	2087-01-01	2087-03-32
2087-02-15	2030-05-29	Wednesday	46	31	2087/02/15	२०८७/०२/१५	Jestha 15, 2087	Wednesday, Jestha 15, 2087	जेठ १५, २०८७	बुधवार, जेठ १५, २०८७	15-2-2087	2086-04-01	2087-03-32	2087-01-01	2087-03-32
2087-02-31	2030-06-14	Friday	62	31	2087/02/31	२०८७/०२/३१	Jestha 31, 2087	Friday, Jestha 31, 2087	जेठ ३१, २०८७	शुक्रवार, जेठ ३१, २०८७	31-2-2087	2086-04-01	2087-03-32	2087-01-01	2087-03-32
2087-03-01	2030-06-15	Saturday	63	32	2087/03/01	२०८७/०३/०१	Ashad 01, 2087	Saturday, Ashad 01, 2087	असार ०१, २०८७	शनिवार, असार ०१, २०८७	1-3-2087	2086-04-01	2087-03-32	2087-01-01	2087-03-32
2087-03-15	2030-06-29	Saturday	77	32	2087/03/15	२०८७/०३/१५	Ashad 15, 2087	Saturday, Ashad 15, 2087	असार १५, २०८७	शनिवार, असार १५, २०८७	15-3-2087	2086-04-01	2087-03-32	2087-01-01	2087-03-32
2087-03-32	2030-07-16	Tuesday	94	32	2087/03/32	२०८७/०३/३२	Ashad 32, 2087	Tuesday, Ashad 32, 2087	असार ३२, २०८७	मङ्गलवार, असार ३२, २०८७	32-3-2087	2086-04-01	2087-03-32	2087-01-01	2087-03-32
2087-04-01	2030-07-17	Wednesday	95	31	2087/04/01	२०८७/०४/०१	Shrawan 01, 2087	Wednesday, Shrawan 01, 2087	साउन ०१, २०८७	बुधवार, साउन ०१, २०८७	1-4-2087	2087-04-01	2088-03-32	2087-04-01	2087-06-31
2087-04-15	2030-07-31	Wednesday	109	31	2087/04/15	२०८७/०४/१५	Shrawan 15, 2087	Wednesday, Shrawan 15, 2087	साउन १५, २०८७	बुधवार, साउन १५, २०८७	15-4-2087	2087-04-01	2088-03-32	2087-04-01	2087-06-31
2087-04-31	2030-08-16	Friday	125	31	2087/04/31	२०८७/०४/३१	Shrawan 31, 2087	Friday, Shrawan 31, 2087	साउन ३१, २०८७	शुक्रवार, साउन ३१, २०८७	31-4-2087	2087-04-01	2088-03-32	2087-04-01	2087-06-31
2087-05-01	2030-08-17	Saturday	126	31	2087/05/01	२०८७/०५/०१	Bhadra 01, 2087	Saturday, Bhadra 01, 2087	भदौ ०१, २०८७	शनिवार, भदौ ०१, २०८७	1-5-2087	2087-04-01	2088-03-32	2087-04-01	2087-06-31
2087-05-15	2030-08-31	Saturday	140	31	2087/05/15	२०८७/०५/१५	Bhadra 15, 2087	Saturday, Bhadra 15, 2087	भदौ १५, २०८७	शनिवार, भदौ १५, २०८७	15-5-2087	2087-04-01	2088-03-32	2087-04-01	2087-06-31
2087-05-31	2030-09-16	Monday	156	31	2087/05/31	२०८७/०५/३१	Bhadra 31, 2087	Monday, Bhadra 31, 2087	भदौ ३१, २०८७	सोमवार, भदौ ३१, २०८७	31-5-2087	2087-04-01	2088-03-32	2087-04-01	2087-06-31
2087-06-01	2030-09-17	Tuesday	157	31	2087/06/01	२०८७/०६/०१	Ashoj 01, 2087	Tuesday, Ashoj 01, 2087	असोज ०१, २०८७	मङ्गलवार, असोज ०१, २०८७	1-6-2087	2087-04-01	2088-03-32	2087-04-01	2087-06-31
2087-06-15	2030-10-01	Tuesday	171	31	2087/06/15	२०८७/०६/१५	Ashoj 15, 2087	Tuesday, Ashoj 15, 2087	असोज १५, २०८७	मङ्गलवार, असोज १५, २०८७	15-6-2087	2087-04-01	2088-03-32	2087-04-01	2087-06-31
2087-06-31	2030-10-17	Thursday	187	31	2087/06/31	२०८७/०६/३१	Ashoj 31, 2087	Thursday, Ashoj 31, 2087	असोज ३१, २०८७	बिहिवार, असोज ३१, २०८७	31-6-2087	2087-04-01	2088-03-32	2087-04-01	2087-06-31
2087-07-01	2030-10-18	Friday	188	30	2087/07/01	२०८७/०७/०१	Kartik 01, 2087	Friday, Kartik 01, 2087	कार्तिक ०१, २०८७	शुक्रवार, कार्तिक ०१, २०८७	1-7-2087	2087-04-01	2088-03-32	2087-07-01	2087-09-30
2087-07-15	2030-11-01	Friday	202	30	2087/07/15	२०८७/०७/१५	Kartik 15, 2087	Friday, Kartik 15, 2087	कार्तिक १५, २०८७	शुक्रवार, कार्तिक १५, २०८७	15-7-2087	2087-04-01	2088-03-32	2087-07-01	2087-09-30
2087-07-30	2030-11-16	Saturday	217	30	2087/07/30	२०८७/०७/३०	Kartik 30, 2087	Saturday, Kartik 30, 2087	कार्तिक ३०, २०८७	शनिवार, कार्तिक ३०, २०८७	30-7-2087	2087-04-01	2088-03-32	2087-07-01	2087-09-30
2087-08-01	2030-11-17	Sunday	218	30	2087/08/01	२०८७/०८/०१	Mangsir 01, 2087	Sunday, Mangsir 01, 2087	मंसिर ०१, २०८७	आइतवार, मंसिर ०१, २०८७	1-8-2087	2087-04-01	2088-03-32	2087-07-01	2087-09-30
2087-08-15	2030-12-01	Sunday	232	30	2087/08/15	२०८७/०८/१५	Mangsir 15, 2087	Sunday, Mangsir 15, 2087	मंसिर १५, २०८७	आइतवार, मंसिर १५, २०८७	15-8-2087	2087-04-01	2088-03-32	2087-07-01	2087-09-30
2087-08-30	2030-12-16	Monday	247	30	2087/08/30	२०८७/०८/३०	Mangsir 30, 2087	Monday, Mangsir 30, 2087	मंसिर ३०, २०८७	सोमवार, मंसिर ३०, २०८७	30-8-2087	2087-04-01	2088-03-32	2087-07-01	2087-09-30
2087-09-01	2030-12-17	Tuesday	248	30	2087/09/01	२०८७/०९/०१	Poush 01, 2087	Tuesday, Poush 01, 2087	पुष ०१, २०८७	मङ्गलवार, पुष ०१, २०८७	1-9-2087	2087-04-01	2088-03-32	2087-07-01	2087-09-30
2087-09-15	2030-12-31	Tuesday	262	30	2087/09/15	२०८७/०९/१५	Poush 15, 2087	Tuesday, Poush 15, 2087	पुष १५, २०८७	मङ्गलवार, पुष १५, २०८७	15-9-2087	2087-04-01	2088-03-32	2087-07-01	2087-09-30
2087-09-30	2031-01-15	Wednesday	277	30	2087/09/30	२०८७/०९/३०	Poush 30, 2087	Wednesday, Poush 30, 2087	पुष ३०, २०८७	बुधवार, पुष ३०, २०८७	30-9-2087	2087-04-01	2088-03-32	2087-07-01	2087-09-30
2087-10-01	2031-01-16	Thursday	278	30	2087/10/01	२०८७/१०/०१	Magh 01, 2087	Thursday, Magh 01, 2087	माघ ०१, २०८७	बिहिवार, माघ ०१, २०८७	1-10-2087	2087-04-01	2088-03-32	2087-10-01	2087-12-30
2087-10-15	2031-01-30	Thursday	292	30	2087/10/15	२०८७/१०/१५	Magh 15, 2087	Thursday, Magh 15, 2087	माघ १५, २०८७	बिहिवार, माघ १५, २०८७	15-10-2087	2087-04-01	2088-03-32	2087-10-01	2087-12-30
2087-10-30	2031-02-14	Friday	307	30	2087/10/30	२०८७/१०/३०	Magh 30, 2087	Friday, Magh 30, 2087	माघ ३०, २०८७	शुक्रवार, माघ ३०, २०८७	30-10-2087	2087-04-01	2088-03-32	2087-10-01	2087-12-30
2087-11-01	2031-02-15	Saturday	308	30	2087/11/01	२०८७/११/०१	Falgun 01, 2087	Saturday, Falgun 01, 2087	फागुन ०१, २०८७	शनिवार, फागुन ०१, २०८७	1-11-2087	2087-04-01	2088-03-32	2087-10-01	2087-12-30
2087-11-15	2031-03-01	Saturday	322	30	2087/11/15	२०८७/११/१५	Falgun 15, 2087	Saturday, Falgun 15, 2087	फागुन १५, २०८७	शनिवार, फागुन १५, २०८७	15-11-2087	2087-04-01	2088-03-32	2087-10-01	2087-12-30
2087-11-30	2031-03-16	Sunday	337	30	2087/11/30	२०८७/११/३०	Falgun 30, 2087	Sunday, Falgun 30, 2087	फागुन ३०, २०८७	आइतवार, फागुन ३०, २०८७	30-11-2087	2087-04-01	2088-03-32	2087-10-01	2087-12-30
2087-12-01	2031-03-17	Monday	338	30	2087/12/01	२०८७/१२/०१	Chaitra 01, 2087	Monday, Chaitra 01, 2087	चैत ०१, २०८७	सोमवार, चैत ०१, २०८७	1-12-2087	2087-04-01	2088-03-32	2087-10-01	2087-12-30
2087-12-15	2031-03-31	Monday	352	30	2087/12/15	२०८७/१२/१५	Chaitra 15, 2087	Monday, Chaitra 15, 2087	चैत १५, २०८७	सोमवार, चैत १५, २०८७	15-12-2087	2087-04-01	2088-03-32	2087-10-01	2087-12-30
2087-12-19	2031-04-04	Friday	356	30	2087/12/19	२०८७/१२/१९	Chaitra 19, 2087	Friday, Chaitra 19, 2087	चैत १९, २०८७	शुक्रवार, चैत १९, २०८७	19-12-2087	2087-04-01	2088-03-32	2087-10-01	2087-12-30
2087-12-30	2031-04-15	Tuesday	367	30	2087/12/30	२०८७/१२/३०	Chaitra 30, 2087	Tuesday, Chaitra 30, 2087	चैत ३०, २०८७	मङ्गलवार, चैत ३०, २०८७	30-12-2087	2087-04-01	2088-03-32	2087-10-01	2087-12-30
2088-04-19	2031-08-05	Tuesday	112	32	2088/04/19	२०८८/०४/१९	Shrawan 19, 2088	Tuesday, Shrawan 19, 2088	साउन १९, २०८८	मङ्गलवार, साउन १९, २०८८	19-4-2088	2088-04-01	2089-03-31	2088-04-01	2088-06-31
2088-11-26	2032-03-11	Thursday	331	30	2088/11/26	२०८८/११/२६	Falgun 26, 2088	Thursday, Falgun 26, 2088	फागुन २६, २०८८	बिहिवार, फागुन २६, २०८८	26-11-2088	2088-04-01	2089-03-31	2088-10-01	2088-12-30
2090-01-01	2033-04-15	Friday	1	30	2090/01/01	२०९०/०१/०१	Baishakh 01, 2090	Friday, Baishakh 01, 2090	बैशाख ०१, २०९०	शुक्रवार, बैशाख ०१, २०९०	1-1-2090	2089-04-01	2090-03-32	2090-01-01	2090-03-32
2090-01-15	2033-04-29	Friday	15	30	2090/01/15	२०९०/०१/१५	Baishakh 15, 2090	Friday, Baishakh 15, 2090	बैशाख १५, २०९०	शुक्रवार, बैशाख १५, २०९०	15-1-2090	2089-04-01	2090-03-32	2090-01-01	2090-03-32
2090-01-30	2033-05-14	Saturday	30	30	2090/01/30	२०९०/०१/३०	Baishakh 30, 2090	Saturday, Baishakh 30, 2090	बैशाख ३०, २०९०	शनिवार, बैशाख ३०, २०९०	30-1-2090	2089-04-01	2090-03-32	2090-01-01	2090-03-32
2090-02-01	2033-05-15	Sunday	31	31	2090/02/01	२०९०/०२/०१	Jestha 01, 2090	Sunday, Jestha 01, 2090	जेठ ०१, २०९०	आइतवार, जेठ ०१, २०९०	1-2-2090	2089-04-01	2090-03-32	2090-01-01	2090-03-32
2090-02-15	2033-05-29	Sunday	45	31	2090/02/15	२०९०/०२/१५	Jestha 15, 2090	Sunday, Jestha 15, 2090	जेठ १५, २०९०	आइतवार, जेठ १५, २०९०	15-2-2090	2089-04-01	2090-03-32	2090-01-01	2090-03-32
2090-02-31	2033-06-14	Tuesday	61	31	2090/02/31	२०९०/०२/३१	Jestha 31, 2090	Tuesday, Jestha 31, 2090	जेठ ३१, २०९०	मङ्गलवार, जेठ ३१, २०९०	31-2-2090	2089-04-01	2090-03-32	2090-01-01	2090-03-32
2090-03-01	2033-06-15	Wednesday	62	32	2090/03/01	२०९०/०३/०१	Ashad 01, 2090	Wednesday, Ashad 01, 2090	असार ०१, २०९०	बुधवार, असार ०१, २०९०	1-3-2090	2089-04-01	2090-03-32	2090-01-01	2090-03-32
2090-03-15	2033-06-29	Wednesday	76	32	2090/03/15	२०९०/०३/१५	Ashad 15, 2090	Wednesday, Ashad 15, 2090	असार १५, २०९०	बुधवार, असार १५, २०९०	15-3-2090	2089-04-01	2090-03-32	2090-01-01	2090-03-32
2090-03-32	2033-07-16	Saturday	93	32	2090/03/32	२०९०/०३/३२	Ashad 32, 2090	Saturday, Ashad 32, 2090	असार ३२, २०९०	शनिवार, असार ३२, २०९०	32-3-2090	2089-04-01	2090-03-32	2090-01-01	2090-03-32
2090-04-01	2033-07-17	Sunday	94	31	2090/04/01	२०९०/०४/०१	Shrawan 01, 2090	Sunday, Shrawan 01, 2090	साउन ०१, २०९०	आइतवार, साउन ०१, २०९०	1-4-2090	2090-04-01	2091-03-32	2090-04-01	2090-06-31
2090-04-15	2033-07-31	Sunday	108	31	2090/04/15	२०९०/०४/१५	Shrawan 15, 2090	Sunday, Shrawan 15, 2090	साउन १५, २०९०	आइतवार, साउन १५, २०९०	15-4-2090	2090-04-01	2091-03-32	2090-04-01	2090-06-31
2090-04-31	2033-08-16	Tuesday	124	31	2090/04/31	२०९०/०४/३१	Shrawan 31, 2090	Tuesday, Shrawan 31, 2090	साउन ३१, २०९०	मङ्गलवार, साउन ३१, २०९०	31-4-2090	2090-04-01	2091-03-32	2090-04-01	2090-06-31
2090-05-01	2033-08-17	Wednesday	125	31	2090/05/01	२०९०/०५/०१	Bhadra 01, 2090	Wednesday, Bhadra 01, 2090	भदौ ०१, २०९०	बुधवार, भदौ ०१, २०९०	1-5-2090	2090-04-01	2091-03-32	2090-04-01	2090-06-31
2090-05-15	2033-08-31	Wednesday	139	31	2090/05/15	२०९०/०५/१५	Bhadra 15, 2090	Wednesday, Bhadra 15, 2090	भदौ १५, २०९०	बुधवार, भदौ १५, २०९०	15-5-2090	2090-04-01	2091-03-32	2090-04-01	2090-06-31
2090-05-31	2033-09-16	Friday	155	31	2090/05/31	२०९०/०५/३१	Bhadra 31, 2090	Friday, Bhadra 31, 2090	भदौ ३१, २०९०	शुक्रवार, भदौ ३१, २०९०	31-5-2090	2090-04-01	2091-03-32	2090-04-01	2090-06-31
2090-06-01	2033-09-17	Saturday	156	31	2090/06/01	२०९०/०६/०१	Ashoj 01, 2090	Saturday, Ashoj 01, 2090	असोज ०१, २०९०	शनिवार, असोज ०१, २०९०	1-6-2090	2090-04-01	2091-03-32	2090-04-01	2090-06-31
2090-06-15	2033-10-01	Saturday	170	31	2090/06/15	२०९०/०६/१५	Ashoj 15, 2090	Saturday, Ashoj 15, 2090	असोज १५, २०९०	शनिवार, असोज १५, २०९०	15-6-2090	2090-04-01	2091-03-32	2090-04-01	2090-06-31
2090-06-31	2033-10-17	Monday	186	31	2090/06/31	२०९०/०६/३१	Ashoj 31, 2090	Monday, Ashoj 31, 2090	असोज ३१, २०९०	सोमवार, असोज ३१, २०९०	31-6-2090	2090-04-01	2091-03-32	2090-04-01	2090-06-31
2090-07-01	2033-10-18	Tuesday	187	30	2090/07/01	२०९०/०७/०१	Kartik 01, 2090	Tuesday, Kartik 01, 2090	कार्तिक ०१, २०९०	मङ्गलवार, कार्तिक ०१, २०९०	1-7-2090	2090-04-01	2091-03-32	2090-07-01	2090-09-30
2090-07-15	2033-11-01	Tuesday	201	30	2090/07/15	२०९०/०७/१५	Kartik 15, 2090	Tuesday, Kartik 15, 2090	कार्तिक १५, २०९०	मङ्गलवार, कार्तिक १५, २०९०	15-7-2090	2090-04-01	2091-03-32	2090-07-01	2090-09-30
2090-07-30	2033-11-16	Wednesday	216	30	2090/07/30	२०९०/०७/३०	Kartik 30, 2090	Wednesday, Kartik 30, 2090	कार्तिक ३०, २०९०	बुधवार, कार्तिक ३०, २०९०	30-7-2090	2090-04-01	2091-03-32	2090-07-01	2090-09-30
2090-08-01	2033-11-17	Thursday	217	29	2090/08/01	२०९०/०८/०१	Mangsir 01, 2090	Thursday, Mangsir 01, 2090	मंसिर ०१, २०९०	बिहिवार, मंसिर ०१, २०९०	1-8-2090	2090-04-01	2091-03-32	2090-07-01	2090-09-30
2090-08-15	2033-12-01	Thursday	231	29	2090/08/15	२०९०/०८/१५	Mangsir 15, 2090	Thursday, Mangsir 15, 2090	मंसिर १५, २०९०	बिहिवार, मंसिर १५, २०९०	15-8-2090	2090-04-01	2091-03-32	2090-07-01	2090-09-30
2090-08-20	2033-12-06	Tuesday	236	29	2090/08/20	२०९०/०८/२०	Mangsir 20, 2090	Tuesday, Mangsir 20, 2090	मंसिर २०, २०९०	मङ्गलवार, मंसिर २०, २०९०	20-8-2090	2090-04-01	2091-03-32	2090-07-01	2090-09-30
2090-08-29	2033-12-15	Thursday	245	29	2090/08/29	२०९०/०८/२९	Mangsir 29, 2090	Thursday, Mangsir 29, 2090	मंसिर २९, २०९०	बिहिवार, मंसिर २९, २०९०	29-8-2090	2090-04-01	2091-03-32	2090-07-01	2090-09-30
2090-09-01	2033-12-16	Friday	246	30	2090/09/01	२०९०/०९/०१	Poush 01, 2090	Friday, Poush 01, 2090	पुष ०१, २०९०	शुक्रवार, पुष ०१, २०९०	1-9-2090	2090-04-01	2091-03-32	2090-07-01	2090-09-30
2090-09-13	2033-12-28	Wednesday	258	30	2090/09/13	२०९०/०९/१३	Poush 13, 2090	Wednesday, Poush 13, 2090	पुष १३, २०९०	बुधवार, पुष १३, २०९०	13-9-2090	2090-04-01	2091-03-32	2090-07-01	2090-09-30
2090-09-15	2033-12-30	Friday	260	30	2090/09/15	२०९०/०९/१५	Poush 15, 2090	Friday, Poush 15, 2090	पुष १५, २०९०	शुक्रवार, पुष १५, २०९०	15-9-2090	2090-04-01	2091-03-32	2090-07-01	2090-09-30
2090-09-30	2034-01-14	Saturday	275	30	2090/09/30	२०९०/०९/३०	Poush 30, 2090	Saturday, Poush 30, 2090	पुष ३०, २०९०	शनिवार, पुष ३०, २०९०	30-9-2090	2090-04-01	2091-03-32	2090-07-01	2090-09-30
2090-10-01	2034-01-15	Sunday	276	29	2090/10/01	२०९०/१०/०१	Magh 01, 2090	Sunday, Magh 01, 2090	माघ ०१, २०९०	आइतवार, माघ ०१, २०९०	1-10-2090	2090-04-01	2091-03-32	2090-10-01	2090-12-30
2090-10-15	2034-01-29	Sunday	290	29	2090/10/15	२०९०/१०/१५	Magh 15, 2090	Sunday, Magh 15, 2090	माघ १५, २०९०	आइतवार, माघ १५, २०९०	15-10-2090	2090-04-01	2091-03-32	2090-10-01	2090-12-30
2090-10-29	2034-02-12	Sunday	304	29	2090/10/29	२०९०/१०/२९	Magh 29, 2090	Sunday, Magh 29, 2090	माघ २९, २०९०	आइतवार, माघ २९, २०९०	29-10-2090	2090-04-01	2091-03-32	2090-10-01	2090-12-30
2090-11-01	2034-02-13	Monday	305	30	2090/11/01	२०९०/११/०१	Falgun 01, 2090	Monday, Falgun 01, 2090	फागुन ०१, २०९०	सोमवार, फागुन ०१, २०९०	1-11-2090	2090-04-01	2091-03-32	2090-10-01	2090-12-30
2090-11-15	2034-02-27	Monday	319	30	2090/11/15	२०९०/११/१५	Falgun 15, 2090	Monday, Falgun 15, 2090	फागुन १५, २०९०	सोमवार, फागुन १५, २०९०	15-11-2090	2090-04-01	2091-03-32	2090-10-01	2090-12-30
2090-11-30	2034-03-14	Tuesday	334	30	2090/11/30	२०९०/११/३०	Falgun 30, 2090	Tuesday, Falgun 30, 2090	फागुन ३०, २०९०	मङ्गलवार, फागुन ३०, २०९०	30-11-2090	2090-04-01	2091-03-32	2090-10-01	2090-12-30
2090-12-01	2034-03-15	Wednesday	335	30	2090/12/01	२०९०/१२/०१	Chaitra 01, 2090	Wednesday, Chaitra 01, 2090	चैत ०१, २०९०	बुधवार, चैत ०१, २०९०	1-12-2090	2090-04-01	2091-03-32	2090-10-01	2090-12-30
2090-12-15	2034-03-29	Wednesday	349	30	2090/12/15	२०९०/१२/१५	Chaitra 15, 2090	Wednesday, Chaitra 15, 2090	चैत १५, २०९०	बुधवार, चैत १५, २०९०	15-12-2090	2090-04-01	2091-03-32	2090-10-01	2090-12-30
2090-12-30	2034-04-13	Thursday	364	30	2090/12/30	२०९०/१२/३०	Chaitra 30, 2090	Thursday, Chaitra 30, 2090	चैत ३०, २०९०	बिहिवार, चैत ३०, २०९०	30-12-2090	2090-04-01	2091-03-32	2090-10-01	2090-12-30
2092-05-09	2035-08-26	Sunday	135	31	2092/05/09	२०९२/०५/०९	Bhadra 09, 2092	Sunday, Bhadra 09, 2092	भदौ ०९, २०९२	आइतवार, भदौ ०९, २०९२	9-5-2092	2092-04-01	2093-03-31	2092-04-01	2092-06-30
2093-06-12	2036-09-28	Sunday	168	31	2093/06/12	२०९३/०६/१२	Ashoj 12, 2093	Sunday, Ashoj 12, 2093	असोज १२, २०९३	आइतवार, असोज १२, २०९३	12-6-2093	2093-04-01	2094-03-32	2093-04-01	2093-06-31
2094-10-15	2038-01-29	Friday	291	29	2094/10/15	२०९४/१०/१५	Magh 15, 2094	Friday, Magh 15, 2094	माघ १५, २०९४	शुक्रवार, माघ १५, २०९४	15-10-2094	2094-04-01	2095-03-32	2094-10-01	2094-12-30
2095-08-02	2038-11-18	Thursday	219	29	2095/08/02	२०९५/०८/०२	Mangsir 02, 2095	Thursday, Mangsir 02, 2095	मंसिर ०२, २०९५	बिहिवार, मंसिर ०२, २०९५	2-8-2095	2095-04-01	2096-03-31	2095-07-01	2095-09-30
2096-07-29	2039-11-15	Tuesday	216	30	2096/07/29	२०९६/०७/२९	Kartik 29, 2096	Tuesday, Kartik 29, 2096	कार्तिक २९, २०९६	मङ्गलवार, कार्तिक २९, २०९६	29-7-2096	2096-04-01	2097-03-31	2096-07-01	2096-09-29
2096-12-31	2040-04-13	Friday	366	31	2096/12/31	२०९६/१२/३१	Chaitra 31, 2096	Friday, Chaitra 31, 2096	चैत ३१, २०९६	शुक्रवार, चैत ३१, २०९६	31-12-2096	2096-04-01	2097-03-31	2096-10-01	2096-12-31
2097-07-01	2040-10-18	Thursday	188	29	2097/07/01	२०९७/०७/०१	Kartik 01, 2097	Thursday, Kartik 01, 2097	कार्तिक ०१, २०९७	बिहिवार, कार्तिक ०१, २०९७	1-7-2097	2097-04-01	2098-03-32	2097-07-01	2097-09-30
2099-02-09	2042-05-23	Friday	40	31	2099/02/09	२०९९/०२/०९	Jestha 09, 2099	Friday, Jestha 09, 2099	जेठ ०९, २०९९	शुक्रवार, जेठ ०९, २०९९	9-2-2099	2098-04-01	2099-03-32	2099-01-01	2099-03-32
2099-08-25	2042-12-11	Thursday	242	29	2099/08/25	२०९९/०८/२५	Mangsir 25, 2099	Thursday, Mangsir 25, 2099	मंसिर २५, २०९९	बिहिवार, मंसिर २५, २०९९	25-8-2099	2099-04-01	2100-03-31	2099-07-01	2099-09-30
2099-11-22	2043-03-06	Friday	327	30	2099/11/22	२०९९/११/२२	Falgun 22, 2099	Friday, Falgun 22, 2099	फागुन २२, २०९९	शुक्रवार, फागुन २२, २०९९	22-11-2099	2099-04-01	2100-03-31	2099-10-01	2099-12-30
2100-01-01	2043-04-14	Tuesday	1	31	2100/01/01	२१००/०१/०१	Baishakh 01, 2100	Tuesday, Baishakh 01, 2100	बैशाख ०१, २१००	मङ्गलवार, बैशाख ०१, २१००	1-1-2100	2099-04-01	2100-03-31	2100-01-01	2100-03-31
2100-01-15	2043-04-28	Tuesday	15	31	2100/01/15	२१००/०१/१५	Baishakh 15, 2100	Tuesday, Baishakh 15, 2100	बैशाख १५, २१००	मङ्गलवार, बैशाख १५, २१००	15-1-2100	2099-04-01	2100-03-31	2100-01-01	2100-03-31
2100-01-31	2043-05-14	Thursday	31	31	2100/01/31	२१००/०१/३१	Baishakh 31, 2100	Thursday, Baishakh 31, 2100	बैशाख ३१, २१००	बिहिवार, बैशाख ३१, २१००	31-1-2100	2099-04-01	2100-03-31	2100-01-01	2100-03-31
2100-02-01	2043-05-15	Friday	32	32	2100/02/01	२१००/०२/०१	Jestha 01, 2100	Friday, Jestha 01, 2100	जेठ ०१, २१००	शुक्रवार, जेठ ०१, २१००	1-2-2100	2099-04-01	2100-03-31	2100-01-01	2100-03-31
2100-02-15	2043-05-29	Friday	46	32	2100/02/15	२१००/०२/१५	Jestha 15, 2100	Friday, Jestha 15, 2100	जेठ १५, २१००	शुक्रवार, जेठ १५, २१००	15-2-2100	2099-04-01	2100-03-31	2100-01-01	2100-03-31
2100-02-32	2043-06-15	Monday	63	32	2100/02/32	२१००/०२/३२	Jestha 32, 2100	Monday, Jestha 32, 2100	जेठ ३२, २१००	सोमवार, जेठ ३२, २१००	32-2-2100	2099-04-01	2100-03-31	2100-01-01	2100-03-31
2100-03-01	2043-06-16	Tuesday	64	31	2100/03/01	२१००/०३/०१	Ashad 01, 2100	Tuesday, Ashad 01, 2100	असार ०१, २१००	मङ्गलवार, असार ०१, २१००	1-3-2100	2099-04-01	2100-03-31	2100-01-01	2100-03-31
2100-03-15	2043-06-30	Tuesday	78	31	2100/03/15	२१००/०३/१५	Ashad 15, 2100	Tuesday, Ashad 15, 2100	असार १५, २१००	मङ्गलवार, असार १५, २१००	15-3-2100	2099-04-01	2100-03-31	2100-01-01	2100-03-31
2100-03-31	2043-07-16	Thursday	94	31	2100/03/31	२१००/०३/३१	Ashad 31, 2100	Thursday, Ashad 31, 2100	असार ३१, २१००	बिहिवार, असार ३१, २१००	31-3-2100	2099-04-01	2100-03-31	2100-01-01	2100-03-31
2100-04-01	2043-07-17	Friday	95	32	2100/04/01	२१००/०४/०१	Shrawan 01, 2100	Friday, Shrawan 01, 2100	साउन ०१, २१००	शुक्रवार, साउन ०१, २१००	1-4-2100	2100-04-01	2101-03-31	2100-04-01	2100-06-30
2100-04-15	2043-07-31	Friday	109	32	2100/04/15	२१००/०४/१५	Shrawan 15, 2100	Friday, Shrawan 15, 2100	साउन १५, २१००	शुक्रवार, साउन १५, २१००	15-4-2100	2100-04-01	2101-03-31	2100-04-01	2100-06-30
2100-04-32	2043-08-17	Monday	126	32	2100/04/32	२१००/०४/३२	Shrawan 32, 2100	Monday, Shrawan 32, 2100	साउन ३२, २१००	सोमवार, साउन ३२, २१००	32-4-2100	2100-04-01	2101-03-31	2100-04-01	2100-06-30
2100-05-01	2043-08-18	Tuesday	127	31	2100/05/01	२१००/०५/०१	Bhadra 01, 2100	Tuesday, Bhadra 01, 2100	भदौ ०१, २१००	मङ्गलवार, भदौ ०१, २१००	1-5-2100	2100-04-01	2101-03-31	2100-04-01	2100-06-30
2100-05-15	2043-09-01	Tuesday	141	31	2100/05/15	२१००/०५/१५	Bhadra 15, 2100	Tuesday, Bhadra 15, 2100	भदौ १५, २१००	मङ्गलवार, भदौ १५, २१००	15-5-2100	2100-04-01	2101-03-31	2100-04-01	2100-06-30
2100-05-31	2043-09-17	Thursday	157	31	2100/05/31	२१००/०५/३१	Bhadra 31, 2100	Thursday, Bhadra 31, 2100	भदौ ३१, २१००	बिहिवार, भदौ ३१, २१००	31-5-2100	2100-04-01	2101-03-31	2100-04-01	2100-06-30
2100-06-01	2043-09-18	Friday	158	30	2100/06/01	२१००/०६/०१	Ashoj 01, 2100	Friday, Ashoj 01, 2100	असोज ०१, २१००	शुक्रवार, असोज ०१, २१००	1-6-2100	2100-04-01	2101-03-31	2100-04-01	2100-06-30
2100-06-15	2043-10-02	Friday	172	30	2100/06/15	२१००/०६/१५	Ashoj 15, 2100	Friday, Ashoj 15, 2100	असोज १५, २१००	शुक्रवार, असोज १५, २१००	15-6-2100	2100-04-01	2101-03-31	2100-04-01	2100-06-30
2100-06-30	2043-10-17	Saturday	187	30	2100/06/30	२१००/०६/३०	Ashoj 30, 2100	Saturday, Ashoj 30, 2100	असोज ३०, २१००	शनिवार, असोज ३०, २१००	30-6-2100	2100-04-01	2101-03-31	2100-04-01	2100-06-30
2100-07-01	2043-10-18	Sunday	188	30	2100/07/01	२१००/०७/०१	Kartik 01, 2100	Sunday, Kartik 01, 2100	कार्तिक ०१, २१००	आइतवार, कार्तिक ०१, २१००	1-7-2100	2100-04-01	2101-03-31	2100-07-01	2100-09-29
2100-07-15	2043-11-01	Sunday	202	30	2100/07/15	२१००/०७/१५	Kartik 15, 2100	Sunday, Kartik 15, 2100	कार्तिक १५, २१००	आइतवार, कार्तिक १५, २१००	15-7-2100	2100-04-01	2101-03-31	2100-07-01	2100-09-29
2100-07-30	2043-11-16	Monday	217	30	2100/07/30	२१००/०७/३०	Kartik 30, 2100	Monday, Kartik 30, 2100	कार्तिक ३०, २१००	सोमवार, कार्तिक ३०, २१००	30-7-2100	2100-04-01	2101-03-31	2100-07-01	2100-09-29
2100-08-01	2043-11-17	Tuesday	218	30	2100/08/01	२१००/०८/०१	Mangsir 01, 2100	Tuesday, Mangsir 01, 2100	मंसिर ०१, २१००	मङ्गलवार, मंसिर ०१, २१००	1-8-2100	2100-04-01	2101-03-31	2100-07-01	2100-09-29
2100-08-15	2043-12-01	Tuesday	232	30	2100/08/15	२१००/०८/१५	Mangsir 15, 2100	Tuesday, Mangsir 15, 2100	मंसिर १५, २१००	मङ्गलवार, मंसिर १५, २१००	15-8-2100	2100-04-01	2101-03-31	2100-07-01	2100-09-29
2100-08-30	2043-12-16	Wednesday	247	30	2100/08/30	२१००/०८/३०	Mangsir 30, 2100	Wednesday, Mangsir 30, 2100	मंसिर ३०, २१००	बुधवार, मंसिर ३०, २१००	30-8-2100	2100-04-01	2101-03-31	2100-07-01	2100-09-29
2100-09-01	2043-12-17	Thursday	248	29	2100/09/01	२१००/०९/०१	Poush 01, 2100	Thursday, Poush 01, 2100	पुष ०१, २१००	बिहिवार, पुष ०१, २१००	1-9-2100	2100-04-01	2101-03-31	2100-07-01	2100-09-29
2100-09-15	2043-12-31	Thursday	262	29	2100/09/15	२१००/०९/१५	Poush 15, 2100	Thursday, Poush 15, 2100	पुष १५, २१००	बिहिवार, पुष १५, २१००	15-9-2100	2100-04-01	2101-03-31	2100-07-01	2100-09-29
2100-09-29	2044-01-14	Thursday	276	29	2100/09/29	२१००/०९/२९	Poush 29, 2100	Thursday, Poush 29, 2100	पुष २९, २१००	बिहिवार, पुष २९, २१००	29-9-2100	2100-04-01	2101-03-31	2100-07-01	2100-09-29
2100-10-01	2044-01-15	Friday	277	29	2100/10/01	२१००/१०/०१	Magh 01, 2100	Friday, Magh 01, 2100	माघ ०१, २१००	शुक्रवार, माघ ०१, २१००	1-10-2100	2100-04-01	2101-03-31	2100-10-01	2100-12-31
2100-10-04	2044-01-18	Monday	280	29	2100/10/04	२१००/१०/०४	Magh 04, 2100	Monday, Magh 04, 2100	माघ ०४, २१००	सोमवार, माघ ०४, २१००	4-10-2100	2100-04-01	2101-03-31	2100-10-01	2100-12-31
2100-10-15	2044-01-29	Friday	291	29	2100/10/15	२१००/१०/१५	Magh 15, 2100	Friday, Magh 15, 2100	माघ १५, २१००	शुक्रवार, माघ १५, २१००	15-10-2100	2100-04-01	2101-03-31	2100-10-01	2100-12-31
2100-10-29	2044-02-12	Friday	305	29	2100/10/29	२१००/१०/२९	Magh 29, 2100	Friday, Magh 29, 2100	माघ २९, २१००	शुक्रवार, माघ २९, २१००	29-10-2100	2100-04-01	2101-03-31	2100-10-01	2100-12-31
2100-11-01	2044-02-13	Saturday	306	30	2100/11/01	२१००/११/०१	Falgun 01, 2100	Saturday, Falgun 01, 2100	फागुन ०१, २१००	शनिवार, फागुन ०१, २१००	1-11-2100	2100-04-01	2101-03-31	2100-10-01	2100-12-31
2100-11-15	2044-02-27	Saturday	320	30	2100/11/15	२१००/११/१५	Falgun 15, 2100	Saturday, Falgun 15, 2100	फागुन १५, २१००	शनिवार, फागुन १५, २१००	15-11-2100	2100-04-01	2101-03-31	2100-10-01	2100-12-31
2100-11-30	2044-03-13	Sunday	335	30	2100/11/30	२१००/११/३०	Falgun 30, 2100	Sunday, Falgun 30, 2100	फागुन ३०, २१००	आइतवार, फागुन ३०, २१००	30-11-2100	2100-04-01	2101-03-31	2100-10-01	2100-12-31
2100-12-01	2044-03-14	Monday	336	31	2100/12/01	२१००/१२/०१	Chaitra 01, 2100	Monday, Chaitra 01, 2100	चैत ०१, २१००	सोमवार, चैत ०१, २१००	1-12-2100	2100-04-01	2101-03-31	2100-10-01	2100-12-31
2100-12-15	2044-03-28	Monday	350	31	2100/12/15	२१००/१२/१५	Chaitra 15, 2100	Monday, Chaitra 15, 2100	चैत १५, २१००	सोमवार, चैत १५, २१००	15-12-2100	2100-04-01	2101-03-31	2100-10-01	2100-12-31
2100-12-31	2044-04-13	Wednesday	366	31	2100/12/31	२१००/१२/३१	Chaitra 31, 2100	Wednesday, Chaitra 31, 2100	चैत ३१, २१००	बुधवार, चैत ३१, २१००	31-12-2100	2100-04-01	2101-03-31	2100-10-01	2100-12-31
2101-12-09	2045-03-23	Thursday	344	30	2101/12/09	२१०१/१२/०९	Chaitra 09, 2101	Thursday, Chaitra 09, 2101	चैत ०९, २१०१	बिहिवार, चैत ०९, २१०१	9-12-2101	2101-04-01	2102-03-32	2101-10-01	2101-12-30
2103-03-18	2046-07-03	Tuesday	81	31	2103/03/18	२१०३/०३/१८	Ashad 18, 2103	Tuesday, Ashad 18, 2103	असार १८, २१०३	मङ्गलवार, असार १८, २१०३	18-3-2103	2102-04-01	2103-03-31	2103-01-01	2103-03-31
2105-11-26	2049-03-10	Wednesday	331	30	2105/11/26	२१०५/११/२६	Falgun 26, 2105	Wednesday, Falgun 26, 2105	फागुन २६, २१०५	बुधवार, फागुन २६, २१०५	26-11-2105	2105-04-01	2106-03-32	2105-10-01	2105-12-30
2108-02-01	2051-05-15	Monday	32	32	2108/02/01	२१०८/०२/०१	Jestha 01, 2108	Monday, Jestha 01, 2108	जेठ ०१, २१०८	सोमवार, जेठ ०१, २१०८	1-2-2108	2107-04-01	2108-03-31	2108-01-01	2108-03-31
2111-11-03	2055-02-15	Monday	308	30	2111/11/03	२१११/११/०३	Falgun 03, 2111	Monday, Falgun 03, 2111	फागुन ०३, २१११	सोमवार, फागुन ०३, २१११	3-11-2111	2111-04-01	2112-03-31	2111-10-01	2111-12-30
2112-04-05	2055-07-21	Wednesday	99	32	2112/04/05	२११२/०४/०५	Shrawan 05, 2112	Wednesday, Shrawan 05, 2112	साउन ०५, २११२	बुधवार, साउन ०५, २११२	5-4-2112	2112-04-01	2113-03-32	2112-04-01	2112-06-30
2112-10-10	2056-01-24	Monday	286	30	2112/10/10	२११२/१०/१०	Magh 10, 2112	Monday, Magh 10, 2112	माघ १०, २११२	सोमवार, माघ १०, २११२	10-10-2112	2112-04-01	2113-03-32	2112-10-01	2112-12-31
2113-06-26	2056-10-12	Thursday	182	31	2113/06/26	२११३/०६/२६	Ashoj 26, 2113	Thursday, Ashoj 26, 2113	असोज २६, २११३	बिहिवार, असोज २६, २११३	26-6-2113	2113-04-01	2114-03-32	2113-04-01	2113-06-31
2113-08-15	2056-12-01	Friday	232	29	2113/08/15	२११३/०८/१५	Mangsir 15, 2113	Friday, Mangsir 15, 2113	मंसिर १५, २११३	शुक्रवार, मंसिर १५, २११३	15-8-2113	2113-04-01	2114-03-32	2113-07-01	2113-09-30
2114-01-12	2057-04-25	Wednesday	12	31	2114/01/12	२११४/०१/१२	Baishakh 12, 2114	Wednesday, Baishakh 12, 2114	बैशाख १२, २११४	बुधवार, बैशाख १२, २११४	12-1-2114	2113-04-01	2114-03-32	2114-01-01	2114-03-32
2114-10-06	2058-01-20	Sunday	282	29	2114/10/06	२११४/१०/०६	Magh 06, 2114	Sunday, Magh 06, 2114	माघ ०६, २११४	आइतवार, माघ ०६, २११४	6-10-2114	2114-04-01	2115-03-31	2114-10-01	2114-12-30
2115-09-22	2059-01-07	Tuesday	269	29	2115/09/22	२११५/०९/२२	Poush 22, 2115	Tuesday, Poush 22, 2115	पुष २२, २११५	मङ्गलवार, पुष २२, २११५	22-9-2115	2115-04-01	2116-03-31	2115-07-01	2115-09-29
2116-04-20	2059-08-05	Tuesday	113	32	2116/04/20	२११६/०४/२०	Shrawan 20, 2116	Tuesday, Shrawan 20, 2116	साउन २०, २११६	मङ्गलवार, साउन २०, २११६	20-4-2116	2116-04-01	2117-03-32	2116-04-01	2116-06-30
2116-06-21	2059-10-08	Wednesday	177	30	2116/06/21	२११६/०६/२१	Ashoj 21, 2116	Wednesday, Ashoj 21, 2116	असोज २१, २११६	बुधवार, असोज २१, २११६	21-6-2116	2116-04-01	2117-03-32	2116-04-01	2116-06-30
2117-08-02	2060-11-18	Thursday	219	29	2117/08/02	२११७/०८/०२	Mangsir 02, 2117	Thursday, Mangsir 02, 2117	मंसिर ०२, २११७	बिहिवार, मंसिर ०२, २११७	2-8-2117	2117-04-01	2118-03-32	2117-07-01	2117-09-30
2120-10-15	2064-01-30	Wednesday	291	29	2120/10/15	२१२०/१०/१५	Magh 15, 2120	Wednesday, Magh 15, 2120	माघ १५, २१२०	बुधवार, माघ १५, २१२०	15-10-2120	2120-04-01	2121-03-32	2120-10-01	2120-12-31
2124-06-07	2067-09-24	Saturday	163	31	2124/06/07	२१२४/०६/०७	Ashoj 07, 2124	Saturday, Ashoj 07, 2124	असोज ०७, २१२४	शनिवार, असोज ०७, २१२४	7-6-2124	2124-04-01	2125-03-32	2124-04-01	2124-06-31
2124-10-01	2068-01-16	Monday	277	29	2124/10/01	२१२४/१०/०१	Magh 01, 2124	Monday, Magh 01, 2124	माघ ०१, २१२४	सोमवार, माघ ०१, २१२४	1-10-2124	2124-04-01	2125-03-32	2124-10-01	2124-12-30
2125-07-30	2068-11-16	Friday	217	30	2125/07/30	२१२५/०७/३०	Kartik 30, 2125	Friday, Kartik 30, 2125	कार्तिक ३०, २१२५	शुक्रवार, कार्तिक ३०, २१२५	30-7-2125	2125-04-01	2126-03-32	2125-07-01	2125-09-30
2125-11-28	2069-03-12	Tuesday	333	30	2125/11/28	२१२५/११/२८	Falgun 28, 2125	Tuesday, Falgun 28, 2125	फागुन २८, २१२५	मङ्गलवार, फागुन २८, २१२५	28-11-2125	2125-04-01	2126-03-32	2125-10-01	2125-12-30
2128-08-08	2071-11-24	Tuesday	224	30	2128/08/08	२१२८/०८/०८	Mangsir 08, 2128	Tuesday, Mangsir 08, 2128	मंसिर ०८, २१२८	मङ्गलवार, मंसिर ०८, २१२८	8-8-2128	2128-04-01	2129-03-32	2128-07-01	2128-09-30
2129-04-01	2072-07-17	Sunday	95	31	2129/04/01	२१२९/०४/०१	Shrawan 01, 2129	Sunday, Shrawan 01, 2129	साउन ०१, २१२९	आइतवार, साउन ०१, २१२९	1-4-2129	2129-04-01	2130-03-31	2129-04-01	2129-06-31
2130-02-06	2073-05-20	Saturday	37	32	2130/02/06	२१३०/०२/०६	Jestha 06, 2130	Saturday, Jestha 06, 2130	जेठ ०६, २१३०	शनिवार, जेठ ०६, २१३०	6-2-2130	2129-04-01	2130-03-31	2130-01-01	2130-03-31
2131-12-15	2075-03-29	Friday	350	31	2131/12/15	२१३१/१२/१५	Chaitra 15, 2131	Friday, Chaitra 15, 2131	चैत १५, २१३१	शुक्रवार, चैत १५, २१३१	15-12-2131	2131-04-01	2132-03-31	2131-10-01	2131-12-31
2133-01-21	2076-05-04	Monday	21	31	2133/01/21	२१३३/०१/२१	Baishakh 21, 2133	Monday, Baishakh 21, 2133	बैशाख २१, २१३३	सोमवार, बैशाख २१, २१३३	21-1-2133	2132-04-01	2133-03-32	2133-01-01	2133-03-32
2133-11-09	2077-02-21	Sunday	314	30	2133/11/09	२१३३/११/०९	Falgun 09, 2133	Sunday, Falgun 09, 2133	फागुन ०९, २१३३	आइतवार, फागुन ०९, २१३३	9-11-2133	2133-04-01	2134-03-31	2133-10-01	2133-12-30
2134-09-13	2077-12-29	Wednesday	260	29	2134/09/13	२१३४/०९/१३	Poush 13, 2134	Wednesday, Poush 13, 2134	पुष १३, २१३४	बुधवार, पुष १३, २१३४	13-9-2134	2134-04-01	2135-03-31	2134-07-01	2134-09-29
2136-10-17	2080-02-01	Thursday	293	29	2136/10/17	२१३६/१०/१७	Magh 17, 2136	Thursday, Magh 17, 2136	माघ १७, २१३६	बिहिवार, माघ १७, २१३६	17-10-2136	2136-04-01	2137-03-32	2136-10-01	2136-12-30
2137-11-22	2081-03-06	Thursday	327	30	2137/11/22	२१३७/११/२२	Falgun 22, 2137	Thursday, Falgun 22, 2137	फागुन २२, २१३७	बिहिवार, फागुन २२, २१३७	22-11-2137	2137-04-01	2138-03-31	2137-10-01	2137-12-30
2139-07-13	2082-10-30	Friday	200	30	2139/07/13	२१३९/०७/१३	Kartik 13, 2139	Friday, Kartik 13, 2139	कार्तिक १३, २१३९	शुक्रवार, कार्तिक १३, २१३९	13-7-2139	2139-04-01	2140-03-32	2139-07-01	2139-09-29
2141-06-20	2084-10-07	Saturday	177	30	2141/06/20	२१४१/०६/२०	Ashoj 20, 2141	Saturday, Ashoj 20, 2141	असोज २०, २१४१	शनिवार, असोज २०, २१४१	20-6-2141	2141-04-01	2142-03-31	2141-04-01	2141-06-30
2141-09-23	2085-01-07	Sunday	269	30	2141/09/23	२१४१/०९/२३	Poush 23, 2141	Sunday, Poush 23, 2141	पुष २३, २१४१	आइतवार, पुष २३, २१४१	23-9-2141	2141-04-01	2142-03-31	2141-07-01	2141-09-30
2141-09-28	2085-01-12	Friday	274	30	2141/09/28	२१४१/०९/२८	Poush 28, 2141	Friday, Poush 28, 2141	पुष २८, २१४१	शुक्रवार, पुष २८, २१४१	28-9-2141	2141-04-01	2142-03-31	2141-07-01	2141-09-30
2141-12-29	2085-04-12	Thursday	364	30	2141/12/29	२१४१/१२/२९	Chaitra 29, 2141	Thursday, Chaitra 29, 2141	चैत २९, २१४१	बिहिवार, चैत २९, २१४१	29-12-2141	2141-04-01	2142-03-31	2141-10-01	2141-12-30
2143-04-13	2086-07-29	Monday	106	32	2143/04/13	२१४३/०४/१३	Shrawan 13, 2143	Monday, Shrawan 13, 2143	साउन १३, २१४३	सोमवार, साउन १३, २१४३	13-4-2143	2143-04-01	2144-03-32	2143-04-01	2143-06-30
2144-05-31	2087-09-17	Wednesday	156	31	2144/05/31	२१४४/०५/३१	Bhadra 31, 2144	Wednesday, Bhadra 31, 2144	भदौ ३१, २१४४	बुधवार, भदौ ३१, २१४४	31-5-2144	2144-04-01	2145-03-32	2144-04-01	2144-06-31
2145-01-14	2088-04-27	Tuesday	14	31	2145/01/14	२१४५/०१/१४	Baishakh 14, 2145	Tuesday, Baishakh 14, 2145	बैशाख १४, २१४५	मङ्गलवार, बैशाख १४, २१४५	14-1-2145	2144-04-01	2145-03-32	2145-01-01	2145-03-32
2146-06-26	2089-10-13	Thursday	183	30	2146/06/26	२१४६/०६/२६	Ashoj 26, 2146	Thursday, Ashoj 26, 2146	असोज २६, २१४६	बिहिवार, असोज २६, २१४६	26-6-2146	2146-04-01	2147-03-31	2146-04-01	2146-06-30
2146-11-16	2090-02-28	Tuesday	321	30	2146/11/16	२१४६/११/१६	Falgun 16, 2146	Tuesday, Falgun 16, 2146	फागुन १६, २१४६	मङ्गलवार, फागुन १६, २१४६	16-11-2146	2146-04-01	2147-03-31	2146-10-01	2146-12-31
2147-12-03	2091-03-17	Saturday	337	31	2147/12/03	२१४७/१२/०३	Chaitra 03, 2147	Saturday, Chaitra 03, 2147	चैत ०३, २१४७	शनिवार, चैत ०३, २१४७	3-12-2147	2147-04-01	2148-03-32	2147-10-01	2147-12-31
2148-10-25	2092-02-09	Saturday	301	29	2148/10/25	२१४८/१०/२५	Magh 25, 2148	Saturday, Magh 25, 2148	माघ २५, २१४८	शनिवार, माघ २५, २१४८	25-10-2148	2148-04-01	2149-03-32	2148-10-01	2148-12-30
2150-01-01	2093-04-14	Tuesday	1	31	2150/01/01	२१५०/०१/०१	Baishakh 01, 2150	Tuesday, Baishakh 01, 2150	बैशाख ०१, २१५०	मङ्गलवार, बैशाख ०१, २१५०	1-1-2150	2149-04-01	2150-03-31	2150-01-01	2150-03-31
2150-01-15	2093-04-28	Tuesday	15	31	2150/01/15	२१५०/०१/१५	Baishakh 15, 2150	Tuesday, Baishakh 15, 2150	बैशाख १५, २१५०	मङ्गलवार, बैशाख १५, २१५०	15-1-2150	2149-04-01	2150-03-31	2150-01-01	2150-03-31
2150-01-31	2093-05-14	Thursday	31	31	2150/01/31	२१५०/०१/३१	Baishakh 31, 2150	Thursday, Baishakh 31, 2150	बैशाख ३१, २१५०	बिहिवार, बैशाख ३१, २१५०	31-1-2150	2149-04-01	2150-03-31	2150-01-01	2150-03-31
2150-02-01	2093-05-15	Friday	32	32	2150/02/01	२१५०/०२/०१	Jestha 01, 2150	Friday, Jestha 01, 2150	जेठ ०१, २१५०	शुक्रवार, जेठ ०१, २१५०	1-2-2150	2149-04-01	2150-03-31	2150-01-01	2150-03-31
2150-02-15	2093-05-29	Friday	46	32	2150/02/15	२१५०/०२/१५	Jestha 15, 2150	Friday, Jestha 15, 2150	जेठ १५, २१५०	शुक्रवार, जेठ १५, २१५०	15-2-2150	2149-04-01	2150-03-31	2150-01-01	2150-03-31
2150-02-32	2093-06-15	Monday	63	32	2150/02/32	२१५०/०२/३२	Jestha 32, 2150	Monday, Jestha 32, 2150	जेठ ३२, २१५०	सोमवार, जेठ ३२, २१५०	32-2-2150	2149-04-01	2150-03-31	2150-01-01	2150-03-31
2150-03-01	2093-06-16	Tuesday	64	31	2150/03/01	२१५०/०३/०१	Ashad 01, 2150	Tuesday, Ashad 01, 2150	असार ०१, २१५०	मङ्गलवार, असार ०१, २१५०	1-3-2150	2149-04-01	2150-03-31	2150-01-01	2150-03-31
2150-03-15	2093-06-30	Tuesday	78	31	2150/03/15	२१५०/०३/१५	Ashad 15, 2150	Tuesday, Ashad 15, 2150	असार १५, २१५०	मङ्गलवार, असार १५, २१५०	15-3-2150	2149-04-01	2150-03-31	2150-01-01	2150-03-31
2150-03-30	2093-07-15	Wednesday	93	31	2150/03/30	२१५०/०३/३०	Ashad 30, 2150	Wednesday, Ashad 30, 2150	असार ३०, २१५०	बुधवार, असार ३०, २१५०	30-3-2150	2149-04-01	2150-03-31	2150-01-01	2150-03-31
2150-03-31	2093-07-16	Thursday	94	31	2150/03/31	२१५०/०३/३१	Ashad 31, 2150	Thursday, Ashad 31, 2150	असार ३१, २१५०	बिहिवार, असार ३१, २१५०	31-3-2150	2149-04-01	2150-03-31	2150-01-01	2150-03-31
2150-04-01	2093-07-17	Friday	95	32	2150/04/01	२१५०/०४/०१	Shrawan 01, 2150	Friday, Shrawan 01, 2150	साउन ०१, २१५०	शुक्रवार, साउन ०१, २१५०	1-4-2150	2150-04-01	2151-03-31	2150-04-01	2150-06-30
2150-04-15	2093-07-31	Friday	109	32	2150/04/15	२१५०/०४/१५	Shrawan 15, 2150	Friday, Shrawan 15, 2150	साउन १५, २१५०	शुक्रवार, साउन १५, २१५०	15-4-2150	2150-04-01	2151-03-31	2150-04-01	2150-06-30
2150-04-32	2093-08-17	Monday	126	32	2150/04/32	२१५०/०४/३२	Shrawan 32, 2150	Monday, Shrawan 32, 2150	साउन ३२, २१५०	सोमवार, साउन ३२, २१५०	32-4-2150	2150-04-01	2151-03-31	2150-04-01	2150-06-30
2150-05-01	2093-08-18	Tuesday	127	31	2150/05/01	२१५०/०५/०१	Bhadra 01, 2150	Tuesday, Bhadra 01, 2150	भदौ ०१, २१५०	मङ्गलवार, भदौ ०१, २१५०	1-5-2150	2150-04-01	2151-03-31	2150-04-01	2150-06-30
2150-05-15	2093-09-01	Tuesday	141	31	2150/05/15	२१५०/०५/१५	Bhadra 15, 2150	Tuesday, Bhadra 15, 2150	भदौ १५, २१५०	मङ्गलवार, भदौ १५, २१५०	15-5-2150	2150-04-01	2151-03-31	2150-04-01	2150-06-30
2150-05-31	2093-09-17	Thursday	157	31	2150/05/31	२१५०/०५/३१	Bhadra 31, 2150	Thursday, Bhadra 31, 2150	भदौ ३१, २१५०	बिहिवार, भदौ ३१, २१५०	31-5-2150	2150-04-01	2151-03-31	2150-04-01	2150-06-30
2150-06-01	2093-09-18	Friday	158	30	2150/06/01	२१५०/०६/०१	Ashoj 01, 2150	Friday, Ashoj 01, 2150	असोज ०१, २१५०	शुक्रवार, असोज ०१, २१५०	1-6-2150	2150-04-01	2151-03-31	2150-04-01	2150-06-30
2150-06-15	2093-10-02	Friday	172	30	2150/06/15	२१५०/०६/१५	Ashoj 15, 2150	Friday, Ashoj 15, 2150	असोज १५, २१५०	शुक्रवार, असोज १५, २१५०	15-6-2150	2150-04-01	2151-03-31	2150-04-01	2150-06-30
2150-06-30	2093-10-17	Saturday	187	30	2150/06/30	२१५०/०६/३०	Ashoj 30, 2150	Saturday, Ashoj 30, 2150	असोज ३०, २१५०	शनिवार, असोज ३०, २१५०	30-6-2150	2150-04-01	2151-03-31	2150-04-01	2150-06-30
2150-07-01	2093-10-18	Sunday	188	30	2150/07/01	२१५०/०७/०१	Kartik 01, 2150	Sunday, Kartik 01, 2150	कार्तिक ०१, २१५०	आइतवार, कार्तिक ०१, २१५०	1-7-2150	2150-04-01	2151-03-31	2150-07-01	2150-09-29
2150-07-15	2093-11-01	Sunday	202	30	2150/07/15	२१५०/०७/१५	Kartik 15, 2150	Sunday, Kartik 15, 2150	कार्तिक १५, २१५०	आइतवार, कार्तिक १५, २१५०	15-7-2150	2150-04-01	2151-03-31	2150-07-01	2150-09-29
2150-07-30	2093-11-16	Monday	217	30	2150/07/30	२१५०/०७/३०	Kartik 30, 2150	Monday, Kartik 30, 2150	कार्तिक ३०, २१५०	सोमवार, कार्तिक ३०, २१५०	30-7-2150	2150-04-01	2151-03-31	2150-07-01	2150-09-29
2150-08-01	2093-11-17	Tuesday	218	30	2150/08/01	२१५०/०८/०१	Mangsir 01, 2150	Tuesday, Mangsir 01, 2150	मंसिर ०१, २१५०	मङ्गलवार, मंसिर ०१, २१५०	1-8-2150	2150-04-01	2151-03-31	2150-07-01	2150-09-29
2150-08-15	2093-12-01	Tuesday	232	30	2150/08/15	२१५०/०८/१५	Mangsir 15, 2150	Tuesday, Mangsir 15, 2150	मंसिर १५, २१५०	मङ्गलवार, मंसिर १५, २१५०	15-8-2150	2150-04-01	2151-03-31	2150-07-01	2150-09-29
2150-08-30	2093-12-16	Wednesday	247	30	2150/08/30	२१५०/०८/३०	Mangsir 30, 2150	Wednesday, Mangsir 30, 2150	मंसिर ३०, २१५०	बुधवार, मंसिर ३०, २१५०	30-8-2150	2150-04-01	2151-03-31	2150-07-01	2150-09-29
2150-09-01	2093-12-17	Thursday	248	29	2150/09/01	२१५०/०९/०१	Poush 01, 2150	Thursday, Poush 01, 2150	पुष ०१, २१५०	बिहिवार, पुष ०१, २१५०	1-9-2150	2150-04-01	2151-03-31	2150-07-01	2150-09-29
2150-09-15	2093-12-31	Thursday	262	29	2150/09/15	२१५०/०९/१५	Poush 15, 2150	Thursday, Poush 15, 2150	पुष १५, २१५०	बिहिवार, पुष १५, २१५०	15-9-2150	2150-04-01	2151-03-31	2150-07-01	2150-09-29
2150-09-29	2094-01-14	Thursday	276	29	2150/09/29	२१५०/०९/२९	Poush 29, 2150	Thursday, Poush 29, 2150	पुष २९, २१५०	बिहिवार, पुष २९, २१५०	29-9-2150	2150-04-01	2151-03-31	2150-07-01	2150-09-29
2150-10-01	2094-01-15	Friday	277	29	2150/10/01	२१५०/१०/०१	Magh 01, 2150	Friday, Magh 01, 2150	माघ ०१, २१५०	शुक्रवार, माघ ०१, २१५०	1-10-2150	2150-04-01	2151-03-31	2150-10-01	2150-12-31
2150-10-15	2094-01-29	Friday	291	29	2150/10/15	२१५०/१०/१५	Magh 15, 2150	Friday, Magh 15, 2150	माघ १५, २१५०	शुक्रवार, माघ १५, २१५०	15-10-2150	2150-04-01	2151-03-31	2150-10-01	2150-12-31
2150-10-29	2094-02-12	Friday	305	29	2150/10/29	२१५०/१०/२९	Magh 29, 2150	Friday, Magh 29, 2150	माघ २९, २१५०	शुक्रवार, माघ २९, २१५०	29-10-2150	2150-04-01	2151-03-31	2150-10-01	2150-12-31
2150-11-01	2094-02-13	Saturday	306	30	2150/11/01	२१५०/११/०१	Falgun 01, 2150	Saturday, Falgun 01, 2150	फागुन ०१, २१५०	शनिवार, फागुन ०१, २१५०	1-11-2150	2150-04-01	2151-03-31	2150-10-01	2150-12-31
2150-11-15	2094-02-27	Saturday	320	30	2150/11/15	२१५०/११/१५	Falgun 15, 2150	Saturday, Falgun 15, 2150	फागुन १५, २१५०	शनिवार, फागुन १५, २१५०	15-11-2150	2150-04-01	2151-03-31	2150-10-01	2150-12-31
2150-11-30	2094-03-14	Sunday	335	30	2150/11/30	२१५०/११/३०	Falgun 30, 2150	Sunday, Falgun 30, 2150	फागुन ३०, २१५०	आइतवार, फागुन ३०, २१५०	30-11-2150	2150-04-01	2151-03-31	2150-10-01	2150-12-31
2150-12-01	2094-03-15	Monday	336	31	2150/12/01	२१५०/१२/०१	Chaitra 01, 2150	Monday, Chaitra 01, 2150	चैत ०१, २१५०	सोमवार, चैत ०१, २१५०	1-12-2150	2150-04-01	2151-03-31	2150-10-01	2150-12-31
2150-12-15	2094-03-29	Monday	350	31	2150/12/15	२१५०/१२/१५	Chaitra 15, 2150	Monday, Chaitra 15, 2150	चैत १५, २१५०	सोमवार, चैत १५, २१५०	15-12-2150	2150-04-01	2151-03-31	2150-10-01	2150-12-31
2150-12-31	2094-04-14	Wednesday	366	31	2150/12/31	२१५०/१२/३१	Chaitra 31, 2150	Wednesday, Chaitra 31, 2150	चैत ३१, २१५०	बुधवार, चैत ३१, २१५०	31-12-2150	2150-04-01	2151-03-31	2150-10-01	2150-12-31
2152-04-19	2095-08-05	Friday	113	31	2152/04/19	२१५२/०४/१९	Shrawan 19, 2152	Friday, Shrawan 19, 2152	साउन १९, २१५२	शुक्रवार, साउन १९, २१५२	19-4-2152	2152-04-01	2153-03-32	2152-04-01	2152-06-31
2152-12-02	2096-03-16	Friday	337	30	2152/12/02	२१५२/१२/०२	Chaitra 02, 2152	Friday, Chaitra 02, 2152	चैत ०२, २१५२	शुक्रवार, चैत ०२, २१५२	2-12-2152	2152-04-01	2153-03-32	2152-10-01	2152-12-30
2153-09-25	2097-01-09	Wednesday	271	30	2153/09/25	२१५३/०९/२५	Poush 25, 2153	Wednesday, Poush 25, 2153	पुष २५, २१५३	बुधवार, पुष २५, २१५३	25-9-2153	2153-04-01	2154-03-31	2153-07-01	2153-09-30
2157-02-09	2100-05-24	Monday	40	32	2157/02/09	२१५७/०२/०९	Jestha 09, 2157	Monday, Jestha 09, 2157	जेठ ०९, २१५७	सोमवार, जेठ ०९, २१५७	9-2-2157	2156-04-01	2157-03-31	2157-01-01	2157-03-31
2164-02-23	2107-06-08	Wednesday	54	31	2164/02/23	२१६४/०२/२३	Jestha 23, 2164	Wednesday, Jestha 23, 2164	जेठ २३, २१६४	बुधवार, जेठ २३, २१६४	23-2-2164	2163-04-01	2164-03-32	2164-01-01	2164-03-32
2164-04-20	2107-08-07	Sunday	114	31	2164/04/20	२१६४/०४/२०	Shrawan 20, 2164	Sunday, Shrawan 20, 2164	साउन २०, २१६४	आइतवार, साउन २०, २१६४	20-4-2164	2164-04-01	2165-03-31	2164-04-01	2164-06-31
2164-05-20	2107-09-07	Wednesday	145	31	2164/05/20	२१६४/०५/२०	Bhadra 20, 2164	Wednesday, Bhadra 20, 2164	भदौ २०, २१६४	बुधवार, भदौ २०, २१६४	20-5-2164	2164-04-01	2165-03-31	2164-04-01	2164-06-31
2164-07-11	2107-10-30	Sunday	198	30	2164/07/11	२१६४/०७/११	Kartik 11, 2164	Sunday, Kartik 11, 2164	कार्तिक ११, २१६४	आइतवार, कार्तिक ११, २१६४	11-7-2164	2164-04-01	2165-03-31	2164-07-01	2164-09-30
2164-08-11	2107-11-29	Tuesday	228	29	2164/08/11	२१६४/०८/११	Mangsir 11, 2164	Tuesday, Mangsir 11, 2164	मंसिर ११, २१६४	मङ्गलवार, मंसिर ११, २१६४	11-8-2164	2164-04-01	2165-03-31	2164-07-01	2164-09-30
2164-09-23	2108-01-09	Monday	269	30	2164/09/23	२१६४/०९/२३	Poush 23, 2164	Monday, Poush 23, 2164	पुष २३, २१६४	सोमवार, पुष २३, २१६४	23-9-2164	2164-04-01	2165-03-31	2164-07-01	2164-09-30
2165-02-19	2108-06-03	Sunday	50	32	2165/02/19	२१६५/०२/१९	Jestha 19, 2165	Sunday, Jestha 19, 2165	जेठ १९, २१६५	आइतवार, जेठ १९, २१६५	19-2-2165	2164-04-01	2165-03-31	2165-01-01	2165-03-31
2166-07-01	2109-10-19	Saturday	188	30	2166/07/01	२१६६/०७/०१	Kartik 01, 2166	Saturday, Kartik 01, 2166	कार्तिक ०१, २१६६	शनिवार, कार्तिक ०१, २१६६	1-7-2166	2166-04-01	2167-03-31	2166-07-01	2166-09-29
2167-04-07	2110-07-24	Thursday	100	32	2167/04/07	२१६७/०४/०७	Shrawan 07, 2167	Thursday, Shrawan 07, 2167	साउन ०७, २१६७	बिहिवार, साउन ०७, २१६७	7-4-2167	2167-04-01	2168-03-32	2167-04-01	2167-06-31
2167-04-22	2110-08-08	Friday	115	32	2167/04/22	२१६७/०४/२२	Shrawan 22, 2167	Friday, Shrawan 22, 2167	साउन २२, २१६७	शुक्रवार, साउन २२, २१६७	22-4-2167	2167-04-01	2168-03-32	2167-04-01	2167-06-31
2167-04-31	2110-08-17	Sunday	124	32	2167/04/31	२१६७/०४/३१	Shrawan 31, 2167	Sunday, Shrawan 31, 2167	साउन ३१, २१६७	आइतवार, साउन ३१, २१६७	31-4-2167	2167-04-01	2168-03-32	2167-04-01	2167-06-31
2167-05-02	2110-08-20	Wednesday	127	31	2167/05/02	२१६७/०५/०२	Bhadra 02, 2167	Wednesday, Bhadra 02, 2167	भदौ ०२, २१६७	बुधवार, भदौ ०२, २१६७	2-5-2167	2167-04-01	2168-03-32	2167-04-01	2167-06-31
2168-11-14	2112-02-28	Sunday	319	30	2168/11/14	२१६८/११/१४	Falgun 14, 2168	Sunday, Falgun 14, 2168	फागुन १४, २१६८	आइतवार, फागुन १४, २१६८	14-11-2168	2168-04-01	2169-03-31	2168-10-01	2168-12-30
2171-12-15	2115-03-31	Sunday	350	30	2171/12/15	२१७१/१२/१५	Chaitra 15, 2171	Sunday, Chaitra 15, 2171	चैत १५, २१७१	आइतवार, चैत १५, २१७१	15-12-2171	2171-04-01	2172-03-32	2171-10-01	2171-12-30
2172-04-05	2115-07-23	Tuesday	99	31	2172/04/05	२१७२/०४/०५	Shrawan 05, 2172	Tuesday, Shrawan 05, 2172	साउन ०५, २१७२	मङ्गलवार, साउन ०५, २१७२	5-4-2172	2172-04-01	2173-03-31	2172-04-01	2172-06-30
2173-04-15	2116-08-01	Saturday	109	32	2173/04/15	२१७३/०४/१५	Shrawan 15, 2173	Saturday, Shrawan 15, 2173	साउन १५, २१७३	शनिवार, साउन १५, २१७३	15-4-2173	2173-04-01	2174-03-31	2173-04-01	2173-06-30
2174-02-21	2117-06-05	Saturday	51	32	2174/02/21	२१७४/०२/२१	Jestha 21, 2174	Saturday, Jestha 21, 2174	जेठ २१, २१७४	शनिवार, जेठ २१, २१७४	21-2-2174	2173-04-01	2174-03-31	2174-01-01	2174-03-31
2175-11-18	2119-03-04	Saturday	323	30	2175/11/18	२१७५/११/१८	Falgun 18, 2175	Saturday, Falgun 18, 2175	फागुन १८, २१७५	शनिवार, फागुन १८, २१७५	18-11-2175	2175-04-01	2176-03-32	2175-10-01	2175-12-30
2177-12-09	2121-03-24	Monday	344	31	2177/12/09	२१७७/१२/०९	Chaitra 09, 2177	Monday, Chaitra 09, 2177	चैत ०९, २१७७	सोमवार, चैत ०९, २१७७	9-12-2177	2177-04-01	2178-03-31	2177-10-01	2177-12-31
2178-10-02	2122-01-18	Sunday	278	29	2178/10/02	२१७८/१०/०२	Magh 02, 2178	Sunday, Magh 02, 2178	माघ ०२, २१७८	आइतवार, माघ ०२, २१७८	2-10-2178	2178-04-01	2179-03-32	2178-10-01	2178-12-31
2178-10-12	2122-01-28	Wednesday	288	29	2178/10/12	२१७८/१०/१२	Magh 12, 2178	Wednesday, Magh 12, 2178	माघ १२, २१७८	बुधवार, माघ १२, २१७८	12-10-2178	2178-04-01	2179-03-32	2178-10-01	2178-12-31
2180-02-08	2123-05-24	Monday	39	31	2180/02/08	२१८०/०२/०८	Jestha 08, 2180	Monday, Jestha 08, 2180	जेठ ०८, २१८०	सोमवार, जेठ ०८, २१८०	8-2-2180	2179-04-01	2180-03-32	2180-01-01	2180-03-32
2180-06-22	2123-10-11	Monday	179	30	2180/06/22	२१८०/०६/२२	Ashoj 22, 2180	Monday, Ashoj 22, 2180	असोज २२, २१८०	सोमवार, असोज २२, २१८०	22-6-2180	2180-04-01	2181-03-31	2180-04-01	2180-06-30
2181-06-19	2124-10-07	Saturday	176	30	2181/06/19	२१८१/०६/१९	Ashoj 19, 2181	Saturday, Ashoj 19, 2181	असोज १९, २१८१	शनिवार, असोज १९, २१८१	19-6-2181	2181-04-01	2182-03-31	2181-04-01	2181-06-30
2182-02-24	2125-06-09	Saturday	55	31	2182/02/24	२१८२/०२/२४	Jestha 24, 2182	Saturday, Jestha 24, 2182	जेठ २४, २१८२	शनिवार, जेठ २४, २१८२	24-2-2182	2181-04-01	2182-03-31	2182-01-01	2182-03-31
2182-03-23	2125-07-09	Monday	85	31	2182/03/23	२१८२/०३/२३	Ashad 23, 2182	Monday, Ashad 23, 2182	असार २३, २१८२	सोमवार, असार २३, २१८२	23-3-2182	2181-04-01	2182-03-31	2182-01-01	2182-03-31
2182-10-11	2126-01-27	Sunday	287	29	2182/10/11	२१८२/१०/११	Magh 11, 2182	Sunday, Magh 11, 2182	माघ ११, २१८२	आइतवार, माघ ११, २१८२	11-10-2182	2182-04-01	2183-03-32	2182-10-01	2182-12-30
2182-12-25	2126-04-10	Wednesday	360	30	2182/12/25	२१८२/१२/२५	Chaitra 25, 2182	Wednesday, Chaitra 25, 2182	चैत २५, २१८२	बुधवार, चैत २५, २१८२	25-12-2182	2182-04-01	2183-03-32	2182-10-01	2182-12-30
2184-05-12	2127-08-31	Sunday	138	31	2184/05/12	२१८४/०५/१२	Bhadra 12, 2184	Sunday, Bhadra 12, 2184	भदौ १२, २१८४	आइतवार, भदौ १२, २१८४	12-5-2184	2184-04-01	2185-03-31	2184-04-01	2184-06-30
2186-01-20	2129-05-05	Thursday	20	31	2186/01/20	२१८६/०१/२०	Baishakh 20, 2186	Thursday, Baishakh 20, 2186	बैशाख २०, २१८६	बिहिवार, बैशाख २०, २१८६	20-1-2186	2185-04-01	2186-03-31	2186-01-01	2186-03-31
2186-11-17	2130-03-03	Friday	322	30	2186/11/17	२१८६/११/१७	Falgun 17, 2186	Friday, Falgun 17, 2186	फागुन १७, २१८६	शुक्रवार, फागुन १७, २१८६	17-11-2186	2186-04-01	2187-03-32	2186-10-01	2186-12-30
2187-05-02	2130-08-20	Sunday	127	31	2187/05/02	२१८७/०५/०२	Bhadra 02, 2187	Sunday, Bhadra 02, 2187	भदौ ०२, २१८७	आइतवार, भदौ ०२, २१८७	2-5-2187	2187-04-01	2188-03-31	2187-04-01	2187-06-31
2189-03-02	2132-06-18	Wednesday	65	31	2189/03/02	२१८९/०३/०२	Ashad 02, 2189	Wednesday, Ashad 02, 2189	असार ०२, २१८९	बुधवार, असार ०२, २१८९	2-3-2189	2188-04-01	2189-03-31	2189-01-01	2189-03-31
2189-03-13	2132-06-29	Sunday	76	31	2189/03/13	२१८९/०३/१३	Ashad 13, 2189	Sunday, Ashad 13, 2189	असार १३, २१८९	आइतवार, असार १३, २१८९	13-3-2189	2188-04-01	2189-03-31	2189-01-01	2189-03-31
2190-10-12	2134-01-28	Thursday	288	29	2190/10/12	२१९०/१०/१२	Magh 12, 2190	Thursday, Magh 12, 2190	माघ १२, २१९०	बिहिवार, माघ १२, २१९०	12-10-2190	2190-04-01	2191-03-32	2190-10-01	2190-12-30
2193-09-09	2136-12-26	Wednesday	256	29	2193/09/09	२१९३/०९/०९	Poush 09, 2193	Wednesday, Poush 09, 2193	पुष ०९, २१९३	बुधवार, पुष ०९, २१९३	9-9-2193	2193-04-01	2194-03-31	2193-07-01	2193-09-29
2195-05-26	2138-09-13	Saturday	151	31	2195/05/26	२१९५/०५/२६	Bhadra 26, 2195	Saturday, Bhadra 26, 2195	भदौ २६, २१९५	शनिवार, भदौ २६, २१९५	26-5-2195	2195-04-01	2196-03-31	2195-04-01	2195-06-31
2196-02-13	2139-05-29	Friday	44	32	2196/02/13	२१९६/०२/१३	Jestha 13, 2196	Friday, Jestha 13, 2196	जेठ १३, २१९६	शुक्रवार, जेठ १३, २१९६	13-2-2196	2195-04-01	2196-03-31	2196-01-01	2196-03-31
2196-03-25	2139-07-12	Sunday	88	31	2196/03/25	२१९६/०३/२५	Ashad 25, 2196	Sunday, Ashad 25, 2196	असार २५, २१९६	आइतवार, असार २५, २१९६	25-3-2196	2195-04-01	2196-03-31	2196-01-01	2196-03-31
2196-12-16	2140-03-31	Thursday	351	30	2196/12/16	२१९६/१२/१६	Chaitra 16, 2196	Thursday, Chaitra 16, 2196	चैत १६, २१९६	बिहिवार, चैत १६, २१९६	16-12-2196	2196-04-01	2197-03-31	2196-10-01	2196-12-30
2198-01-01	2141-04-16	Sunday	1	31	2198/01/01	२१९८/०१/०१	Baishakh 01, 2198	Sunday, Baishakh 01, 2198	बैशाख ०१, २१९८	आइतवार, बैशाख ०१, २१९८	1-1-2198	2197-04-01	2198-03-32	2198-01-01	2198-03-32
2198-01-15	2141-04-30	Sunday	15	31	2198/01/15	२१९८/०१/१५	Baishakh 15, 2198	Sunday, Baishakh 15, 2198	बैशाख १५, २१९८	आइतवार, बैशाख १५, २१९८	15-1-2198	2197-04-01	2198-03-32	2198-01-01	2198-03-32
2198-01-19	2141-05-04	Thursday	19	31	2198/01/19	२१९८/०१/१९	Baishakh 19, 2198	Thursday, Baishakh 19, 2198	बैशाख १९, २१९८	बिहिवार, बैशाख १९, २१९८	19-1-2198	2197-04-01	2198-03-32	2198-01-01	2198-03-32
2198-01-31	2141-05-16	Tuesday	31	31	2198/01/31	२१९८/०१/३१	Baishakh 31, 2198	Tuesday, Baishakh 31, 2198	बैशाख ३१, २१९८	मङ्गलवार, बैशाख ३१, २१९८	31-1-2198	2197-04-01	2198-03-32	2198-01-01	2198-03-32
2198-02-01	2141-05-17	Wednesday	32	31	2198/02/01	२१९८/०२/०१	Jestha 01, 2198	Wednesday, Jestha 01, 2198	जेठ ०१, २१९८	बुधवार, जेठ ०१, २१९८	1-2-2198	2197-04-01	2198-03-32	2198-01-01	2198-03-32
2198-02-15	2141-05-31	Wednesday	46	31	2198/02/15	२१९८/०२/१५	Jestha 15, 2198	Wednesday, Jestha 15, 2198	जेठ १५, २१९८	बुधवार, जेठ १५, २१९८	15-2-2198	2197-04-01	2198-03-32	2198-01-01	2198-03-32
2198-02-31	2141-06-16	Friday	62	31	2198/02/31	२१९८/०२/३१	Jestha 31, 2198	Friday, Jestha 31, 2198	जेठ ३१, २१९८	शुक्रवार, जेठ ३१, २१९८	31-2-2198	2197-04-01	2198-03-32	2198-01-01	2198-03-32
2198-03-01	2141-06-17	Saturday	63	32	2198/03/01	२१९८/०३/०१	Ashad 01, 2198	Saturday, Ashad 01, 2198	असार ०१, २१९८	शनिवार, असार ०१, २१९८	1-3-2198	2197-04-01	2198-03-32	2198-01-01	2198-03-32
2198-03-15	2141-07-01	Saturday	77	32	2198/03/15	२१९८/०३/१५	Ashad 15, 2198	Saturday, Ashad 15, 2198	असार १५, २१९८	शनिवार, असार १५, २१९८	15-3-2198	2197-04-01	2198-03-32	2198-01-01	2198-03-32
2198-03-32	2141-07-18	Tuesday	94	32	2198/03/32	२१९८/०३/३२	Ashad 32, 2198	Tuesday, Ashad 32, 2198	असार ३२, २१९८	मङ्गलवार, असार ३२, २१९८	32-3-2198	2197-04-01	2198-03-32	2198-01-01	2198-03-32
2198-04-01	2141-07-19	Wednesday	95	31	2198/04/01	२१९८/०४/०१	Shrawan 01, 2198	Wednesday, Shrawan 01, 2198	साउन ०१, २१९८	बुधवार, साउन ०१, २१९८	1-4-2198	2198-04-01	2199-03-32	2198-04-01	2198-06-31
2198-04-15	2141-08-02	Wednesday	109	31	2198/04/15	२१९८/०४/१५	Shrawan 15, 2198	Wednesday, Shrawan 15, 2198	साउन १५, २१९८	बुधवार, साउन १५, २१९८	15-4-2198	2198-04-01	2199-03-32	2198-04-01	2198-06-31
2198-04-31	2141-08-18	Friday	125	31	2198/04/31	२१९८/०४/३१	Shrawan 31, 2198	Friday, Shrawan 31, 2198	साउन ३१, २१९८	शुक्रवार, साउन ३१, २१९८	31-4-2198	2198-04-01	2199-03-32	2198-04-01	2198-06-31
2198-05-01	2141-08-19	Saturday	126	31	2198/05/01	२१९८/०५/०१	Bhadra 01, 2198	Saturday, Bhadra 01, 2198	भदौ ०१, २१९८	शनिवार, भदौ ०१, २१९८	1-5-2198	2198-04-01	2199-03-32	2198-04-01	2198-06-31
2198-05-15	2141-09-02	Saturday	140	31	2198/05/15	२१९८/०५/१५	Bhadra 15, 2198	Saturday, Bhadra 15, 2198	भदौ १५, २१९८	शनिवार, भदौ १५, २१९८	15-5-2198	2198-04-01	2199-03-32	2198-04-01	2198-06-31
2198-05-31	2141-09-18	Monday	156	31	2198/05/31	२१९८/०५/३१	Bhadra 31, 2198	Monday, Bhadra 31, 2198	भदौ ३१, २१९८	सोमवार, भदौ ३१, २१९८	31-5-2198	2198-04-01	2199-03-32	2198-04-01	2198-06-31
2198-06-01	2141-09-19	Tuesday	157	31	2198/06/01	२१९८/०६/०१	Ashoj 01, 2198	Tuesday, Ashoj 01, 2198	असोज ०१, २१९८	मङ्गलवार, असोज ०१, २१९८	1-6-2198	2198-04-01	2199-03-32	2198-04-01	2198-06-31
2198-06-15	2141-10-03	Tuesday	171	31	2198/06/15	२१९८/०६/१५	Ashoj 15, 2198	Tuesday, Ashoj 15, 2198	असोज १५, २१९८	मङ्गलवार, असोज १५, २१९८	15-6-2198	2198-04-01	2199-03-32	2198-04-01	2198-06-31
2198-06-31	2141-10-19	Thursday	187	31	2198/06/31	२१९८/०६/३१	Ashoj 31, 2198	Thursday, Ashoj 31, 2198	असोज ३१, २१९८	बिहिवार, असोज ३१, २१९८	31-6-2198	2198-04-01	2199-03-32	2198-04-01	2198-06-31
2198-07-01	2141-10-20	Friday	188	30	2198/07/01	२१९८/०७/०१	Kartik 01, 2198	Friday, Kartik 01, 2198	कार्तिक ०१, २१९८	शुक्रवार, कार्तिक ०१, २१९८	1-7-2198	2198-04-01	2199-03-32	2198-07-01	2198-09-30
2198-07-15	2141-11-03	Friday	202	30	2198/07/15	२१९८/०७/१५	Kartik 15, 2198	Friday, Kartik 15, 2198	कार्तिक १५, २१९८	शुक्रवार, कार्तिक १५, २१९८	15-7-2198	2198-04-01	2199-03-32	2198-07-01	2198-09-30
2198-07-30	2141-11-18	Saturday	217	30	2198/07/30	२१९८/०७/३०	Kartik 30, 2198	Saturday, Kartik 30, 2198	कार्तिक ३०, २१९८	शनिवार, कार्तिक ३०, २१९८	30-7-2198	2198-04-01	2199-03-32	2198-07-01	2198-09-30
2198-08-01	2141-11-19	Sunday	218	29	2198/08/01	२१९८/०८/०१	Mangsir 01, 2198	Sunday, Mangsir 01, 2198	मंसिर ०१, २१९८	आइतवार, मंसिर ०१, २१९८	1-8-2198	2198-04-01	2199-03-32	2198-07-01	2198-09-30
2198-08-15	2141-12-03	Sunday	232	29	2198/08/15	२१९८/०८/१५	Mangsir 15, 2198	Sunday, Mangsir 15, 2198	मंसिर १५, २१९८	आइतवार, मंसिर १५, २१९८	15-8-2198	2198-04-01	2199-03-32	2198-07-01	2198-09-30
2198-08-29	2141-12-17	Sunday	246	29	2198/08/29	२१९८/०८/२९	Mangsir 29, 2198	Sunday, Mangsir 29, 2198	मंसिर २९, २१९८	आइतवार, मंसिर २९, २१९८	29-8-2198	2198-04-01	2199-03-32	2198-07-01	2198-09-30
2198-09-01	2141-12-18	Monday	247	30	2198/09/01	२१९८/०९/०१	Poush 01, 2198	Monday, Poush 01, 2198	पुष ०१, २१९८	सोमवार, पुष ०१, २१९८	1-9-2198	2198-04-01	2199-03-32	2198-07-01	2198-09-30
2198-09-15	2142-01-01	Monday	261	30	2198/09/15	२१९८/०९/१५	Poush 15, 2198	Monday, Poush 15, 2198	पुष १५, २१९८	सोमवार, पुष १५, २१९८	15-9-2198	2198-04-01	2199-03-32	2198-07-01	2198-09-30
2198-09-30	2142-01-16	Tuesday	276	30	2198/09/30	२१९८/०९/३०	Poush 30, 2198	Tuesday, Poush 30, 2198	पुष ३०, २१९८	मङ्गलवार, पुष ३०, २१९८	30-9-2198	2198-04-01	2199-03-32	2198-07-01	2198-09-30
2198-10-01	2142-01-17	Wednesday	277	29	2198/10/01	२१९८/१०/०१	Magh 01, 2198	Wednesday, Magh 01, 2198	माघ ०१, २१९८	बुधवार, माघ ०१, २१९८	1-10-2198	2198-04-01	2199-03-32	2198-10-01	2198-12-30
2198-10-15	2142-01-31	Wednesday	291	29	2198/10/15	२१९८/१०/१५	Magh 15, 2198	Wednesday, Magh 15, 2198	माघ १५, २१९८	बुधवार, माघ १५, २१९८	15-10-2198	2198-04-01	2199-03-32	2198-10-01	2198-12-30
2198-10-29	2142-02-14	Wednesday	305	29	2198/10/29	२१९८/१०/२९	Magh 29, 2198	Wednesday, Magh 29, 2198	माघ २९, २१९८	बुधवार, माघ २९, २१९८	29-10-2198	2198-04-01	2199-03-32	2198-10-01	2198-12-30
2198-11-01	2142-02-15	Thursday	306	30	2198/11/01	२१९८/११/०१	Falgun 01, 2198	Thursday, Falgun 01, 2198	फागुन ०१, २१९८	बिहिवार, फागुन ०१, २१९८	1-11-2198	2198-04-01	2199-03-32	2198-10-01	2198-12-30
2198-11-15	2142-03-01	Thursday	320	30	2198/11/15	२१९८/११/१५	Falgun 15, 2198	Thursday, Falgun 15, 2198	फागुन १५, २१९८	बिहिवार, फागुन १५, २१९८	15-11-2198	2198-04-01	2199-03-32	2198-10-01	2198-12-30
2198-11-30	2142-03-16	Friday	335	30	2198/11/30	२१९८/११/३०	Falgun 30, 2198	Friday, Falgun 30, 2198	फागुन ३०, २१९८	शुक्रवार, फागुन ३०, २१९८	30-11-2198	2198-04-01	2199-03-32	2198-10-01	2198-12-30
2198-12-01	2142-03-17	Saturday	336	30	2198/12/01	२१९८/१२/०१	Chaitra 01, 2198	Saturday, Chaitra 01, 2198	चैत ०१, २१९८	शनिवार, चैत ०१, २१९८	1-12-2198	2198-04-01	2199-03-32	2198-10-01	2198-12-30
2198-12-15	2142-03-31	Saturday	350	30	2198/12/15	२१९८/१२/१५	Chaitra 15, 2198	Saturday, Chaitra 15, 2198	चैत १५, २१९८	शनिवार, चैत १५, २१९८	15-12-2198	2198-04-01	2199-03-32	2198-10-01	2198-12-30
2198-12-30	2142-04-15	Sunday	365	30	2198/12/30	२१९८/१२/३०	Chaitra 30, 2198	Sunday, Chaitra 30, 2198	चैत ३०, २१९८	आइतवार, चैत ३०, २१९८	30-12-2198	2198-04-01	2199-03-32	2198-10-01	2198-12-30
2199-01-01	2142-04-16	Monday	1	31	2199/01/01	२१९९/०१/०१	Baishakh 01, 2199	Monday, Baishakh 01, 2199	बैशाख ०१, २१९९	सोमवार, बैशाख ०१, २१९९	1-1-2199	2198-04-01	2199-03-32	2199-01-01	2199-03-32
2199-01-15	2142-04-30	Monday	15	31	2199/01/15	२१९९/०१/१५	Baishakh 15, 2199	Monday, Baishakh 15, 2199	बैशाख १५, २१९९	सोमवार, बैशाख १५, २१९९	15-1-2199	2198-04-01	2199-03-32	2199-01-01	2199-03-32
2199-01-31	2142-05-16	Wednesday	31	31	2199/01/31	२१९९/०१/३१	Baishakh 31, 2199	Wednesday, Baishakh 31, 2199	बैशाख ३१, २१९९	बुधवार, बैशाख ३१, २१९९	31-1-2199	2198-04-01	2199-03-32	2199-01-01	2199-03-32
2199-02-01	2142-05-17	Thursday	32	31	2199/02/01	२१९९/०२/०१	Jestha 01, 2199	Thursday, Jestha 01, 2199	जेठ ०१, २१९९	बिहिवार, जेठ ०१, २१९९	1-2-2199	2198-04-01	2199-03-32	2199-01-01	2199-03-32
2199-02-15	2142-05-31	Thursday	46	31	2199/02/15	२१९९/०२/१५	Jestha 15, 2199	Thursday, Jestha 15, 2199	जेठ १५, २१९९	बिहिवार, जेठ १५, २१९९	15-2-2199	2198-04-01	2199-03-32	2199-01-01	2199-03-32
2199-02-31	2142-06-16	Saturday	62	31	2199/02/31	२१९९/०२/३१	Jestha 31, 2199	Saturday, Jestha 31, 2199	जेठ ३१, २१९९	शनिवार, जेठ ३१, २१९९	31-2-2199	2198-04-01	2199-03-32	2199-01-01	2199-03-32
2199-03-01	2142-06-17	Sunday	63	32	2199/03/01	२१९९/०३/०१	Ashad 01, 2199	Sunday, Ashad 01, 2199	असार ०१, २१९९	आइतवार, असार ०१, २१९९	1-3-2199	2198-04-01	2199-03-32	2199-01-01	2199-03-32
2199-03-15	2142-07-01	Sunday	77	32	2199/03/15	२१९९/०३/१५	Ashad 15, 2199	Sunday, Ashad 15, 2199	असार १५, २१९९	आइतवार, असार १५, २१९९	15-3-2199	2198-04-01	2199-03-32	2199-01-01	2199-03-32
2199-03-32	2142-07-18	Wednesday	94	32	2199/03/32	२१९९/०३/३२	Ashad 32, 2199	Wednesday, Ashad 32, 2199	असार ३२, २१९९	बुधवार, असार ३२, २१९९	32-3-2199	2198-04-01	2199-03-32	2199-01-01	2199-03-32
2199-04-01	2142-07-19	Thursday	95	31	2199/04/01	२१९९/०४/०१	Shrawan 01, 2199	Thursday, Shrawan 01, 2199	साउन ०१, २१९९	बिहिवार, साउन ०१, २१९९	1-4-2199	2199-04-01	ERR	2199-04-01	2199-06-30
2199-04-15	2142-08-02	Thursday	109	31	2199/04/15	२१९९/०४/१५	Shrawan 15, 2199	Thursday, Shrawan 15, 2199	साउन १५, २१९९	बिहिवार, साउन १५, २१९९	15-4-2199	2199-04-01	ERR	2199-04-01	2199-06-30
2199-04-31	2142-08-18	Saturday	125	31	2199/04/31	२१९९/०४/३१	Shrawan 31, 2199	Saturday, Shrawan 31, 2199	साउन ३१, २१९९	शनिवार, साउन ३१, २१९९	31-4-2199	2199-04-01	ERR	2199-04-01	2199-06-30
2199-05-01	2142-08-19	Sunday	126	32	2199/05/01	२१९९/०५/०१	Bhadra 01, 2199	Sunday, Bhadra 01, 2199	भदौ ०१, २१९९	आइतवार, भदौ ०१, २१९९	1-5-2199	2199-04-01	ERR	2199-04-01	2199-06-30
2199-05-15	2142-09-02	Sunday	140	32	2199/05/15	२१९९/०५/१५	Bhadra 15, 2199	Sunday, Bhadra 15, 2199	भदौ १५, २१९९	आइतवार, भदौ १५, २१९९	15-5-2199	2199-04-01	ERR	2199-04-01	2199-06-30
2199-05-32	2142-09-19	Wednesday	157	32	2199/05/32	२१९९/०५/३२	Bhadra 32, 2199	Wednesday, Bhadra 32, 2199	भदौ ३२, २१९९	बुधवार, भदौ ३२, २१९९	32-5-2199	2199-04-01	ERR	2199-04-01	2199-06-30
2199-06-01	2142-09-20	Thursday	158	30	2199/06/01	२१९९/०६/०१	Ashoj 01, 2199	Thursday, Ashoj 01, 2199	असोज ०१, २१९९	बिहिवार, असोज ०१, २१९९	1-6-2199	2199-04-01	ERR	2199-04-01	2199-06-30
2199-06-15	2142-10-04	Thursday	172	30	2199/06/15	२१९९/०६/१५	Ashoj 15, 2199	Thursday, Ashoj 15, 2199	असोज १५, २१९९	बिहिवार, असोज १५, २१९९	15-6-2199	2199-04-01	ERR	2199-04-01	2199-06-30
2199-06-30	2142-10-19	Friday	187	30	2199/06/30	२१९९/०६/३०	Ashoj 30, 2199	Friday, Ashoj 30, 2199	असोज ३०, २१९९	शुक्रवार, असोज ३०, २१९९	30-6-2199	2199-04-01	ERR	2199-04-01	2199-06-30
2199-07-01	2142-10-20	Saturday	188	30	2199/07/01	२१९९/०७/०१	Kartik 01, 2199	Saturday, Kartik 01, 2199	कार्तिक ०१, २१९९	शनिवार, कार्तिक ०१, २१९९	1-7-2199	2199-04-01	ERR	2199-07-01	2199-09-30
2199-07-15	2142-11-03	Saturday	202	30	2199/07/15	२१९९/०७/१५	Kartik 15, 2199	Saturday, Kartik 15, 2199	कार्तिक १५, २१९९	शनिवार, कार्तिक १५, २१९९	15-7-2199	2199-04-01	ERR	2199-07-01	2199-09-30
2199-07-30	2142-11-18	Sunday	217	30	2199/07/30	२१९९/०७/३०	Kartik 30, 2199	Sunday, Kartik 30, 2199	कार्तिक ३०, २१९९	आइतवार, कार्तिक ३०, २१९९	30-7-2199	2199-04-01	ERR	2199-07-01	2199-09-30
2199-08-01	2142-11-19	Monday	218	29	2199/08/01	२१९९/०८/०१	Mangsir 01, 2199	Monday, Mangsir 01, 2199	मंसिर ०१, २१९९	सोमवार, मंसिर ०१, २१९९	1-8-2199	2199-04-01	ERR	2199-07-01	2199-09-30
2199-08-15	2142-12-03	Monday	232	29	2199/08/15	२१९९/०८/१५	Mangsir 15, 2199	Monday, Mangsir 15, 2199	मंसिर १५, २१९९	सोमवार, मंसिर १५, २१९९	15-8-2199	2199-04-01	ERR	2199-07-01	2199-09-30
2199-08-29	2142-12-17	Monday	246	29	2199/08/29	२१९९/०८/२९	Mangsir 29, 2199	Monday, Mangsir 29, 2199	मंसिर २९, २१९९	सोमवार, मंसिर २९, २१९९	29-8-2199	2199-04-01	ERR	2199-07-01	2199-09-30
2199-09-01	2142-12-18	Tuesday	247	30	2199/09/01	२१९९/०९/०१	Poush 01, 2199	Tuesday, Poush 01, 2199	पुष ०१, २१९९	मङ्गलवार, पुष ०१, २१९९	1-9-2199	2199-04-01	ERR	2199-07-01	2199-09-30
2199-09-15	2143-01-01	Tuesday	261	30	2199/09/15	२१९९/०९/१५	Poush 15, 2199	Tuesday, Poush 15, 2199	पुष १५, २१९९	मङ्गलवार, पुष १५, २१९९	15-9-2199	2199-04-01	ERR	2199-07-01	2199-09-30
2199-09-30	2143-01-16	Wednesday	276	30	2199/09/30	२१९९/०९/३०	Poush 30, 2199	Wednesday, Poush 30, 2199	पुष ३०, २१९९	बुधवार, पुष ३०, २१९९	30-9-2199	2199-04-01	ERR	2199-07-01	2199-09-30
2199-10-01	2143-01-17	Thursday	277	29	2199/10/01	२१९९/१०/०१	Magh 01, 2199	Thursday, Magh 01, 2199	माघ ०१, २१९९	बिहिवार, माघ ०१, २१९९	1-10-2199	2199-04-01	ERR	2199-10-01	2199-12-30
2199-10-15	2143-01-31	Thursday	291	29	2199/10/15	२१९९/१०/१५	Magh 15, 2199	Thursday, Magh 15, 2199	माघ १५, २१९९	बिहिवार, माघ १५, २१९९	15-10-2199	2199-04-01	ERR	2199-10-01	2199-12-30
2199-10-17	2143-02-02	Saturday	293	29	2199/10/17	२१९९/१०/१७	Magh 17, 2199	Saturday, Magh 17, 2199	माघ १७, २१९९	शनिवार, माघ १७, २१९९	17-10-2199	2199-04-01	ERR	2199-10-01	2199-12-30
2199-10-29	2143-02-14	Thursday	305	29	2199/10/29	२१९९/१०/२९	Magh 29, 2199	Thursday, Magh 29, 2199	माघ २९, २१९९	बिहिवार, माघ २९, २१९९	29-10-2199	2199-04-01	ERR	2199-10-01	2199-12-30
2199-11-01	2143-02-15	Friday	306	30	2199/11/01	२१९९/११/०१	Falgun 01, 2199	Friday, Falgun 01, 2199	फागुन ०१, २१९९	शुक्रवार, फागुन ०१, २१९९	1-11-2199	2199-04-01	ERR	2199-10-01	2199-12-30
2199-11-15	2143-03-01	Friday	320	30	2199/11/15	२१९९/११/१५	Falgun 15, 2199	Friday, Falgun 15, 2199	फागुन १५, २१९९	शुक्रवार, फागुन १५, २१९९	15-11-2199	2199-04-01	ERR	2199-10-01	2199-12-30
2199-11-30	2143-03-16	Saturday	335	30	2199/11/30	२१९९/११/३०	Falgun 30, 2199	Saturday, Falgun 30, 2199	फागुन ३०, २१९९	शनिवार, फागुन ३०, २१९९	30-11-2199	2199-04-01	ERR	2199-10-01	2199-12-30
2199-12-01	2143-03-17	Sunday	336	30	2199/12/01	२१९९/१२/०१	Chaitra 01, 2199	Sunday, Chaitra 01, 2199	चैत ०१, २१९९	आइतवार, चैत ०१, २१९९	1-12-2199	2199-04-01	ERR	2199-10-01	2199-12-30
2199-12-15	2143-03-31	Sunday	350	30	2199/12/15	२१९९/१२/१५	Chaitra 15, 2199	Sunday, Chaitra 15, 2199	चैत १५, २१९९	आइतवार, चैत १५, २१९९	15-12-2199	2199-04-01	ERR	2199-10-01	2199-12-30
2199-12-30	2143-04-15	Monday	365	30	2199/12/30	२१९९/१२/३०	Chaitra 30, 2199	Monday, Chaitra 30, 2199	चैत ३०, २१९९	सोमवार, चैत ३०, २१९९	30-12-2199	2199-04-01	ERR	2199-10-01	2199-12-30
