bs,ad,weekday,month_length
1901-01-01,1844-04-11,Thursday,31
1901-01-31,1844-05-11,Saturday,31
1901-02-01,1844-05-12,Sunday,31
1901-02-31,1844-06-11,Tuesday,31
1901-03-01,1844-06-12,Wednesday,32
1901-03-32,1844-07-13,Saturday,32
1901-04-01,1844-07-14,Sunday,31
1901-04-31,1844-08-13,Tuesday,31
1901-05-01,1844-08-14,Wednesday,31
1901-05-31,1844-09-13,Friday,31
1901-06-01,1844-09-14,Saturday,31
1901-06-31,1844-10-14,Monday,31
1901-07-01,1844-10-15,Tuesday,30
1901-07-30,1844-11-13,Wednesday,30
1901-08-01,1844-11-14,Thursday,29
1901-08-29,1844-12-12,Thursday,29
1901-09-01,1844-12-13,Friday,30
1901-09-30,1845-01-11,Saturday,30
1901-10-01,1845-01-12,Sunday,29
1901-10-29,1845-02-09,Sunday,29
1901-11-01,1845-02-10,Monday,30
1901-11-30,1845-03-11,Tuesday,30
1901-12-01,1845-03-12,Wednesday,30
1901-12-30,1845-04-10,Thursday,30
1902-01-01,1845-04-11,Friday,31
1902-01-31,1845-05-11,Sunday,31
1902-02-01,1845-05-12,Monday,32
1902-02-32,1845-06-12,Thursday,32
1902-03-01,1845-06-13,Friday,31
1902-03-31,1845-07-13,Sunday,31
1902-04-01,1845-07-14,Monday,32
1902-04-32,1845-08-14,Thursday,32
1902-05-01,1845-08-15,Friday,31
1902-05-31,1845-09-14,Sunday,31
1902-06-01,1845-09-15,Monday,30
1902-06-30,1845-10-14,Tuesday,30
1902-07-01,1845-10-15,Wednesday,30
1902-07-30,1845-11-13,Thursday,30
1902-08-01,1845-11-14,Friday,29
1902-08-29,1845-12-12,Friday,29
1902-09-01,1845-12-13,Saturday,30
1902-09-30,1846-01-11,Sunday,30
1902-10-01,1846-01-12,Monday,29
1902-10-29,1846-02-09,Monday,29
1902-11-01,1846-02-10,Tuesday,30
1902-11-30,1846-03-11,Wednesday,30
1902-12-01,1846-03-12,Thursday,30
1902-12-30,1846-04-10,Friday,30
1903-01-01,1846-04-11,Saturday,31
1903-01-31,1846-05-11,Monday,31
1903-02-01,1846-05-12,Tuesday,32
1903-02-32,1846-06-12,Friday,32
1903-03-01,1846-06-13,Saturday,31
1903-03-31,1846-07-13,Monday,31
1903-04-01,1846-07-14,Tuesday,32
1903-04-32,1846-08-14,Friday,32
1903-05-01,1846-08-15,Saturday,31
1903-05-31,1846-09-14,Monday,31
1903-06-01,1846-09-15,Tuesday,30
1903-06-30,1846-10-14,Wednesday,30
1903-07-01,1846-10-15,Thursday,30
1903-07-30,1846-11-13,Friday,30
1903-08-01,1846-11-14,Saturday,30
1903-08-30,1846-12-13,Sunday,30
1903-09-01,1846-12-14,Monday,29
1903-09-29,1847-01-11,Monday,29
1903-10-01,1847-01-12,Tuesday,29
1903-10-29,1847-02-09,Tuesday,29
1903-11-01,1847-02-10,Wednesday,30
1903-11-30,1847-03-11,Thursday,30
1903-12-01,1847-03-12,Friday,31
1903-12-31,1847-04-11,Sunday,31
1904-01-01,1847-04-12,Monday,31
1904-01-31,1847-05-12,Wednesday,31
1904-02-01,1847-05-13,Thursday,31
1904-02-31,1847-06-12,Saturday,31
1904-03-01,1847-06-13,Sunday,31
1904-03-31,1847-07-13,Tuesday,31
1904-04-01,1847-07-14,Wednesday,32
1904-04-32,1847-08-14,Saturday,32
1904-05-01,1847-08-15,Sunday,31
1904-05-31,1847-09-14,Tuesday,31
1904-06-01,1847-09-15,Wednesday,31
1904-06-31,1847-10-15,Friday,31
1904-07-01,1847-10-16,Saturday,30
1904-07-30,1847-11-14,Sunday,30
1904-08-01,1847-11-15,Monday,29
1904-08-29,1847-12-13,Monday,29
1904-09-01,1847-12-14,Tuesday,30
1904-09-30,1848-01-12,Wednesday,30
1904-10-01,1848-01-13,Thursday,29
1904-10-29,1848-02-10,Thursday,29
1904-11-01,1848-02-11,Friday,30
1904-11-30,1848-03-11,Saturday,30
1904-12-01,1848-03-12,Sunday,30
1904-12-30,1848-04-10,Monday,30
1905-01-01,1848-04-11,Tuesday,31
1905-01-31,1848-05-11,Thursday,31
1905-02-01,1848-05-12,Friday,31
1905-02-31,1848-06-11,Sunday,31
1905-03-01,1848-06-12,Monday,32
1905-03-32,1848-07-13,Thursday,32
1905-04-01,1848-07-14,Friday,31
1905-04-31,1848-08-13,Sunday,31
1905-05-01,1848-08-14,Monday,31
1905-05-31,1848-09-13,Wednesday,31
1905-06-01,1848-09-14,Thursday,31
1905-06-31,1848-10-14,Saturday,31
1905-07-01,1848-10-15,Sunday,30
1905-07-30,1848-11-13,Monday,30
1905-08-01,1848-11-14,Tuesday,29
1905-08-29,1848-12-12,Tuesday,29
1905-09-01,1848-12-13,Wednesday,30
1905-09-30,1849-01-11,Thursday,30
1905-10-01,1849-01-12,Friday,29
1905-10-29,1849-02-09,Friday,29
1905-11-01,1849-02-10,Saturday,30
1905-11-30,1849-03-11,Sunday,30
1905-12-01,1849-03-12,Monday,30
1905-12-30,1849-04-10,Tuesday,30
1906-01-01,1849-04-11,Wednesday,31
1906-01-31,1849-05-11,Friday,31
1906-02-01,1849-05-12,Saturday,32
1906-02-32,1849-06-12,Tuesday,32
1906-03-01,1849-06-13,Wednesday,31
1906-03-31,1849-07-13,Friday,31
1906-04-01,1849-07-14,Saturday,32
1906-04-32,1849-08-14,Tuesday,32
1906-05-01,1849-08-15,Wednesday,31
1906-05-31,1849-09-14,Friday,31
1906-06-01,1849-09-15,Saturday,30
1906-06-30,1849-10-14,Sunday,30
1906-07-01,1849-10-15,Monday,30
1906-07-30,1849-11-13,Tuesday,30
1906-08-01,1849-11-14,Wednesday,30
1906-08-30,1849-12-13,Thursday,30
1906-09-01,1849-12-14,Friday,29
1906-09-29,1850-01-11,Friday,29
1906-10-01,1850-01-12,Saturday,29
1906-10-29,1850-02-09,Saturday,29
1906-11-01,1850-02-10,Sunday,30
1906-11-30,1850-03-11,Monday,30
1906-12-01,1850-03-12,Tuesday,30
1906-12-30,1850-04-10,Wednesday,30
1907-01-01,1850-04-11,Thursday,31
1907-01-31,1850-05-11,Saturday,31
1907-02-01,1850-05-12,Sunday,32
1907-02-32,1850-06-12,Wednesday,32
1907-03-01,1850-06-13,Thursday,31
1907-03-31,1850-07-13,Saturday,31
1907-04-01,1850-07-14,Sunday,32
1907-04-32,1850-08-14,Wednesday,32
1907-05-01,1850-08-15,Thursday,31
1907-05-31,1850-09-14,Saturday,31
1907-06-01,1850-09-15,Sunday,30
1907-06-30,1850-10-14,Monday,30
1907-07-01,1850-10-15,Tuesday,30
1907-07-30,1850-11-13,Wednesday,30
1907-08-01,1850-11-14,Thursday,30
1907-08-30,1850-12-13,Friday,30
1907-09-01,1850-12-14,Saturday,29
1907-09-29,1851-01-11,Saturday,29
1907-10-01,1851-01-12,Sunday,30
1907-10-30,1851-02-10,Monday,30
1907-11-01,1851-02-11,Tuesday,29
1907-11-29,1851-03-11,Tuesday,29
1907-12-01,1851-03-12,Wednesday,31
1907-12-31,1851-04-11,Friday,31
1908-01-01,1851-04-12,Saturday,31
1908-01-31,1851-05-12,Monday,31
1908-02-01,1851-05-13,Tuesday,31
1908-02-31,1851-06-12,Thursday,31
1908-03-01,1851-06-13,Friday,31
1908-03-31,1851-07-13,Sunday,31
1908-04-01,1851-07-14,Monday,32
1908-04-32,1851-08-14,Thursday,32
1908-05-01,1851-08-15,Friday,31
1908-05-31,1851-09-14,Sunday,31
1908-06-01,1851-09-15,Monday,31
1908-06-31,1851-10-15,Wednesday,31
1908-07-01,1851-10-16,Thursday,30
1908-07-30,1851-11-14,Friday,30
1908-08-01,1851-11-15,Saturday,29
1908-08-29,1851-12-13,Saturday,29
1908-09-01,1851-12-14,Sunday,30
1908-09-30,1852-01-12,Monday,30
1908-10-01,1852-01-13,Tuesday,29
1908-10-29,1852-02-10,Tuesday,29
1908-11-01,1852-02-11,Wednesday,30
1908-11-30,1852-03-11,Thursday,30
1908-12-01,1852-03-12,Friday,30
1908-12-30,1852-04-10,Saturday,30
1909-01-01,1852-04-11,Sunday,31
1909-01-31,1852-05-11,Tuesday,31
1909-02-01,1852-05-12,Wednesday,31
1909-02-31,1852-06-11,Friday,31
1909-03-01,1852-06-12,Saturday,32
1909-03-32,1852-07-13,Tuesday,32
1909-04-01,1852-07-14,Wednesday,31
1909-04-31,1852-08-13,Friday,31
1909-05-01,1852-08-14,Saturday,31
1909-05-31,1852-09-13,Monday,31
1909-06-01,1852-09-14,Tuesday,31
1909-06-31,1852-10-14,Thursday,31
1909-07-01,1852-10-15,Friday,30
1909-07-30,1852-11-13,Saturday,30
1909-08-01,1852-11-14,Sunday,29
1909-08-29,1852-12-12,Sunday,29
1909-09-01,1852-12-13,Monday,30
1909-09-30,1853-01-11,Tuesday,30
1909-10-01,1853-01-12,Wednesday,29
1909-10-29,1853-02-09,Wednesday,29
1909-11-01,1853-02-10,Thursday,30
1909-11-30,1853-03-11,Friday,30
1909-12-01,1853-03-12,Saturday,30
1909-12-30,1853-04-10,Sunday,30
1910-01-01,1853-04-11,Monday,31
1910-01-31,1853-05-11,Wednesday,31
1910-02-01,1853-05-12,Thursday,32
1910-02-32,1853-06-12,Sunday,32
1910-03-01,1853-06-13,Monday,31
1910-03-31,1853-07-13,Wednesday,31
1910-04-01,1853-07-14,Thursday,32
1910-04-32,1853-08-14,Sunday,32
1910-05-01,1853-08-15,Monday,31
1910-05-31,1853-09-14,Wednesday,31
1910-06-01,1853-09-15,Thursday,30
1910-06-30,1853-10-14,Friday,30
1910-07-01,1853-10-15,Saturday,30
1910-07-30,1853-11-13,Sunday,30
1910-08-01,1853-11-14,Monday,30
1910-08-30,1853-12-13,Tuesday,30
1910-09-01,1853-12-14,Wednesday,29
1910-09-29,1854-01-11,Wednesday,29
1910-10-01,1854-01-12,Thursday,29
1910-10-29,1854-02-09,Thursday,29
1910-11-01,1854-02-10,Friday,30
1910-11-30,1854-03-11,Saturday,30
1910-12-01,1854-03-12,Sunday,30
1910-12-30,1854-04-10,Monday,30
1911-01-01,1854-04-11,Tuesday,31
1911-01-31,1854-05-11,Thursday,31
1911-02-01,1854-05-12,Friday,32
1911-02-32,1854-06-12,Monday,32
1911-03-01,1854-06-13,Tuesday,31
1911-03-31,1854-07-13,Thursday,31
1911-04-01,1854-07-14,Friday,32
1911-04-32,1854-08-14,Monday,32
1911-05-01,1854-08-15,Tuesday,31
1911-05-31,1854-09-14,Thursday,31
1911-06-01,1854-09-15,Friday,30
1911-06-30,1854-10-14,Saturday,30
1911-07-01,1854-10-15,Sunday,30
1911-07-30,1854-11-13,Monday,30
1911-08-01,1854-11-14,Tuesday,30
1911-08-30,1854-12-13,Wednesday,30
1911-09-01,1854-12-14,Thursday,29
1911-09-29,1855-01-11,Thursday,29
1911-10-01,1855-01-12,Friday,30
1911-10-30,1855-02-10,Saturday,30
1911-11-01,1855-02-11,Sunday,29
1911-11-29,1855-03-11,Sunday,29
1911-12-01,1855-03-12,Monday,31
1911-12-31,1855-04-11,Wednesday,31
1912-01-01,1855-04-12,Thursday,31
1912-01-31,1855-05-12,Saturday,31
1912-02-01,1855-05-13,Sunday,31
1912-02-31,1855-06-12,Tuesday,31
1912-03-01,1855-06-13,Wednesday,32
1912-03-32,1855-07-14,Saturday,32
1912-04-01,1855-07-15,Sunday,31
1912-04-31,1855-08-14,Tuesday,31
1912-05-01,1855-08-15,Wednesday,31
1912-05-31,1855-09-14,Friday,31
1912-06-01,1855-09-15,Saturday,31
1912-06-31,1855-10-15,Monday,31
1912-07-01,1855-10-16,Tuesday,30
1912-07-30,1855-11-14,Wednesday,30
1912-08-01,1855-11-15,Thursday,29
1912-08-29,1855-12-13,Thursday,29
1912-09-01,1855-12-14,Friday,30
1912-09-30,1856-01-12,Saturday,30
1912-10-01,1856-01-13,Sunday,29
1912-10-29,1856-02-10,Sunday,29
1912-11-01,1856-02-11,Monday,30
1912-11-30,1856-03-11,Tuesday,30
1912-12-01,1856-03-12,Wednesday,30
1912-12-30,1856-04-10,Thursday,30
1913-01-01,1856-04-11,Friday,31
1913-01-31,1856-05-11,Sunday,31
1913-02-01,1856-05-12,Monday,31
1913-02-31,1856-06-11,Wednesday,31
1913-03-01,1856-06-12,Thursday,32
1913-03-32,1856-07-13,Sunday,32
1913-04-01,1856-07-14,Monday,31
1913-04-31,1856-08-13,Wednesday,31
1913-05-01,1856-08-14,Thursday,32
1913-05-32,1856-09-14,Sunday,32
1913-06-01,1856-09-15,Monday,30
1913-06-30,1856-10-14,Tuesday,30
1913-07-01,1856-10-15,Wednesday,30
1913-07-30,1856-11-13,Thursday,30
1913-08-01,1856-11-14,Friday,29
1913-08-29,1856-12-12,Friday,29
1913-09-01,1856-12-13,Saturday,30
1913-09-30,1857-01-11,Sunday,30
1913-10-01,1857-01-12,Monday,29
1913-10-29,1857-02-09,Monday,29
1913-11-01,1857-02-10,Tuesday,30
1913-11-30,1857-03-11,Wednesday,30
1913-12-01,1857-03-12,Thursday,30
1913-12-30,1857-04-10,Friday,30
1914-01-01,1857-04-11,Saturday,31
1914-01-31,1857-05-11,Monday,31
1914-02-01,1857-05-12,Tuesday,32
1914-02-32,1857-06-12,Friday,32
1914-03-01,1857-06-13,Saturday,31
1914-03-31,1857-07-13,Monday,31
1914-04-01,1857-07-14,Tuesday,32
1914-04-32,1857-08-14,Friday,32
1914-05-01,1857-08-15,Saturday,31
1914-05-31,1857-09-14,Monday,31
1914-06-01,1857-09-15,Tuesday,30
1914-06-30,1857-10-14,Wednesday,30
1914-07-01,1857-10-15,Thursday,30
1914-07-30,1857-11-13,Friday,30
1914-08-01,1857-11-14,Saturday,30
1914-08-30,1857-12-13,Sunday,30
1914-09-01,1857-12-14,Monday,29
1914-09-29,1858-01-11,Monday,29
1914-10-01,1858-01-12,Tuesday,29
1914-10-29,1858-02-09,Tuesday,29
1914-11-01,1858-02-10,Wednesday,30
1914-11-30,1858-03-11,Thursday,30
1914-12-01,1858-03-12,Friday,31
1914-12-31,1858-04-11,Sunday,31
1915-01-01,1858-04-12,Monday,30
1915-01-30,1858-05-11,Tuesday,30
1915-02-01,1858-05-12,Wednesday,32
1915-02-32,1858-06-12,Saturday,32
1915-03-01,1858-06-13,Sunday,31
1915-03-31,1858-07-13,Tuesday,31
1915-04-01,1858-07-14,Wednesday,32
1915-04-32,1858-08-14,Saturday,32
1915-05-01,1858-08-15,Sunday,31
1915-05-31,1858-09-14,Tuesday,31
1915-06-01,1858-09-15,Wednesday,30
1915-06-30,1858-10-14,Thursday,30
1915-07-01,1858-10-15,Friday,30
1915-07-30,1858-11-13,Saturday,30
1915-08-01,1858-11-14,Sunday,30
1915-08-30,1858-12-13,Monday,30
1915-09-01,1858-12-14,Tuesday,29
1915-09-29,1859-01-11,Tuesday,29
1915-10-01,1859-01-12,Wednesday,30
1915-10-30,1859-02-10,Thursday,30
1915-11-01,1859-02-11,Friday,29
1915-11-29,1859-03-11,Friday,29
1915-12-01,1859-03-12,Saturday,31
1915-12-31,1859-04-11,Monday,31
1916-01-01,1859-04-12,Tuesday,31
1916-01-31,1859-05-12,Thursday,31
1916-02-01,1859-05-13,Friday,31
1916-02-31,1859-06-12,Sunday,31
1916-03-01,1859-06-13,Monday,32
1916-03-32,1859-07-14,Thursday,32
1916-04-01,1859-07-15,Friday,31
1916-04-31,1859-08-14,Sunday,31
1916-05-01,1859-08-15,Monday,31
1916-05-31,1859-09-14,Wednesday,31
1916-06-01,1859-09-15,Thursday,31
1916-06-31,1859-10-15,Saturday,31
1916-07-01,1859-10-16,Sunday,30
1916-07-30,1859-11-14,Monday,30
1916-08-01,1859-11-15,Tuesday,29
1916-08-29,1859-12-13,Tuesday,29
1916-09-01,1859-12-14,Wednesday,30
1916-09-30,1860-01-12,Thursday,30
1916-10-01,1860-01-13,Friday,29
1916-10-29,1860-02-10,Friday,29
1916-11-01,1860-02-11,Saturday,30
1916-11-30,1860-03-11,Sunday,30
1916-12-01,1860-03-12,Monday,30
1916-12-30,1860-04-10,Tuesday,30
1917-01-01,1860-04-11,Wednesday,31
1917-01-31,1860-05-11,Friday,31
1917-02-01,1860-05-12,Saturday,31
1917-02-31,1860-06-11,Monday,31
1917-03-01,1860-06-12,Tuesday,32
1917-03-32,1860-07-13,Friday,32
1917-04-01,1860-07-14,Saturday,32
1917-04-32,1860-08-14,Tuesday,32
1917-05-01,1860-08-15,Wednesday,31
1917-05-31,1860-09-14,Friday,31
1917-06-01,1860-09-15,Saturday,30
1917-06-30,1860-10-14,Sunday,30
1917-07-01,1860-10-15,Monday,30
1917-07-30,1860-11-13,Tuesday,30
1917-08-01,1860-11-14,Wednesday,29
1917-08-29,1860-12-12,Wednesday,29
1917-09-01,1860-12-13,Thursday,30
1917-09-30,1861-01-11,Friday,30
1917-10-01,1861-01-12,Saturday,29
1917-10-29,1861-02-09,Saturday,29
1917-11-01,1861-02-10,Sunday,30
1917-11-30,1861-03-11,Monday,30
1917-12-01,1861-03-12,Tuesday,30
1917-12-30,1861-04-10,Wednesday,30
1918-01-01,1861-04-11,Thursday,31
1918-01-31,1861-05-11,Saturday,31
1918-02-01,1861-05-12,Sunday,32
1918-02-32,1861-06-12,Wednesday,32
1918-03-01,1861-06-13,Thursday,31
1918-03-31,1861-07-13,Saturday,31
1918-04-01,1861-07-14,Sunday,32
1918-04-32,1861-08-14,Wednesday,32
1918-05-01,1861-08-15,Thursday,31
1918-05-31,1861-09-14,Saturday,31
1918-06-01,1861-09-15,Sunday,30
1918-06-30,1861-10-14,Monday,30
1918-07-01,1861-10-15,Tuesday,30
1918-07-30,1861-11-13,Wednesday,30
1918-08-01,1861-11-14,Thursday,30
1918-08-30,1861-12-13,Friday,30
1918-09-01,1861-12-14,Saturday,29
1918-09-29,1862-01-11,Saturday,29
1918-10-01,1862-01-12,Sunday,29
1918-10-29,1862-02-09,Sunday,29
1918-11-01,1862-02-10,Monday,30
1918-11-30,1862-03-11,Tuesday,30
1918-12-01,1862-03-12,Wednesday,31
1918-12-31,1862-04-11,Friday,31
1919-01-01,1862-04-12,Saturday,30
1919-01-30,1862-05-11,Sunday,30
1919-02-01,1862-05-12,Monday,32
1919-02-32,1862-06-12,Thursday,32
1919-03-01,1862-06-13,Friday,31
1919-03-31,1862-07-13,Sunday,31
1919-04-01,1862-07-14,Monday,32
1919-04-32,1862-08-14,Thursday,32
1919-05-01,1862-08-15,Friday,31
1919-05-31,1862-09-14,Sunday,31
1919-06-01,1862-09-15,Monday,30
1919-06-30,1862-10-14,Tuesday,30
1919-07-01,1862-10-15,Wednesday,30
1919-07-30,1862-11-13,Thursday,30
1919-08-01,1862-11-14,Friday,30
1919-08-30,1862-12-13,Saturday,30
1919-09-01,1862-12-14,Sunday,29
1919-09-29,1863-01-11,Sunday,29
1919-10-01,1863-01-12,Monday,30
1919-10-30,1863-02-10,Tuesday,30
1919-11-01,1863-02-11,Wednesday,29
1919-11-29,1863-03-11,Wednesday,29
1919-12-01,1863-03-12,Thursday,31
1919-12-31,1863-04-11,Saturday,31
1920-01-01,1863-04-12,Sunday,31
1920-01-31,1863-05-12,Tuesday,31
1920-02-01,1863-05-13,Wednesday,31
1920-02-31,1863-06-12,Friday,31
1920-03-01,1863-06-13,Saturday,32
1920-03-32,1863-07-14,Tuesday,32
1920-04-01,1863-07-15,Wednesday,31
1920-04-31,1863-08-14,Friday,31
1920-05-01,1863-08-15,Saturday,31
1920-05-31,1863-09-14,Monday,31
1920-06-01,1863-09-15,Tuesday,31
1920-06-31,1863-10-15,Thursday,31
1920-07-01,1863-10-16,Friday,30
1920-07-30,1863-11-14,Saturday,30
1920-08-01,1863-11-15,Sunday,29
1920-08-29,1863-12-13,Sunday,29
1920-09-01,1863-12-14,Monday,30
1920-09-30,1864-01-12,Tuesday,30
1920-10-01,1864-01-13,Wednesday,29
1920-10-29,1864-02-10,Wednesday,29
1920-11-01,1864-02-11,Thursday,30
1920-11-30,1864-03-11,Friday,30
1920-12-01,1864-03-12,Saturday,30
1920-12-30,1864-04-10,Sunday,30
1921-01-01,1864-04-11,Monday,31
1921-01-31,1864-05-11,Wednesday,31
1921-02-01,1864-05-12,Thursday,31
1921-02-31,1864-06-11,Saturday,31
1921-03-01,1864-06-12,Sunday,32
1921-03-32,1864-07-13,Wednesday,32
1921-04-01,1864-07-14,Thursday,32
1921-04-32,1864-08-14,Sunday,32
1921-05-01,1864-08-15,Monday,31
1921-05-31,1864-09-14,Wednesday,31
1921-06-01,1864-09-15,Thursday,30
1921-06-30,1864-10-14,Friday,30
1921-07-01,1864-10-15,Saturday,30
1921-07-30,1864-11-13,Sunday,30
1921-08-01,1864-11-14,Monday,29
1921-08-29,1864-12-12,Monday,29
1921-09-01,1864-12-13,Tuesday,30
1921-09-30,1865-01-11,Wednesday,30
1921-10-01,1865-01-12,Thursday,29
1921-10-29,1865-02-09,Thursday,29
1921-11-01,1865-02-10,Friday,30
1921-11-30,1865-03-11,Saturday,30
1921-12-01,1865-03-12,Sunday,30
1921-12-30,1865-04-10,Monday,30
1922-01-01,1865-04-11,Tuesday,31
1922-01-31,1865-05-11,Thursday,31
1922-02-01,1865-05-12,Friday,32
1922-02-32,1865-06-12,Monday,32
1922-03-01,1865-06-13,Tuesday,31
1922-03-31,1865-07-13,Thursday,31
1922-04-01,1865-07-14,Friday,32
1922-04-32,1865-08-14,Monday,32
1922-05-01,1865-08-15,Tuesday,31
1922-05-31,1865-09-14,Thursday,31
1922-06-01,1865-09-15,Friday,30
1922-06-30,1865-10-14,Saturday,30
1922-07-01,1865-10-15,Sunday,30
1922-07-30,1865-11-13,Monday,30
1922-08-01,1865-11-14,Tuesday,30
1922-08-30,1865-12-13,Wednesday,30
1922-09-01,1865-12-14,Thursday,29
1922-09-29,1866-01-11,Thursday,29
1922-10-01,1866-01-12,Friday,29
1922-10-29,1866-02-09,Friday,29
1922-11-01,1866-02-10,Saturday,30
1922-11-30,1866-03-11,Sunday,30
1922-12-01,1866-03-12,Monday,31
1922-12-31,1866-04-11,Wednesday,31
1923-01-01,1866-04-12,Thursday,31
1923-01-31,1866-05-12,Saturday,31
1923-02-01,1866-05-13,Sunday,31
1923-02-31,1866-06-12,Tuesday,31
1923-03-01,1866-06-13,Wednesday,31
1923-03-31,1866-07-13,Friday,31
1923-04-01,1866-07-14,Saturday,32
1923-04-32,1866-08-14,Tuesday,32
1923-05-01,1866-08-15,Wednesday,31
1923-05-31,1866-09-14,Friday,31
1923-06-01,1866-09-15,Saturday,31
1923-06-31,1866-10-15,Monday,31
1923-07-01,1866-10-16,Tuesday,29
1923-07-29,1866-11-13,Tuesday,29
1923-08-01,1866-11-14,Wednesday,30
1923-08-30,1866-12-13,Thursday,30
1923-09-01,1866-12-14,Friday,30
1923-09-30,1867-01-12,Saturday,30
1923-10-01,1867-01-13,Sunday,29
1923-10-29,1867-02-10,Sunday,29
1923-11-01,1867-02-11,Monday,29
1923-11-29,1867-03-11,Monday,29
1923-12-01,1867-03-12,Tuesday,31
1923-12-31,1867-04-11,Thursday,31
1924-01-01,1867-04-12,Friday,31
1924-01-31,1867-05-12,Sunday,31
1924-02-01,1867-05-13,Monday,31
1924-02-31,1867-06-12,Wednesday,31
1924-03-01,1867-06-13,Thursday,32
1924-03-32,1867-07-14,Sunday,32
1924-04-01,1867-07-15,Monday,31
1924-04-31,1867-08-14,Wednesday,31
1924-05-01,1867-08-15,Thursday,31
1924-05-31,1867-09-14,Saturday,31
1924-06-01,1867-09-15,Sunday,31
1924-06-31,1867-10-15,Tuesday,31
1924-07-01,1867-10-16,Wednesday,30
1924-07-30,1867-11-14,Thursday,30
1924-08-01,1867-11-15,Friday,29
1924-08-29,1867-12-13,Friday,29
1924-09-01,1867-12-14,Saturday,30
1924-09-30,1868-01-12,Sunday,30
1924-10-01,1868-01-13,Monday,29
1924-10-29,1868-02-10,Monday,29
1924-11-01,1868-02-11,Tuesday,30
1924-11-30,1868-03-11,Wednesday,30
1924-12-01,1868-03-12,Thursday,30
1924-12-30,1868-04-10,Friday,30
1925-01-01,1868-04-11,Saturday,31
1925-01-31,1868-05-11,Monday,31
1925-02-01,1868-05-12,Tuesday,31
1925-02-31,1868-06-11,Thursday,31
1925-03-01,1868-06-12,Friday,32
1925-03-32,1868-07-13,Monday,32
1925-04-01,1868-07-14,Tuesday,32
1925-04-32,1868-08-14,Friday,32
1925-05-01,1868-08-15,Saturday,31
1925-05-31,1868-09-14,Monday,31
1925-06-01,1868-09-15,Tuesday,30
1925-06-30,1868-10-14,Wednesday,30
1925-07-01,1868-10-15,Thursday,30
1925-07-30,1868-11-13,Friday,30
1925-08-01,1868-11-14,Saturday,29
1925-08-29,1868-12-12,Saturday,29
1925-09-01,1868-12-13,Sunday,30
1925-09-30,1869-01-11,Monday,30
1925-10-01,1869-01-12,Tuesday,29
1925-10-29,1869-02-09,Tuesday,29
1925-11-01,1869-02-10,Wednesday,30
1925-11-30,1869-03-11,Thursday,30
1925-12-01,1869-03-12,Friday,30
1925-12-30,1869-04-10,Saturday,30
1926-01-01,1869-04-11,Sunday,31
1926-01-31,1869-05-11,Tuesday,31
1926-02-01,1869-05-12,Wednesday,32
1926-02-32,1869-06-12,Saturday,32
1926-03-01,1869-06-13,Sunday,31
1926-03-31,1869-07-13,Tuesday,31
1926-04-01,1869-07-14,Wednesday,32
1926-04-32,1869-08-14,Saturday,32
1926-05-01,1869-08-15,Sunday,31
1926-05-31,1869-09-14,Tuesday,31
1926-06-01,1869-09-15,Wednesday,30
1926-06-30,1869-10-14,Thursday,30
1926-07-01,1869-10-15,Friday,30
1926-07-30,1869-11-13,Saturday,30
1926-08-01,1869-11-14,Sunday,30
1926-08-30,1869-12-13,Monday,30
1926-09-01,1869-12-14,Tuesday,29
1926-09-29,1870-01-11,Tuesday,29
1926-10-01,1870-01-12,Wednesday,29
1926-10-29,1870-02-09,Wednesday,29
1926-11-01,1870-02-10,Thursday,30
1926-11-30,1870-03-11,Friday,30
1926-12-01,1870-03-12,Saturday,31
1926-12-31,1870-04-11,Monday,31
1927-01-01,1870-04-12,Tuesday,31
1927-01-31,1870-05-12,Thursday,31
1927-02-01,1870-05-13,Friday,31
1927-02-31,1870-06-12,Sunday,31
1927-03-01,1870-06-13,Monday,31
1927-03-31,1870-07-13,Wednesday,31
1927-04-01,1870-07-14,Thursday,32
1927-04-32,1870-08-14,Sunday,32
1927-05-01,1870-08-15,Monday,31
1927-05-31,1870-09-14,Wednesday,31
1927-06-01,1870-09-15,Thursday,31
1927-06-31,1870-10-15,Saturday,31
1927-07-01,1870-10-16,Sunday,29
1927-07-29,1870-11-13,Sunday,29
1927-08-01,1870-11-14,Monday,30
1927-08-30,1870-12-13,Tuesday,30
1927-09-01,1870-12-14,Wednesday,30
1927-09-30,1871-01-12,Thursday,30
1927-10-01,1871-01-13,Friday,29
1927-10-29,1871-02-10,Friday,29
1927-11-01,1871-02-11,Saturday,30
1927-11-30,1871-03-12,Sunday,30
1927-12-01,1871-03-13,Monday,30
1927-12-30,1871-04-11,Tuesday,30
1928-01-01,1871-04-12,Wednesday,31
1928-01-31,1871-05-12,Friday,31
1928-02-01,1871-05-13,Saturday,31
1928-02-31,1871-06-12,Monday,31
1928-03-01,1871-06-13,Tuesday,32
1928-03-32,1871-07-14,Friday,32
1928-04-01,1871-07-15,Saturday,31
1928-04-31,1871-08-14,Monday,31
1928-05-01,1871-08-15,Tuesday,31
1928-05-31,1871-09-14,Thursday,31
1928-06-01,1871-09-15,Friday,31
1928-06-31,1871-10-15,Sunday,31
1928-07-01,1871-10-16,Monday,30
1928-07-30,1871-11-14,Tuesday,30
1928-08-01,1871-11-15,Wednesday,29
1928-08-29,1871-12-13,Wednesday,29
1928-09-01,1871-12-14,Thursday,30
1928-09-30,1872-01-12,Friday,30
1928-10-01,1872-01-13,Saturday,29
1928-10-29,1872-02-10,Saturday,29
1928-11-01,1872-02-11,Sunday,30
1928-11-30,1872-03-11,Monday,30
1928-12-01,1872-03-12,Tuesday,30
1928-12-30,1872-04-10,Wednesday,30
1929-01-01,1872-04-11,Thursday,31
1929-01-31,1872-05-11,Saturday,31
1929-02-01,1872-05-12,Sunday,32
1929-02-32,1872-06-12,Wednesday,32
1929-03-01,1872-06-13,Thursday,31
1929-03-31,1872-07-13,Saturday,31
1929-04-01,1872-07-14,Sunday,32
1929-04-32,1872-08-14,Wednesday,32
1929-05-01,1872-08-15,Thursday,31
1929-05-31,1872-09-14,Saturday,31
1929-06-01,1872-09-15,Sunday,30
1929-06-30,1872-10-14,Monday,30
1929-07-01,1872-10-15,Tuesday,30
1929-07-30,1872-11-13,Wednesday,30
1929-08-01,1872-11-14,Thursday,29
1929-08-29,1872-12-12,Thursday,29
1929-09-01,1872-12-13,Friday,30
1929-09-30,1873-01-11,Saturday,30
1929-10-01,1873-01-12,Sunday,29
1929-10-29,1873-02-09,Sunday,29
1929-11-01,1873-02-10,Monday,30
1929-11-30,1873-03-11,Tuesday,30
1929-12-01,1873-03-12,Wednesday,30
1929-12-30,1873-04-10,Thursday,30
1930-01-01,1873-04-11,Friday,31
1930-01-31,1873-05-11,Sunday,31
1930-02-01,1873-05-12,Monday,32
1930-02-32,1873-06-12,Thursday,32
1930-03-01,1873-06-13,Friday,31
1930-03-31,1873-07-13,Sunday,31
1930-04-01,1873-07-14,Monday,32
1930-04-32,1873-08-14,Thursday,32
1930-05-01,1873-08-15,Friday,31
1930-05-31,1873-09-14,Sunday,31
1930-06-01,1873-09-15,Monday,30
1930-06-30,1873-10-14,Tuesday,30
1930-07-01,1873-10-15,Wednesday,30
1930-07-30,1873-11-13,Thursday,30
1930-08-01,1873-11-14,Friday,30
1930-08-30,1873-12-13,Saturday,30
1930-09-01,1873-12-14,Sunday,29
1930-09-29,1874-01-11,Sunday,29
1930-10-01,1874-01-12,Monday,29
1930-10-29,1874-02-09,Monday,29
1930-11-01,1874-02-10,Tuesday,30
1930-11-30,1874-03-11,Wednesday,30
1930-12-01,1874-03-12,Thursday,31
1930-12-31,1874-04-11,Saturday,31
1931-01-01,1874-04-12,Sunday,31
1931-01-31,1874-05-12,Tuesday,31
1931-02-01,1874-05-13,Wednesday,31
1931-02-31,1874-06-12,Friday,31
1931-03-01,1874-06-13,Saturday,31
1931-03-31,1874-07-13,Monday,31
1931-04-01,1874-07-14,Tuesday,32
1931-04-32,1874-08-14,Friday,32
1931-05-01,1874-08-15,Saturday,31
1931-05-31,1874-09-14,Monday,31
1931-06-01,1874-09-15,Tuesday,31
1931-06-31,1874-10-15,Thursday,31
1931-07-01,1874-10-16,Friday,30
1931-07-30,1874-11-14,Saturday,30
1931-08-01,1874-11-15,Sunday,29
1931-08-29,1874-12-13,Sunday,29
1931-09-01,1874-12-14,Monday,30
1931-09-30,1875-01-12,Tuesday,30
1931-10-01,1875-01-13,Wednesday,29
1931-10-29,1875-02-10,Wednesday,29
1931-11-01,1875-02-11,Thursday,30
1931-11-30,1875-03-12,Friday,30
1931-12-01,1875-03-13,Saturday,30
1931-12-30,1875-04-11,Sunday,30
1932-01-01,1875-04-12,Monday,31
1932-01-31,1875-05-12,Wednesday,31
1932-02-01,1875-05-13,Thursday,31
1932-02-31,1875-06-12,Saturday,31
1932-03-01,1875-06-13,Sunday,32
1932-03-32,1875-07-14,Wednesday,32
1932-04-01,1875-07-15,Thursday,31
1932-04-31,1875-08-14,Saturday,31
1932-05-01,1875-08-15,Sunday,31
1932-05-31,1875-09-14,Tuesday,31
1932-06-01,1875-09-15,Wednesday,31
1932-06-31,1875-10-15,Friday,31
1932-07-01,1875-10-16,Saturday,30
1932-07-30,1875-11-14,Sunday,30
1932-08-01,1875-11-15,Monday,29
1932-08-29,1875-12-13,Monday,29
1932-09-01,1875-12-14,Tuesday,30
1932-09-30,1876-01-12,Wednesday,30
1932-10-01,1876-01-13,Thursday,29
1932-10-29,1876-02-10,Thursday,29
1932-11-01,1876-02-11,Friday,30
1932-11-30,1876-03-11,Saturday,30
1932-12-01,1876-03-12,Sunday,30
1932-12-30,1876-04-10,Monday,30
1933-01-01,1876-04-11,Tuesday,31
1933-01-31,1876-05-11,Thursday,31
1933-02-01,1876-05-12,Friday,32
1933-02-32,1876-06-12,Monday,32
1933-03-01,1876-06-13,Tuesday,31
1933-03-31,1876-07-13,Thursday,31
1933-04-01,1876-07-14,Friday,32
1933-04-32,1876-08-14,Monday,32
1933-05-01,1876-08-15,Tuesday,31
1933-05-31,1876-09-14,Thursday,31
1933-06-01,1876-09-15,Friday,30
1933-06-30,1876-10-14,Saturday,30
1933-07-01,1876-10-15,Sunday,30
1933-07-30,1876-11-13,Monday,30
1933-08-01,1876-11-14,Tuesday,30
1933-08-30,1876-12-13,Wednesday,30
1933-09-01,1876-12-14,Thursday,29
1933-09-29,1877-01-11,Thursday,29
1933-10-01,1877-01-12,Friday,29
1933-10-29,1877-02-09,Friday,29
1933-11-01,1877-02-10,Saturday,30
1933-11-30,1877-03-11,Sunday,30
1933-12-01,1877-03-12,Monday,30
1933-12-30,1877-04-10,Tuesday,30
1934-01-01,1877-04-11,Wednesday,31
1934-01-31,1877-05-11,Friday,31
1934-02-01,1877-05-12,Saturday,32
1934-02-32,1877-06-12,Tuesday,32
1934-03-01,1877-06-13,Wednesday,31
1934-03-31,1877-07-13,Friday,31
1934-04-01,1877-07-14,Saturday,32
1934-04-32,1877-08-14,Tuesday,32
1934-05-01,1877-08-15,Wednesday,31
1934-05-31,1877-09-14,Friday,31
1934-06-01,1877-09-15,Saturday,30
1934-06-30,1877-10-14,Sunday,30
1934-07-01,1877-10-15,Monday,30
1934-07-30,1877-11-13,Tuesday,30
1934-08-01,1877-11-14,Wednesday,30
1934-08-30,1877-12-13,Thursday,30
1934-09-01,1877-12-14,Friday,29
1934-09-29,1878-01-11,Friday,29
1934-10-01,1878-01-12,Saturday,30
1934-10-30,1878-02-10,Sunday,30
1934-11-01,1878-02-11,Monday,29
1934-11-29,1878-03-11,Monday,29
1934-12-01,1878-03-12,Tuesday,31
1934-12-31,1878-04-11,Thursday,31
1935-01-01,1878-04-12,Friday,31
1935-01-31,1878-05-12,Sunday,31
1935-02-01,1878-05-13,Monday,31
1935-02-31,1878-06-12,Wednesday,31
1935-03-01,1878-06-13,Thursday,31
1935-03-31,1878-07-13,Saturday,31
1935-04-01,1878-07-14,Sunday,32
1935-04-32,1878-08-14,Wednesday,32
1935-05-01,1878-08-15,Thursday,31
1935-05-31,1878-09-14,Saturday,31
1935-06-01,1878-09-15,Sunday,31
1935-06-31,1878-10-15,Tuesday,31
1935-07-01,1878-10-16,Wednesday,30
1935-07-30,1878-11-14,Thursday,30
1935-08-01,1878-11-15,Friday,29
1935-08-29,1878-12-13,Friday,29
1935-09-01,1878-12-14,Saturday,30
1935-09-30,1879-01-12,Sunday,30
1935-10-01,1879-01-13,Monday,29
1935-10-29,1879-02-10,Monday,29
1935-11-01,1879-02-11,Tuesday,30
1935-11-30,1879-03-12,Wednesday,30
1935-12-01,1879-03-13,Thursday,30
1935-12-30,1879-04-11,Friday,30
1936-01-01,1879-04-12,Saturday,31
1936-01-31,1879-05-12,Monday,31
1936-02-01,1879-05-13,Tuesday,31
1936-02-31,1879-06-12,Thursday,31
1936-03-01,1879-06-13,Friday,32
1936-03-32,1879-07-14,Monday,32
1936-04-01,1879-07-15,Tuesday,31
1936-04-31,1879-08-14,Thursday,31
1936-05-01,1879-08-15,Friday,31
1936-05-31,1879-09-14,Sunday,31
1936-06-01,1879-09-15,Monday,31
1936-06-31,1879-10-15,Wednesday,31
1936-07-01,1879-10-16,Thursday,30
1936-07-30,1879-11-14,Friday,30
1936-08-01,1879-11-15,Saturday,29
1936-08-29,1879-12-13,Saturday,29
1936-09-01,1879-12-14,Sunday,30
1936-09-30,1880-01-12,Monday,30
1936-10-01,1880-01-13,Tuesday,29
1936-10-29,1880-02-10,Tuesday,29
1936-11-01,1880-02-11,Wednesday,30
1936-11-30,1880-03-11,Thursday,30
1936-12-01,1880-03-12,Friday,30
1936-12-30,1880-04-10,Saturday,30
1937-01-01,1880-04-11,Sunday,31
1937-01-31,1880-05-11,Tuesday,31
1937-02-01,1880-05-12,Wednesday,32
1937-02-32,1880-06-12,Saturday,32
1937-03-01,1880-06-13,Sunday,31
1937-03-31,1880-07-13,Tuesday,31
1937-04-01,1880-07-14,Wednesday,32
1937-04-32,1880-08-14,Saturday,32
1937-05-01,1880-08-15,Sunday,31
1937-05-31,1880-09-14,Tuesday,31
1937-06-01,1880-09-15,Wednesday,30
1937-06-30,1880-10-14,Thursday,30
1937-07-01,1880-10-15,Friday,30
1937-07-30,1880-11-13,Saturday,30
1937-08-01,1880-11-14,Sunday,30
1937-08-30,1880-12-13,Monday,30
1937-09-01,1880-12-14,Tuesday,29
1937-09-29,1881-01-11,Tuesday,29
1937-10-01,1881-01-12,Wednesday,29
1937-10-29,1881-02-09,Wednesday,29
1937-11-01,1881-02-10,Thursday,30
1937-11-30,1881-03-11,Friday,30
1937-12-01,1881-03-12,Saturday,30
1937-12-30,1881-04-10,Sunday,30
1938-01-01,1881-04-11,Monday,31
1938-01-31,1881-05-11,Wednesday,31
1938-02-01,1881-05-12,Thursday,32
1938-02-32,1881-06-12,Sunday,32
1938-03-01,1881-06-13,Monday,31
1938-03-31,1881-07-13,Wednesday,31
1938-04-01,1881-07-14,Thursday,32
1938-04-32,1881-08-14,Sunday,32
1938-05-01,1881-08-15,Monday,31
1938-05-31,1881-09-14,Wednesday,31
1938-06-01,1881-09-15,Thursday,30
1938-06-30,1881-10-14,Friday,30
1938-07-01,1881-10-15,Saturday,30
1938-07-30,1881-11-13,Sunday,30
1938-08-01,1881-11-14,Monday,30
1938-08-30,1881-12-13,Tuesday,30
1938-09-01,1881-12-14,Wednesday,29
1938-09-29,1882-01-11,Wednesday,29
1938-10-01,1882-01-12,Thursday,30
1938-10-30,1882-02-10,Friday,30
1938-11-01,1882-02-11,Saturday,29
1938-11-29,1882-03-11,Saturday,29
1938-12-01,1882-03-12,Sunday,31
1938-12-31,1882-04-11,Tuesday,31
1939-01-01,1882-04-12,Wednesday,31
1939-01-31,1882-05-12,Friday,31
1939-02-01,1882-05-13,Saturday,31
1939-02-31,1882-06-12,Monday,31
1939-03-01,1882-06-13,Tuesday,31
1939-03-31,1882-07-13,Thursday,31
1939-04-01,1882-07-14,Friday,32
1939-04-32,1882-08-14,Monday,32
1939-05-01,1882-08-15,Tuesday,31
1939-05-31,1882-09-14,Thursday,31
1939-06-01,1882-09-15,Friday,31
1939-06-31,1882-10-15,Sunday,31
1939-07-01,1882-10-16,Monday,30
1939-07-30,1882-11-14,Tuesday,30
1939-08-01,1882-11-15,Wednesday,29
1939-08-29,1882-12-13,Wednesday,29
1939-09-01,1882-12-14,Thursday,30
1939-09-30,1883-01-12,Friday,30
1939-10-01,1883-01-13,Saturday,29
1939-10-29,1883-02-10,Saturday,29
1939-11-01,1883-02-11,Sunday,30
1939-11-30,1883-03-12,Monday,30
1939-12-01,1883-03-13,Tuesday,30
1939-12-30,1883-04-11,Wednesday,30
1940-01-01,1883-04-12,Thursday,31
1940-01-31,1883-05-12,Saturday,31
1940-02-01,1883-05-13,Sunday,31
1940-02-31,1883-06-12,Tuesday,31
1940-03-01,1883-06-13,Wednesday,32
1940-03-32,1883-07-14,Saturday,32
1940-04-01,1883-07-15,Sunday,31
1940-04-31,1883-08-14,Tuesday,31
1940-05-01,1883-08-15,Wednesday,31
1940-05-31,1883-09-14,Friday,31
1940-06-01,1883-09-15,Saturday,31
1940-06-31,1883-10-15,Monday,31
1940-07-01,1883-10-16,Tuesday,30
1940-07-30,1883-11-14,Wednesday,30
1940-08-01,1883-11-15,Thursday,29
1940-08-29,1883-12-13,Thursday,29
1940-09-01,1883-12-14,Friday,30
1940-09-30,1884-01-12,Saturday,30
1940-10-01,1884-01-13,Sunday,29
1940-10-29,1884-02-10,Sunday,29
1940-11-01,1884-02-11,Monday,30
1940-11-30,1884-03-11,Tuesday,30
1940-12-01,1884-03-12,Wednesday,30
1940-12-30,1884-04-10,Thursday,30
1941-01-01,1884-04-11,Friday,31
1941-01-31,1884-05-11,Sunday,31
1941-02-01,1884-05-12,Monday,32
1941-02-32,1884-06-12,Thursday,32
1941-03-01,1884-06-13,Friday,31
1941-03-31,1884-07-13,Sunday,31
1941-04-01,1884-07-14,Monday,32
1941-04-32,1884-08-14,Thursday,32
1941-05-01,1884-08-15,Friday,31
1941-05-31,1884-09-14,Sunday,31
1941-06-01,1884-09-15,Monday,30
1941-06-30,1884-10-14,Tuesday,30
1941-07-01,1884-10-15,Wednesday,30
1941-07-30,1884-11-13,Thursday,30
1941-08-01,1884-11-14,Friday,30
1941-08-30,1884-12-13,Saturday,30
1941-09-01,1884-12-14,Sunday,29
1941-09-29,1885-01-11,Sunday,29
1941-10-01,1885-01-12,Monday,29
1941-10-29,1885-02-09,Monday,29
1941-11-01,1885-02-10,Tuesday,30
1941-11-30,1885-03-11,Wednesday,30
1941-12-01,1885-03-12,Thursday,31
1941-12-31,1885-04-11,Saturday,31
1942-01-01,1885-04-12,Sunday,30
1942-01-30,1885-05-11,Monday,30
1942-02-01,1885-05-12,Tuesday,32
1942-02-32,1885-06-12,Friday,32
1942-03-01,1885-06-13,Saturday,31
1942-03-31,1885-07-13,Monday,31
1942-04-01,1885-07-14,Tuesday,32
1942-04-32,1885-08-14,Friday,32
1942-05-01,1885-08-15,Saturday,31
1942-05-31,1885-09-14,Monday,31
1942-06-01,1885-09-15,Tuesday,30
1942-06-30,1885-10-14,Wednesday,30
1942-07-01,1885-10-15,Thursday,30
1942-07-30,1885-11-13,Friday,30
1942-08-01,1885-11-14,Saturday,30
1942-08-30,1885-12-13,Sunday,30
1942-09-01,1885-12-14,Monday,29
1942-09-29,1886-01-11,Monday,29
1942-10-01,1886-01-12,Tuesday,30
1942-10-30,1886-02-10,Wednesday,30
1942-11-01,1886-02-11,Thursday,29
1942-11-29,1886-03-11,Thursday,29
1942-12-01,1886-03-12,Friday,31
1942-12-31,1886-04-11,Sunday,31
1943-01-01,1886-04-12,Monday,31
1943-01-31,1886-05-12,Wednesday,31
1943-02-01,1886-05-13,Thursday,31
1943-02-31,1886-06-12,Saturday,31
1943-03-01,1886-06-13,Sunday,32
1943-03-32,1886-07-14,Wednesday,32
1943-04-01,1886-07-15,Thursday,31
1943-04-31,1886-08-14,Saturday,31
1943-05-01,1886-08-15,Sunday,31
1943-05-31,1886-09-14,Tuesday,31
1943-06-01,1886-09-15,Wednesday,31
1943-06-31,1886-10-15,Friday,31
1943-07-01,1886-10-16,Saturday,30
1943-07-30,1886-11-14,Sunday,30
1943-08-01,1886-11-15,Monday,29
1943-08-29,1886-12-13,Monday,29
1943-09-01,1886-12-14,Tuesday,30
1943-09-30,1887-01-12,Wednesday,30
1943-10-01,1887-01-13,Thursday,29
1943-10-29,1887-02-10,Thursday,29
1943-11-01,1887-02-11,Friday,30
1943-11-30,1887-03-12,Saturday,30
1943-12-01,1887-03-13,Sunday,30
1943-12-30,1887-04-11,Monday,30
1944-01-01,1887-04-12,Tuesday,31
1944-01-31,1887-05-12,Thursday,31
1944-02-01,1887-05-13,Friday,31
1944-02-31,1887-06-12,Sunday,31
1944-03-01,1887-06-13,Monday,32
1944-03-32,1887-07-14,Thursday,32
1944-04-01,1887-07-15,Friday,31
1944-04-31,1887-08-14,Sunday,31
1944-05-01,1887-08-15,Monday,32
1944-05-32,1887-09-15,Thursday,32
1944-06-01,1887-09-16,Friday,30
1944-06-30,1887-10-15,Saturday,30
1944-07-01,1887-10-16,Sunday,30
1944-07-30,1887-11-14,Monday,30
1944-08-01,1887-11-15,Tuesday,29
1944-08-29,1887-12-13,Tuesday,29
1944-09-01,1887-12-14,Wednesday,30
1944-09-30,1888-01-12,Thursday,30
1944-10-01,1888-01-13,Friday,29
1944-10-29,1888-02-10,Friday,29
1944-11-01,1888-02-11,Saturday,30
1944-11-30,1888-03-11,Sunday,30
1944-12-01,1888-03-12,Monday,30
1944-12-30,1888-04-10,Tuesday,30
1945-01-01,1888-04-11,Wednesday,31
1945-01-31,1888-05-11,Friday,31
1945-02-01,1888-05-12,Saturday,32
1945-02-32,1888-06-12,Tuesday,32
1945-03-01,1888-06-13,Wednesday,31
1945-03-31,1888-07-13,Friday,31
1945-04-01,1888-07-14,Saturday,32
1945-04-32,1888-08-14,Tuesday,32
1945-05-01,1888-08-15,Wednesday,31
1945-05-31,1888-09-14,Friday,31
1945-06-01,1888-09-15,Saturday,30
1945-06-30,1888-10-14,Sunday,30
1945-07-01,1888-10-15,Monday,30
1945-07-30,1888-11-13,Tuesday,30
1945-08-01,1888-11-14,Wednesday,30
1945-08-30,1888-12-13,Thursday,30
1945-09-01,1888-12-14,Friday,29
1945-09-29,1889-01-11,Friday,29
1945-10-01,1889-01-12,Saturday,29
1945-10-29,1889-02-09,Saturday,29
1945-11-01,1889-02-10,Sunday,30
1945-11-30,1889-03-11,Monday,30
1945-12-01,1889-03-12,Tuesday,31
1945-12-31,1889-04-11,Thursday,31
1946-01-01,1889-04-12,Friday,30
1946-01-30,1889-05-11,Saturday,30
1946-02-01,1889-05-12,Sunday,32
1946-02-32,1889-06-12,Wednesday,32
1946-03-01,1889-06-13,Thursday,31
1946-03-31,1889-07-13,Saturday,31
1946-04-01,1889-07-14,Sunday,32
1946-04-32,1889-08-14,Wednesday,32
1946-05-01,1889-08-15,Thursday,31
1946-05-31,1889-09-14,Saturday,31
1946-06-01,1889-09-15,Sunday,30
1946-06-30,1889-10-14,Monday,30
1946-07-01,1889-10-15,Tuesday,30
1946-07-30,1889-11-13,Wednesday,30
1946-08-01,1889-11-14,Thursday,30
1946-08-30,1889-12-13,Friday,30
1946-09-01,1889-12-14,Saturday,29
1946-09-29,1890-01-11,Saturday,29
1946-10-01,1890-01-12,Sunday,30
1946-10-30,1890-02-10,Monday,30
1946-11-01,1890-02-11,Tuesday,29
1946-11-29,1890-03-11,Tuesday,29
1946-12-01,1890-03-12,Wednesday,31
1946-12-31,1890-04-11,Friday,31
1947-01-01,1890-04-12,Saturday,31
1947-01-31,1890-05-12,Monday,31
1947-02-01,1890-05-13,Tuesday,31
1947-02-31,1890-06-12,Thursday,31
1947-03-01,1890-06-13,Friday,32
1947-03-32,1890-07-14,Monday,32
1947-04-01,1890-07-15,Tuesday,31
1947-04-31,1890-08-14,Thursday,31
1947-05-01,1890-08-15,Friday,31
1947-05-31,1890-09-14,Sunday,31
1947-06-01,1890-09-15,Monday,31
1947-06-31,1890-10-15,Wednesday,31
1947-07-01,1890-10-16,Thursday,30
1947-07-30,1890-11-14,Friday,30
1947-08-01,1890-11-15,Saturday,29
1947-08-29,1890-12-13,Saturday,29
1947-09-01,1890-12-14,Sunday,30
1947-09-30,1891-01-12,Monday,30
1947-10-01,1891-01-13,Tuesday,29
1947-10-29,1891-02-10,Tuesday,29
1947-11-01,1891-02-11,Wednesday,30
1947-11-30,1891-03-12,Thursday,30
1947-12-01,1891-03-13,Friday,30
1947-12-30,1891-04-11,Saturday,30
1948-01-01,1891-04-12,Sunday,31
1948-01-31,1891-05-12,Tuesday,31
1948-02-01,1891-05-13,Wednesday,31
1948-02-31,1891-06-12,Friday,31
1948-03-01,1891-06-13,Saturday,32
1948-03-32,1891-07-14,Tuesday,32
1948-04-01,1891-07-15,Wednesday,32
1948-04-32,1891-08-15,Saturday,32
1948-05-01,1891-08-16,Sunday,31
1948-05-31,1891-09-15,Tuesday,31
1948-06-01,1891-09-16,Wednesday,30
1948-06-30,1891-10-15,Thursday,30
1948-07-01,1891-10-16,Friday,30
1948-07-30,1891-11-14,Saturday,30
1948-08-01,1891-11-15,Sunday,29
1948-08-29,1891-12-13,Sunday,29
1948-09-01,1891-12-14,Monday,30
1948-09-30,1892-01-12,Tuesday,30
1948-10-01,1892-01-13,Wednesday,29
1948-10-29,1892-02-10,Wednesday,29
1948-11-01,1892-02-11,Thursday,30
1948-11-30,1892-03-11,Friday,30
1948-12-01,1892-03-12,Saturday,30
1948-12-30,1892-04-10,Sunday,30
1949-01-01,1892-04-11,Monday,31
1949-01-31,1892-05-11,Wednesday,31
1949-02-01,1892-05-12,Thursday,32
1949-02-32,1892-06-12,Sunday,32
1949-03-01,1892-06-13,Monday,31
1949-03-31,1892-07-13,Wednesday,31
1949-04-01,1892-07-14,Thursday,32
1949-04-32,1892-08-14,Sunday,32
1949-05-01,1892-08-15,Monday,31
1949-05-31,1892-09-14,Wednesday,31
1949-06-01,1892-09-15,Thursday,30
1949-06-30,1892-10-14,Friday,30
1949-07-01,1892-10-15,Saturday,30
1949-07-30,1892-11-13,Sunday,30
1949-08-01,1892-11-14,Monday,30
1949-08-30,1892-12-13,Tuesday,30
1949-09-01,1892-12-14,Wednesday,29
1949-09-29,1893-01-11,Wednesday,29
1949-10-01,1893-01-12,Thursday,29
1949-10-29,1893-02-09,Thursday,29
1949-11-01,1893-02-10,Friday,30
1949-11-30,1893-03-11,Saturday,30
1949-12-01,1893-03-12,Sunday,31
1949-12-31,1893-04-11,Tuesday,31
1950-01-01,1893-04-12,Wednesday,31
1950-01-31,1893-05-12,Friday,31
1950-02-01,1893-05-13,Saturday,31
1950-02-31,1893-06-12,Monday,31
1950-03-01,1893-06-13,Tuesday,31
1950-03-31,1893-07-13,Thursday,31
1950-04-01,1893-07-14,Friday,32
1950-04-32,1893-08-14,Monday,32
1950-05-01,1893-08-15,Tuesday,31
1950-05-31,1893-09-14,Thursday,31
1950-06-01,1893-09-15,Friday,31
1950-06-31,1893-10-15,Sunday,31
1950-07-01,1893-10-16,Monday,29
1950-07-29,1893-11-13,Monday,29
1950-08-01,1893-11-14,Tuesday,30
1950-08-30,1893-12-13,Wednesday,30
1950-09-01,1893-12-14,Thursday,30
1950-09-30,1894-01-12,Friday,30
1950-10-01,1894-01-13,Saturday,29
1950-10-29,1894-02-10,Saturday,29
1950-11-01,1894-02-11,Sunday,29
1950-11-29,1894-03-11,Sunday,29
1950-12-01,1894-03-12,Monday,31
1950-12-31,1894-04-11,Wednesday,31
1951-01-01,1894-04-12,Thursday,31
1951-01-31,1894-05-12,Saturday,31
1951-02-01,1894-05-13,Sunday,31
1951-02-31,1894-06-12,Tuesday,31
1951-03-01,1894-06-13,Wednesday,32
1951-03-32,1894-07-14,Saturday,32
1951-04-01,1894-07-15,Sunday,31
1951-04-31,1894-08-14,Tuesday,31
1951-05-01,1894-08-15,Wednesday,31
1951-05-31,1894-09-14,Friday,31
1951-06-01,1894-09-15,Saturday,31
1951-06-31,1894-10-15,Monday,31
1951-07-01,1894-10-16,Tuesday,30
1951-07-30,1894-11-14,Wednesday,30
1951-08-01,1894-11-15,Thursday,29
1951-08-29,1894-12-13,Thursday,29
1951-09-01,1894-12-14,Friday,30
1951-09-30,1895-01-12,Saturday,30
1951-10-01,1895-01-13,Sunday,29
1951-10-29,1895-02-10,Sunday,29
1951-11-01,1895-02-11,Monday,30
1951-11-30,1895-03-12,Tuesday,30
1951-12-01,1895-03-13,Wednesday,30
1951-12-30,1895-04-11,Thursday,30
1952-01-01,1895-04-12,Friday,31
1952-01-31,1895-05-12,Sunday,31
1952-02-01,1895-05-13,Monday,31
1952-02-31,1895-06-12,Wednesday,31
1952-03-01,1895-06-13,Thursday,32
1952-03-32,1895-07-14,Sunday,32
1952-04-01,1895-07-15,Monday,32
1952-04-32,1895-08-15,Thursday,32
1952-05-01,1895-08-16,Friday,31
1952-05-31,1895-09-15,Sunday,31
1952-06-01,1895-09-16,Monday,30
1952-06-30,1895-10-15,Tuesday,30
1952-07-01,1895-10-16,Wednesday,30
1952-07-30,1895-11-14,Thursday,30
1952-08-01,1895-11-15,Friday,29
1952-08-29,1895-12-13,Friday,29
1952-09-01,1895-12-14,Saturday,30
1952-09-30,1896-01-12,Sunday,30
1952-10-01,1896-01-13,Monday,29
1952-10-29,1896-02-10,Monday,29
1952-11-01,1896-02-11,Tuesday,30
1952-11-30,1896-03-11,Wednesday,30
1952-12-01,1896-03-12,Thursday,30
1952-12-30,1896-04-10,Friday,30
1953-01-01,1896-04-11,Saturday,31
1953-01-31,1896-05-11,Monday,31
1953-02-01,1896-05-12,Tuesday,32
1953-02-32,1896-06-12,Friday,32
1953-03-01,1896-06-13,Saturday,31
1953-03-31,1896-07-13,Monday,31
1953-04-01,1896-07-14,Tuesday,32
1953-04-32,1896-08-14,Friday,32
1953-05-01,1896-08-15,Saturday,31
1953-05-31,1896-09-14,Monday,31
1953-06-01,1896-09-15,Tuesday,30
1953-06-30,1896-10-14,Wednesday,30
1953-07-01,1896-10-15,Thursday,30
1953-07-30,1896-11-13,Friday,30
1953-08-01,1896-11-14,Saturday,30
1953-08-30,1896-12-13,Sunday,30
1953-09-01,1896-12-14,Monday,29
1953-09-29,1897-01-11,Monday,29
1953-10-01,1897-01-12,Tuesday,29
1953-10-29,1897-02-09,Tuesday,29
1953-11-01,1897-02-10,Wednesday,30
1953-11-30,1897-03-11,Thursday,30
1953-12-01,1897-03-12,Friday,31
1953-12-31,1897-04-11,Sunday,31
1954-01-01,1897-04-12,Monday,31
1954-01-31,1897-05-12,Wednesday,31
1954-02-01,1897-05-13,Thursday,31
1954-02-31,1897-06-12,Saturday,31
1954-03-01,1897-06-13,Sunday,31
1954-03-31,1897-07-13,Tuesday,31
1954-04-01,1897-07-14,Wednesday,32
1954-04-32,1897-08-14,Saturday,32
1954-05-01,1897-08-15,Sunday,31
1954-05-31,1897-09-14,Tuesday,31
1954-06-01,1897-09-15,Wednesday,31
1954-06-31,1897-10-15,Friday,31
1954-07-01,1897-10-16,Saturday,29
1954-07-29,1897-11-13,Saturday,29
1954-08-01,1897-11-14,Sunday,30
1954-08-30,1897-12-13,Monday,30
1954-09-01,1897-12-14,Tuesday,30
1954-09-30,1898-01-12,Wednesday,30
1954-10-01,1898-01-13,Thursday,29
1954-10-29,1898-02-10,Thursday,29
1954-11-01,1898-02-11,Friday,30
1954-11-30,1898-03-12,Saturday,30
1954-12-01,1898-03-13,Sunday,30
1954-12-30,1898-04-11,Monday,30
1955-01-01,1898-04-12,Tuesday,31
1955-01-31,1898-05-12,Thursday,31
1955-02-01,1898-05-13,Friday,31
1955-02-31,1898-06-12,Sunday,31
1955-03-01,1898-06-13,Monday,32
1955-03-32,1898-07-14,Thursday,32
1955-04-01,1898-07-15,Friday,31
1955-04-31,1898-08-14,Sunday,31
1955-05-01,1898-08-15,Monday,31
1955-05-31,1898-09-14,Wednesday,31
1955-06-01,1898-09-15,Thursday,31
1955-06-31,1898-10-15,Saturday,31
1955-07-01,1898-10-16,Sunday,30
1955-07-30,1898-11-14,Monday,30
1955-08-01,1898-11-15,Tuesday,29
1955-08-29,1898-12-13,Tuesday,29
1955-09-01,1898-12-14,Wednesday,30
1955-09-30,1899-01-12,Thursday,30
1955-10-01,1899-01-13,Friday,29
1955-10-29,1899-02-10,Friday,29
1955-11-01,1899-02-11,Saturday,30
1955-11-30,1899-03-12,Sunday,30
1955-12-01,1899-03-13,Monday,30
1955-12-30,1899-04-11,Tuesday,30
1956-01-01,1899-04-12,Wednesday,31
1956-01-31,1899-05-12,Friday,31
1956-02-01,1899-05-13,Saturday,31
1956-02-31,1899-06-12,Monday,31
1956-03-01,1899-06-13,Tuesday,32
1956-03-32,1899-07-14,Friday,32
1956-04-01,1899-07-15,Saturday,32
1956-04-32,1899-08-15,Tuesday,32
1956-05-01,1899-08-16,Wednesday,31
1956-05-31,1899-09-15,Friday,31
1956-06-01,1899-09-16,Saturday,30
1956-06-30,1899-10-15,Sunday,30
1956-07-01,1899-10-16,Monday,30
1956-07-30,1899-11-14,Tuesday,30
1956-08-01,1899-11-15,Wednesday,29
1956-08-29,1899-12-13,Wednesday,29
1956-09-01,1899-12-14,Thursday,30
1956-09-30,1900-01-12,Friday,30
1956-10-01,1900-01-13,Saturday,29
1956-10-29,1900-02-10,Saturday,29
1956-11-01,1900-02-11,Sunday,30
1956-11-30,1900-03-12,Monday,30
1956-12-01,1900-03-13,Tuesday,30
1956-12-30,1900-04-11,Wednesday,30
1957-01-01,1900-04-12,Thursday,31
1957-01-31,1900-05-12,Saturday,31
1957-02-01,1900-05-13,Sunday,32
1957-02-32,1900-06-13,Wednesday,32
1957-03-01,1900-06-14,Thursday,31
1957-03-31,1900-07-14,Saturday,31
1957-04-01,1900-07-15,Sunday,32
1957-04-32,1900-08-15,Wednesday,32
1957-05-01,1900-08-16,Thursday,31
1957-05-31,1900-09-15,Saturday,31
1957-06-01,1900-09-16,Sunday,30
1957-06-30,1900-10-15,Monday,30
1957-07-01,1900-10-16,Tuesday,30
1957-07-30,1900-11-14,Wednesday,30
1957-08-01,1900-11-15,Thursday,30
1957-08-30,1900-12-14,Friday,30
1957-09-01,1900-12-15,Saturday,29
1957-09-29,1901-01-12,Saturday,29
1957-10-01,1901-01-13,Sunday,29
1957-10-29,1901-02-10,Sunday,29
1957-11-01,1901-02-11,Monday,30
1957-11-30,1901-03-12,Tuesday,30
1957-12-01,1901-03-13,Wednesday,31
1957-12-31,1901-04-12,Friday,31
1958-01-01,1901-04-13,Saturday,31
1958-01-31,1901-05-13,Monday,31
1958-02-01,1901-05-14,Tuesday,31
1958-02-31,1901-06-13,Thursday,31
1958-03-01,1901-06-14,Friday,31
1958-03-31,1901-07-14,Sunday,31
1958-04-01,1901-07-15,Monday,32
1958-04-32,1901-08-15,Thursday,32
1958-05-01,1901-08-16,Friday,31
1958-05-31,1901-09-15,Sunday,31
1958-06-01,1901-09-16,Monday,31
1958-06-31,1901-10-16,Wednesday,31
1958-07-01,1901-10-17,Thursday,29
1958-07-29,1901-11-14,Thursday,29
1958-08-01,1901-11-15,Friday,30
1958-08-30,1901-12-14,Saturday,30
1958-09-01,1901-12-15,Sunday,30
1958-09-30,1902-01-13,Monday,30
1958-10-01,1902-01-14,Tuesday,29
1958-10-29,1902-02-11,Tuesday,29
1958-11-01,1902-02-12,Wednesday,30
1958-11-30,1902-03-13,Thursday,30
1958-12-01,1902-03-14,Friday,30
1958-12-30,1902-04-12,Saturday,30
1959-01-01,1902-04-13,Sunday,31
1959-01-31,1902-05-13,Tuesday,31
1959-02-01,1902-05-14,Wednesday,31
1959-02-31,1902-06-13,Friday,31
1959-03-01,1902-06-14,Saturday,32
1959-03-32,1902-07-15,Tuesday,32
1959-04-01,1902-07-16,Wednesday,31
1959-04-31,1902-08-15,Friday,31
1959-05-01,1902-08-16,Saturday,31
1959-05-31,1902-09-15,Monday,31
1959-06-01,1902-09-16,Tuesday,31
1959-06-31,1902-10-16,Thursday,31
1959-07-01,1902-10-17,Friday,30
1959-07-30,1902-11-15,Saturday,30
1959-08-01,1902-11-16,Sunday,29
1959-08-29,1902-12-14,Sunday,29
1959-09-01,1902-12-15,Monday,30
1959-09-30,1903-01-13,Tuesday,30
1959-10-01,1903-01-14,Wednesday,29
1959-10-29,1903-02-11,Wednesday,29
1959-11-01,1903-02-12,Thursday,30
1959-11-30,1903-03-13,Friday,30
1959-12-01,1903-03-14,Saturday,30
1959-12-30,1903-04-12,Sunday,30
1960-01-01,1903-04-13,Monday,31
1960-01-31,1903-05-13,Wednesday,31
1960-02-01,1903-05-14,Thursday,32
1960-02-32,1903-06-14,Sunday,32
1960-03-01,1903-06-15,Monday,31
1960-03-31,1903-07-15,Wednesday,31
1960-04-01,1903-07-16,Thursday,32
1960-04-32,1903-08-16,Sunday,32
1960-05-01,1903-08-17,Monday,31
1960-05-31,1903-09-16,Wednesday,31
1960-06-01,1903-09-17,Thursday,30
1960-06-30,1903-10-16,Friday,30
1960-07-01,1903-10-17,Saturday,30
1960-07-30,1903-11-15,Sunday,30
1960-08-01,1903-11-16,Monday,29
1960-08-29,1903-12-14,Monday,29
1960-09-01,1903-12-15,Tuesday,30
1960-09-30,1904-01-13,Wednesday,30
1960-10-01,1904-01-14,Thursday,29
1960-10-29,1904-02-11,Thursday,29
1960-11-01,1904-02-12,Friday,30
1960-11-30,1904-03-12,Saturday,30
1960-12-01,1904-03-13,Sunday,30
1960-12-30,1904-04-11,Monday,30
1961-01-01,1904-04-12,Tuesday,31
1961-01-31,1904-05-12,Thursday,31
1961-02-01,1904-05-13,Friday,32
1961-02-32,1904-06-13,Monday,32
1961-03-01,1904-06-14,Tuesday,31
1961-03-31,1904-07-14,Thursday,31
1961-04-01,1904-07-15,Friday,32
1961-04-32,1904-08-15,Monday,32
1961-05-01,1904-08-16,Tuesday,31
1961-05-31,1904-09-15,Thursday,31
1961-06-01,1904-09-16,Friday,30
1961-06-30,1904-10-15,Saturday,30
1961-07-01,1904-10-16,Sunday,30
1961-07-30,1904-11-14,Monday,30
1961-08-01,1904-11-15,Tuesday,30
1961-08-30,1904-12-14,Wednesday,30
1961-09-01,1904-12-15,Thursday,29
1961-09-29,1905-01-12,Thursday,29
1961-10-01,1905-01-13,Friday,30
1961-10-30,1905-02-11,Saturday,30
1961-11-01,1905-02-12,Sunday,29
1961-11-29,1905-03-12,Sunday,29
1961-12-01,1905-03-13,Monday,31
1961-12-31,1905-04-12,Wednesday,31
1962-01-01,1905-04-13,Thursday,31
1962-01-31,1905-05-13,Saturday,31
1962-02-01,1905-05-14,Sunday,31
1962-02-31,1905-06-13,Tuesday,31
1962-03-01,1905-06-14,Wednesday,31
1962-03-31,1905-07-14,Friday,31
1962-04-01,1905-07-15,Saturday,32
1962-04-32,1905-08-15,Tuesday,32
1962-05-01,1905-08-16,Wednesday,31
1962-05-31,1905-09-15,Friday,31
1962-06-01,1905-09-16,Saturday,31
1962-06-31,1905-10-16,Monday,31
1962-07-01,1905-10-17,Tuesday,30
1962-07-30,1905-11-15,Wednesday,30
1962-08-01,1905-11-16,Thursday,29
1962-08-29,1905-12-14,Thursday,29
1962-09-01,1905-12-15,Friday,30
1962-09-30,1906-01-13,Saturday,30
1962-10-01,1906-01-14,Sunday,29
1962-10-29,1906-02-11,Sunday,29
1962-11-01,1906-02-12,Monday,30
1962-11-30,1906-03-13,Tuesday,30
1962-12-01,1906-03-14,Wednesday,30
1962-12-30,1906-04-12,Thursday,30
1963-01-01,1906-04-13,Friday,31
1963-01-31,1906-05-13,Sunday,31
1963-02-01,1906-05-14,Monday,31
1963-02-31,1906-06-13,Wednesday,31
1963-03-01,1906-06-14,Thursday,32
1963-03-32,1906-07-15,Sunday,32
1963-04-01,1906-07-16,Monday,31
1963-04-31,1906-08-15,Wednesday,31
1963-05-01,1906-08-16,Thursday,31
1963-05-31,1906-09-15,Saturday,31
1963-06-01,1906-09-16,Sunday,31
1963-06-31,1906-10-16,Tuesday,31
1963-07-01,1906-10-17,Wednesday,30
1963-07-30,1906-11-15,Thursday,30
1963-08-01,1906-11-16,Friday,29
1963-08-29,1906-12-14,Friday,29
1963-09-01,1906-12-15,Saturday,30
1963-09-30,1907-01-13,Sunday,30
1963-10-01,1907-01-14,Monday,29
1963-10-29,1907-02-11,Monday,29
1963-11-01,1907-02-12,Tuesday,30
1963-11-30,1907-03-13,Wednesday,30
1963-12-01,1907-03-14,Thursday,30
1963-12-30,1907-04-12,Friday,30
1964-01-01,1907-04-13,Saturday,31
1964-01-31,1907-05-13,Monday,31
1964-02-01,1907-05-14,Tuesday,32
1964-02-32,1907-06-14,Friday,32
1964-03-01,1907-06-15,Saturday,31
1964-03-31,1907-07-15,Monday,31
1964-04-01,1907-07-16,Tuesday,32
1964-04-32,1907-08-16,Friday,32
1964-05-01,1907-08-17,Saturday,31
1964-05-31,1907-09-16,Monday,31
1964-06-01,1907-09-17,Tuesday,30
1964-06-30,1907-10-16,Wednesday,30
1964-07-01,1907-10-17,Thursday,30
1964-07-30,1907-11-15,Friday,30
1964-08-01,1907-11-16,Saturday,30
1964-08-30,1907-12-15,Sunday,30
1964-09-01,1907-12-16,Monday,29
1964-09-29,1908-01-13,Monday,29
1964-10-01,1908-01-14,Tuesday,29
1964-10-29,1908-02-11,Tuesday,29
1964-11-01,1908-02-12,Wednesday,30
1964-11-30,1908-03-12,Thursday,30
1964-12-01,1908-03-13,Friday,30
1964-12-30,1908-04-11,Saturday,30
1965-01-01,1908-04-12,Sunday,31
1965-01-31,1908-05-12,Tuesday,31
1965-02-01,1908-05-13,Wednesday,32
1965-02-32,1908-06-13,Saturday,32
1965-03-01,1908-06-14,Sunday,31
1965-03-31,1908-07-14,Tuesday,31
1965-04-01,1908-07-15,Wednesday,32
1965-04-32,1908-08-15,Saturday,32
1965-05-01,1908-08-16,Sunday,31
1965-05-31,1908-09-15,Tuesday,31
1965-06-01,1908-09-16,Wednesday,30
1965-06-30,1908-10-15,Thursday,30
1965-07-01,1908-10-16,Friday,30
1965-07-30,1908-11-14,Saturday,30
1965-08-01,1908-11-15,Sunday,30
1965-08-30,1908-12-14,Monday,30
1965-09-01,1908-12-15,Tuesday,29
1965-09-29,1909-01-12,Tuesday,29
1965-10-01,1909-01-13,Wednesday,30
1965-10-30,1909-02-11,Thursday,30
1965-11-01,1909-02-12,Friday,29
1965-11-29,1909-03-12,Friday,29
1965-12-01,1909-03-13,Saturday,31
1965-12-31,1909-04-12,Monday,31
1966-01-01,1909-04-13,Tuesday,31
1966-01-31,1909-05-13,Thursday,31
1966-02-01,1909-05-14,Friday,31
1966-02-31,1909-06-13,Sunday,31
1966-03-01,1909-06-14,Monday,31
1966-03-31,1909-07-14,Wednesday,31
1966-04-01,1909-07-15,Thursday,32
1966-04-32,1909-08-15,Sunday,32
1966-05-01,1909-08-16,Monday,31
1966-05-31,1909-09-15,Wednesday,31
1966-06-01,1909-09-16,Thursday,31
1966-06-31,1909-10-16,Saturday,31
1966-07-01,1909-10-17,Sunday,30
1966-07-30,1909-11-15,Monday,30
1966-08-01,1909-11-16,Tuesday,29
1966-08-29,1909-12-14,Tuesday,29
1966-09-01,1909-12-15,Wednesday,30
1966-09-30,1910-01-13,Thursday,30
1966-10-01,1910-01-14,Friday,29
1966-10-29,1910-02-11,Friday,29
1966-11-01,1910-02-12,Saturday,30
1966-11-30,1910-03-13,Sunday,30
1966-12-01,1910-03-14,Monday,30
1966-12-30,1910-04-12,Tuesday,30
1967-01-01,1910-04-13,Wednesday,31
1967-01-31,1910-05-13,Friday,31
1967-02-01,1910-05-14,Saturday,31
1967-02-31,1910-06-13,Monday,31
1967-03-01,1910-06-14,Tuesday,32
1967-03-32,1910-07-15,Friday,32
1967-04-01,1910-07-16,Saturday,31
1967-04-31,1910-08-15,Monday,31
1967-05-01,1910-08-16,Tuesday,31
1967-05-31,1910-09-15,Thursday,31
1967-06-01,1910-09-16,Friday,31
1967-06-31,1910-10-16,Sunday,31
1967-07-01,1910-10-17,Monday,30
1967-07-30,1910-11-15,Tuesday,30
1967-08-01,1910-11-16,Wednesday,29
1967-08-29,1910-12-14,Wednesday,29
1967-09-01,1910-12-15,Thursday,30
1967-09-30,1911-01-13,Friday,30
1967-10-01,1911-01-14,Saturday,29
1967-10-29,1911-02-11,Saturday,29
1967-11-01,1911-02-12,Sunday,30
1967-11-30,1911-03-13,Monday,30
1967-12-01,1911-03-14,Tuesday,30
1967-12-30,1911-04-12,Wednesday,30
1968-01-01,1911-04-13,Thursday,31
1968-01-31,1911-05-13,Saturday,31
1968-02-01,1911-05-14,Sunday,32
1968-02-32,1911-06-14,Wednesday,32
1968-03-01,1911-06-15,Thursday,31
1968-03-31,1911-07-15,Saturday,31
1968-04-01,1911-07-16,Sunday,32
1968-04-32,1911-08-16,Wednesday,32
1968-05-01,1911-08-17,Thursday,31
1968-05-31,1911-09-16,Saturday,31
1968-06-01,1911-09-17,Sunday,30
1968-06-30,1911-10-16,Monday,30
1968-07-01,1911-10-17,Tuesday,30
1968-07-30,1911-11-15,Wednesday,30
1968-08-01,1911-11-16,Thursday,30
1968-08-30,1911-12-15,Friday,30
1968-09-01,1911-12-16,Saturday,29
1968-09-29,1912-01-13,Saturday,29
1968-10-01,1912-01-14,Sunday,29
1968-10-29,1912-02-11,Sunday,29
1968-11-01,1912-02-12,Monday,30
1968-11-30,1912-03-12,Tuesday,30
1968-12-01,1912-03-13,Wednesday,30
1968-12-30,1912-04-11,Thursday,30
1969-01-01,1912-04-12,Friday,31
1969-01-31,1912-05-12,Sunday,31
1969-02-01,1912-05-13,Monday,32
1969-02-32,1912-06-13,Thursday,32
1969-03-01,1912-06-14,Friday,31
1969-03-31,1912-07-14,Sunday,31
1969-04-01,1912-07-15,Monday,32
1969-04-32,1912-08-15,Thursday,32
1969-05-01,1912-08-16,Friday,31
1969-05-31,1912-09-15,Sunday,31
1969-06-01,1912-09-16,Monday,30
1969-06-30,1912-10-15,Tuesday,30
1969-07-01,1912-10-16,Wednesday,30
1969-07-30,1912-11-14,Thursday,30
1969-08-01,1912-11-15,Friday,30
1969-08-30,1912-12-14,Saturday,30
1969-09-01,1912-12-15,Sunday,29
1969-09-29,1913-01-12,Sunday,29
1969-10-01,1913-01-13,Monday,30
1969-10-30,1913-02-11,Tuesday,30
1969-11-01,1913-02-12,Wednesday,29
1969-11-29,1913-03-12,Wednesday,29
1969-12-01,1913-03-13,Thursday,31
1969-12-31,1913-04-12,Saturday,31
1970-01-01,1913-04-13,Sunday,31
1970-01-31,1913-05-13,Tuesday,31
1970-02-01,1913-05-14,Wednesday,31
1970-02-31,1913-06-13,Friday,31
1970-03-01,1913-06-14,Saturday,32
1970-03-32,1913-07-15,Tuesday,32
1970-04-01,1913-07-16,Wednesday,31
1970-04-31,1913-08-15,Friday,31
1970-05-01,1913-08-16,Saturday,31
1970-05-31,1913-09-15,Monday,31
1970-06-01,1913-09-16,Tuesday,31
1970-06-31,1913-10-16,Thursday,31
1970-07-01,1913-10-17,Friday,30
1970-07-30,1913-11-15,Saturday,30
1970-08-01,1913-11-16,Sunday,29
1970-08-29,1913-12-14,Sunday,29
1970-09-01,1913-12-15,Monday,30
1970-09-30,1914-01-13,Tuesday,30
1970-10-01,1914-01-14,Wednesday,29
1970-10-29,1914-02-11,Wednesday,29
1970-11-01,1914-02-12,Thursday,30
1970-11-30,1914-03-13,Friday,30
1970-12-01,1914-03-14,Saturday,30
1970-12-30,1914-04-12,Sunday,30
1971-01-01,1914-04-13,Monday,31
1971-01-31,1914-05-13,Wednesday,31
1971-02-01,1914-05-14,Thursday,31
1971-02-31,1914-06-13,Saturday,31
1971-03-01,1914-06-14,Sunday,32
1971-03-32,1914-07-15,Wednesday,32
1971-04-01,1914-07-16,Thursday,31
1971-04-31,1914-08-15,Saturday,31
1971-05-01,1914-08-16,Sunday,32
1971-05-32,1914-09-16,Wednesday,32
1971-06-01,1914-09-17,Thursday,30
1971-06-30,1914-10-16,Friday,30
1971-07-01,1914-10-17,Saturday,30
1971-07-30,1914-11-15,Sunday,30
1971-08-01,1914-11-16,Monday,29
1971-08-29,1914-12-14,Monday,29
1971-09-01,1914-12-15,Tuesday,30
1971-09-30,1915-01-13,Wednesday,30
1971-10-01,1915-01-14,Thursday,29
1971-10-29,1915-02-11,Thursday,29
1971-11-01,1915-02-12,Friday,30
1971-11-30,1915-03-13,Saturday,30
1971-12-01,1915-03-14,Sunday,30
1971-12-30,1915-04-12,Monday,30
1972-01-01,1915-04-13,Tuesday,31
1972-01-31,1915-05-13,Thursday,31
1972-02-01,1915-05-14,Friday,32
1972-02-32,1915-06-14,Monday,32
1972-03-01,1915-06-15,Tuesday,31
1972-03-31,1915-07-15,Thursday,31
1972-04-01,1915-07-16,Friday,32
1972-04-32,1915-08-16,Monday,32
1972-05-01,1915-08-17,Tuesday,31
1972-05-31,1915-09-16,Thursday,31
1972-06-01,1915-09-17,Friday,30
1972-06-30,1915-10-16,Saturday,30
1972-07-01,1915-10-17,Sunday,30
1972-07-30,1915-11-15,Monday,30
1972-08-01,1915-11-16,Tuesday,30
1972-08-30,1915-12-15,Wednesday,30
1972-09-01,1915-12-16,Thursday,29
1972-09-29,1916-01-13,Thursday,29
1972-10-01,1916-01-14,Friday,29
1972-10-29,1916-02-11,Friday,29
1972-11-01,1916-02-12,Saturday,30
1972-11-30,1916-03-12,Sunday,30
1972-12-01,1916-03-13,Monday,31
1972-12-31,1916-04-12,Wednesday,31
1973-01-01,1916-04-13,Thursday,30
1973-01-30,1916-05-12,Friday,30
1973-02-01,1916-05-13,Saturday,32
1973-02-32,1916-06-13,Tuesday,32
1973-03-01,1916-06-14,Wednesday,31
1973-03-31,1916-07-14,Friday,31
1973-04-01,1916-07-15,Saturday,32
1973-04-32,1916-08-15,Tuesday,32
1973-05-01,1916-08-16,Wednesday,31
1973-05-31,1916-09-15,Friday,31
1973-06-01,1916-09-16,Saturday,30
1973-06-30,1916-10-15,Sunday,30
1973-07-01,1916-10-16,Monday,30
1973-07-30,1916-11-14,Tuesday,30
1973-08-01,1916-11-15,Wednesday,30
1973-08-30,1916-12-14,Thursday,30
1973-09-01,1916-12-15,Friday,29
1973-09-29,1917-01-12,Friday,29
1973-10-01,1917-01-13,Saturday,30
1973-10-30,1917-02-11,Sunday,30
1973-11-01,1917-02-12,Monday,29
1973-11-29,1917-03-12,Monday,29
1973-12-01,1917-03-13,Tuesday,31
1973-12-31,1917-04-12,Thursday,31
1974-01-01,1917-04-13,Friday,31
1974-01-31,1917-05-13,Sunday,31
1974-02-01,1917-05-14,Monday,31
1974-02-31,1917-06-13,Wednesday,31
1974-03-01,1917-06-14,Thursday,32
1974-03-32,1917-07-15,Sunday,32
1974-04-01,1917-07-16,Monday,31
1974-04-31,1917-08-15,Wednesday,31
1974-05-01,1917-08-16,Thursday,31
1974-05-31,1917-09-15,Saturday,31
1974-06-01,1917-09-16,Sunday,31
1974-06-31,1917-10-16,Tuesday,31
1974-07-01,1917-10-17,Wednesday,30
1974-07-30,1917-11-15,Thursday,30
1974-08-01,1917-11-16,Friday,29
1974-08-29,1917-12-14,Friday,29
1974-09-01,1917-12-15,Saturday,30
1974-09-30,1918-01-13,Sunday,30
1974-10-01,1918-01-14,Monday,29
1974-10-29,1918-02-11,Monday,29
1974-11-01,1918-02-12,Tuesday,30
1974-11-30,1918-03-13,Wednesday,30
1974-12-01,1918-03-14,Thursday,30
1974-12-30,1918-04-12,Friday,30
1975-01-01,1918-04-13,Saturday,31
1975-01-31,1918-05-13,Monday,31
1975-02-01,1918-05-14,Tuesday,31
1975-02-31,1918-06-13,Thursday,31
1975-03-01,1918-06-14,Friday,32
1975-03-32,1918-07-15,Monday,32
1975-04-01,1918-07-16,Tuesday,32
1975-04-32,1918-08-16,Friday,32
1975-05-01,1918-08-17,Saturday,31
1975-05-31,1918-09-16,Monday,31
1975-06-01,1918-09-17,Tuesday,30
1975-06-30,1918-10-16,Wednesday,30
1975-07-01,1918-10-17,Thursday,30
1975-07-30,1918-11-15,Friday,30
1975-08-01,1918-11-16,Saturday,29
1975-08-29,1918-12-14,Saturday,29
1975-09-01,1918-12-15,Sunday,30
1975-09-30,1919-01-13,Monday,30
1975-10-01,1919-01-14,Tuesday,29
1975-10-29,1919-02-11,Tuesday,29
1975-11-01,1919-02-12,Wednesday,30
1975-11-30,1919-03-13,Thursday,30
1975-12-01,1919-03-14,Friday,30
1975-12-30,1919-04-12,Saturday,30
1976-01-01,1919-04-13,Sunday,31
1976-01-31,1919-05-13,Tuesday,31
1976-02-01,1919-05-14,Wednesday,32
1976-02-32,1919-06-14,Saturday,32
1976-03-01,1919-06-15,Sunday,31
1976-03-31,1919-07-15,Tuesday,31
1976-04-01,1919-07-16,Wednesday,32
1976-04-32,1919-08-16,Saturday,32
1976-05-01,1919-08-17,Sunday,31
1976-05-31,1919-09-16,Tuesday,31
1976-06-01,1919-09-17,Wednesday,30
1976-06-30,1919-10-16,Thursday,30
1976-07-01,1919-10-17,Friday,30
1976-07-30,1919-11-15,Saturday,30
1976-08-01,1919-11-16,Sunday,30
1976-08-30,1919-12-15,Monday,30
1976-09-01,1919-12-16,Tuesday,29
1976-09-29,1920-01-13,Tuesday,29
1976-10-01,1920-01-14,Wednesday,29
1976-10-29,1920-02-11,Wednesday,29
1976-11-01,1920-02-12,Thursday,30
1976-11-30,1920-03-12,Friday,30
1976-12-01,1920-03-13,Saturday,31
1976-12-31,1920-04-12,Monday,31
1977-01-01,1920-04-13,Tuesday,30
1977-01-30,1920-05-12,Wednesday,30
1977-02-01,1920-05-13,Thursday,32
1977-02-32,1920-06-13,Sunday,32
1977-03-01,1920-06-14,Monday,31
1977-03-31,1920-07-14,Wednesday,31
1977-04-01,1920-07-15,Thursday,32
1977-04-32,1920-08-15,Sunday,32
1977-05-01,1920-08-16,Monday,31
1977-05-31,1920-09-15,Wednesday,31
1977-06-01,1920-09-16,Thursday,31
1977-06-31,1920-10-16,Saturday,31
1977-07-01,1920-10-17,Sunday,29
1977-07-29,1920-11-14,Sunday,29
1977-08-01,1920-11-15,Monday,30
1977-08-30,1920-12-14,Tuesday,30
1977-09-01,1920-12-15,Wednesday,30
1977-09-30,1921-01-13,Thursday,30
1977-10-01,1921-01-14,Friday,29
1977-10-29,1921-02-11,Friday,29
1977-11-01,1921-02-12,Saturday,29
1977-11-29,1921-03-12,Saturday,29
1977-12-01,1921-03-13,Sunday,31
1977-12-31,1921-04-12,Tuesday,31
1978-01-01,1921-04-13,Wednesday,31
1978-01-31,1921-05-13,Friday,31
1978-02-01,1921-05-14,Saturday,31
1978-02-31,1921-06-13,Monday,31
1978-03-01,1921-06-14,Tuesday,32
1978-03-32,1921-07-15,Friday,32
1978-04-01,1921-07-16,Saturday,31
1978-04-31,1921-08-15,Monday,31
1978-05-01,1921-08-16,Tuesday,31
1978-05-31,1921-09-15,Thursday,31
1978-06-01,1921-09-16,Friday,31
1978-06-31,1921-10-16,Sunday,31
1978-07-01,1921-10-17,Monday,30
1978-07-30,1921-11-15,Tuesday,30
1978-08-01,1921-11-16,Wednesday,29
1978-08-29,1921-12-14,Wednesday,29
1978-09-01,1921-12-15,Thursday,30
1978-09-30,1922-01-13,Friday,30
1978-10-01,1922-01-14,Saturday,29
1978-10-29,1922-02-11,Saturday,29
1978-11-01,1922-02-12,Sunday,30
1978-11-30,1922-03-13,Monday,30
1978-12-01,1922-03-14,Tuesday,30
1978-12-30,1922-04-12,Wednesday,30
1979-01-01,1922-04-13,Thursday,31
1979-01-31,1922-05-13,Saturday,31
1979-02-01,1922-05-14,Sunday,31
1979-02-31,1922-06-13,Tuesday,31
1979-03-01,1922-06-14,Wednesday,32
1979-03-32,1922-07-15,Saturday,32
1979-04-01,1922-07-16,Sunday,32
1979-04-32,1922-08-16,Wednesday,32
1979-05-01,1922-08-17,Thursday,31
1979-05-31,1922-09-16,Saturday,31
1979-06-01,1922-09-17,Sunday,30
1979-06-30,1922-10-16,Monday,30
1979-07-01,1922-10-17,Tuesday,30
1979-07-30,1922-11-15,Wednesday,30
1979-08-01,1922-11-16,Thursday,29
1979-08-29,1922-12-14,Thursday,29
1979-09-01,1922-12-15,Friday,30
1979-09-30,1923-01-13,Saturday,30
1979-10-01,1923-01-14,Sunday,29
1979-10-29,1923-02-11,Sunday,29
1979-11-01,1923-02-12,Monday,30
1979-11-30,1923-03-13,Tuesday,30
1979-12-01,1923-03-14,Wednesday,30
1979-12-30,1923-04-12,Thursday,30
1980-01-01,1923-04-13,Friday,31
1980-01-31,1923-05-13,Sunday,31
1980-02-01,1923-05-14,Monday,32
1980-02-32,1923-06-14,Thursday,32
1980-03-01,1923-06-15,Friday,31
1980-03-31,1923-07-15,Sunday,31
1980-04-01,1923-07-16,Monday,32
1980-04-32,1923-08-16,Thursday,32
1980-05-01,1923-08-17,Friday,31
1980-05-31,1923-09-16,Sunday,31
1980-06-01,1923-09-17,Monday,30
1980-06-30,1923-10-16,Tuesday,30
1980-07-01,1923-10-17,Wednesday,30
1980-07-30,1923-11-15,Thursday,30
1980-08-01,1923-11-16,Friday,30
1980-08-30,1923-12-15,Saturday,30
1980-09-01,1923-12-16,Sunday,29
1980-09-29,1924-01-13,Sunday,29
1980-10-01,1924-01-14,Monday,29
1980-10-29,1924-02-11,Monday,29
1980-11-01,1924-02-12,Tuesday,30
1980-11-30,1924-03-12,Wednesday,30
1980-12-01,1924-03-13,Thursday,31
1980-12-31,1924-04-12,Saturday,31
1981-01-01,1924-04-13,Sunday,31
1981-01-31,1924-05-13,Tuesday,31
1981-02-01,1924-05-14,Wednesday,31
1981-02-31,1924-06-13,Friday,31
1981-03-01,1924-06-14,Saturday,31
1981-03-31,1924-07-14,Monday,31
1981-04-01,1924-07-15,Tuesday,32
1981-04-32,1924-08-15,Friday,32
1981-05-01,1924-08-16,Saturday,31
1981-05-31,1924-09-15,Monday,31
1981-06-01,1924-09-16,Tuesday,31
1981-06-31,1924-10-16,Thursday,31
1981-07-01,1924-10-17,Friday,29
1981-07-29,1924-11-14,Friday,29
1981-08-01,1924-11-15,Saturday,30
1981-08-30,1924-12-14,Sunday,30
1981-09-01,1924-12-15,Monday,30
1981-09-30,1925-01-13,Tuesday,30
1981-10-01,1925-01-14,Wednesday,29
1981-10-29,1925-02-11,Wednesday,29
1981-11-01,1925-02-12,Thursday,29
1981-11-29,1925-03-12,Thursday,29
1981-12-01,1925-03-13,Friday,31
1981-12-31,1925-04-12,Sunday,31
1982-01-01,1925-04-13,Monday,31
1982-01-31,1925-05-13,Wednesday,31
1982-02-01,1925-05-14,Thursday,31
1982-02-31,1925-06-13,Saturday,31
1982-03-01,1925-06-14,Sunday,32
1982-03-32,1925-07-15,Wednesday,32
1982-04-01,1925-07-16,Thursday,31
1982-04-31,1925-08-15,Saturday,31
1982-05-01,1925-08-16,Sunday,31
1982-05-31,1925-09-15,Tuesday,31
1982-06-01,1925-09-16,Wednesday,31
1982-06-31,1925-10-16,Friday,31
1982-07-01,1925-10-17,Saturday,30
1982-07-30,1925-11-15,Sunday,30
1982-08-01,1925-11-16,Monday,29
1982-08-29,1925-12-14,Monday,29
1982-09-01,1925-12-15,Tuesday,30
1982-09-30,1926-01-13,Wednesday,30
1982-10-01,1926-01-14,Thursday,29
1982-10-29,1926-02-11,Thursday,29
1982-11-01,1926-02-12,Friday,30
1982-11-30,1926-03-13,Saturday,30
1982-12-01,1926-03-14,Sunday,30
1982-12-30,1926-04-12,Monday,30
1983-01-01,1926-04-13,Tuesday,31
1983-01-31,1926-05-13,Thursday,31
1983-02-01,1926-05-14,Friday,31
1983-02-31,1926-06-13,Sunday,31
1983-03-01,1926-06-14,Monday,32
1983-03-32,1926-07-15,Thursday,32
1983-04-01,1926-07-16,Friday,32
1983-04-32,1926-08-16,Monday,32
1983-05-01,1926-08-17,Tuesday,31
1983-05-31,1926-09-16,Thursday,31
1983-06-01,1926-09-17,Friday,30
1983-06-30,1926-10-16,Saturday,30
1983-07-01,1926-10-17,Sunday,30
1983-07-30,1926-11-15,Monday,30
1983-08-01,1926-11-16,Tuesday,29
1983-08-29,1926-12-14,Tuesday,29
1983-09-01,1926-12-15,Wednesday,30
1983-09-30,1927-01-13,Thursday,30
1983-10-01,1927-01-14,Friday,29
1983-10-29,1927-02-11,Friday,29
1983-11-01,1927-02-12,Saturday,30
1983-11-30,1927-03-13,Sunday,30
1983-12-01,1927-03-14,Monday,30
1983-12-30,1927-04-12,Tuesday,30
1984-01-01,1927-04-13,Wednesday,31
1984-01-31,1927-05-13,Friday,31
1984-02-01,1927-05-14,Saturday,32
1984-02-32,1927-06-14,Tuesday,32
1984-03-01,1927-06-15,Wednesday,31
1984-03-31,1927-07-15,Friday,31
1984-04-01,1927-07-16,Saturday,32
1984-04-32,1927-08-16,Tuesday,32
1984-05-01,1927-08-17,Wednesday,31
1984-05-31,1927-09-16,Friday,31
1984-06-01,1927-09-17,Saturday,30
1984-06-30,1927-10-16,Sunday,30
1984-07-01,1927-10-17,Monday,30
1984-07-30,1927-11-15,Tuesday,30
1984-08-01,1927-11-16,Wednesday,30
1984-08-30,1927-12-15,Thursday,30
1984-09-01,1927-12-16,Friday,29
1984-09-29,1928-01-13,Friday,29
1984-10-01,1928-01-14,Saturday,29
1984-10-29,1928-02-11,Saturday,29
1984-11-01,1928-02-12,Sunday,30
1984-11-30,1928-03-12,Monday,30
1984-12-01,1928-03-13,Tuesday,31
1984-12-31,1928-04-12,Thursday,31
1985-01-01,1928-04-13,Friday,31
1985-01-31,1928-05-13,Sunday,31
1985-02-01,1928-05-14,Monday,31
1985-02-31,1928-06-13,Wednesday,31
1985-03-01,1928-06-14,Thursday,31
1985-03-31,1928-07-14,Saturday,31
1985-04-01,1928-07-15,Sunday,32
1985-04-32,1928-08-15,Wednesday,32
1985-05-01,1928-08-16,Thursday,31
1985-05-31,1928-09-15,Saturday,31
1985-06-01,1928-09-16,Sunday,31
1985-06-31,1928-10-16,Tuesday,31
1985-07-01,1928-10-17,Wednesday,29
1985-07-29,1928-11-14,Wednesday,29
1985-08-01,1928-11-15,Thursday,30
1985-08-30,1928-12-14,Friday,30
1985-09-01,1928-12-15,Saturday,30
1985-09-30,1929-01-13,Sunday,30
1985-10-01,1929-01-14,Monday,29
1985-10-29,1929-02-11,Monday,29
1985-11-01,1929-02-12,Tuesday,30
1985-11-30,1929-03-13,Wednesday,30
1985-12-01,1929-03-14,Thursday,30
1985-12-30,1929-04-12,Friday,30
1986-01-01,1929-04-13,Saturday,31
1986-01-31,1929-05-13,Monday,31
1986-02-01,1929-05-14,Tuesday,31
1986-02-31,1929-06-13,Thursday,31
1986-03-01,1929-06-14,Friday,32
1986-03-32,1929-07-15,Monday,32
1986-04-01,1929-07-16,Tuesday,31
1986-04-31,1929-08-15,Thursday,31
1986-05-01,1929-08-16,Friday,31
1986-05-31,1929-09-15,Sunday,31
1986-06-01,1929-09-16,Monday,31
1986-06-31,1929-10-16,Wednesday,31
1986-07-01,1929-10-17,Thursday,30
1986-07-30,1929-11-15,Friday,30
1986-08-01,1929-11-16,Saturday,29
1986-08-29,1929-12-14,Saturday,29
1986-09-01,1929-12-15,Sunday,30
1986-09-30,1930-01-13,Monday,30
1986-10-01,1930-01-14,Tuesday,29
1986-10-29,1930-02-11,Tuesday,29
1986-11-01,1930-02-12,Wednesday,30
1986-11-30,1930-03-13,Thursday,30
1986-12-01,1930-03-14,Friday,30
1986-12-30,1930-04-12,Saturday,30
1987-01-01,1930-04-13,Sunday,31
1987-01-31,1930-05-13,Tuesday,31
1987-02-01,1930-05-14,Wednesday,32
1987-02-32,1930-06-14,Saturday,32
1987-03-01,1930-06-15,Sunday,31
1987-03-31,1930-07-15,Tuesday,31
1987-04-01,1930-07-16,Wednesday,32
1987-04-32,1930-08-16,Saturday,32
1987-05-01,1930-08-17,Sunday,31
1987-05-31,1930-09-16,Tuesday,31
1987-06-01,1930-09-17,Wednesday,30
1987-06-30,1930-10-16,Thursday,30
1987-07-01,1930-10-17,Friday,30
1987-07-30,1930-11-15,Saturday,30
1987-08-01,1930-11-16,Sunday,29
1987-08-29,1930-12-14,Sunday,29
1987-09-01,1930-12-15,Monday,30
1987-09-30,1931-01-13,Tuesday,30
1987-10-01,1931-01-14,Wednesday,29
1987-10-29,1931-02-11,Wednesday,29
1987-11-01,1931-02-12,Thursday,30
1987-11-30,1931-03-13,Friday,30
1987-12-01,1931-03-14,Saturday,30
1987-12-30,1931-04-12,Sunday,30
1988-01-01,1931-04-13,Monday,31
1988-01-31,1931-05-13,Wednesday,31
1988-02-01,1931-05-14,Thursday,32
1988-02-32,1931-06-14,Sunday,32
1988-03-01,1931-06-15,Monday,31
1988-03-31,1931-07-15,Wednesday,31
1988-04-01,1931-07-16,Thursday,32
1988-04-32,1931-08-16,Sunday,32
1988-05-01,1931-08-17,Monday,31
1988-05-31,1931-09-16,Wednesday,31
1988-06-01,1931-09-17,Thursday,30
1988-06-30,1931-10-16,Friday,30
1988-07-01,1931-10-17,Saturday,30
1988-07-30,1931-11-15,Sunday,30
1988-08-01,1931-11-16,Monday,30
1988-08-30,1931-12-15,Tuesday,30
1988-09-01,1931-12-16,Wednesday,29
1988-09-29,1932-01-13,Wednesday,29
1988-10-01,1932-01-14,Thursday,29
1988-10-29,1932-02-11,Thursday,29
1988-11-01,1932-02-12,Friday,30
1988-11-30,1932-03-12,Saturday,30
1988-12-01,1932-03-13,Sunday,31
1988-12-31,1932-04-12,Tuesday,31
1989-01-01,1932-04-13,Wednesday,31
1989-01-31,1932-05-13,Friday,31
1989-02-01,1932-05-14,Saturday,31
1989-02-31,1932-06-13,Monday,31
1989-03-01,1932-06-14,Tuesday,31
1989-03-31,1932-07-14,Thursday,31
1989-04-01,1932-07-15,Friday,32
1989-04-32,1932-08-15,Monday,32
1989-05-01,1932-08-16,Tuesday,31
1989-05-31,1932-09-15,Thursday,31
1989-06-01,1932-09-16,Friday,31
1989-06-31,1932-10-16,Sunday,31
1989-07-01,1932-10-17,Monday,30
1989-07-30,1932-11-15,Tuesday,30
1989-08-01,1932-11-16,Wednesday,29
1989-08-29,1932-12-14,Wednesday,29
1989-09-01,1932-12-15,Thursday,30
1989-09-30,1933-01-13,Friday,30
1989-10-01,1933-01-14,Saturday,29
1989-10-29,1933-02-11,Saturday,29
1989-11-01,1933-02-12,Sunday,30
1989-11-30,1933-03-13,Monday,30
1989-12-01,1933-03-14,Tuesday,30
1989-12-30,1933-04-12,Wednesday,30
1990-01-01,1933-04-13,Thursday,31
1990-01-31,1933-05-13,Saturday,31
1990-02-01,1933-05-14,Sunday,31
1990-02-31,1933-06-13,Tuesday,31
1990-03-01,1933-06-14,Wednesday,32
1990-03-32,1933-07-15,Saturday,32
1990-04-01,1933-07-16,Sunday,31
1990-04-31,1933-08-15,Tuesday,31
1990-05-01,1933-08-16,Wednesday,31
1990-05-31,1933-09-15,Friday,31
1990-06-01,1933-09-16,Saturday,31
1990-06-31,1933-10-16,Monday,31
1990-07-01,1933-10-17,Tuesday,30
1990-07-30,1933-11-15,Wednesday,30
1990-08-01,1933-11-16,Thursday,29
1990-08-29,1933-12-14,Thursday,29
1990-09-01,1933-12-15,Friday,30
1990-09-30,1934-01-13,Saturday,30
1990-10-01,1934-01-14,Sunday,29
1990-10-29,1934-02-11,Sunday,29
1990-11-01,1934-02-12,Monday,30
1990-11-30,1934-03-13,Tuesday,30
1990-12-01,1934-03-14,Wednesday,30
1990-12-30,1934-04-12,Thursday,30
1991-01-01,1934-04-13,Friday,31
1991-01-31,1934-05-13,Sunday,31
1991-02-01,1934-05-14,Monday,32
1991-02-32,1934-06-14,Thursday,32
1991-03-01,1934-06-15,Friday,31
1991-03-31,1934-07-15,Sunday,31
1991-04-01,1934-07-16,Monday,32
1991-04-32,1934-08-16,Thursday,32
1991-05-01,1934-08-17,Friday,31
1991-05-31,1934-09-16,Sunday,31
1991-06-01,1934-09-17,Monday,30
1991-06-30,1934-10-16,Tuesday,30
1991-07-01,1934-10-17,Wednesday,30
1991-07-30,1934-11-15,Thursday,30
1991-08-01,1934-11-16,Friday,30
1991-08-30,1934-12-15,Saturday,30
1991-09-01,1934-12-16,Sunday,29
1991-09-29,1935-01-13,Sunday,29
1991-10-01,1935-01-14,Monday,29
1991-10-29,1935-02-11,Monday,29
1991-11-01,1935-02-12,Tuesday,30
1991-11-30,1935-03-13,Wednesday,30
1991-12-01,1935-03-14,Thursday,30
1991-12-30,1935-04-12,Friday,30
1992-01-01,1935-04-13,Saturday,31
1992-01-31,1935-05-13,Monday,31
1992-02-01,1935-05-14,Tuesday,32
1992-02-32,1935-06-14,Friday,32
1992-03-01,1935-06-15,Saturday,31
1992-03-31,1935-07-15,Monday,31
1992-04-01,1935-07-16,Tuesday,32
1992-04-32,1935-08-16,Friday,32
1992-05-01,1935-08-17,Saturday,31
1992-05-31,1935-09-16,Monday,31
1992-06-01,1935-09-17,Tuesday,30
1992-06-30,1935-10-16,Wednesday,30
1992-07-01,1935-10-17,Thursday,30
1992-07-30,1935-11-15,Friday,30
1992-08-01,1935-11-16,Saturday,30
1992-08-30,1935-12-15,Sunday,30
1992-09-01,1935-12-16,Monday,29
1992-09-29,1936-01-13,Monday,29
1992-10-01,1936-01-14,Tuesday,30
1992-10-30,1936-02-12,Wednesday,30
1992-11-01,1936-02-13,Thursday,29
1992-11-29,1936-03-12,Thursday,29
1992-12-01,1936-03-13,Friday,31
1992-12-31,1936-04-12,Sunday,31
1993-01-01,1936-04-13,Monday,31
1993-01-31,1936-05-13,Wednesday,31
1993-02-01,1936-05-14,Thursday,31
1993-02-31,1936-06-13,Saturday,31
1993-03-01,1936-06-14,Sunday,31
1993-03-31,1936-07-14,Tuesday,31
1993-04-01,1936-07-15,Wednesday,32
1993-04-32,1936-08-15,Saturday,32
1993-05-01,1936-08-16,Sunday,31
1993-05-31,1936-09-15,Tuesday,31
1993-06-01,1936-09-16,Wednesday,31
1993-06-31,1936-10-16,Friday,31
1993-07-01,1936-10-17,Saturday,30
1993-07-30,1936-11-15,Sunday,30
1993-08-01,1936-11-16,Monday,29
1993-08-29,1936-12-14,Monday,29
1993-09-01,1936-12-15,Tuesday,30
1993-09-30,1937-01-13,Wednesday,30
1993-10-01,1937-01-14,Thursday,29
1993-10-29,1937-02-11,Thursday,29
1993-11-01,1937-02-12,Friday,30
1993-11-30,1937-03-13,Saturday,30
1993-12-01,1937-03-14,Sunday,30
1993-12-30,1937-04-12,Monday,30
1994-01-01,1937-04-13,Tuesday,31
1994-01-31,1937-05-13,Thursday,31
1994-02-01,1937-05-14,Friday,31
1994-02-31,1937-06-13,Sunday,31
1994-03-01,1937-06-14,Monday,32
1994-03-32,1937-07-15,Thursday,32
1994-04-01,1937-07-16,Friday,31
1994-04-31,1937-08-15,Sunday,31
1994-05-01,1937-08-16,Monday,31
1994-05-31,1937-09-15,Wednesday,31
1994-06-01,1937-09-16,Thursday,31
1994-06-31,1937-10-16,Saturday,31
1994-07-01,1937-10-17,Sunday,30
1994-07-30,1937-11-15,Monday,30
1994-08-01,1937-11-16,Tuesday,29
1994-08-29,1937-12-14,Tuesday,29
1994-09-01,1937-12-15,Wednesday,30
1994-09-30,1938-01-13,Thursday,30
1994-10-01,1938-01-14,Friday,29
1994-10-29,1938-02-11,Friday,29
1994-11-01,1938-02-12,Saturday,30
1994-11-30,1938-03-13,Sunday,30
1994-12-01,1938-03-14,Monday,30
1994-12-30,1938-04-12,Tuesday,30
1995-01-01,1938-04-13,Wednesday,31
1995-01-31,1938-05-13,Friday,31
1995-02-01,1938-05-14,Saturday,32
1995-02-32,1938-06-14,Tuesday,32
1995-03-01,1938-06-15,Wednesday,31
1995-03-31,1938-07-15,Friday,31
1995-04-01,1938-07-16,Saturday,32
1995-04-32,1938-08-16,Tuesday,32
1995-05-01,1938-08-17,Wednesday,31
1995-05-31,1938-09-16,Friday,31
1995-06-01,1938-09-17,Saturday,30
1995-06-30,1938-10-16,Sunday,30
1995-07-01,1938-10-17,Monday,30
1995-07-30,1938-11-15,Tuesday,30
1995-08-01,1938-11-16,Wednesday,30
1995-08-30,1938-12-15,Thursday,30
1995-09-01,1938-12-16,Friday,29
1995-09-29,1939-01-13,Friday,29
1995-10-01,1939-01-14,Saturday,29
1995-10-29,1939-02-11,Saturday,29
1995-11-01,1939-02-12,Sunday,30
1995-11-30,1939-03-13,Monday,30
1995-12-01,1939-03-14,Tuesday,30
1995-12-30,1939-04-12,Wednesday,30
1996-01-01,1939-04-13,Thursday,31
1996-01-31,1939-05-13,Saturday,31
1996-02-01,1939-05-14,Sunday,32
1996-02-32,1939-06-14,Wednesday,32
1996-03-01,1939-06-15,Thursday,31
1996-03-31,1939-07-15,Saturday,31
1996-04-01,1939-07-16,Sunday,32
1996-04-32,1939-08-16,Wednesday,32
1996-05-01,1939-08-17,Thursday,31
1996-05-31,1939-09-16,Saturday,31
1996-06-01,1939-09-17,Sunday,30
1996-06-30,1939-10-16,Monday,30
1996-07-01,1939-10-17,Tuesday,30
1996-07-30,1939-11-15,Wednesday,30
1996-08-01,1939-11-16,Thursday,30
1996-08-30,1939-12-15,Friday,30
1996-09-01,1939-12-16,Saturday,29
1996-09-29,1940-01-13,Saturday,29
1996-10-01,1940-01-14,Sunday,30
1996-10-30,1940-02-12,Monday,30
1996-11-01,1940-02-13,Tuesday,29
1996-11-29,1940-03-12,Tuesday,29
1996-12-01,1940-03-13,Wednesday,31
1996-12-31,1940-04-12,Friday,31
1997-01-01,1940-04-13,Saturday,31
1997-01-31,1940-05-13,Monday,31
1997-02-01,1940-05-14,Tuesday,31
1997-02-31,1940-06-13,Thursday,31
1997-03-01,1940-06-14,Friday,32
1997-03-32,1940-07-15,Monday,32
1997-04-01,1940-07-16,Tuesday,31
1997-04-31,1940-08-15,Thursday,31
1997-05-01,1940-08-16,Friday,31
1997-05-31,1940-09-15,Sunday,31
1997-06-01,1940-09-16,Monday,31
1997-06-31,1940-10-16,Wednesday,31
1997-07-01,1940-10-17,Thursday,30
1997-07-30,1940-11-15,Friday,30
1997-08-01,1940-11-16,Saturday,29
1997-08-29,1940-12-14,Saturday,29
1997-09-01,1940-12-15,Sunday,30
1997-09-30,1941-01-13,Monday,30
1997-10-01,1941-01-14,Tuesday,29
1997-10-29,1941-02-11,Tuesday,29
1997-11-01,1941-02-12,Wednesday,30
1997-11-30,1941-03-13,Thursday,30
1997-12-01,1941-03-14,Friday,30
1997-12-30,1941-04-12,Saturday,30
1998-01-01,1941-04-13,Sunday,31
1998-01-31,1941-05-13,Tuesday,31
1998-02-01,1941-05-14,Wednesday,31
1998-02-31,1941-06-13,Friday,31
1998-03-01,1941-06-14,Saturday,32
1998-03-32,1941-07-15,Tuesday,32
1998-04-01,1941-07-16,Wednesday,31
1998-04-31,1941-08-15,Friday,31
1998-05-01,1941-08-16,Saturday,32
1998-05-32,1941-09-16,Tuesday,32
1998-06-01,1941-09-17,Wednesday,30
1998-06-30,1941-10-16,Thursday,30
1998-07-01,1941-10-17,Friday,30
1998-07-30,1941-11-15,Saturday,30
1998-08-01,1941-11-16,Sunday,29
1998-08-29,1941-12-14,Sunday,29
1998-09-01,1941-12-15,Monday,30
1998-09-30,1942-01-13,Tuesday,30
1998-10-01,1942-01-14,Wednesday,29
1998-10-29,1942-02-11,Wednesday,29
1998-11-01,1942-02-12,Thursday,30
1998-11-30,1942-03-13,Friday,30
1998-12-01,1942-03-14,Saturday,30
1998-12-30,1942-04-12,Sunday,30
1999-01-01,1942-04-13,Monday,31
1999-01-31,1942-05-13,Wednesday,31
1999-02-01,1942-05-14,Thursday,32
1999-02-32,1942-06-14,Sunday,32
1999-03-01,1942-06-15,Monday,31
1999-03-31,1942-07-15,Wednesday,31
1999-04-01,1942-07-16,Thursday,32
1999-04-32,1942-08-16,Sunday,32
1999-05-01,1942-08-17,Monday,31
1999-05-31,1942-09-16,Wednesday,31
1999-06-01,1942-09-17,Thursday,30
1999-06-30,1942-10-16,Friday,30
1999-07-01,1942-10-17,Saturday,30
1999-07-30,1942-11-15,Sunday,30
1999-08-01,1942-11-16,Monday,30
1999-08-30,1942-12-15,Tuesday,30
1999-09-01,1942-12-16,Wednesday,29
1999-09-29,1943-01-13,Wednesday,29
1999-10-01,1943-01-14,Thursday,29
1999-10-29,1943-02-11,Thursday,29
1999-11-01,1943-02-12,Friday,30
1999-11-30,1943-03-13,Saturday,30
1999-12-01,1943-03-14,Sunday,31
1999-12-31,1943-04-13,Tuesday,31
2000-01-01,1943-04-14,Wednesday,30
2000-01-30,1943-05-13,Thursday,30
2000-02-01,1943-05-14,Friday,32
2000-02-32,1943-06-14,Monday,32
2000-03-01,1943-06-15,Tuesday,31
2000-03-31,1943-07-15,Thursday,31
2000-04-01,1943-07-16,Friday,32
2000-04-32,1943-08-16,Monday,32
2000-05-01,1943-08-17,Tuesday,31
2000-05-31,1943-09-16,Thursday,31
2000-06-01,1943-09-17,Friday,30
2000-06-30,1943-10-16,Saturday,30
2000-07-01,1943-10-17,Sunday,30
2000-07-30,1943-11-15,Monday,30
2000-08-01,1943-11-16,Tuesday,30
2000-08-30,1943-12-15,Wednesday,30
2000-09-01,1943-12-16,Thursday,29
2000-09-29,1944-01-13,Thursday,29
2000-10-01,1944-01-14,Friday,30
2000-10-30,1944-02-12,Saturday,30
2000-11-01,1944-02-13,Sunday,29
2000-11-29,1944-03-12,Sunday,29
2000-12-01,1944-03-13,Monday,31
2000-12-31,1944-04-12,Wednesday,31
2001-01-01,1944-04-13,Thursday,31
2001-01-31,1944-05-13,Saturday,31
2001-02-01,1944-05-14,Sunday,31
2001-02-31,1944-06-13,Tuesday,31
2001-03-01,1944-06-14,Wednesday,32
2001-03-32,1944-07-15,Saturday,32
2001-04-01,1944-07-16,Sunday,31
2001-04-31,1944-08-15,Tuesday,31
2001-05-01,1944-08-16,Wednesday,31
2001-05-31,1944-09-15,Friday,31
2001-06-01,1944-09-16,Saturday,31
2001-06-31,1944-10-16,Monday,31
2001-07-01,1944-10-17,Tuesday,30
2001-07-30,1944-11-15,Wednesday,30
2001-08-01,1944-11-16,Thursday,29
2001-08-29,1944-12-14,Thursday,29
2001-09-01,1944-12-15,Friday,30
2001-09-30,1945-01-13,Saturday,30
2001-10-01,1945-01-14,Sunday,29
2001-10-29,1945-02-11,Sunday,29
2001-11-01,1945-02-12,Monday,30
2001-11-30,1945-03-13,Tuesday,30
2001-12-01,1945-03-14,Wednesday,30
2001-12-30,1945-04-12,Thursday,30
2002-01-01,1945-04-13,Friday,31
2002-01-31,1945-05-13,Sunday,31
2002-02-01,1945-05-14,Monday,31
2002-02-31,1945-06-13,Wednesday,31
2002-03-01,1945-06-14,Thursday,32
2002-03-32,1945-07-15,Sunday,32
2002-04-01,1945-07-16,Monday,32
2002-04-32,1945-08-16,Thursday,32
2002-05-01,1945-08-17,Friday,31
2002-05-31,1945-09-16,Sunday,31
2002-06-01,1945-09-17,Monday,30
2002-06-30,1945-10-16,Tuesday,30
2002-07-01,1945-10-17,Wednesday,30
2002-07-30,1945-11-15,Thursday,30
2002-08-01,1945-11-16,Friday,29
2002-08-29,1945-12-14,Friday,29
2002-09-01,1945-12-15,Saturday,30
2002-09-30,1946-01-13,Sunday,30
2002-10-01,1946-01-14,Monday,29
2002-10-29,1946-02-11,Monday,29
2002-11-01,1946-02-12,Tuesday,30
2002-11-30,1946-03-13,Wednesday,30
2002-12-01,1946-03-14,Thursday,30
2002-12-30,1946-04-12,Friday,30
2003-01-01,1946-04-13,Saturday,31
2003-01-31,1946-05-13,Monday,31
2003-02-01,1946-05-14,Tuesday,32
2003-02-32,1946-06-14,Friday,32
2003-03-01,1946-06-15,Saturday,31
2003-03-31,1946-07-15,Monday,31
2003-04-01,1946-07-16,Tuesday,32
2003-04-32,1946-08-16,Friday,32
2003-05-01,1946-08-17,Saturday,31
2003-05-31,1946-09-16,Monday,31
2003-06-01,1946-09-17,Tuesday,30
2003-06-30,1946-10-16,Wednesday,30
2003-07-01,1946-10-17,Thursday,30
2003-07-30,1946-11-15,Friday,30
2003-08-01,1946-11-16,Saturday,30
2003-08-30,1946-12-15,Sunday,30
2003-09-01,1946-12-16,Monday,29
2003-09-29,1947-01-13,Monday,29
2003-10-01,1947-01-14,Tuesday,29
2003-10-29,1947-02-11,Tuesday,29
2003-11-01,1947-02-12,Wednesday,30
2003-11-30,1947-03-13,Thursday,30
2003-12-01,1947-03-14,Friday,31
2003-12-31,1947-04-13,Sunday,31
2004-01-01,1947-04-14,Monday,30
2004-01-30,1947-05-13,Tuesday,30
2004-02-01,1947-05-14,Wednesday,32
2004-02-32,1947-06-14,Saturday,32
2004-03-01,1947-06-15,Sunday,31
2004-03-31,1947-07-15,Tuesday,31
2004-04-01,1947-07-16,Wednesday,32
2004-04-32,1947-08-16,Saturday,32
2004-05-01,1947-08-17,Sunday,31
2004-05-31,1947-09-16,Tuesday,31
2004-06-01,1947-09-17,Wednesday,30
2004-06-30,1947-10-16,Thursday,30
2004-07-01,1947-10-17,Friday,30
2004-07-30,1947-11-15,Saturday,30
2004-08-01,1947-11-16,Sunday,30
2004-08-30,1947-12-15,Monday,30
2004-09-01,1947-12-16,Tuesday,29
2004-09-29,1948-01-13,Tuesday,29
2004-10-01,1948-01-14,Wednesday,30
2004-10-30,1948-02-12,Thursday,30
2004-11-01,1948-02-13,Friday,29
2004-11-29,1948-03-12,Friday,29
2004-12-01,1948-03-13,Saturday,31
2004-12-31,1948-04-12,Monday,31
2005-01-01,1948-04-13,Tuesday,31
2005-01-31,1948-05-13,Thursday,31
2005-02-01,1948-05-14,Friday,31
2005-02-31,1948-06-13,Sunday,31
2005-03-01,1948-06-14,Monday,32
2005-03-32,1948-07-15,Thursday,32
2005-04-01,1948-07-16,Friday,31
2005-04-31,1948-08-15,Sunday,31
2005-05-01,1948-08-16,Monday,31
2005-05-31,1948-09-15,Wednesday,31
2005-06-01,1948-09-16,Thursday,31
2005-06-31,1948-10-16,Saturday,31
2005-07-01,1948-10-17,Sunday,30
2005-07-30,1948-11-15,Monday,30
2005-08-01,1948-11-16,Tuesday,29
2005-08-29,1948-12-14,Tuesday,29
2005-09-01,1948-12-15,Wednesday,30
2005-09-30,1949-01-13,Thursday,30
2005-10-01,1949-01-14,Friday,29
2005-10-29,1949-02-11,Friday,29
2005-11-01,1949-02-12,Saturday,30
2005-11-30,1949-03-13,Sunday,30
2005-12-01,1949-03-14,Monday,30
2005-12-30,1949-04-12,Tuesday,30
2006-01-01,1949-04-13,Wednesday,31
2006-01-31,1949-05-13,Friday,31
2006-02-01,1949-05-14,Saturday,31
2006-02-31,1949-06-13,Monday,31
2006-03-01,1949-06-14,Tuesday,32
2006-03-32,1949-07-15,Friday,32
2006-04-01,1949-07-16,Saturday,32
2006-04-32,1949-08-16,Tuesday,32
2006-05-01,1949-08-17,Wednesday,31
2006-05-31,1949-09-16,Friday,31
2006-06-01,1949-09-17,Saturday,30
2006-06-30,1949-10-16,Sunday,30
2006-07-01,1949-10-17,Monday,30
2006-07-30,1949-11-15,Tuesday,30
2006-08-01,1949-11-16,Wednesday,29
2006-08-29,1949-12-14,Wednesday,29
2006-09-01,1949-12-15,Thursday,30
2006-09-30,1950-01-13,Friday,30
2006-10-01,1950-01-14,Saturday,29
2006-10-29,1950-02-11,Saturday,29
2006-11-01,1950-02-12,Sunday,30
2006-11-30,1950-03-13,Monday,30
2006-12-01,1950-03-14,Tuesday,30
2006-12-30,1950-04-12,Wednesday,30
2007-01-01,1950-04-13,Thursday,31
2007-01-31,1950-05-13,Saturday,31
2007-02-01,1950-05-14,Sunday,32
2007-02-32,1950-06-14,Wednesday,32
2007-03-01,1950-06-15,Thursday,31
2007-03-31,1950-07-15,Saturday,31
2007-04-01,1950-07-16,Sunday,32
2007-04-32,1950-08-16,Wednesday,32
2007-05-01,1950-08-17,Thursday,31
2007-05-31,1950-09-16,Saturday,31
2007-06-01,1950-09-17,Sunday,30
2007-06-30,1950-10-16,Monday,30
2007-07-01,1950-10-17,Tuesday,30
2007-07-30,1950-11-15,Wednesday,30
2007-08-01,1950-11-16,Thursday,30
2007-08-30,1950-12-15,Friday,30
2007-09-01,1950-12-16,Saturday,29
2007-09-29,1951-01-13,Saturday,29
2007-10-01,1951-01-14,Sunday,29
2007-10-29,1951-02-11,Sunday,29
2007-11-01,1951-02-12,Monday,30
2007-11-30,1951-03-13,Tuesday,30
2007-12-01,1951-03-14,Wednesday,31
2007-12-31,1951-04-13,Friday,31
2008-01-01,1951-04-14,Saturday,31
2008-01-31,1951-05-14,Monday,31
2008-02-01,1951-05-15,Tuesday,31
2008-02-31,1951-06-14,Thursday,31
2008-03-01,1951-06-15,Friday,31
2008-03-31,1951-07-15,Sunday,31
2008-04-01,1951-07-16,Monday,32
2008-04-32,1951-08-16,Thursday,32
2008-05-01,1951-08-17,Friday,31
2008-05-31,1951-09-16,Sunday,31
2008-06-01,1951-09-17,Monday,31
2008-06-31,1951-10-17,Wednesday,31
2008-07-01,1951-10-18,Thursday,29
2008-07-29,1951-11-15,Thursday,29
2008-08-01,1951-11-16,Friday,30
2008-08-30,1951-12-15,Saturday,30
2008-09-01,1951-12-16,Sunday,30
2008-09-30,1952-01-14,Monday,30
2008-10-01,1952-01-15,Tuesday,29
2008-10-29,1952-02-12,Tuesday,29
2008-11-01,1952-02-13,Wednesday,29
2008-11-29,1952-03-12,Wednesday,29
2008-12-01,1952-03-13,Thursday,31
2008-12-31,1952-04-12,Saturday,31
2009-01-01,1952-04-13,Sunday,31
2009-01-31,1952-05-13,Tuesday,31
2009-02-01,1952-05-14,Wednesday,31
2009-02-31,1952-06-13,Friday,31
2009-03-01,1952-06-14,Saturday,32
2009-03-32,1952-07-15,Tuesday,32
2009-04-01,1952-07-16,Wednesday,31
2009-04-31,1952-08-15,Friday,31
2009-05-01,1952-08-16,Saturday,31
2009-05-31,1952-09-15,Monday,31
2009-06-01,1952-09-16,Tuesday,31
2009-06-31,1952-10-16,Thursday,31
2009-07-01,1952-10-17,Friday,30
2009-07-30,1952-11-15,Saturday,30
2009-08-01,1952-11-16,Sunday,29
2009-08-29,1952-12-14,Sunday,29
2009-09-01,1952-12-15,Monday,30
2009-09-30,1953-01-13,Tuesday,30
2009-10-01,1953-01-14,Wednesday,29
2009-10-29,1953-02-11,Wednesday,29
2009-11-01,1953-02-12,Thursday,30
2009-11-30,1953-03-13,Friday,30
2009-12-01,1953-03-14,Saturday,30
2009-12-30,1953-04-12,Sunday,30
2010-01-01,1953-04-13,Monday,31
2010-01-31,1953-05-13,Wednesday,31
2010-02-01,1953-05-14,Thursday,31
2010-02-31,1953-06-13,Saturday,31
2010-03-01,1953-06-14,Sunday,32
2010-03-32,1953-07-15,Wednesday,32
2010-04-01,1953-07-16,Thursday,32
2010-04-32,1953-08-16,Sunday,32
2010-05-01,1953-08-17,Monday,31
2010-05-31,1953-09-16,Wednesday,31
2010-06-01,1953-09-17,Thursday,30
2010-06-30,1953-10-16,Friday,30
2010-07-01,1953-10-17,Saturday,30
2010-07-30,1953-11-15,Sunday,30
2010-08-01,1953-11-16,Monday,29
2010-08-29,1953-12-14,Monday,29
2010-09-01,1953-12-15,Tuesday,30
2010-09-30,1954-01-13,Wednesday,30
2010-10-01,1954-01-14,Thursday,29
2010-10-29,1954-02-11,Thursday,29
2010-11-01,1954-02-12,Friday,30
2010-11-30,1954-03-13,Saturday,30
2010-12-01,1954-03-14,Sunday,30
2010-12-30,1954-04-12,Monday,30
2011-01-01,1954-04-13,Tuesday,31
2011-01-31,1954-05-13,Thursday,31
2011-02-01,1954-05-14,Friday,32
2011-02-32,1954-06-14,Monday,32
2011-03-01,1954-06-15,Tuesday,31
2011-03-31,1954-07-15,Thursday,31
2011-04-01,1954-07-16,Friday,32
2011-04-32,1954-08-16,Monday,32
2011-05-01,1954-08-17,Tuesday,31
2011-05-31,1954-09-16,Thursday,31
2011-06-01,1954-09-17,Friday,30
2011-06-30,1954-10-16,Saturday,30
2011-07-01,1954-10-17,Sunday,30
2011-07-30,1954-11-15,Monday,30
2011-08-01,1954-11-16,Tuesday,30
2011-08-30,1954-12-15,Wednesday,30
2011-09-01,1954-12-16,Thursday,29
2011-09-29,1955-01-13,Thursday,29
2011-10-01,1955-01-14,Friday,29
2011-10-29,1955-02-11,Friday,29
2011-11-01,1955-02-12,Saturday,30
2011-11-30,1955-03-13,Sunday,30
2011-12-01,1955-03-14,Monday,31
2011-12-31,1955-04-13,Wednesday,31
2012-01-01,1955-04-14,Thursday,31
2012-01-31,1955-05-14,Saturday,31
2012-02-01,1955-05-15,Sunday,31
2012-02-31,1955-06-14,Tuesday,31
2012-03-01,1955-06-15,Wednesday,31
2012-03-31,1955-07-15,Friday,31
2012-04-01,1955-07-16,Saturday,32
2012-04-32,1955-08-16,Tuesday,32
2012-05-01,1955-08-17,Wednesday,31
2012-05-31,1955-09-16,Friday,31
2012-06-01,1955-09-17,Saturday,31
2012-06-31,1955-10-17,Monday,31
2012-07-01,1955-10-18,Tuesday,29
2012-07-29,1955-11-15,Tuesday,29
2012-08-01,1955-11-16,Wednesday,30
2012-08-30,1955-12-15,Thursday,30
2012-09-01,1955-12-16,Friday,30
2012-09-30,1956-01-14,Saturday,30
2012-10-01,1956-01-15,Sunday,29
2012-10-29,1956-02-12,Sunday,29
2012-11-01,1956-02-13,Monday,30
2012-11-30,1956-03-13,Tuesday,30
2012-12-01,1956-03-14,Wednesday,30
2012-12-30,1956-04-12,Thursday,30
2013-01-01,1956-04-13,Friday,31
2013-01-31,1956-05-13,Sunday,31
2013-02-01,1956-05-14,Monday,31
2013-02-31,1956-06-13,Wednesday,31
2013-03-01,1956-06-14,Thursday,32
2013-03-32,1956-07-15,Sunday,32
2013-04-01,1956-07-16,Monday,31
2013-04-31,1956-08-15,Wednesday,31
2013-05-01,1956-08-16,Thursday,31
2013-05-31,1956-09-15,Saturday,31
2013-06-01,1956-09-16,Sunday,31
2013-06-31,1956-10-16,Tuesday,31
2013-07-01,1956-10-17,Wednesday,30
2013-07-30,1956-11-15,Thursday,30
2013-08-01,1956-11-16,Friday,29
2013-08-29,1956-12-14,Friday,29
2013-09-01,1956-12-15,Saturday,30
2013-09-30,1957-01-13,Sunday,30
2013-10-01,1957-01-14,Monday,29
2013-10-29,1957-02-11,Monday,29
2013-11-01,1957-02-12,Tuesday,30
2013-11-30,1957-03-13,Wednesday,30
2013-12-01,1957-03-14,Thursday,30
2013-12-30,1957-04-12,Friday,30
2014-01-01,1957-04-13,Saturday,31
2014-01-31,1957-05-13,Monday,31
2014-02-01,1957-05-14,Tuesday,31
2014-02-31,1957-06-13,Thursday,31
2014-03-01,1957-06-14,Friday,32
2014-03-32,1957-07-15,Monday,32
2014-04-01,1957-07-16,Tuesday,32
2014-04-32,1957-08-16,Friday,32
2014-05-01,1957-08-17,Saturday,31
2014-05-31,1957-09-16,Monday,31
2014-06-01,1957-09-17,Tuesday,30
2014-06-30,1957-10-16,Wednesday,30
2014-07-01,1957-10-17,Thursday,30
2014-07-30,1957-11-15,Friday,30
2014-08-01,1957-11-16,Saturday,29
2014-08-29,1957-12-14,Saturday,29
2014-09-01,1957-12-15,Sunday,30
2014-09-30,1958-01-13,Monday,30
2014-10-01,1958-01-14,Tuesday,29
2014-10-29,1958-02-11,Tuesday,29
2014-11-01,1958-02-12,Wednesday,30
2014-11-30,1958-03-13,Thursday,30
2014-12-01,1958-03-14,Friday,30
2014-12-30,1958-04-12,Saturday,30
2015-01-01,1958-04-13,Sunday,31
2015-01-31,1958-05-13,Tuesday,31
2015-02-01,1958-05-14,Wednesday,32
2015-02-32,1958-06-14,Saturday,32
2015-03-01,1958-06-15,Sunday,31
2015-03-31,1958-07-15,Tuesday,31
2015-04-01,1958-07-16,Wednesday,32
2015-04-32,1958-08-16,Saturday,32
2015-05-01,1958-08-17,Sunday,31
2015-05-31,1958-09-16,Tuesday,31
2015-06-01,1958-09-17,Wednesday,30
2015-06-30,1958-10-16,Thursday,30
2015-07-01,1958-10-17,Friday,30
2015-07-30,1958-11-15,Saturday,30
2015-08-01,1958-11-16,Sunday,30
2015-08-30,1958-12-15,Monday,30
2015-09-01,1958-12-16,Tuesday,29
2015-09-29,1959-01-13,Tuesday,29
2015-10-01,1959-01-14,Wednesday,29
2015-10-29,1959-02-11,Wednesday,29
2015-11-01,1959-02-12,Thursday,30
2015-11-30,1959-03-13,Friday,30
2015-12-01,1959-03-14,Saturday,31
2015-12-31,1959-04-13,Monday,31
2016-01-01,1959-04-14,Tuesday,31
2016-01-31,1959-05-14,Thursday,31
2016-02-01,1959-05-15,Friday,31
2016-02-31,1959-06-14,Sunday,31
2016-03-01,1959-06-15,Monday,31
2016-03-31,1959-07-15,Wednesday,31
2016-04-01,1959-07-16,Thursday,32
2016-04-32,1959-08-16,Sunday,32
2016-05-01,1959-08-17,Monday,31
2016-05-31,1959-09-16,Wednesday,31
2016-06-01,1959-09-17,Thursday,31
2016-06-31,1959-10-17,Saturday,31
2016-07-01,1959-10-18,Sunday,29
2016-07-29,1959-11-15,Sunday,29
2016-08-01,1959-11-16,Monday,30
2016-08-30,1959-12-15,Tuesday,30
2016-09-01,1959-12-16,Wednesday,30
2016-09-30,1960-01-14,Thursday,30
2016-10-01,1960-01-15,Friday,29
2016-10-29,1960-02-12,Friday,29
2016-11-01,1960-02-13,Saturday,30
2016-11-30,1960-03-13,Sunday,30
2016-12-01,1960-03-14,Monday,30
2016-12-30,1960-04-12,Tuesday,30
2017-01-01,1960-04-13,Wednesday,31
2017-01-31,1960-05-13,Friday,31
2017-02-01,1960-05-14,Saturday,31
2017-02-31,1960-06-13,Monday,31
2017-03-01,1960-06-14,Tuesday,32
2017-03-32,1960-07-15,Friday,32
2017-04-01,1960-07-16,Saturday,31
2017-04-31,1960-08-15,Monday,31
2017-05-01,1960-08-16,Tuesday,31
2017-05-31,1960-09-15,Thursday,31
2017-06-01,1960-09-16,Friday,31
2017-06-31,1960-10-16,Sunday,31
2017-07-01,1960-10-17,Monday,30
2017-07-30,1960-11-15,Tuesday,30
2017-08-01,1960-11-16,Wednesday,29
2017-08-29,1960-12-14,Wednesday,29
2017-09-01,1960-12-15,Thursday,30
2017-09-30,1961-01-13,Friday,30
2017-10-01,1961-01-14,Saturday,29
2017-10-29,1961-02-11,Saturday,29
2017-11-01,1961-02-12,Sunday,30
2017-11-30,1961-03-13,Monday,30
2017-12-01,1961-03-14,Tuesday,30
2017-12-30,1961-04-12,Wednesday,30
2018-01-01,1961-04-13,Thursday,31
2018-01-31,1961-05-13,Saturday,31
2018-02-01,1961-05-14,Sunday,32
2018-02-32,1961-06-14,Wednesday,32
2018-03-01,1961-06-15,Thursday,31
2018-03-31,1961-07-15,Saturday,31
2018-04-01,1961-07-16,Sunday,32
2018-04-32,1961-08-16,Wednesday,32
2018-05-01,1961-08-17,Thursday,31
2018-05-31,1961-09-16,Saturday,31
2018-06-01,1961-09-17,Sunday,30
2018-06-30,1961-10-16,Monday,30
2018-07-01,1961-10-17,Tuesday,30
2018-07-30,1961-11-15,Wednesday,30
2018-08-01,1961-11-16,Thursday,29
2018-08-29,1961-12-14,Thursday,29
2018-09-01,1961-12-15,Friday,30
2018-09-30,1962-01-13,Saturday,30
2018-10-01,1962-01-14,Sunday,29
2018-10-29,1962-02-11,Sunday,29
2018-11-01,1962-02-12,Monday,30
2018-11-30,1962-03-13,Tuesday,30
2018-12-01,1962-03-14,Wednesday,30
2018-12-30,1962-04-12,Thursday,30
2019-01-01,1962-04-13,Friday,31
2019-01-31,1962-05-13,Sunday,31
2019-02-01,1962-05-14,Monday,32
2019-02-32,1962-06-14,Thursday,32
2019-03-01,1962-06-15,Friday,31
2019-03-31,1962-07-15,Sunday,31
2019-04-01,1962-07-16,Monday,32
2019-04-32,1962-08-16,Thursday,32
2019-05-01,1962-08-17,Friday,31
2019-05-31,1962-09-16,Sunday,31
2019-06-01,1962-09-17,Monday,30
2019-06-30,1962-10-16,Tuesday,30
2019-07-01,1962-10-17,Wednesday,30
2019-07-30,1962-11-15,Thursday,30
2019-08-01,1962-11-16,Friday,30
2019-08-30,1962-12-15,Saturday,30
2019-09-01,1962-12-16,Sunday,29
2019-09-29,1963-01-13,Sunday,29
2019-10-01,1963-01-14,Monday,30
2019-10-30,1963-02-12,Tuesday,30
2019-11-01,1963-02-13,Wednesday,29
2019-11-29,1963-03-13,Wednesday,29
2019-12-01,1963-03-14,Thursday,31
2019-12-31,1963-04-13,Saturday,31
2020-01-01,1963-04-14,Sunday,31
2020-01-31,1963-05-14,Tuesday,31
2020-02-01,1963-05-15,Wednesday,31
2020-02-31,1963-06-14,Friday,31
2020-03-01,1963-06-15,Saturday,31
2020-03-31,1963-07-15,Monday,31
2020-04-01,1963-07-16,Tuesday,32
2020-04-32,1963-08-16,Friday,32
2020-05-01,1963-08-17,Saturday,31
2020-05-31,1963-09-16,Monday,31
2020-06-01,1963-09-17,Tuesday,31
2020-06-31,1963-10-17,Thursday,31
2020-07-01,1963-10-18,Friday,30
2020-07-30,1963-11-16,Saturday,30
2020-08-01,1963-11-17,Sunday,29
2020-08-29,1963-12-15,Sunday,29
2020-09-01,1963-12-16,Monday,30
2020-09-30,1964-01-14,Tuesday,30
2020-10-01,1964-01-15,Wednesday,29
2020-10-29,1964-02-12,Wednesday,29
2020-11-01,1964-02-13,Thursday,30
2020-11-30,1964-03-13,Friday,30
2020-12-01,1964-03-14,Saturday,30
2020-12-30,1964-04-12,Sunday,30
2021-01-01,1964-04-13,Monday,31
2021-01-31,1964-05-13,Wednesday,31
2021-02-01,1964-05-14,Thursday,31
2021-02-31,1964-06-13,Saturday,31
2021-03-01,1964-06-14,Sunday,32
2021-03-32,1964-07-15,Wednesday,32
2021-04-01,1964-07-16,Thursday,31
2021-04-31,1964-08-15,Saturday,31
2021-05-01,1964-08-16,Sunday,31
2021-05-31,1964-09-15,Tuesday,31
2021-06-01,1964-09-16,Wednesday,31
2021-06-31,1964-10-16,Friday,31
2021-07-01,1964-10-17,Saturday,30
2021-07-30,1964-11-15,Sunday,30
2021-08-01,1964-11-16,Monday,29
2021-08-29,1964-12-14,Monday,29
2021-09-01,1964-12-15,Tuesday,30
2021-09-30,1965-01-13,Wednesday,30
2021-10-01,1965-01-14,Thursday,29
2021-10-29,1965-02-11,Thursday,29
2021-11-01,1965-02-12,Friday,30
2021-11-30,1965-03-13,Saturday,30
2021-12-01,1965-03-14,Sunday,30
2021-12-30,1965-04-12,Monday,30
2022-01-01,1965-04-13,Tuesday,31
2022-01-31,1965-05-13,Thursday,31
2022-02-01,1965-05-14,Friday,32
2022-02-32,1965-06-14,Monday,32
2022-03-01,1965-06-15,Tuesday,31
2022-03-31,1965-07-15,Thursday,31
2022-04-01,1965-07-16,Friday,32
2022-04-32,1965-08-16,Monday,32
2022-05-01,1965-08-17,Tuesday,31
2022-05-31,1965-09-16,Thursday,31
2022-06-01,1965-09-17,Friday,30
2022-06-30,1965-10-16,Saturday,30
2022-07-01,1965-10-17,Sunday,30
2022-07-30,1965-11-15,Monday,30
2022-08-01,1965-11-16,Tuesday,30
2022-08-30,1965-12-15,Wednesday,30
2022-09-01,1965-12-16,Thursday,29
2022-09-29,1966-01-13,Thursday,29
2022-10-01,1966-01-14,Friday,29
2022-10-29,1966-02-11,Friday,29
2022-11-01,1966-02-12,Saturday,30
2022-11-30,1966-03-13,Sunday,30
2022-12-01,1966-03-14,Monday,30
2022-12-30,1966-04-12,Tuesday,30
2023-01-01,1966-04-13,Wednesday,31
2023-01-31,1966-05-13,Friday,31
2023-02-01,1966-05-14,Saturday,32
2023-02-32,1966-06-14,Tuesday,32
2023-03-01,1966-06-15,Wednesday,31
2023-03-31,1966-07-15,Friday,31
2023-04-01,1966-07-16,Saturday,32
2023-04-32,1966-08-16,Tuesday,32
2023-05-01,1966-08-17,Wednesday,31
2023-05-31,1966-09-16,Friday,31
2023-06-01,1966-09-17,Saturday,30
2023-06-30,1966-10-16,Sunday,30
2023-07-01,1966-10-17,Monday,30
2023-07-30,1966-11-15,Tuesday,30
2023-08-01,1966-11-16,Wednesday,30
2023-08-30,1966-12-15,Thursday,30
2023-09-01,1966-12-16,Friday,29
2023-09-29,1967-01-13,Friday,29
2023-10-01,1967-01-14,Saturday,30
2023-10-30,1967-02-12,Sunday,30
2023-11-01,1967-02-13,Monday,29
2023-11-29,1967-03-13,Monday,29
2023-12-01,1967-03-14,Tuesday,31
2023-12-31,1967-04-13,Thursday,31
2024-01-01,1967-04-14,Friday,31
2024-01-31,1967-05-14,Sunday,31
2024-02-01,1967-05-15,Monday,31
2024-02-31,1967-06-14,Wednesday,31
2024-03-01,1967-06-15,Thursday,31
2024-03-31,1967-07-15,Saturday,31
2024-04-01,1967-07-16,Sunday,32
2024-04-32,1967-08-16,Wednesday,32
2024-05-01,1967-08-17,Thursday,31
2024-05-31,1967-09-16,Saturday,31
2024-06-01,1967-09-17,Sunday,31
2024-06-31,1967-10-17,Tuesday,31
2024-07-01,1967-10-18,Wednesday,30
2024-07-30,1967-11-16,Thursday,30
2024-08-01,1967-11-17,Friday,29
2024-08-29,1967-12-15,Friday,29
2024-09-01,1967-12-16,Saturday,30
2024-09-30,1968-01-14,Sunday,30
2024-10-01,1968-01-15,Monday,29
2024-10-29,1968-02-12,Monday,29
2024-11-01,1968-02-13,Tuesday,30
2024-11-30,1968-03-13,Wednesday,30
2024-12-01,1968-03-14,Thursday,30
2024-12-30,1968-04-12,Friday,30
2025-01-01,1968-04-13,Saturday,31
2025-01-31,1968-05-13,Monday,31
2025-02-01,1968-05-14,Tuesday,31
2025-02-31,1968-06-13,Thursday,31
2025-03-01,1968-06-14,Friday,32
2025-03-32,1968-07-15,Monday,32
2025-04-01,1968-07-16,Tuesday,31
2025-04-31,1968-08-15,Thursday,31
2025-05-01,1968-08-16,Friday,31
2025-05-31,1968-09-15,Sunday,31
2025-06-01,1968-09-16,Monday,31
2025-06-31,1968-10-16,Wednesday,31
2025-07-01,1968-10-17,Thursday,30
2025-07-30,1968-11-15,Friday,30
2025-08-01,1968-11-16,Saturday,29
2025-08-29,1968-12-14,Saturday,29
2025-09-01,1968-12-15,Sunday,30
2025-09-30,1969-01-13,Monday,30
2025-10-01,1969-01-14,Tuesday,29
2025-10-29,1969-02-11,Tuesday,29
2025-11-01,1969-02-12,Wednesday,30
2025-11-30,1969-03-13,Thursday,30
2025-12-01,1969-03-14,Friday,30
2025-12-30,1969-04-12,Saturday,30
2026-01-01,1969-04-13,Sunday,31
2026-01-31,1969-05-13,Tuesday,31
2026-02-01,1969-05-14,Wednesday,32
2026-02-32,1969-06-14,Saturday,32
2026-03-01,1969-06-15,Sunday,31
2026-03-31,1969-07-15,Tuesday,31
2026-04-01,1969-07-16,Wednesday,32
2026-04-32,1969-08-16,Saturday,32
2026-05-01,1969-08-17,Sunday,31
2026-05-31,1969-09-16,Tuesday,31
2026-06-01,1969-09-17,Wednesday,30
2026-06-30,1969-10-16,Thursday,30
2026-07-01,1969-10-17,Friday,30
2026-07-30,1969-11-15,Saturday,30
2026-08-01,1969-11-16,Sunday,30
2026-08-30,1969-12-15,Monday,30
2026-09-01,1969-12-16,Tuesday,29
2026-09-29,1970-01-13,Tuesday,29
2026-10-01,1970-01-14,Wednesday,29
2026-10-29,1970-02-11,Wednesday,29
2026-11-01,1970-02-12,Thursday,30
2026-11-30,1970-03-13,Friday,30
2026-12-01,1970-03-14,Saturday,31
2026-12-31,1970-04-13,Monday,31
2027-01-01,1970-04-14,Tuesday,30
2027-01-30,1970-05-13,Wednesday,30
2027-02-01,1970-05-14,Thursday,32
2027-02-32,1970-06-14,Sunday,32
2027-03-01,1970-06-15,Monday,31
2027-03-31,1970-07-15,Wednesday,31
2027-04-01,1970-07-16,Thursday,32
2027-04-32,1970-08-16,Sunday,32
2027-05-01,1970-08-17,Monday,31
2027-05-31,1970-09-16,Wednesday,31
2027-06-01,1970-09-17,Thursday,30
2027-06-30,1970-10-16,Friday,30
2027-07-01,1970-10-17,Saturday,30
2027-07-30,1970-11-15,Sunday,30
2027-08-01,1970-11-16,Monday,30
2027-08-30,1970-12-15,Tuesday,30
2027-09-01,1970-12-16,Wednesday,29
2027-09-29,1971-01-13,Wednesday,29
2027-10-01,1971-01-14,Thursday,30
2027-10-30,1971-02-12,Friday,30
2027-11-01,1971-02-13,Saturday,29
2027-11-29,1971-03-13,Saturday,29
2027-12-01,1971-03-14,Sunday,31
2027-12-31,1971-04-13,Tuesday,31
2028-01-01,1971-04-14,Wednesday,31
2028-01-31,1971-05-14,Friday,31
2028-02-01,1971-05-15,Saturday,31
2028-02-31,1971-06-14,Monday,31
2028-03-01,1971-06-15,Tuesday,32
2028-03-32,1971-07-16,Friday,32
2028-04-01,1971-07-17,Saturday,31
2028-04-31,1971-08-16,Monday,31
2028-05-01,1971-08-17,Tuesday,31
2028-05-31,1971-09-16,Thursday,31
2028-06-01,1971-09-17,Friday,31
2028-06-31,1971-10-17,Sunday,31
2028-07-01,1971-10-18,Monday,30
2028-07-30,1971-11-16,Tuesday,30
2028-08-01,1971-11-17,Wednesday,29
2028-08-29,1971-12-15,Wednesday,29
2028-09-01,1971-12-16,Thursday,30
2028-09-30,1972-01-14,Friday,30
2028-10-01,1972-01-15,Saturday,29
2028-10-29,1972-02-12,Saturday,29
2028-11-01,1972-02-13,Sunday,30
2028-11-30,1972-03-13,Monday,30
2028-12-01,1972-03-14,Tuesday,30
2028-12-30,1972-04-12,Wednesday,30
2029-01-01,1972-04-13,Thursday,31
2029-01-31,1972-05-13,Saturday,31
2029-02-01,1972-05-14,Sunday,31
2029-02-31,1972-06-13,Tuesday,31
2029-03-01,1972-06-14,Wednesday,32
2029-03-32,1972-07-15,Saturday,32
2029-04-01,1972-07-16,Sunday,31
2029-04-31,1972-08-15,Tuesday,31
2029-05-01,1972-08-16,Wednesday,32
2029-05-32,1972-09-16,Saturday,32
2029-06-01,1972-09-17,Sunday,30
2029-06-30,1972-10-16,Monday,30
2029-07-01,1972-10-17,Tuesday,30
2029-07-30,1972-11-15,Wednesday,30
2029-08-01,1972-11-16,Thursday,29
2029-08-29,1972-12-14,Thursday,29
2029-09-01,1972-12-15,Friday,30
2029-09-30,1973-01-13,Saturday,30
2029-10-01,1973-01-14,Sunday,29
2029-10-29,1973-02-11,Sunday,29
2029-11-01,1973-02-12,Monday,30
2029-11-30,1973-03-13,Tuesday,30
2029-12-01,1973-03-14,Wednesday,30
2029-12-30,1973-04-12,Thursday,30
2030-01-01,1973-04-13,Friday,31
2030-01-31,1973-05-13,Sunday,31
2030-02-01,1973-05-14,Monday,32
2030-02-32,1973-06-14,Thursday,32
2030-03-01,1973-06-15,Friday,31
2030-03-31,1973-07-15,Sunday,31
2030-04-01,1973-07-16,Monday,32
2030-04-32,1973-08-16,Thursday,32
2030-05-01,1973-08-17,Friday,31
2030-05-31,1973-09-16,Sunday,31
2030-06-01,1973-09-17,Monday,30
2030-06-30,1973-10-16,Tuesday,30
2030-07-01,1973-10-17,Wednesday,30
2030-07-30,1973-11-15,Thursday,30
2030-08-01,1973-11-16,Friday,30
2030-08-30,1973-12-15,Saturday,30
2030-09-01,1973-12-16,Sunday,29
2030-09-29,1974-01-13,Sunday,29
2030-10-01,1974-01-14,Monday,29
2030-10-29,1974-02-11,Monday,29
2030-11-01,1974-02-12,Tuesday,30
2030-11-30,1974-03-13,Wednesday,30
2030-12-01,1974-03-14,Thursday,31
2030-12-31,1974-04-13,Saturday,31
2031-01-01,1974-04-14,Sunday,30
2031-01-30,1974-05-13,Monday,30
2031-02-01,1974-05-14,Tuesday,32
2031-02-32,1974-06-14,Friday,32
2031-03-01,1974-06-15,Saturday,31
2031-03-31,1974-07-15,Monday,31
2031-04-01,1974-07-16,Tuesday,32
2031-04-32,1974-08-16,Friday,32
2031-05-01,1974-08-17,Saturday,31
2031-05-31,1974-09-16,Monday,31
2031-06-01,1974-09-17,Tuesday,30
2031-06-30,1974-10-16,Wednesday,30
2031-07-01,1974-10-17,Thursday,30
2031-07-30,1974-11-15,Friday,30
2031-08-01,1974-11-16,Saturday,30
2031-08-30,1974-12-15,Sunday,30
2031-09-01,1974-12-16,Monday,29
2031-09-29,1975-01-13,Monday,29
2031-10-01,1975-01-14,Tuesday,30
2031-10-30,1975-02-12,Wednesday,30
2031-11-01,1975-02-13,Thursday,29
2031-11-29,1975-03-13,Thursday,29
2031-12-01,1975-03-14,Friday,31
2031-12-31,1975-04-13,Sunday,31
2032-01-01,1975-04-14,Monday,31
2032-01-31,1975-05-14,Wednesday,31
2032-02-01,1975-05-15,Thursday,31
2032-02-31,1975-06-14,Saturday,31
2032-03-01,1975-06-15,Sunday,32
2032-03-32,1975-07-16,Wednesday,32
2032-04-01,1975-07-17,Thursday,31
2032-04-31,1975-08-16,Saturday,31
2032-05-01,1975-08-17,Sunday,31
2032-05-31,1975-09-16,Tuesday,31
2032-06-01,1975-09-17,Wednesday,31
2032-06-31,1975-10-17,Friday,31
2032-07-01,1975-10-18,Saturday,30
2032-07-30,1975-11-16,Sunday,30
2032-08-01,1975-11-17,Monday,29
2032-08-29,1975-12-15,Monday,29
2032-09-01,1975-12-16,Tuesday,30
2032-09-30,1976-01-14,Wednesday,30
2032-10-01,1976-01-15,Thursday,29
2032-10-29,1976-02-12,Thursday,29
2032-11-01,1976-02-13,Friday,30
2032-11-30,1976-03-13,Saturday,30
2032-12-01,1976-03-14,Sunday,30
2032-12-30,1976-04-12,Monday,30
2033-01-01,1976-04-13,Tuesday,31
2033-01-31,1976-05-13,Thursday,31
2033-02-01,1976-05-14,Friday,31
2033-02-31,1976-06-13,Sunday,31
2033-03-01,1976-06-14,Monday,32
2033-03-32,1976-07-15,Thursday,32
2033-04-01,1976-07-16,Friday,32
2033-04-32,1976-08-16,Monday,32
2033-05-01,1976-08-17,Tuesday,31
2033-05-31,1976-09-16,Thursday,31
2033-06-01,1976-09-17,Friday,30
2033-06-30,1976-10-16,Saturday,30
2033-07-01,1976-10-17,Sunday,30
2033-07-30,1976-11-15,Monday,30
2033-08-01,1976-11-16,Tuesday,29
2033-08-29,1976-12-14,Tuesday,29
2033-09-01,1976-12-15,Wednesday,30
2033-09-30,1977-01-13,Thursday,30
2033-10-01,1977-01-14,Friday,29
2033-10-29,1977-02-11,Friday,29
2033-11-01,1977-02-12,Saturday,30
2033-11-30,1977-03-13,Sunday,30
2033-12-01,1977-03-14,Monday,30
2033-12-30,1977-04-12,Tuesday,30
2034-01-01,1977-04-13,Wednesday,31
2034-01-31,1977-05-13,Friday,31
2034-02-01,1977-05-14,Saturday,32
2034-02-32,1977-06-14,Tuesday,32
2034-03-01,1977-06-15,Wednesday,31
2034-03-31,1977-07-15,Friday,31
2034-04-01,1977-07-16,Saturday,32
2034-04-32,1977-08-16,Tuesday,32
2034-05-01,1977-08-17,Wednesday,31
2034-05-31,1977-09-16,Friday,31
2034-06-01,1977-09-17,Saturday,30
2034-06-30,1977-10-16,Sunday,30
2034-07-01,1977-10-17,Monday,30
2034-07-30,1977-11-15,Tuesday,30
2034-08-01,1977-11-16,Wednesday,30
2034-08-30,1977-12-15,Thursday,30
2034-09-01,1977-12-16,Friday,29
2034-09-29,1978-01-13,Friday,29
2034-10-01,1978-01-14,Saturday,29
2034-10-29,1978-02-11,Saturday,29
2034-11-01,1978-02-12,Sunday,30
2034-11-30,1978-03-13,Monday,30
2034-12-01,1978-03-14,Tuesday,31
2034-12-31,1978-04-13,Thursday,31
2035-01-01,1978-04-14,Friday,30
2035-01-30,1978-05-13,Saturday,30
2035-02-01,1978-05-14,Sunday,32
2035-02-32,1978-06-14,Wednesday,32
2035-03-01,1978-06-15,Thursday,31
2035-03-31,1978-07-15,Saturday,31
2035-04-01,1978-07-16,Sunday,32
2035-04-32,1978-08-16,Wednesday,32
2035-05-01,1978-08-17,Thursday,31
2035-05-31,1978-09-16,Saturday,31
2035-06-01,1978-09-17,Sunday,31
2035-06-31,1978-10-17,Tuesday,31
2035-07-01,1978-10-18,Wednesday,29
2035-07-29,1978-11-15,Wednesday,29
2035-08-01,1978-11-16,Thursday,30
2035-08-30,1978-12-15,Friday,30
2035-09-01,1978-12-16,Saturday,30
2035-09-30,1979-01-14,Sunday,30
2035-10-01,1979-01-15,Monday,29
2035-10-29,1979-02-12,Monday,29
2035-11-01,1979-02-13,Tuesday,29
2035-11-29,1979-03-13,Tuesday,29
2035-12-01,1979-03-14,Wednesday,31
2035-12-31,1979-04-13,Friday,31
2036-01-01,1979-04-14,Saturday,31
2036-01-31,1979-05-14,Monday,31
2036-02-01,1979-05-15,Tuesday,31
2036-02-31,1979-06-14,Thursday,31
2036-03-01,1979-06-15,Friday,32
2036-03-32,1979-07-16,Monday,32
2036-04-01,1979-07-17,Tuesday,31
2036-04-31,1979-08-16,Thursday,31
2036-05-01,1979-08-17,Friday,31
2036-05-31,1979-09-16,Sunday,31
2036-06-01,1979-09-17,Monday,31
2036-06-31,1979-10-17,Wednesday,31
2036-07-01,1979-10-18,Thursday,30
2036-07-30,1979-11-16,Friday,30
2036-08-01,1979-11-17,Saturday,29
2036-08-29,1979-12-15,Saturday,29
2036-09-01,1979-12-16,Sunday,30
2036-09-30,1980-01-14,Monday,30
2036-10-01,1980-01-15,Tuesday,29
2036-10-29,1980-02-12,Tuesday,29
2036-11-01,1980-02-13,Wednesday,30
2036-11-30,1980-03-13,Thursday,30
2036-12-01,1980-03-14,Friday,30
2036-12-30,1980-04-12,Saturday,30
2037-01-01,1980-04-13,Sunday,31
2037-01-31,1980-05-13,Tuesday,31
2037-02-01,1980-05-14,Wednesday,31
2037-02-31,1980-06-13,Friday,31
2037-03-01,1980-06-14,Saturday,32
2037-03-32,1980-07-15,Tuesday,32
2037-04-01,1980-07-16,Wednesday,32
2037-04-32,1980-08-16,Saturday,32
2037-05-01,1980-08-17,Sunday,31
2037-05-31,1980-09-16,Tuesday,31
2037-06-01,1980-09-17,Wednesday,30
2037-06-30,1980-10-16,Thursday,30
2037-07-01,1980-10-17,Friday,30
2037-07-30,1980-11-15,Saturday,30
2037-08-01,1980-11-16,Sunday,29
2037-08-29,1980-12-14,Sunday,29
2037-09-01,1980-12-15,Monday,30
2037-09-30,1981-01-13,Tuesday,30
2037-10-01,1981-01-14,Wednesday,29
2037-10-29,1981-02-11,Wednesday,29
2037-11-01,1981-02-12,Thursday,30
2037-11-30,1981-03-13,Friday,30
2037-12-01,1981-03-14,Saturday,30
2037-12-30,1981-04-12,Sunday,30
2038-01-01,1981-04-13,Monday,31
2038-01-31,1981-05-13,Wednesday,31
2038-02-01,1981-05-14,Thursday,32
2038-02-32,1981-06-14,Sunday,32
2038-03-01,1981-06-15,Monday,31
2038-03-31,1981-07-15,Wednesday,31
2038-04-01,1981-07-16,Thursday,32
2038-04-32,1981-08-16,Sunday,32
2038-05-01,1981-08-17,Monday,31
2038-05-31,1981-09-16,Wednesday,31
2038-06-01,1981-09-17,Thursday,30
2038-06-30,1981-10-16,Friday,30
2038-07-01,1981-10-17,Saturday,30
2038-07-30,1981-11-15,Sunday,30
2038-08-01,1981-11-16,Monday,30
2038-08-30,1981-12-15,Tuesday,30
2038-09-01,1981-12-16,Wednesday,29
2038-09-29,1982-01-13,Wednesday,29
2038-10-01,1982-01-14,Thursday,29
2038-10-29,1982-02-11,Thursday,29
2038-11-01,1982-02-12,Friday,30
2038-11-30,1982-03-13,Saturday,30
2038-12-01,1982-03-14,Sunday,31
2038-12-31,1982-04-13,Tuesday,31
2039-01-01,1982-04-14,Wednesday,31
2039-01-31,1982-05-14,Friday,31
2039-02-01,1982-05-15,Saturday,31
2039-02-31,1982-06-14,Monday,31
2039-03-01,1982-06-15,Tuesday,31
2039-03-31,1982-07-15,Thursday,31
2039-04-01,1982-07-16,Friday,32
2039-04-32,1982-08-16,Monday,32
2039-05-01,1982-08-17,Tuesday,31
2039-05-31,1982-09-16,Thursday,31
2039-06-01,1982-09-17,Friday,31
2039-06-31,1982-10-17,Sunday,31
2039-07-01,1982-10-18,Monday,29
2039-07-29,1982-11-15,Monday,29
2039-08-01,1982-11-16,Tuesday,30
2039-08-30,1982-12-15,Wednesday,30
2039-09-01,1982-12-16,Thursday,30
2039-09-30,1983-01-14,Friday,30
2039-10-01,1983-01-15,Saturday,29
2039-10-29,1983-02-12,Saturday,29
2039-11-01,1983-02-13,Sunday,30
2039-11-30,1983-03-14,Monday,30
2039-12-01,1983-03-15,Tuesday,30
2039-12-30,1983-04-13,Wednesday,30
2040-01-01,1983-04-14,Thursday,31
2040-01-31,1983-05-14,Saturday,31
2040-02-01,1983-05-15,Sunday,31
2040-02-31,1983-06-14,Tuesday,31
2040-03-01,1983-06-15,Wednesday,32
2040-03-32,1983-07-16,Saturday,32
2040-04-01,1983-07-17,Sunday,31
2040-04-31,1983-08-16,Tuesday,31
2040-05-01,1983-08-17,Wednesday,31
2040-05-31,1983-09-16,Friday,31
2040-06-01,1983-09-17,Saturday,31
2040-06-31,1983-10-17,Monday,31
2040-07-01,1983-10-18,Tuesday,30
2040-07-30,1983-11-16,Wednesday,30
2040-08-01,1983-11-17,Thursday,29
2040-08-29,1983-12-15,Thursday,29
2040-09-01,1983-12-16,Friday,30
2040-09-30,1984-01-14,Saturday,30
2040-10-01,1984-01-15,Sunday,29
2040-10-29,1984-02-12,Sunday,29
2040-11-01,1984-02-13,Monday,30
2040-11-30,1984-03-13,Tuesday,30
2040-12-01,1984-03-14,Wednesday,30
2040-12-30,1984-04-12,Thursday,30
2041-01-01,1984-04-13,Friday,31
2041-01-31,1984-05-13,Sunday,31
2041-02-01,1984-05-14,Monday,31
2041-02-31,1984-06-13,Wednesday,31
2041-03-01,1984-06-14,Thursday,32
2041-03-32,1984-07-15,Sunday,32
2041-04-01,1984-07-16,Monday,32
2041-04-32,1984-08-16,Thursday,32
2041-05-01,1984-08-17,Friday,31
2041-05-31,1984-09-16,Sunday,31
2041-06-01,1984-09-17,Monday,30
2041-06-30,1984-10-16,Tuesday,30
2041-07-01,1984-10-17,Wednesday,30
2041-07-30,1984-11-15,Thursday,30
2041-08-01,1984-11-16,Friday,29
2041-08-29,1984-12-14,Friday,29
2041-09-01,1984-12-15,Saturday,30
2041-09-30,1985-01-13,Sunday,30
2041-10-01,1985-01-14,Monday,29
2041-10-29,1985-02-11,Monday,29
2041-11-01,1985-02-12,Tuesday,30
2041-11-30,1985-03-13,Wednesday,30
2041-12-01,1985-03-14,Thursday,30
2041-12-30,1985-04-12,Friday,30
2042-01-01,1985-04-13,Saturday,31
2042-01-31,1985-05-13,Monday,31
2042-02-01,1985-05-14,Tuesday,32
2042-02-32,1985-06-14,Friday,32
2042-03-01,1985-06-15,Saturday,31
2042-03-31,1985-07-15,Monday,31
2042-04-01,1985-07-16,Tuesday,32
2042-04-32,1985-08-16,Friday,32
2042-05-01,1985-08-17,Saturday,31
2042-05-31,1985-09-16,Monday,31
2042-06-01,1985-09-17,Tuesday,30
2042-06-30,1985-10-16,Wednesday,30
2042-07-01,1985-10-17,Thursday,30
2042-07-30,1985-11-15,Friday,30
2042-08-01,1985-11-16,Saturday,30
2042-08-30,1985-12-15,Sunday,30
2042-09-01,1985-12-16,Monday,29
2042-09-29,1986-01-13,Monday,29
2042-10-01,1986-01-14,Tuesday,29
2042-10-29,1986-02-11,Tuesday,29
2042-11-01,1986-02-12,Wednesday,30
2042-11-30,1986-03-13,Thursday,30
2042-12-01,1986-03-14,Friday,31
2042-12-31,1986-04-13,Sunday,31
2043-01-01,1986-04-14,Monday,31
2043-01-31,1986-05-14,Wednesday,31
2043-02-01,1986-05-15,Thursday,31
2043-02-31,1986-06-14,Saturday,31
2043-03-01,1986-06-15,Sunday,31
2043-03-31,1986-07-15,Tuesday,31
2043-04-01,1986-07-16,Wednesday,32
2043-04-32,1986-08-16,Saturday,32
2043-05-01,1986-08-17,Sunday,31
2043-05-31,1986-09-16,Tuesday,31
2043-06-01,1986-09-17,Wednesday,31
2043-06-31,1986-10-17,Friday,31
2043-07-01,1986-10-18,Saturday,29
2043-07-29,1986-11-15,Saturday,29
2043-08-01,1986-11-16,Sunday,30
2043-08-30,1986-12-15,Monday,30
2043-09-01,1986-12-16,Tuesday,30
2043-09-30,1987-01-14,Wednesday,30
2043-10-01,1987-01-15,Thursday,29
2043-10-29,1987-02-12,Thursday,29
2043-11-01,1987-02-13,Friday,30
2043-11-30,1987-03-14,Saturday,30
2043-12-01,1987-03-15,Sunday,30
2043-12-30,1987-04-13,Monday,30
2044-01-01,1987-04-14,Tuesday,31
2044-01-31,1987-05-14,Thursday,31
2044-02-01,1987-05-15,Friday,31
2044-02-31,1987-06-14,Sunday,31
2044-03-01,1987-06-15,Monday,32
2044-03-32,1987-07-16,Thursday,32
2044-04-01,1987-07-17,Friday,31
2044-04-31,1987-08-16,Sunday,31
2044-05-01,1987-08-17,Monday,31
2044-05-31,1987-09-16,Wednesday,31
2044-06-01,1987-09-17,Thursday,31
2044-06-31,1987-10-17,Saturday,31
2044-07-01,1987-10-18,Sunday,30
2044-07-30,1987-11-16,Monday,30
2044-08-01,1987-11-17,Tuesday,29
2044-08-29,1987-12-15,Tuesday,29
2044-09-01,1987-12-16,Wednesday,30
2044-09-30,1988-01-14,Thursday,30
2044-10-01,1988-01-15,Friday,29
2044-10-29,1988-02-12,Friday,29
2044-11-01,1988-02-13,Saturday,30
2044-11-30,1988-03-13,Sunday,30
2044-12-01,1988-03-14,Monday,30
2044-12-30,1988-04-12,Tuesday,30
2045-01-01,1988-04-13,Wednesday,31
2045-01-31,1988-05-13,Friday,31
2045-02-01,1988-05-14,Saturday,32
2045-02-32,1988-06-14,Tuesday,32
2045-03-01,1988-06-15,Wednesday,31
2045-03-31,1988-07-15,Friday,31
2045-04-01,1988-07-16,Saturday,32
2045-04-32,1988-08-16,Tuesday,32
2045-05-01,1988-08-17,Wednesday,31
2045-05-31,1988-09-16,Friday,31
2045-06-01,1988-09-17,Saturday,30
2045-06-30,1988-10-16,Sunday,30
2045-07-01,1988-10-17,Monday,30
2045-07-30,1988-11-15,Tuesday,30
2045-08-01,1988-11-16,Wednesday,29
2045-08-29,1988-12-14,Wednesday,29
2045-09-01,1988-12-15,Thursday,30
2045-09-30,1989-01-13,Friday,30
2045-10-01,1989-01-14,Saturday,29
2045-10-29,1989-02-11,Saturday,29
2045-11-01,1989-02-12,Sunday,30
2045-11-30,1989-03-13,Monday,30
2045-12-01,1989-03-14,Tuesday,30
2045-12-30,1989-04-12,Wednesday,30
2046-01-01,1989-04-13,Thursday,31
2046-01-31,1989-05-13,Saturday,31
2046-02-01,1989-05-14,Sunday,32
2046-02-32,1989-06-14,Wednesday,32
2046-03-01,1989-06-15,Thursday,31
2046-03-31,1989-07-15,Saturday,31
2046-04-01,1989-07-16,Sunday,32
2046-04-32,1989-08-16,Wednesday,32
2046-05-01,1989-08-17,Thursday,31
2046-05-31,1989-09-16,Saturday,31
2046-06-01,1989-09-17,Sunday,30
2046-06-30,1989-10-16,Monday,30
2046-07-01,1989-10-17,Tuesday,30
2046-07-30,1989-11-15,Wednesday,30
2046-08-01,1989-11-16,Thursday,30
2046-08-30,1989-12-15,Friday,30
2046-09-01,1989-12-16,Saturday,29
2046-09-29,1990-01-13,Saturday,29
2046-10-01,1990-01-14,Sunday,29
2046-10-29,1990-02-11,Sunday,29
2046-11-01,1990-02-12,Monday,30
2046-11-30,1990-03-13,Tuesday,30
2046-12-01,1990-03-14,Wednesday,31
2046-12-31,1990-04-13,Friday,31
2047-01-01,1990-04-14,Saturday,31
2047-01-31,1990-05-14,Monday,31
2047-02-01,1990-05-15,Tuesday,31
2047-02-31,1990-06-14,Thursday,31
2047-03-01,1990-06-15,Friday,31
2047-03-31,1990-07-15,Sunday,31
2047-04-01,1990-07-16,Monday,32
2047-04-32,1990-08-16,Thursday,32
2047-05-01,1990-08-17,Friday,31
2047-05-31,1990-09-16,Sunday,31
2047-06-01,1990-09-17,Monday,31
2047-06-31,1990-10-17,Wednesday,31
2047-07-01,1990-10-18,Thursday,30
2047-07-30,1990-11-16,Friday,30
2047-08-01,1990-11-17,Saturday,29
2047-08-29,1990-12-15,Saturday,29
2047-09-01,1990-12-16,Sunday,30
2047-09-30,1991-01-14,Monday,30
2047-10-01,1991-01-15,Tuesday,29
2047-10-29,1991-02-12,Tuesday,29
2047-11-01,1991-02-13,Wednesday,30
2047-11-30,1991-03-14,Thursday,30
2047-12-01,1991-03-15,Friday,30
2047-12-30,1991-04-13,Saturday,30
2048-01-01,1991-04-14,Sunday,31
2048-01-31,1991-05-14,Tuesday,31
2048-02-01,1991-05-15,Wednesday,31
2048-02-31,1991-06-14,Friday,31
2048-03-01,1991-06-15,Saturday,32
2048-03-32,1991-07-16,Tuesday,32
2048-04-01,1991-07-17,Wednesday,31
2048-04-31,1991-08-16,Friday,31
2048-05-01,1991-08-17,Saturday,31
2048-05-31,1991-09-16,Monday,31
2048-06-01,1991-09-17,Tuesday,31
2048-06-31,1991-10-17,Thursday,31
2048-07-01,1991-10-18,Friday,30
2048-07-30,1991-11-16,Saturday,30
2048-08-01,1991-11-17,Sunday,29
2048-08-29,1991-12-15,Sunday,29
2048-09-01,1991-12-16,Monday,30
2048-09-30,1992-01-14,Tuesday,30
2048-10-01,1992-01-15,Wednesday,29
2048-10-29,1992-02-12,Wednesday,29
2048-11-01,1992-02-13,Thursday,30
2048-11-30,1992-03-13,Friday,30
2048-12-01,1992-03-14,Saturday,30
2048-12-30,1992-04-12,Sunday,30
2049-01-01,1992-04-13,Monday,31
2049-01-31,1992-05-13,Wednesday,31
2049-02-01,1992-05-14,Thursday,32
2049-02-32,1992-06-14,Sunday,32
2049-03-01,1992-06-15,Monday,31
2049-03-31,1992-07-15,Wednesday,31
2049-04-01,1992-07-16,Thursday,32
2049-04-32,1992-08-16,Sunday,32
2049-05-01,1992-08-17,Monday,31
2049-05-31,1992-09-16,Wednesday,31
2049-06-01,1992-09-17,Thursday,30
2049-06-30,1992-10-16,Friday,30
2049-07-01,1992-10-17,Saturday,30
2049-07-30,1992-11-15,Sunday,30
2049-08-01,1992-11-16,Monday,30
2049-08-30,1992-12-15,Tuesday,30
2049-09-01,1992-12-16,Wednesday,29
2049-09-29,1993-01-13,Wednesday,29
2049-10-01,1993-01-14,Thursday,29
2049-10-29,1993-02-11,Thursday,29
2049-11-01,1993-02-12,Friday,30
2049-11-30,1993-03-13,Saturday,30
2049-12-01,1993-03-14,Sunday,30
2049-12-30,1993-04-12,Monday,30
2050-01-01,1993-04-13,Tuesday,31
2050-01-31,1993-05-13,Thursday,31
2050-02-01,1993-05-14,Friday,32
2050-02-32,1993-06-14,Monday,32
2050-03-01,1993-06-15,Tuesday,31
2050-03-31,1993-07-15,Thursday,31
2050-04-01,1993-07-16,Friday,32
2050-04-32,1993-08-16,Monday,32
2050-05-01,1993-08-17,Tuesday,31
2050-05-31,1993-09-16,Thursday,31
2050-06-01,1993-09-17,Friday,30
2050-06-30,1993-10-16,Saturday,30
2050-07-01,1993-10-17,Sunday,30
2050-07-30,1993-11-15,Monday,30
2050-08-01,1993-11-16,Tuesday,30
2050-08-30,1993-12-15,Wednesday,30
2050-09-01,1993-12-16,Thursday,29
2050-09-29,1994-01-13,Thursday,29
2050-10-01,1994-01-14,Friday,30
2050-10-30,1994-02-12,Saturday,30
2050-11-01,1994-02-13,Sunday,29
2050-11-29,1994-03-13,Sunday,29
2050-12-01,1994-03-14,Monday,31
2050-12-31,1994-04-13,Wednesday,31
2051-01-01,1994-04-14,Thursday,31
2051-01-31,1994-05-14,Saturday,31
2051-02-01,1994-05-15,Sunday,31
2051-02-31,1994-06-14,Tuesday,31
2051-03-01,1994-06-15,Wednesday,31
2051-03-31,1994-07-15,Friday,31
2051-04-01,1994-07-16,Saturday,32
2051-04-32,1994-08-16,Tuesday,32
2051-05-01,1994-08-17,Wednesday,31
2051-05-31,1994-09-16,Friday,31
2051-06-01,1994-09-17,Saturday,31
2051-06-31,1994-10-17,Monday,31
2051-07-01,1994-10-18,Tuesday,30
2051-07-30,1994-11-16,Wednesday,30
2051-08-01,1994-11-17,Thursday,29
2051-08-29,1994-12-15,Thursday,29
2051-09-01,1994-12-16,Friday,30
2051-09-30,1995-01-14,Saturday,30
2051-10-01,1995-01-15,Sunday,29
2051-10-29,1995-02-12,Sunday,29
2051-11-01,1995-02-13,Monday,30
2051-11-30,1995-03-14,Tuesday,30
2051-12-01,1995-03-15,Wednesday,30
2051-12-30,1995-04-13,Thursday,30
2052-01-01,1995-04-14,Friday,31
2052-01-31,1995-05-14,Sunday,31
2052-02-01,1995-05-15,Monday,31
2052-02-31,1995-06-14,Wednesday,31
2052-03-01,1995-06-15,Thursday,32
2052-03-32,1995-07-16,Sunday,32
2052-04-01,1995-07-17,Monday,31
2052-04-31,1995-08-16,Wednesday,31
2052-05-01,1995-08-17,Thursday,31
2052-05-31,1995-09-16,Saturday,31
2052-06-01,1995-09-17,Sunday,31
2052-06-31,1995-10-17,Tuesday,31
2052-07-01,1995-10-18,Wednesday,30
2052-07-30,1995-11-16,Thursday,30
2052-08-01,1995-11-17,Friday,29
2052-08-29,1995-12-15,Friday,29
2052-09-01,1995-12-16,Saturday,30
2052-09-30,1996-01-14,Sunday,30
2052-10-01,1996-01-15,Monday,29
2052-10-29,1996-02-12,Monday,29
2052-11-01,1996-02-13,Tuesday,30
2052-11-30,1996-03-13,Wednesday,30
2052-12-01,1996-03-14,Thursday,30
2052-12-30,1996-04-12,Friday,30
2053-01-01,1996-04-13,Saturday,31
2053-01-31,1996-05-13,Monday,31
2053-02-01,1996-05-14,Tuesday,32
2053-02-32,1996-06-14,Friday,32
2053-03-01,1996-06-15,Saturday,31
2053-03-31,1996-07-15,Monday,31
2053-04-01,1996-07-16,Tuesday,32
2053-04-32,1996-08-16,Friday,32
2053-05-01,1996-08-17,Saturday,31
2053-05-31,1996-09-16,Monday,31
2053-06-01,1996-09-17,Tuesday,30
2053-06-30,1996-10-16,Wednesday,30
2053-07-01,1996-10-17,Thursday,30
2053-07-30,1996-11-15,Friday,30
2053-08-01,1996-11-16,Saturday,30
2053-08-30,1996-12-15,Sunday,30
2053-09-01,1996-12-16,Monday,29
2053-09-29,1997-01-13,Monday,29
2053-10-01,1997-01-14,Tuesday,29
2053-10-29,1997-02-11,Tuesday,29
2053-11-01,1997-02-12,Wednesday,30
2053-11-30,1997-03-13,Thursday,30
2053-12-01,1997-03-14,Friday,30
2053-12-30,1997-04-12,Saturday,30
2054-01-01,1997-04-13,Sunday,31
2054-01-31,1997-05-13,Tuesday,31
2054-02-01,1997-05-14,Wednesday,32
2054-02-32,1997-06-14,Saturday,32
2054-03-01,1997-06-15,Sunday,31
2054-03-31,1997-07-15,Tuesday,31
2054-04-01,1997-07-16,Wednesday,32
2054-04-32,1997-08-16,Saturday,32
2054-05-01,1997-08-17,Sunday,31
2054-05-31,1997-09-16,Tuesday,31
2054-06-01,1997-09-17,Wednesday,30
2054-06-30,1997-10-16,Thursday,30
2054-07-01,1997-10-17,Friday,30
2054-07-30,1997-11-15,Saturday,30
2054-08-01,1997-11-16,Sunday,30
2054-08-30,1997-12-15,Monday,30
2054-09-01,1997-12-16,Tuesday,29
2054-09-29,1998-01-13,Tuesday,29
2054-10-01,1998-01-14,Wednesday,30
2054-10-30,1998-02-12,Thursday,30
2054-11-01,1998-02-13,Friday,29
2054-11-29,1998-03-13,Friday,29
2054-12-01,1998-03-14,Saturday,31
2054-12-31,1998-04-13,Monday,31
2055-01-01,1998-04-14,Tuesday,31
2055-01-31,1998-05-14,Thursday,31
2055-02-01,1998-05-15,Friday,31
2055-02-31,1998-06-14,Sunday,31
2055-03-01,1998-06-15,Monday,32
2055-03-32,1998-07-16,Thursday,32
2055-04-01,1998-07-17,Friday,31
2055-04-31,1998-08-16,Sunday,31
2055-05-01,1998-08-17,Monday,31
2055-05-31,1998-09-16,Wednesday,31
2055-06-01,1998-09-17,Thursday,31
2055-06-31,1998-10-17,Saturday,31
2055-07-01,1998-10-18,Sunday,30
2055-07-30,1998-11-16,Monday,30
2055-08-01,1998-11-17,Tuesday,29
2055-08-29,1998-12-15,Tuesday,29
2055-09-01,1998-12-16,Wednesday,30
2055-09-30,1999-01-14,Thursday,30
2055-10-01,1999-01-15,Friday,29
2055-10-29,1999-02-12,Friday,29
2055-11-01,1999-02-13,Saturday,30
2055-11-30,1999-03-14,Sunday,30
2055-12-01,1999-03-15,Monday,30
2055-12-30,1999-04-13,Tuesday,30
2056-01-01,1999-04-14,Wednesday,31
2056-01-31,1999-05-14,Friday,31
2056-02-01,1999-05-15,Saturday,31
2056-02-31,1999-06-14,Monday,31
2056-03-01,1999-06-15,Tuesday,32
2056-03-32,1999-07-16,Friday,32
2056-04-01,1999-07-17,Saturday,31
2056-04-31,1999-08-16,Monday,31
2056-05-01,1999-08-17,Tuesday,32
2056-05-32,1999-09-17,Friday,32
2056-06-01,1999-09-18,Saturday,30
2056-06-30,1999-10-17,Sunday,30
2056-07-01,1999-10-18,Monday,30
2056-07-30,1999-11-16,Tuesday,30
2056-08-01,1999-11-17,Wednesday,29
2056-08-29,1999-12-15,Wednesday,29
2056-09-01,1999-12-16,Thursday,30
2056-09-30,2000-01-14,Friday,30
2056-10-01,2000-01-15,Saturday,29
2056-10-29,2000-02-12,Saturday,29
2056-11-01,2000-02-13,Sunday,30
2056-11-30,2000-03-13,Monday,30
2056-12-01,2000-03-14,Tuesday,30
2056-12-30,2000-04-12,Wednesday,30
2057-01-01,2000-04-13,Thursday,31
2057-01-31,2000-05-13,Saturday,31
2057-02-01,2000-05-14,Sunday,32
2057-02-32,2000-06-14,Wednesday,32
2057-03-01,2000-06-15,Thursday,31
2057-03-31,2000-07-15,Saturday,31
2057-04-01,2000-07-16,Sunday,32
2057-04-32,2000-08-16,Wednesday,32
2057-05-01,2000-08-17,Thursday,31
2057-05-31,2000-09-16,Saturday,31
2057-06-01,2000-09-17,Sunday,30
2057-06-30,2000-10-16,Monday,30
2057-07-01,2000-10-17,Tuesday,30
2057-07-30,2000-11-15,Wednesday,30
2057-08-01,2000-11-16,Thursday,30
2057-08-30,2000-12-15,Friday,30
2057-09-01,2000-12-16,Saturday,29
2057-09-29,2001-01-13,Saturday,29
2057-10-01,2001-01-14,Sunday,29
2057-10-29,2001-02-11,Sunday,29
2057-11-01,2001-02-12,Monday,30
2057-11-30,2001-03-13,Tuesday,30
2057-12-01,2001-03-14,Wednesday,31
2057-12-31,2001-04-13,Friday,31
2058-01-01,2001-04-14,Saturday,30
2058-01-30,2001-05-13,Sunday,30
2058-02-01,2001-05-14,Monday,32
2058-02-32,2001-06-14,Thursday,32
2058-03-01,2001-06-15,Friday,31
2058-03-31,2001-07-15,Sunday,31
2058-04-01,2001-07-16,Monday,32
2058-04-32,2001-08-16,Thursday,32
2058-05-01,2001-08-17,Friday,31
2058-05-31,2001-09-16,Sunday,31
2058-06-01,2001-09-17,Monday,30
2058-06-30,2001-10-16,Tuesday,30
2058-07-01,2001-10-17,Wednesday,30
2058-07-30,2001-11-15,Thursday,30
2058-08-01,2001-11-16,Friday,30
2058-08-30,2001-12-15,Saturday,30
2058-09-01,2001-12-16,Sunday,29
2058-09-29,2002-01-13,Sunday,29
2058-10-01,2002-01-14,Monday,30
2058-10-30,2002-02-12,Tuesday,30
2058-11-01,2002-02-13,Wednesday,29
2058-11-29,2002-03-13,Wednesday,29
2058-12-01,2002-03-14,Thursday,31
2058-12-31,2002-04-13,Saturday,31
2059-01-01,2002-04-14,Sunday,31
2059-01-31,2002-05-14,Tuesday,31
2059-02-01,2002-05-15,Wednesday,31
2059-02-31,2002-06-14,Friday,31
2059-03-01,2002-06-15,Saturday,32
2059-03-32,2002-07-16,Tuesday,32
2059-04-01,2002-07-17,Wednesday,31
2059-04-31,2002-08-16,Friday,31
2059-05-01,2002-08-17,Saturday,31
2059-05-31,2002-09-16,Monday,31
2059-06-01,2002-09-17,Tuesday,31
2059-06-31,2002-10-17,Thursday,31
2059-07-01,2002-10-18,Friday,30
2059-07-30,2002-11-16,Saturday,30
2059-08-01,2002-11-17,Sunday,29
2059-08-29,2002-12-15,Sunday,29
2059-09-01,2002-12-16,Monday,30
2059-09-30,2003-01-14,Tuesday,30
2059-10-01,2003-01-15,Wednesday,29
2059-10-29,2003-02-12,Wednesday,29
2059-11-01,2003-02-13,Thursday,30
2059-11-30,2003-03-14,Friday,30
2059-12-01,2003-03-15,Saturday,30
2059-12-30,2003-04-13,Sunday,30
2060-01-01,2003-04-14,Monday,31
2060-01-31,2003-05-14,Wednesday,31
2060-02-01,2003-05-15,Thursday,31
2060-02-31,2003-06-14,Saturday,31
2060-03-01,2003-06-15,Sunday,32
2060-03-32,2003-07-16,Wednesday,32
2060-04-01,2003-07-17,Thursday,32
2060-04-32,2003-08-17,Sunday,32
2060-05-01,2003-08-18,Monday,31
2060-05-31,2003-09-17,Wednesday,31
2060-06-01,2003-09-18,Thursday,30
2060-06-30,2003-10-17,Friday,30
2060-07-01,2003-10-18,Saturday,30
2060-07-30,2003-11-16,Sunday,30
2060-08-01,2003-11-17,Monday,29
2060-08-29,2003-12-15,Monday,29
2060-09-01,2003-12-16,Tuesday,30
2060-09-30,2004-01-14,Wednesday,30
2060-10-01,2004-01-15,Thursday,29
2060-10-29,2004-02-12,Thursday,29
2060-11-01,2004-02-13,Friday,30
2060-11-30,2004-03-13,Saturday,30
2060-12-01,2004-03-14,Sunday,30
2060-12-30,2004-04-12,Monday,30
2061-01-01,2004-04-13,Tuesday,31
2061-01-31,2004-05-13,Thursday,31
2061-02-01,2004-05-14,Friday,32
2061-02-32,2004-06-14,Monday,32
2061-03-01,2004-06-15,Tuesday,31
2061-03-31,2004-07-15,Thursday,31
2061-04-01,2004-07-16,Friday,32
2061-04-32,2004-08-16,Monday,32
2061-05-01,2004-08-17,Tuesday,31
2061-05-31,2004-09-16,Thursday,31
2061-06-01,2004-09-17,Friday,30
2061-06-30,2004-10-16,Saturday,30
2061-07-01,2004-10-17,Sunday,30
2061-07-30,2004-11-15,Monday,30
2061-08-01,2004-11-16,Tuesday,30
2061-08-30,2004-12-15,Wednesday,30
2061-09-01,2004-12-16,Thursday,29
2061-09-29,2005-01-13,Thursday,29
2061-10-01,2005-01-14,Friday,29
2061-10-29,2005-02-11,Friday,29
2061-11-01,2005-02-12,Saturday,30
2061-11-30,2005-03-13,Sunday,30
2061-12-01,2005-03-14,Monday,31
2061-12-31,2005-04-13,Wednesday,31
2062-01-01,2005-04-14,Thursday,31
2062-01-31,2005-05-14,Saturday,31
2062-02-01,2005-05-15,Sunday,31
2062-02-31,2005-06-14,Tuesday,31
2062-03-01,2005-06-15,Wednesday,31
2062-03-31,2005-07-15,Friday,31
2062-04-01,2005-07-16,Saturday,32
2062-04-32,2005-08-16,Tuesday,32
2062-05-01,2005-08-17,Wednesday,31
2062-05-31,2005-09-16,Friday,31
2062-06-01,2005-09-17,Saturday,31
2062-06-31,2005-10-17,Monday,31
2062-07-01,2005-10-18,Tuesday,29
2062-07-29,2005-11-15,Tuesday,29
2062-08-01,2005-11-16,Wednesday,30
2062-08-30,2005-12-15,Thursday,30
2062-09-01,2005-12-16,Friday,29
2062-09-29,2006-01-13,Friday,29
2062-10-01,2006-01-14,Saturday,30
2062-10-30,2006-02-12,Sunday,30
2062-11-01,2006-02-13,Monday,29
2062-11-29,2006-03-13,Monday,29
2062-12-01,2006-03-14,Tuesday,31
2062-12-31,2006-04-13,Thursday,31
2063-01-01,2006-04-14,Friday,31
2063-01-31,2006-05-14,Sunday,31
2063-02-01,2006-05-15,Monday,31
2063-02-31,2006-06-14,Wednesday,31
2063-03-01,2006-06-15,Thursday,32
2063-03-32,2006-07-16,Sunday,32
2063-04-01,2006-07-17,Monday,31
2063-04-31,2006-08-16,Wednesday,31
2063-05-01,2006-08-17,Thursday,31
2063-05-31,2006-09-16,Saturday,31
2063-06-01,2006-09-17,Sunday,31
2063-06-31,2006-10-17,Tuesday,31
2063-07-01,2006-10-18,Wednesday,30
2063-07-30,2006-11-16,Thursday,30
2063-08-01,2006-11-17,Friday,29
2063-08-29,2006-12-15,Friday,29
2063-09-01,2006-12-16,Saturday,30
2063-09-30,2007-01-14,Sunday,30
2063-10-01,2007-01-15,Monday,29
2063-10-29,2007-02-12,Monday,29
2063-11-01,2007-02-13,Tuesday,30
2063-11-30,2007-03-14,Wednesday,30
2063-12-01,2007-03-15,Thursday,30
2063-12-30,2007-04-13,Friday,30
2064-01-01,2007-04-14,Saturday,31
2064-01-31,2007-05-14,Monday,31
2064-02-01,2007-05-15,Tuesday,31
2064-02-31,2007-06-14,Thursday,31
2064-03-01,2007-06-15,Friday,32
2064-03-32,2007-07-16,Monday,32
2064-04-01,2007-07-17,Tuesday,32
2064-04-32,2007-08-17,Friday,32
2064-05-01,2007-08-18,Saturday,31
2064-05-31,2007-09-17,Monday,31
2064-06-01,2007-09-18,Tuesday,30
2064-06-30,2007-10-17,Wednesday,30
2064-07-01,2007-10-18,Thursday,30
2064-07-30,2007-11-16,Friday,30
2064-08-01,2007-11-17,Saturday,29
2064-08-29,2007-12-15,Saturday,29
2064-09-01,2007-12-16,Sunday,30
2064-09-30,2008-01-14,Monday,30
2064-10-01,2008-01-15,Tuesday,29
2064-10-29,2008-02-12,Tuesday,29
2064-11-01,2008-02-13,Wednesday,30
2064-11-30,2008-03-13,Thursday,30
2064-12-01,2008-03-14,Friday,30
2064-12-30,2008-04-12,Saturday,30
2065-01-01,2008-04-13,Sunday,31
2065-01-31,2008-05-13,Tuesday,31
2065-02-01,2008-05-14,Wednesday,32
2065-02-32,2008-06-14,Saturday,32
2065-03-01,2008-06-15,Sunday,31
2065-03-31,2008-07-15,Tuesday,31
2065-04-01,2008-07-16,Wednesday,32
2065-04-32,2008-08-16,Saturday,32
2065-05-01,2008-08-17,Sunday,31
2065-05-31,2008-09-16,Tuesday,31
2065-06-01,2008-09-17,Wednesday,30
2065-06-30,2008-10-16,Thursday,30
2065-07-01,2008-10-17,Friday,30
2065-07-30,2008-11-15,Saturday,30
2065-08-01,2008-11-16,Sunday,30
2065-08-30,2008-12-15,Monday,30
2065-09-01,2008-12-16,Tuesday,29
2065-09-29,2009-01-13,Tuesday,29
2065-10-01,2009-01-14,Wednesday,29
2065-10-29,2009-02-11,Wednesday,29
2065-11-01,2009-02-12,Thursday,30
2065-11-30,2009-03-13,Friday,30
2065-12-01,2009-03-14,Saturday,31
2065-12-31,2009-04-13,Monday,31
2066-01-01,2009-04-14,Tuesday,31
2066-01-31,2009-05-14,Thursday,31
2066-02-01,2009-05-15,Friday,31
2066-02-31,2009-06-14,Sunday,31
2066-03-01,2009-06-15,Monday,31
2066-03-31,2009-07-15,Wednesday,31
2066-04-01,2009-07-16,Thursday,32
2066-04-32,2009-08-16,Sunday,32
2066-05-01,2009-08-17,Monday,31
2066-05-31,2009-09-16,Wednesday,31
2066-06-01,2009-09-17,Thursday,31
2066-06-31,2009-10-17,Saturday,31
2066-07-01,2009-10-18,Sunday,29
2066-07-29,2009-11-15,Sunday,29
2066-08-01,2009-11-16,Monday,30
2066-08-30,2009-12-15,Tuesday,30
2066-09-01,2009-12-16,Wednesday,30
2066-09-30,2010-01-14,Thursday,30
2066-10-01,2010-01-15,Friday,29
2066-10-29,2010-02-12,Friday,29
2066-11-01,2010-02-13,Saturday,29
2066-11-29,2010-03-13,Saturday,29
2066-12-01,2010-03-14,Sunday,31
2066-12-31,2010-04-13,Tuesday,31
2067-01-01,2010-04-14,Wednesday,31
2067-01-31,2010-05-14,Friday,31
2067-02-01,2010-05-15,Saturday,31
2067-02-31,2010-06-14,Monday,31
2067-03-01,2010-06-15,Tuesday,32
2067-03-32,2010-07-16,Friday,32
2067-04-01,2010-07-17,Saturday,31
2067-04-31,2010-08-16,Monday,31
2067-05-01,2010-08-17,Tuesday,31
2067-05-31,2010-09-16,Thursday,31
2067-06-01,2010-09-17,Friday,31
2067-06-31,2010-10-17,Sunday,31
2067-07-01,2010-10-18,Monday,30
2067-07-30,2010-11-16,Tuesday,30
2067-08-01,2010-11-17,Wednesday,29
2067-08-29,2010-12-15,Wednesday,29
2067-09-01,2010-12-16,Thursday,30
2067-09-30,2011-01-14,Friday,30
2067-10-01,2011-01-15,Saturday,29
2067-10-29,2011-02-12,Saturday,29
2067-11-01,2011-02-13,Sunday,30
2067-11-30,2011-03-14,Monday,30
2067-12-01,2011-03-15,Tuesday,30
2067-12-30,2011-04-13,Wednesday,30
2068-01-01,2011-04-14,Thursday,31
2068-01-31,2011-05-14,Saturday,31
2068-02-01,2011-05-15,Sunday,31
2068-02-31,2011-06-14,Tuesday,31
2068-03-01,2011-06-15,Wednesday,32
2068-03-32,2011-07-16,Saturday,32
2068-04-01,2011-07-17,Sunday,32
2068-04-32,2011-08-17,Wednesday,32
2068-05-01,2011-08-18,Thursday,31
2068-05-31,2011-09-17,Saturday,31
2068-06-01,2011-09-18,Sunday,30
2068-06-30,2011-10-17,Monday,30
2068-07-01,2011-10-18,Tuesday,30
2068-07-30,2011-11-16,Wednesday,30
2068-08-01,2011-11-17,Thursday,29
2068-08-29,2011-12-15,Thursday,29
2068-09-01,2011-12-16,Friday,30
2068-09-30,2012-01-14,Saturday,30
2068-10-01,2012-01-15,Sunday,29
2068-10-29,2012-02-12,Sunday,29
2068-11-01,2012-02-13,Monday,30
2068-11-30,2012-03-13,Tuesday,30
2068-12-01,2012-03-14,Wednesday,30
2068-12-30,2012-04-12,Thursday,30
2069-01-01,2012-04-13,Friday,31
2069-01-31,2012-05-13,Sunday,31
2069-02-01,2012-05-14,Monday,32
2069-02-32,2012-06-14,Thursday,32
2069-03-01,2012-06-15,Friday,31
2069-03-31,2012-07-15,Sunday,31
2069-04-01,2012-07-16,Monday,32
2069-04-32,2012-08-16,Thursday,32
2069-05-01,2012-08-17,Friday,31
2069-05-31,2012-09-16,Sunday,31
2069-06-01,2012-09-17,Monday,30
2069-06-30,2012-10-16,Tuesday,30
2069-07-01,2012-10-17,Wednesday,30
2069-07-30,2012-11-15,Thursday,30
2069-08-01,2012-11-16,Friday,30
2069-08-30,2012-12-15,Saturday,30
2069-09-01,2012-12-16,Sunday,29
2069-09-29,2013-01-13,Sunday,29
2069-10-01,2013-01-14,Monday,29
2069-10-29,2013-02-11,Monday,29
2069-11-01,2013-02-12,Tuesday,30
2069-11-30,2013-03-13,Wednesday,30
2069-12-01,2013-03-14,Thursday,31
2069-12-31,2013-04-13,Saturday,31
2070-01-01,2013-04-14,Sunday,31
2070-01-31,2013-05-14,Tuesday,31
2070-02-01,2013-05-15,Wednesday,31
2070-02-31,2013-06-14,Friday,31
2070-03-01,2013-06-15,Saturday,31
2070-03-31,2013-07-15,Monday,31
2070-04-01,2013-07-16,Tuesday,32
2070-04-32,2013-08-16,Friday,32
2070-05-01,2013-08-17,Saturday,31
2070-05-31,2013-09-16,Monday,31
2070-06-01,2013-09-17,Tuesday,31
2070-06-31,2013-10-17,Thursday,31
2070-07-01,2013-10-18,Friday,29
2070-07-29,2013-11-15,Friday,29
2070-08-01,2013-11-16,Saturday,30
2070-08-30,2013-12-15,Sunday,30
2070-09-01,2013-12-16,Monday,30
2070-09-30,2014-01-14,Tuesday,30
2070-10-01,2014-01-15,Wednesday,29
2070-10-29,2014-02-12,Wednesday,29
2070-11-01,2014-02-13,Thursday,30
2070-11-30,2014-03-14,Friday,30
2070-12-01,2014-03-15,Saturday,30
2070-12-30,2014-04-13,Sunday,30
2071-01-01,2014-04-14,Monday,31
2071-01-31,2014-05-14,Wednesday,31
2071-02-01,2014-05-15,Thursday,31
2071-02-31,2014-06-14,Saturday,31
2071-03-01,2014-06-15,Sunday,32
2071-03-32,2014-07-16,Wednesday,32
2071-04-01,2014-07-17,Thursday,31
2071-04-31,2014-08-16,Saturday,31
2071-05-01,2014-08-17,Sunday,31
2071-05-31,2014-09-16,Tuesday,31
2071-06-01,2014-09-17,Wednesday,31
2071-06-31,2014-10-17,Friday,31
2071-07-01,2014-10-18,Saturday,30
2071-07-30,2014-11-16,Sunday,30
2071-08-01,2014-11-17,Monday,29
2071-08-29,2014-12-15,Monday,29
2071-09-01,2014-12-16,Tuesday,30
2071-09-30,2015-01-14,Wednesday,30
2071-10-01,2015-01-15,Thursday,29
2071-10-29,2015-02-12,Thursday,29
2071-11-01,2015-02-13,Friday,30
2071-11-30,2015-03-14,Saturday,30
2071-12-01,2015-03-15,Sunday,30
2071-12-30,2015-04-13,Monday,30
2072-01-01,2015-04-14,Tuesday,31
2072-01-31,2015-05-14,Thursday,31
2072-02-01,2015-05-15,Friday,32
2072-02-32,2015-06-15,Monday,32
2072-03-01,2015-06-16,Tuesday,31
2072-03-31,2015-07-16,Thursday,31
2072-04-01,2015-07-17,Friday,32
2072-04-32,2015-08-17,Monday,32
2072-05-01,2015-08-18,Tuesday,31
2072-05-31,2015-09-17,Thursday,31
2072-06-01,2015-09-18,Friday,30
2072-06-30,2015-10-17,Saturday,30
2072-07-01,2015-10-18,Sunday,30
2072-07-30,2015-11-16,Monday,30
2072-08-01,2015-11-17,Tuesday,29
2072-08-29,2015-12-15,Tuesday,29
2072-09-01,2015-12-16,Wednesday,30
2072-09-30,2016-01-14,Thursday,30
2072-10-01,2016-01-15,Friday,29
2072-10-29,2016-02-12,Friday,29
2072-11-01,2016-02-13,Saturday,30
2072-11-30,2016-03-13,Sunday,30
2072-12-01,2016-03-14,Monday,30
2072-12-30,2016-04-12,Tuesday,30
2073-01-01,2016-04-13,Wednesday,31
2073-01-31,2016-05-13,Friday,31
2073-02-01,2016-05-14,Saturday,32
2073-02-32,2016-06-14,Tuesday,32
2073-03-01,2016-06-15,Wednesday,31
2073-03-31,2016-07-15,Friday,31
2073-04-01,2016-07-16,Saturday,32
2073-04-32,2016-08-16,Tuesday,32
2073-05-01,2016-08-17,Wednesday,31
2073-05-31,2016-09-16,Friday,31
2073-06-01,2016-09-17,Saturday,30
2073-06-30,2016-10-16,Sunday,30
2073-07-01,2016-10-17,Monday,30
2073-07-30,2016-11-15,Tuesday,30
2073-08-01,2016-11-16,Wednesday,30
2073-08-30,2016-12-15,Thursday,30
2073-09-01,2016-12-16,Friday,29
2073-09-29,2017-01-13,Friday,29
2073-10-01,2017-01-14,Saturday,29
2073-10-29,2017-02-11,Saturday,29
2073-11-01,2017-02-12,Sunday,30
2073-11-30,2017-03-13,Monday,30
2073-12-01,2017-03-14,Tuesday,31
2073-12-31,2017-04-13,Thursday,31
2074-01-01,2017-04-14,Friday,31
2074-01-31,2017-05-14,Sunday,31
2074-02-01,2017-05-15,Monday,31
2074-02-31,2017-06-14,Wednesday,31
2074-03-01,2017-06-15,Thursday,31
2074-03-31,2017-07-15,Saturday,31
2074-04-01,2017-07-16,Sunday,32
2074-04-32,2017-08-16,Wednesday,32
2074-05-01,2017-08-17,Thursday,31
2074-05-31,2017-09-16,Saturday,31
2074-06-01,2017-09-17,Sunday,31
2074-06-31,2017-10-17,Tuesday,31
2074-07-01,2017-10-18,Wednesday,30
2074-07-30,2017-11-16,Thursday,30
2074-08-01,2017-11-17,Friday,29
2074-08-29,2017-12-15,Friday,29
2074-09-01,2017-12-16,Saturday,30
2074-09-30,2018-01-14,Sunday,30
2074-10-01,2018-01-15,Monday,29
2074-10-29,2018-02-12,Monday,29
2074-11-01,2018-02-13,Tuesday,30
2074-11-30,2018-03-14,Wednesday,30
2074-12-01,2018-03-15,Thursday,30
2074-12-30,2018-04-13,Friday,30
2075-01-01,2018-04-14,Saturday,31
2075-01-31,2018-05-14,Monday,31
2075-02-01,2018-05-15,Tuesday,31
2075-02-31,2018-06-14,Thursday,31
2075-03-01,2018-06-15,Friday,32
2075-03-32,2018-07-16,Monday,32
2075-04-01,2018-07-17,Tuesday,31
2075-04-31,2018-08-16,Thursday,31
2075-05-01,2018-08-17,Friday,31
2075-05-31,2018-09-16,Sunday,31
2075-06-01,2018-09-17,Monday,31
2075-06-31,2018-10-17,Wednesday,31
2075-07-01,2018-10-18,Thursday,30
2075-07-30,2018-11-16,Friday,30
2075-08-01,2018-11-17,Saturday,29
2075-08-29,2018-12-15,Saturday,29
2075-09-01,2018-12-16,Sunday,30
2075-09-30,2019-01-14,Monday,30
2075-10-01,2019-01-15,Tuesday,29
2075-10-29,2019-02-12,Tuesday,29
2075-11-01,2019-02-13,Wednesday,30
2075-11-30,2019-03-14,Thursday,30
2075-12-01,2019-03-15,Friday,30
2075-12-30,2019-04-13,Saturday,30
2076-01-01,2019-04-14,Sunday,31
2076-01-31,2019-05-14,Tuesday,31
2076-02-01,2019-05-15,Wednesday,32
2076-02-32,2019-06-15,Saturday,32
2076-03-01,2019-06-16,Sunday,31
2076-03-31,2019-07-16,Tuesday,31
2076-04-01,2019-07-17,Wednesday,32
2076-04-32,2019-08-17,Saturday,32
2076-05-01,2019-08-18,Sunday,31
2076-05-31,2019-09-17,Tuesday,31
2076-06-01,2019-09-18,Wednesday,30
2076-06-30,2019-10-17,Thursday,30
2076-07-01,2019-10-18,Friday,30
2076-07-30,2019-11-16,Saturday,30
2076-08-01,2019-11-17,Sunday,30
2076-08-30,2019-12-16,Monday,30
2076-09-01,2019-12-17,Tuesday,29
2076-09-29,2020-01-14,Tuesday,29
2076-10-01,2020-01-15,Wednesday,29
2076-10-29,2020-02-12,Wednesday,29
2076-11-01,2020-02-13,Thursday,30
2076-11-30,2020-03-13,Friday,30
2076-12-01,2020-03-14,Saturday,30
2076-12-30,2020-04-12,Sunday,30
2077-01-01,2020-04-13,Monday,31
2077-01-31,2020-05-13,Wednesday,31
2077-02-01,2020-05-14,Thursday,32
2077-02-32,2020-06-14,Sunday,32
2077-03-01,2020-06-15,Monday,31
2077-03-31,2020-07-15,Wednesday,31
2077-04-01,2020-07-16,Thursday,32
2077-04-32,2020-08-16,Sunday,32
2077-05-01,2020-08-17,Monday,31
2077-05-31,2020-09-16,Wednesday,31
2077-06-01,2020-09-17,Thursday,30
2077-06-30,2020-10-16,Friday,30
2077-07-01,2020-10-17,Saturday,30
2077-07-30,2020-11-15,Sunday,30
2077-08-01,2020-11-16,Monday,30
2077-08-30,2020-12-15,Tuesday,30
2077-09-01,2020-12-16,Wednesday,29
2077-09-29,2021-01-13,Wednesday,29
2077-10-01,2021-01-14,Thursday,30
2077-10-30,2021-02-12,Friday,30
2077-11-01,2021-02-13,Saturday,29
2077-11-29,2021-03-13,Saturday,29
2077-12-01,2021-03-14,Sunday,31
2077-12-31,2021-04-13,Tuesday,31
2078-01-01,2021-04-14,Wednesday,31
2078-01-31,2021-05-14,Friday,31
2078-02-01,2021-05-15,Saturday,31
2078-02-31,2021-06-14,Monday,31
2078-03-01,2021-06-15,Tuesday,31
2078-03-31,2021-07-15,Thursday,31
2078-04-01,2021-07-16,Friday,32
2078-04-32,2021-08-16,Monday,32
2078-05-01,2021-08-17,Tuesday,31
2078-05-31,2021-09-16,Thursday,31
2078-06-01,2021-09-17,Friday,31
2078-06-31,2021-10-17,Sunday,31
2078-07-01,2021-10-18,Monday,30
2078-07-30,2021-11-16,Tuesday,30
2078-08-01,2021-11-17,Wednesday,29
2078-08-29,2021-12-15,Wednesday,29
2078-09-01,2021-12-16,Thursday,30
2078-09-30,2022-01-14,Friday,30
2078-10-01,2022-01-15,Saturday,29
2078-10-29,2022-02-12,Saturday,29
2078-11-01,2022-02-13,Sunday,30
2078-11-30,2022-03-14,Monday,30
2078-12-01,2022-03-15,Tuesday,30
2078-12-30,2022-04-13,Wednesday,30
2079-01-01,2022-04-14,Thursday,31
2079-01-31,2022-05-14,Saturday,31
2079-02-01,2022-05-15,Sunday,31
2079-02-31,2022-06-14,Tuesday,31
2079-03-01,2022-06-15,Wednesday,32
2079-03-32,2022-07-16,Saturday,32
2079-04-01,2022-07-17,Sunday,31
2079-04-31,2022-08-16,Tuesday,31
2079-05-01,2022-08-17,Wednesday,31
2079-05-31,2022-09-16,Friday,31
2079-06-01,2022-09-17,Saturday,31
2079-06-31,2022-10-17,Monday,31
2079-07-01,2022-10-18,Tuesday,30
2079-07-30,2022-11-16,Wednesday,30
2079-08-01,2022-11-17,Thursday,29
2079-08-29,2022-12-15,Thursday,29
2079-09-01,2022-12-16,Friday,30
2079-09-30,2023-01-14,Saturday,30
2079-10-01,2023-01-15,Sunday,29
2079-10-29,2023-02-12,Sunday,29
2079-11-01,2023-02-13,Monday,30
2079-11-30,2023-03-14,Tuesday,30
2079-12-01,2023-03-15,Wednesday,30
2079-12-30,2023-04-13,Thursday,30
2080-01-01,2023-04-14,Friday,31
2080-01-31,2023-05-14,Sunday,31
2080-02-01,2023-05-15,Monday,32
2080-02-32,2023-06-15,Thursday,32
2080-03-01,2023-06-16,Friday,31
2080-03-31,2023-07-16,Sunday,31
2080-04-01,2023-07-17,Monday,32
2080-04-32,2023-08-17,Thursday,32
2080-05-01,2023-08-18,Friday,31
2080-05-31,2023-09-17,Sunday,31
2080-06-01,2023-09-18,Monday,30
2080-06-30,2023-10-17,Tuesday,30
2080-07-01,2023-10-18,Wednesday,30
2080-07-30,2023-11-16,Thursday,30
2080-08-01,2023-11-17,Friday,30
2080-08-30,2023-12-16,Saturday,30
2080-09-01,2023-12-17,Sunday,29
2080-09-29,2024-01-14,Sunday,29
2080-10-01,2024-01-15,Monday,29
2080-10-29,2024-02-12,Monday,29
2080-11-01,2024-02-13,Tuesday,30
2080-11-30,2024-03-13,Wednesday,30
2080-12-01,2024-03-14,Thursday,30
2080-12-30,2024-04-12,Friday,30
2081-01-01,2024-04-13,Saturday,31
2081-01-31,2024-05-13,Monday,31
2081-02-01,2024-05-14,Tuesday,32
2081-02-32,2024-06-14,Friday,32
2081-03-01,2024-06-15,Saturday,31
2081-03-31,2024-07-15,Monday,31
2081-04-01,2024-07-16,Tuesday,32
2081-04-32,2024-08-16,Friday,32
2081-05-01,2024-08-17,Saturday,31
2081-05-31,2024-09-16,Monday,31
2081-06-01,2024-09-17,Tuesday,30
2081-06-30,2024-10-16,Wednesday,30
2081-07-01,2024-10-17,Thursday,30
2081-07-30,2024-11-15,Friday,30
2081-08-01,2024-11-16,Saturday,30
2081-08-30,2024-12-15,Sunday,30
2081-09-01,2024-12-16,Monday,29
2081-09-29,2025-01-13,Monday,29
2081-10-01,2025-01-14,Tuesday,30
2081-10-30,2025-02-12,Wednesday,30
2081-11-01,2025-02-13,Thursday,29
2081-11-29,2025-03-13,Thursday,29
2081-12-01,2025-03-14,Friday,31
2081-12-31,2025-04-13,Sunday,31
2082-01-01,2025-04-14,Monday,31
2082-01-31,2025-05-14,Wednesday,31
2082-02-01,2025-05-15,Thursday,31
2082-02-31,2025-06-14,Saturday,31
2082-03-01,2025-06-15,Sunday,32
2082-03-32,2025-07-16,Wednesday,32
2082-04-01,2025-07-17,Thursday,31
2082-04-31,2025-08-16,Saturday,31
2082-05-01,2025-08-17,Sunday,31
2082-05-31,2025-09-16,Tuesday,31
2082-06-01,2025-09-17,Wednesday,31
2082-06-31,2025-10-17,Friday,31
2082-07-01,2025-10-18,Saturday,30
2082-07-30,2025-11-16,Sunday,30
2082-08-01,2025-11-17,Monday,29
2082-08-29,2025-12-15,Monday,29
2082-09-01,2025-12-16,Tuesday,30
2082-09-30,2026-01-14,Wednesday,30
2082-10-01,2026-01-15,Thursday,29
2082-10-29,2026-02-12,Thursday,29
2082-11-01,2026-02-13,Friday,30
2082-11-30,2026-03-14,Saturday,30
2082-12-01,2026-03-15,Sunday,30
2082-12-30,2026-04-13,Monday,30
2083-01-01,2026-04-14,Tuesday,31
2083-01-31,2026-05-14,Thursday,31
2083-02-01,2026-05-15,Friday,31
2083-02-31,2026-06-14,Sunday,31
2083-03-01,2026-06-15,Monday,32
2083-03-32,2026-07-16,Thursday,32
2083-04-01,2026-07-17,Friday,31
2083-04-31,2026-08-16,Sunday,31
2083-05-01,2026-08-17,Monday,31
2083-05-31,2026-09-16,Wednesday,31
2083-06-01,2026-09-17,Thursday,31
2083-06-31,2026-10-17,Saturday,31
2083-07-01,2026-10-18,Sunday,30
2083-07-30,2026-11-16,Monday,30
2083-08-01,2026-11-17,Tuesday,29
2083-08-29,2026-12-15,Tuesday,29
2083-09-01,2026-12-16,Wednesday,30
2083-09-30,2027-01-14,Thursday,30
2083-10-01,2027-01-15,Friday,29
2083-10-29,2027-02-12,Friday,29
2083-11-01,2027-02-13,Saturday,30
2083-11-30,2027-03-14,Sunday,30
2083-12-01,2027-03-15,Monday,30
2083-12-30,2027-04-13,Tuesday,30
2084-01-01,2027-04-14,Wednesday,31
2084-01-31,2027-05-14,Friday,31
2084-02-01,2027-05-15,Saturday,31
2084-02-31,2027-06-14,Monday,31
2084-03-01,2027-06-15,Tuesday,32
2084-03-32,2027-07-16,Friday,32
2084-04-01,2027-07-17,Saturday,31
2084-04-31,2027-08-16,Monday,31
2084-05-01,2027-08-17,Tuesday,31
2084-05-31,2027-09-16,Thursday,31
2084-06-01,2027-09-17,Friday,30
2084-06-30,2027-10-16,Saturday,30
2084-07-01,2027-10-17,Sunday,30
2084-07-30,2027-11-15,Monday,30
2084-08-01,2027-11-16,Tuesday,30
2084-08-30,2027-12-15,Wednesday,30
2084-09-01,2027-12-16,Thursday,29
2084-09-29,2028-01-13,Thursday,29
2084-10-01,2028-01-14,Friday,30
2084-10-30,2028-02-12,Saturday,30
2084-11-01,2028-02-13,Sunday,30
2084-11-30,2028-03-13,Monday,30
2084-12-01,2028-03-14,Tuesday,30
2084-12-30,2028-04-12,Wednesday,30
2085-01-01,2028-04-13,Thursday,31
2085-01-31,2028-05-13,Saturday,31
2085-02-01,2028-05-14,Sunday,32
2085-02-32,2028-06-14,Wednesday,32
2085-03-01,2028-06-15,Thursday,31
2085-03-31,2028-07-15,Saturday,31
2085-04-01,2028-07-16,Sunday,32
2085-04-32,2028-08-16,Wednesday,32
2085-05-01,2028-08-17,Thursday,30
2085-05-30,2028-09-15,Friday,30
2085-06-01,2028-09-16,Saturday,31
2085-06-31,2028-10-16,Monday,31
2085-07-01,2028-10-17,Tuesday,30
2085-07-30,2028-11-15,Wednesday,30
2085-08-01,2028-11-16,Thursday,30
2085-08-30,2028-12-15,Friday,30
2085-09-01,2028-12-16,Saturday,29
2085-09-29,2029-01-13,Saturday,29
2085-10-01,2029-01-14,Sunday,30
2085-10-30,2029-02-12,Monday,30
2085-11-01,2029-02-13,Tuesday,30
2085-11-30,2029-03-14,Wednesday,30
2085-12-01,2029-03-15,Thursday,30
2085-12-30,2029-04-13,Friday,30
2086-01-01,2029-04-14,Saturday,30
2086-01-30,2029-05-13,Sunday,30
2086-02-01,2029-05-14,Monday,32
2086-02-32,2029-06-14,Thursday,32
2086-03-01,2029-06-15,Friday,31
2086-03-31,2029-07-15,Sunday,31
2086-04-01,2029-07-16,Monday,32
2086-04-32,2029-08-16,Thursday,32
2086-05-01,2029-08-17,Friday,31
2086-05-31,2029-09-16,Sunday,31
2086-06-01,2029-09-17,Monday,30
2086-06-30,2029-10-16,Tuesday,30
2086-07-01,2029-10-17,Wednesday,30
2086-07-30,2029-11-15,Thursday,30
2086-08-01,2029-11-16,Friday,30
2086-08-30,2029-12-15,Saturday,30
2086-09-01,2029-12-16,Sunday,29
2086-09-29,2030-01-13,Sunday,29
2086-10-01,2030-01-14,Monday,30
2086-10-30,2030-02-12,Tuesday,30
2086-11-01,2030-02-13,Wednesday,30
2086-11-30,2030-03-14,Thursday,30
2086-12-01,2030-03-15,Friday,30
2086-12-30,2030-04-13,Saturday,30
2087-01-01,2030-04-14,Sunday,31
2087-01-31,2030-05-14,Tuesday,31
2087-02-01,2030-05-15,Wednesday,31
2087-02-31,2030-06-14,Friday,31
2087-03-01,2030-06-15,Saturday,32
2087-03-32,2030-07-16,Tuesday,32
2087-04-01,2030-07-17,Wednesday,31
2087-04-31,2030-08-16,Friday,31
2087-05-01,2030-08-17,Saturday,31
2087-05-31,2030-09-16,Monday,31
2087-06-01,2030-09-17,Tuesday,31
2087-06-31,2030-10-17,Thursday,31
2087-07-01,2030-10-18,Friday,30
2087-07-30,2030-11-16,Saturday,30
2087-08-01,2030-11-17,Sunday,30
2087-08-30,2030-12-16,Monday,30
2087-09-01,2030-12-17,Tuesday,30
2087-09-30,2031-01-15,Wednesday,30
2087-10-01,2031-01-16,Thursday,30
2087-10-30,2031-02-14,Friday,30
2087-11-01,2031-02-15,Saturday,30
2087-11-30,2031-03-16,Sunday,30
2087-12-01,2031-03-17,Monday,30
2087-12-30,2031-04-15,Tuesday,30
2088-01-01,2031-04-16,Wednesday,30
2088-01-30,2031-05-15,Thursday,30
2088-02-01,2031-05-16,Friday,31
2088-02-31,2031-06-15,Sunday,31
2088-03-01,2031-06-16,Monday,32
2088-03-32,2031-07-17,Thursday,32
2088-04-01,2031-07-18,Friday,32
2088-04-32,2031-08-18,Monday,32
2088-05-01,2031-08-19,Tuesday,30
2088-05-30,2031-09-17,Wednesday,30
2088-06-01,2031-09-18,Thursday,31
2088-06-31,2031-10-18,Saturday,31
2088-07-01,2031-10-19,Sunday,30
2088-07-30,2031-11-17,Monday,30
2088-08-01,2031-11-18,Tuesday,30
2088-08-30,2031-12-17,Wednesday,30
2088-09-01,2031-12-18,Thursday,29
2088-09-29,2032-01-15,Thursday,29
2088-10-01,2032-01-16,Friday,30
2088-10-30,2032-02-14,Saturday,30
2088-11-01,2032-02-15,Sunday,30
2088-11-30,2032-03-15,Monday,30
2088-12-01,2032-03-16,Tuesday,30
2088-12-30,2032-04-14,Wednesday,30
2089-01-01,2032-04-15,Thursday,30
2089-01-30,2032-05-14,Friday,30
2089-02-01,2032-05-15,Saturday,32
2089-02-32,2032-06-15,Tuesday,32
2089-03-01,2032-06-16,Wednesday,31
2089-03-31,2032-07-16,Friday,31
2089-04-01,2032-07-17,Saturday,32
2089-04-32,2032-08-17,Tuesday,32
2089-05-01,2032-08-18,Wednesday,31
2089-05-31,2032-09-17,Friday,31
2089-06-01,2032-09-18,Saturday,30
2089-06-30,2032-10-17,Sunday,30
2089-07-01,2032-10-18,Monday,30
2089-07-30,2032-11-16,Tuesday,30
2089-08-01,2032-11-17,Wednesday,30
2089-08-30,2032-12-16,Thursday,30
2089-09-01,2032-12-17,Friday,29
2089-09-29,2033-01-14,Friday,29
2089-10-01,2033-01-15,Saturday,30
2089-10-30,2033-02-13,Sunday,30
2089-11-01,2033-02-14,Monday,30
2089-11-30,2033-03-15,Tuesday,30
2089-12-01,2033-03-16,Wednesday,30
2089-12-30,2033-04-14,Thursday,30
2090-01-01,2033-04-15,Friday,30
2090-01-30,2033-05-14,Saturday,30
2090-02-01,2033-05-15,Sunday,31
2090-02-31,2033-06-14,Tuesday,31
2090-03-01,2033-06-15,Wednesday,32
2090-03-32,2033-07-16,Saturday,32
2090-04-01,2033-07-17,Sunday,31
2090-04-31,2033-08-16,Tuesday,31
2090-05-01,2033-08-17,Wednesday,31
2090-05-31,2033-09-16,Friday,31
2090-06-01,2033-09-17,Saturday,31
2090-06-31,2033-10-17,Monday,31
2090-07-01,2033-10-18,Tuesday,30
2090-07-30,2033-11-16,Wednesday,30
2090-08-01,2033-11-17,Thursday,29
2090-08-29,2033-12-15,Thursday,29
2090-09-01,2033-12-16,Friday,30
2090-09-30,2034-01-14,Saturday,30
2090-10-01,2034-01-15,Sunday,29
2090-10-29,2034-02-12,Sunday,29
2090-11-01,2034-02-13,Monday,30
2090-11-30,2034-03-14,Tuesday,30
2090-12-01,2034-03-15,Wednesday,30
2090-12-30,2034-04-13,Thursday,30
2091-01-01,2034-04-14,Friday,31
2091-01-31,2034-05-14,Sunday,31
2091-02-01,2034-05-15,Monday,31
2091-02-31,2034-06-14,Wednesday,31
2091-03-01,2034-06-15,Thursday,32
2091-03-32,2034-07-16,Sunday,32
2091-04-01,2034-07-17,Monday,32
2091-04-32,2034-08-17,Thursday,32
2091-05-01,2034-08-18,Friday,31
2091-05-31,2034-09-17,Sunday,31
2091-06-01,2034-09-18,Monday,30
2091-06-30,2034-10-17,Tuesday,30
2091-07-01,2034-10-18,Wednesday,30
2091-07-30,2034-11-16,Thursday,30
2091-08-01,2034-11-17,Friday,29
2091-08-29,2034-12-15,Friday,29
2091-09-01,2034-12-16,Saturday,30
2091-09-30,2035-01-14,Sunday,30
2091-10-01,2035-01-15,Monday,29
2091-10-29,2035-02-12,Monday,29
2091-11-01,2035-02-13,Tuesday,30
2091-11-30,2035-03-14,Wednesday,30
2091-12-01,2035-03-15,Thursday,30
2091-12-30,2035-04-13,Friday,30
2092-01-01,2035-04-14,Saturday,31
2092-01-31,2035-05-14,Monday,31
2092-02-01,2035-05-15,Tuesday,32
2092-02-32,2035-06-15,Friday,32
2092-03-01,2035-06-16,Saturday,31
2092-03-31,2035-07-16,Monday,31
2092-04-01,2035-07-17,Tuesday,32
2092-04-32,2035-08-17,Friday,32
2092-05-01,2035-08-18,Saturday,31
2092-05-31,2035-09-17,Monday,31
2092-06-01,2035-09-18,Tuesday,30
2092-06-30,2035-10-17,Wednesday,30
2092-07-01,2035-10-18,Thursday,30
2092-07-30,2035-11-16,Friday,30
2092-08-01,2035-11-17,Saturday,30
2092-08-30,2035-12-16,Sunday,30
2092-09-01,2035-12-17,Monday,29
2092-09-29,2036-01-14,Monday,29
2092-10-01,2036-01-15,Tuesday,29
2092-10-29,2036-02-12,Tuesday,29
2092-11-01,2036-02-13,Wednesday,30
2092-11-30,2036-03-13,Thursday,30
2092-12-01,2036-03-14,Friday,31
2092-12-31,2036-04-13,Sunday,31
2093-01-01,2036-04-14,Monday,31
2093-01-31,2036-05-14,Wednesday,31
2093-02-01,2036-05-15,Thursday,31
2093-02-31,2036-06-14,Saturday,31
2093-03-01,2036-06-15,Sunday,31
2093-03-31,2036-07-15,Tuesday,31
2093-04-01,2036-07-16,Wednesday,32
2093-04-32,2036-08-16,Saturday,32
2093-05-01,2036-08-17,Sunday,31
2093-05-31,2036-09-16,Tuesday,31
2093-06-01,2036-09-17,Wednesday,31
2093-06-31,2036-10-17,Friday,31
2093-07-01,2036-10-18,Saturday,29
2093-07-29,2036-11-15,Saturday,29
2093-08-01,2036-11-16,Sunday,30
2093-08-30,2036-12-15,Monday,30
2093-09-01,2036-12-16,Tuesday,30
2093-09-30,2037-01-14,Wednesday,30
2093-10-01,2037-01-15,Thursday,29
2093-10-29,2037-02-12,Thursday,29
2093-11-01,2037-02-13,Friday,29
2093-11-29,2037-03-13,Friday,29
2093-12-01,2037-03-14,Saturday,31
2093-12-31,2037-04-13,Monday,31
2094-01-01,2037-04-14,Tuesday,31
2094-01-31,2037-05-14,Thursday,31
2094-02-01,2037-05-15,Friday,31
2094-02-31,2037-06-14,Sunday,31
2094-03-01,2037-06-15,Monday,32
2094-03-32,2037-07-16,Thursday,32
2094-04-01,2037-07-17,Friday,31
2094-04-31,2037-08-16,Sunday,31
2094-05-01,2037-08-17,Monday,31
2094-05-31,2037-09-16,Wednesday,31
2094-06-01,2037-09-17,Thursday,31
2094-06-31,2037-10-17,Saturday,31
2094-07-01,2037-10-18,Sunday,30
2094-07-30,2037-11-16,Monday,30
2094-08-01,2037-11-17,Tuesday,29
2094-08-29,2037-12-15,Tuesday,29
2094-09-01,2037-12-16,Wednesday,30
2094-09-30,2038-01-14,Thursday,30
2094-10-01,2038-01-15,Friday,29
2094-10-29,2038-02-12,Friday,29
2094-11-01,2038-02-13,Saturday,30
2094-11-30,2038-03-14,Sunday,30
2094-12-01,2038-03-15,Monday,30
2094-12-30,2038-04-13,Tuesday,30
2095-01-01,2038-04-14,Wednesday,31
2095-01-31,2038-05-14,Friday,31
2095-02-01,2038-05-15,Saturday,31
2095-02-31,2038-06-14,Monday,31
2095-03-01,2038-06-15,Tuesday,32
2095-03-32,2038-07-16,Friday,32
2095-04-01,2038-07-17,Saturday,32
2095-04-32,2038-08-17,Tuesday,32
2095-05-01,2038-08-18,Wednesday,31
2095-05-31,2038-09-17,Friday,31
2095-06-01,2038-09-18,Saturday,30
2095-06-30,2038-10-17,Sunday,30
2095-07-01,2038-10-18,Monday,30
2095-07-30,2038-11-16,Tuesday,30
2095-08-01,2038-11-17,Wednesday,29
2095-08-29,2038-12-15,Wednesday,29
2095-09-01,2038-12-16,Thursday,30
2095-09-30,2039-01-14,Friday,30
2095-10-01,2039-01-15,Saturday,29
2095-10-29,2039-02-12,Saturday,29
2095-11-01,2039-02-13,Sunday,30
2095-11-30,2039-03-14,Monday,30
2095-12-01,2039-03-15,Tuesday,30
2095-12-30,2039-04-13,Wednesday,30
2096-01-01,2039-04-14,Thursday,31
2096-01-31,2039-05-14,Saturday,31
2096-02-01,2039-05-15,Sunday,32
2096-02-32,2039-06-15,Wednesday,32
2096-03-01,2039-06-16,Thursday,31
2096-03-31,2039-07-16,Saturday,31
2096-04-01,2039-07-17,Sunday,32
2096-04-32,2039-08-17,Wednesday,32
2096-05-01,2039-08-18,Thursday,31
2096-05-31,2039-09-17,Saturday,31
2096-06-01,2039-09-18,Sunday,30
2096-06-30,2039-10-17,Monday,30
2096-07-01,2039-10-18,Tuesday,30
2096-07-30,2039-11-16,Wednesday,30
2096-08-01,2039-11-17,Thursday,30
2096-08-30,2039-12-16,Friday,30
2096-09-01,2039-12-17,Saturday,29
2096-09-29,2040-01-14,Saturday,29
2096-10-01,2040-01-15,Sunday,29
2096-10-29,2040-02-12,Sunday,29
2096-11-01,2040-02-13,Monday,30
2096-11-30,2040-03-13,Tuesday,30
2096-12-01,2040-03-14,Wednesday,31
2096-12-31,2040-04-13,Friday,31
2097-01-01,2040-04-14,Saturday,31
2097-01-31,2040-05-14,Monday,31
2097-02-01,2040-05-15,Tuesday,31
2097-02-31,2040-06-14,Thursday,31
2097-03-01,2040-06-15,Friday,31
2097-03-31,2040-07-15,Sunday,31
2097-04-01,2040-07-16,Monday,32
2097-04-32,2040-08-16,Thursday,32
2097-05-01,2040-08-17,Friday,31
2097-05-31,2040-09-16,Sunday,31
2097-06-01,2040-09-17,Monday,31
2097-06-31,2040-10-17,Wednesday,31
2097-07-01,2040-10-18,Thursday,29
2097-07-29,2040-11-15,Thursday,29
2097-08-01,2040-11-16,Friday,30
2097-08-30,2040-12-15,Saturday,30
2097-09-01,2040-12-16,Sunday,30
2097-09-30,2041-01-14,Monday,30
2097-10-01,2041-01-15,Tuesday,29
2097-10-29,2041-02-12,Tuesday,29
2097-11-01,2041-02-13,Wednesday,30
2097-11-30,2041-03-14,Thursday,30
2097-12-01,2041-03-15,Friday,30
2097-12-30,2041-04-13,Saturday,30
2098-01-01,2041-04-14,Sunday,31
2098-01-31,2041-05-14,Tuesday,31
2098-02-01,2041-05-15,Wednesday,31
2098-02-31,2041-06-14,Friday,31
2098-03-01,2041-06-15,Saturday,32
2098-03-32,2041-07-16,Tuesday,32
2098-04-01,2041-07-17,Wednesday,31
2098-04-31,2041-08-16,Friday,31
2098-05-01,2041-08-17,Saturday,31
2098-05-31,2041-09-16,Monday,31
2098-06-01,2041-09-17,Tuesday,31
2098-06-31,2041-10-17,Thursday,31
2098-07-01,2041-10-18,Friday,30
2098-07-30,2041-11-16,Saturday,30
2098-08-01,2041-11-17,Sunday,29
2098-08-29,2041-12-15,Sunday,29
2098-09-01,2041-12-16,Monday,30
2098-09-30,2042-01-14,Tuesday,30
2098-10-01,2042-01-15,Wednesday,29
2098-10-29,2042-02-12,Wednesday,29
2098-11-01,2042-02-13,Thursday,30
2098-11-30,2042-03-14,Friday,30
2098-12-01,2042-03-15,Saturday,30
2098-12-30,2042-04-13,Sunday,30
2099-01-01,2042-04-14,Monday,31
2099-01-31,2042-05-14,Wednesday,31
2099-02-01,2042-05-15,Thursday,31
2099-02-31,2042-06-14,Saturday,31
2099-03-01,2042-06-15,Sunday,32
2099-03-32,2042-07-16,Wednesday,32
2099-04-01,2042-07-17,Thursday,32
2099-04-32,2042-08-17,Sunday,32
2099-05-01,2042-08-18,Monday,31
2099-05-31,2042-09-17,Wednesday,31
2099-06-01,2042-09-18,Thursday,30
2099-06-30,2042-10-17,Friday,30
2099-07-01,2042-10-18,Saturday,30
2099-07-30,2042-11-16,Sunday,30
2099-08-01,2042-11-17,Monday,29
2099-08-29,2042-12-15,Monday,29
2099-09-01,2042-12-16,Tuesday,30
2099-09-30,2043-01-14,Wednesday,30
2099-10-01,2043-01-15,Thursday,29
2099-10-29,2043-02-12,Thursday,29
2099-11-01,2043-02-13,Friday,30
2099-11-30,2043-03-14,Saturday,30
2099-12-01,2043-03-15,Sunday,30
2099-12-30,2043-04-13,Monday,30
2100-01-01,2043-04-14,Tuesday,31
2100-01-31,2043-05-14,Thursday,31
2100-02-01,2043-05-15,Friday,32
2100-02-32,2043-06-15,Monday,32
2100-03-01,2043-06-16,Tuesday,31
2100-03-31,2043-07-16,Thursday,31
2100-04-01,2043-07-17,Friday,32
2100-04-32,2043-08-17,Monday,32
2100-05-01,2043-08-18,Tuesday,31
2100-05-31,2043-09-17,Thursday,31
2100-06-01,2043-09-18,Friday,30
2100-06-30,2043-10-17,Saturday,30
2100-07-01,2043-10-18,Sunday,30
2100-07-30,2043-11-16,Monday,30
2100-08-01,2043-11-17,Tuesday,30
2100-08-30,2043-12-16,Wednesday,30
2100-09-01,2043-12-17,Thursday,29
2100-09-29,2044-01-14,Thursday,29
2100-10-01,2044-01-15,Friday,29
2100-10-29,2044-02-12,Friday,29
2100-11-01,2044-02-13,Saturday,30
2100-11-30,2044-03-13,Sunday,30
2100-12-01,2044-03-14,Monday,31
2100-12-31,2044-04-13,Wednesday,31
2101-01-01,2044-04-14,Thursday,31
2101-01-31,2044-05-14,Saturday,31
2101-02-01,2044-05-15,Sunday,31
2101-02-31,2044-06-14,Tuesday,31
2101-03-01,2044-06-15,Wednesday,31
2101-03-31,2044-07-15,Friday,31
2101-04-01,2044-07-16,Saturday,32
2101-04-32,2044-08-16,Tuesday,32
2101-05-01,2044-08-17,Wednesday,31
2101-05-31,2044-09-16,Friday,31
2101-06-01,2044-09-17,Saturday,31
2101-06-31,2044-10-17,Monday,31
2101-07-01,2044-10-18,Tuesday,29
2101-07-29,2044-11-15,Tuesday,29
2101-08-01,2044-11-16,Wednesday,30
2101-08-30,2044-12-15,Thursday,30
2101-09-01,2044-12-16,Friday,30
2101-09-30,2045-01-14,Saturday,30
2101-10-01,2045-01-15,Sunday,29
2101-10-29,2045-02-12,Sunday,29
2101-11-01,2045-02-13,Monday,30
2101-11-30,2045-03-14,Tuesday,30
2101-12-01,2045-03-15,Wednesday,30
2101-12-30,2045-04-13,Thursday,30
2102-01-01,2045-04-14,Friday,31
2102-01-31,2045-05-14,Sunday,31
2102-02-01,2045-05-15,Monday,31
2102-02-31,2045-06-14,Wednesday,31
2102-03-01,2045-06-15,Thursday,32
2102-03-32,2045-07-16,Sunday,32
2102-04-01,2045-07-17,Monday,31
2102-04-31,2045-08-16,Wednesday,31
2102-05-01,2045-08-17,Thursday,31
2102-05-31,2045-09-16,Saturday,31
2102-06-01,2045-09-17,Sunday,31
2102-06-31,2045-10-17,Tuesday,31
2102-07-01,2045-10-18,Wednesday,30
2102-07-30,2045-11-16,Thursday,30
2102-08-01,2045-11-17,Friday,29
2102-08-29,2045-12-15,Friday,29
2102-09-01,2045-12-16,Saturday,30
2102-09-30,2046-01-14,Sunday,30
2102-10-01,2046-01-15,Monday,29
2102-10-29,2046-02-12,Monday,29
2102-11-01,2046-02-13,Tuesday,30
2102-11-30,2046-03-14,Wednesday,30
2102-12-01,2046-03-15,Thursday,30
2102-12-30,2046-04-13,Friday,30
2103-01-01,2046-04-14,Saturday,31
2103-01-31,2046-05-14,Monday,31
2103-02-01,2046-05-15,Tuesday,32
2103-02-32,2046-06-15,Friday,32
2103-03-01,2046-06-16,Saturday,31
2103-03-31,2046-07-16,Monday,31
2103-04-01,2046-07-17,Tuesday,32
2103-04-32,2046-08-17,Friday,32
2103-05-01,2046-08-18,Saturday,31
2103-05-31,2046-09-17,Monday,31
2103-06-01,2046-09-18,Tuesday,30
2103-06-30,2046-10-17,Wednesday,30
2103-07-01,2046-10-18,Thursday,30
2103-07-30,2046-11-16,Friday,30
2103-08-01,2046-11-17,Saturday,29
2103-08-29,2046-12-15,Saturday,29
2103-09-01,2046-12-16,Sunday,30
2103-09-30,2047-01-14,Monday,30
2103-10-01,2047-01-15,Tuesday,29
2103-10-29,2047-02-12,Tuesday,29
2103-11-01,2047-02-13,Wednesday,30
2103-11-30,2047-03-14,Thursday,30
2103-12-01,2047-03-15,Friday,30
2103-12-30,2047-04-13,Saturday,30
2104-01-01,2047-04-14,Sunday,31
2104-01-31,2047-05-14,Tuesday,31
2104-02-01,2047-05-15,Wednesday,32
2104-02-32,2047-06-15,Saturday,32
2104-03-01,2047-06-16,Sunday,31
2104-03-31,2047-07-16,Tuesday,31
2104-04-01,2047-07-17,Wednesday,32
2104-04-32,2047-08-17,Saturday,32
2104-05-01,2047-08-18,Sunday,31
2104-05-31,2047-09-17,Tuesday,31
2104-06-01,2047-09-18,Wednesday,30
2104-06-30,2047-10-17,Thursday,30
2104-07-01,2047-10-18,Friday,30
2104-07-30,2047-11-16,Saturday,30
2104-08-01,2047-11-17,Sunday,30
2104-08-30,2047-12-16,Monday,30
2104-09-01,2047-12-17,Tuesday,29
2104-09-29,2048-01-14,Tuesday,29
2104-10-01,2048-01-15,Wednesday,30
2104-10-30,2048-02-13,Thursday,30
2104-11-01,2048-02-14,Friday,29
2104-11-29,2048-03-13,Friday,29
2104-12-01,2048-03-14,Saturday,31
2104-12-31,2048-04-13,Monday,31
2105-01-01,2048-04-14,Tuesday,31
2105-01-31,2048-05-14,Thursday,31
2105-02-01,2048-05-15,Friday,31
2105-02-31,2048-06-14,Sunday,31
2105-03-01,2048-06-15,Monday,31
2105-03-31,2048-07-15,Wednesday,31
2105-04-01,2048-07-16,Thursday,32
2105-04-32,2048-08-16,Sunday,32
2105-05-01,2048-08-17,Monday,31
2105-05-31,2048-09-16,Wednesday,31
2105-06-01,2048-09-17,Thursday,31
2105-06-31,2048-10-17,Saturday,31
2105-07-01,2048-10-18,Sunday,30
2105-07-30,2048-11-16,Monday,30
2105-08-01,2048-11-17,Tuesday,29
2105-08-29,2048-12-15,Tuesday,29
2105-09-01,2048-12-16,Wednesday,30
2105-09-30,2049-01-14,Thursday,30
2105-10-01,2049-01-15,Friday,29
2105-10-29,2049-02-12,Friday,29
2105-11-01,2049-02-13,Saturday,30
2105-11-30,2049-03-14,Sunday,30
2105-12-01,2049-03-15,Monday,30
2105-12-30,2049-04-13,Tuesday,30
2106-01-01,2049-04-14,Wednesday,31
2106-01-31,2049-05-14,Friday,31
2106-02-01,2049-05-15,Saturday,31
2106-02-31,2049-06-14,Monday,31
2106-03-01,2049-06-15,Tuesday,32
2106-03-32,2049-07-16,Friday,32
2106-04-01,2049-07-17,Saturday,31
2106-04-31,2049-08-16,Monday,31
2106-05-01,2049-08-17,Tuesday,31
2106-05-31,2049-09-16,Thursday,31
2106-06-01,2049-09-17,Friday,31
2106-06-31,2049-10-17,Sunday,31
2106-07-01,2049-10-18,Monday,30
2106-07-30,2049-11-16,Tuesday,30
2106-08-01,2049-11-17,Wednesday,29
2106-08-29,2049-12-15,Wednesday,29
2106-09-01,2049-12-16,Thursday,30
2106-09-30,2050-01-14,Friday,30
2106-10-01,2050-01-15,Saturday,29
2106-10-29,2050-02-12,Saturday,29
2106-11-01,2050-02-13,Sunday,30
2106-11-30,2050-03-14,Monday,30
2106-12-01,2050-03-15,Tuesday,30
2106-12-30,2050-04-13,Wednesday,30
2107-01-01,2050-04-14,Thursday,31
2107-01-31,2050-05-14,Saturday,31
2107-02-01,2050-05-15,Sunday,32
2107-02-32,2050-06-15,Wednesday,32
2107-03-01,2050-06-16,Thursday,31
2107-03-31,2050-07-16,Saturday,31
2107-04-01,2050-07-17,Sunday,32
2107-04-32,2050-08-17,Wednesday,32
2107-05-01,2050-08-18,Thursday,31
2107-05-31,2050-09-17,Saturday,31
2107-06-01,2050-09-18,Sunday,30
2107-06-30,2050-10-17,Monday,30
2107-07-01,2050-10-18,Tuesday,30
2107-07-30,2050-11-16,Wednesday,30
2107-08-01,2050-11-17,Thursday,30
2107-08-30,2050-12-16,Friday,30
2107-09-01,2050-12-17,Saturday,29
2107-09-29,2051-01-14,Saturday,29
2107-10-01,2051-01-15,Sunday,29
2107-10-29,2051-02-12,Sunday,29
2107-11-01,2051-02-13,Monday,30
2107-11-30,2051-03-14,Tuesday,30
2107-12-01,2051-03-15,Wednesday,30
2107-12-30,2051-04-13,Thursday,30
2108-01-01,2051-04-14,Friday,31
2108-01-31,2051-05-14,Sunday,31
2108-02-01,2051-05-15,Monday,32
2108-02-32,2051-06-15,Thursday,32
2108-03-01,2051-06-16,Friday,31
2108-03-31,2051-07-16,Sunday,31
2108-04-01,2051-07-17,Monday,32
2108-04-32,2051-08-17,Thursday,32
2108-05-01,2051-08-18,Friday,31
2108-05-31,2051-09-17,Sunday,31
2108-06-01,2051-09-18,Monday,30
2108-06-30,2051-10-17,Tuesday,30
2108-07-01,2051-10-18,Wednesday,30
2108-07-30,2051-11-16,Thursday,30
2108-08-01,2051-11-17,Friday,30
2108-08-30,2051-12-16,Saturday,30
2108-09-01,2051-12-17,Sunday,29
2108-09-29,2052-01-14,Sunday,29
2108-10-01,2052-01-15,Monday,30
2108-10-30,2052-02-13,Tuesday,30
2108-11-01,2052-02-14,Wednesday,29
2108-11-29,2052-03-13,Wednesday,29
2108-12-01,2052-03-14,Thursday,31
2108-12-31,2052-04-13,Saturday,31
2109-01-01,2052-04-14,Sunday,31
2109-01-31,2052-05-14,Tuesday,31
2109-02-01,2052-05-15,Wednesday,31
2109-02-31,2052-06-14,Friday,31
2109-03-01,2052-06-15,Saturday,31
2109-03-31,2052-07-15,Monday,31
2109-04-01,2052-07-16,Tuesday,32
2109-04-32,2052-08-16,Friday,32
2109-05-01,2052-08-17,Saturday,31
2109-05-31,2052-09-16,Monday,31
2109-06-01,2052-09-17,Tuesday,31
2109-06-31,2052-10-17,Thursday,31
2109-07-01,2052-10-18,Friday,30
2109-07-30,2052-11-16,Saturday,30
2109-08-01,2052-11-17,Sunday,29
2109-08-29,2052-12-15,Sunday,29
2109-09-01,2052-12-16,Monday,30
2109-09-30,2053-01-14,Tuesday,30
2109-10-01,2053-01-15,Wednesday,29
2109-10-29,2053-02-12,Wednesday,29
2109-11-01,2053-02-13,Thursday,30
2109-11-30,2053-03-14,Friday,30
2109-12-01,2053-03-15,Saturday,30
2109-12-30,2053-04-13,Sunday,30
2110-01-01,2053-04-14,Monday,31
2110-01-31,2053-05-14,Wednesday,31
2110-02-01,2053-05-15,Thursday,31
2110-02-31,2053-06-14,Saturday,31
2110-03-01,2053-06-15,Sunday,32
2110-03-32,2053-07-16,Wednesday,32
2110-04-01,2053-07-17,Thursday,31
2110-04-31,2053-08-16,Saturday,31
2110-05-01,2053-08-17,Sunday,31
2110-05-31,2053-09-16,Tuesday,31
2110-06-01,2053-09-17,Wednesday,31
2110-06-31,2053-10-17,Friday,31
2110-07-01,2053-10-18,Saturday,30
2110-07-30,2053-11-16,Sunday,30
2110-08-01,2053-11-17,Monday,29
2110-08-29,2053-12-15,Monday,29
2110-09-01,2053-12-16,Tuesday,30
2110-09-30,2054-01-14,Wednesday,30
2110-10-01,2054-01-15,Thursday,29
2110-10-29,2054-02-12,Thursday,29
2110-11-01,2054-02-13,Friday,30
2110-11-30,2054-03-14,Saturday,30
2110-12-01,2054-03-15,Sunday,30
2110-12-30,2054-04-13,Monday,30
2111-01-01,2054-04-14,Tuesday,31
2111-01-31,2054-05-14,Thursday,31
2111-02-01,2054-05-15,Friday,32
2111-02-32,2054-06-15,Monday,32
2111-03-01,2054-06-16,Tuesday,31
2111-03-31,2054-07-16,Thursday,31
2111-04-01,2054-07-17,Friday,32
2111-04-32,2054-08-17,Monday,32
2111-05-01,2054-08-18,Tuesday,31
2111-05-31,2054-09-17,Thursday,31
2111-06-01,2054-09-18,Friday,30
2111-06-30,2054-10-17,Saturday,30
2111-07-01,2054-10-18,Sunday,30
2111-07-30,2054-11-16,Monday,30
2111-08-01,2054-11-17,Tuesday,30
2111-08-30,2054-12-16,Wednesday,30
2111-09-01,2054-12-17,Thursday,29
2111-09-29,2055-01-14,Thursday,29
2111-10-01,2055-01-15,Friday,29
2111-10-29,2055-02-12,Friday,29
2111-11-01,2055-02-13,Saturday,30
2111-11-30,2055-03-14,Sunday,30
2111-12-01,2055-03-15,Monday,30
2111-12-30,2055-04-13,Tuesday,30
2112-01-01,2055-04-14,Wednesday,31
2112-01-31,2055-05-14,Friday,31
2112-02-01,2055-05-15,Saturday,32
2112-02-32,2055-06-15,Tuesday,32
2112-03-01,2055-06-16,Wednesday,31
2112-03-31,2055-07-16,Friday,31
2112-04-01,2055-07-17,Saturday,32
2112-04-32,2055-08-17,Tuesday,32
2112-05-01,2055-08-18,Wednesday,31
2112-05-31,2055-09-17,Friday,31
2112-06-01,2055-09-18,Saturday,30
2112-06-30,2055-10-17,Sunday,30
2112-07-01,2055-10-18,Monday,30
2112-07-30,2055-11-16,Tuesday,30
2112-08-01,2055-11-17,Wednesday,30
2112-08-30,2055-12-16,Thursday,30
2112-09-01,2055-12-17,Friday,29
2112-09-29,2056-01-14,Friday,29
2112-10-01,2056-01-15,Saturday,30
2112-10-30,2056-02-13,Sunday,30
2112-11-01,2056-02-14,Monday,29
2112-11-29,2056-03-13,Monday,29
2112-12-01,2056-03-14,Tuesday,31
2112-12-31,2056-04-13,Thursday,31
2113-01-01,2056-04-14,Friday,31
2113-01-31,2056-05-14,Sunday,31
2113-02-01,2056-05-15,Monday,31
2113-02-31,2056-06-14,Wednesday,31
2113-03-01,2056-06-15,Thursday,32
2113-03-32,2056-07-16,Sunday,32
2113-04-01,2056-07-17,Monday,31
2113-04-31,2056-08-16,Wednesday,31
2113-05-01,2056-08-17,Thursday,31
2113-05-31,2056-09-16,Saturday,31
2113-06-01,2056-09-17,Sunday,31
2113-06-31,2056-10-17,Tuesday,31
2113-07-01,2056-10-18,Wednesday,30
2113-07-30,2056-11-16,Thursday,30
2113-08-01,2056-11-17,Friday,29
2113-08-29,2056-12-15,Friday,29
2113-09-01,2056-12-16,Saturday,30
2113-09-30,2057-01-14,Sunday,30
2113-10-01,2057-01-15,Monday,29
2113-10-29,2057-02-12,Monday,29
2113-11-01,2057-02-13,Tuesday,30
2113-11-30,2057-03-14,Wednesday,30
2113-12-01,2057-03-15,Thursday,30
2113-12-30,2057-04-13,Friday,30
2114-01-01,2057-04-14,Saturday,31
2114-01-31,2057-05-14,Monday,31
2114-02-01,2057-05-15,Tuesday,31
2114-02-31,2057-06-14,Thursday,31
2114-03-01,2057-06-15,Friday,32
2114-03-32,2057-07-16,Monday,32
2114-04-01,2057-07-17,Tuesday,31
2114-04-31,2057-08-16,Thursday,31
2114-05-01,2057-08-17,Friday,32
2114-05-32,2057-09-17,Monday,32
2114-06-01,2057-09-18,Tuesday,30
2114-06-30,2057-10-17,Wednesday,30
2114-07-01,2057-10-18,Thursday,30
2114-07-30,2057-11-16,Friday,30
2114-08-01,2057-11-17,Saturday,29
2114-08-29,2057-12-15,Saturday,29
2114-09-01,2057-12-16,Sunday,30
2114-09-30,2058-01-14,Monday,30
2114-10-01,2058-01-15,Tuesday,29
2114-10-29,2058-02-12,Tuesday,29
2114-11-01,2058-02-13,Wednesday,30
2114-11-30,2058-03-14,Thursday,30
2114-12-01,2058-03-15,Friday,30
2114-12-30,2058-04-13,Saturday,30
2115-01-01,2058-04-14,Sunday,31
2115-01-31,2058-05-14,Tuesday,31
2115-02-01,2058-05-15,Wednesday,32
2115-02-32,2058-06-15,Saturday,32
2115-03-01,2058-06-16,Sunday,31
2115-03-31,2058-07-16,Tuesday,31
2115-04-01,2058-07-17,Wednesday,32
2115-04-32,2058-08-17,Saturday,32
2115-05-01,2058-08-18,Sunday,31
2115-05-31,2058-09-17,Tuesday,31
2115-06-01,2058-09-18,Wednesday,30
2115-06-30,2058-10-17,Thursday,30
2115-07-01,2058-10-18,Friday,30
2115-07-30,2058-11-16,Saturday,30
2115-08-01,2058-11-17,Sunday,30
2115-08-30,2058-12-16,Monday,30
2115-09-01,2058-12-17,Tuesday,29
2115-09-29,2059-01-14,Tuesday,29
2115-10-01,2059-01-15,Wednesday,29
2115-10-29,2059-02-12,Wednesday,29
2115-11-01,2059-02-13,Thursday,30
2115-11-30,2059-03-14,Friday,30
2115-12-01,2059-03-15,Saturday,31
2115-12-31,2059-04-14,Monday,31
2116-01-01,2059-04-15,Tuesday,30
2116-01-30,2059-05-14,Wednesday,30
2116-02-01,2059-05-15,Thursday,32
2116-02-32,2059-06-15,Sunday,32
2116-03-01,2059-06-16,Monday,31
2116-03-31,2059-07-16,Wednesday,31
2116-04-01,2059-07-17,Thursday,32
2116-04-32,2059-08-17,Sunday,32
2116-05-01,2059-08-18,Monday,31
2116-05-31,2059-09-17,Wednesday,31
2116-06-01,2059-09-18,Thursday,30
2116-06-30,2059-10-17,Friday,30
2116-07-01,2059-10-18,Saturday,30
2116-07-30,2059-11-16,Sunday,30
2116-08-01,2059-11-17,Monday,30
2116-08-30,2059-12-16,Tuesday,30
2116-09-01,2059-12-17,Wednesday,29
2116-09-29,2060-01-14,Wednesday,29
2116-10-01,2060-01-15,Thursday,30
2116-10-30,2060-02-13,Friday,30
2116-11-01,2060-02-14,Saturday,29
2116-11-29,2060-03-13,Saturday,29
2116-12-01,2060-03-14,Sunday,31
2116-12-31,2060-04-13,Tuesday,31
2117-01-01,2060-04-14,Wednesday,31
2117-01-31,2060-05-14,Friday,31
2117-02-01,2060-05-15,Saturday,31
2117-02-31,2060-06-14,Monday,31
2117-03-01,2060-06-15,Tuesday,32
2117-03-32,2060-07-16,Friday,32
2117-04-01,2060-07-17,Saturday,31
2117-04-31,2060-08-16,Monday,31
2117-05-01,2060-08-17,Tuesday,31
2117-05-31,2060-09-16,Thursday,31
2117-06-01,2060-09-17,Friday,31
2117-06-31,2060-10-17,Sunday,31
2117-07-01,2060-10-18,Monday,30
2117-07-30,2060-11-16,Tuesday,30
2117-08-01,2060-11-17,Wednesday,29
2117-08-29,2060-12-15,Wednesday,29
2117-09-01,2060-12-16,Thursday,30
2117-09-30,2061-01-14,Friday,30
2117-10-01,2061-01-15,Saturday,29
2117-10-29,2061-02-12,Saturday,29
2117-11-01,2061-02-13,Sunday,30
2117-11-30,2061-03-14,Monday,30
2117-12-01,2061-03-15,Tuesday,30
2117-12-30,2061-04-13,Wednesday,30
2118-01-01,2061-04-14,Thursday,31
2118-01-31,2061-05-14,Saturday,31
2118-02-01,2061-05-15,Sunday,31
2118-02-31,2061-06-14,Tuesday,31
2118-03-01,2061-06-15,Wednesday,32
2118-03-32,2061-07-16,Saturday,32
2118-04-01,2061-07-17,Sunday,32
2118-04-32,2061-08-17,Wednesday,32
2118-05-01,2061-08-18,Thursday,31
2118-05-31,2061-09-17,Saturday,31
2118-06-01,2061-09-18,Sunday,30
2118-06-30,2061-10-17,Monday,30
2118-07-01,2061-10-18,Tuesday,30
2118-07-30,2061-11-16,Wednesday,30
2118-08-01,2061-11-17,Thursday,29
2118-08-29,2061-12-15,Thursday,29
2118-09-01,2061-12-16,Friday,30
2118-09-30,2062-01-14,Saturday,30
2118-10-01,2062-01-15,Sunday,29
2118-10-29,2062-02-12,Sunday,29
2118-11-01,2062-02-13,Monday,30
2118-11-30,2062-03-14,Tuesday,30
2118-12-01,2062-03-15,Wednesday,30
2118-12-30,2062-04-13,Thursday,30
2119-01-01,2062-04-14,Friday,31
2119-01-31,2062-05-14,Sunday,31
2119-02-01,2062-05-15,Monday,32
2119-02-32,2062-06-15,Thursday,32
2119-03-01,2062-06-16,Friday,31
2119-03-31,2062-07-16,Sunday,31
2119-04-01,2062-07-17,Monday,32
2119-04-32,2062-08-17,Thursday,32
2119-05-01,2062-08-18,Friday,31
2119-05-31,2062-09-17,Sunday,31
2119-06-01,2062-09-18,Monday,30
2119-06-30,2062-10-17,Tuesday,30
2119-07-01,2062-10-18,Wednesday,30
2119-07-30,2062-11-16,Thursday,30
2119-08-01,2062-11-17,Friday,30
2119-08-30,2062-12-16,Saturday,30
2119-09-01,2062-12-17,Sunday,29
2119-09-29,2063-01-14,Sunday,29
2119-10-01,2063-01-15,Monday,29
2119-10-29,2063-02-12,Monday,29
2119-11-01,2063-02-13,Tuesday,30
2119-11-30,2063-03-14,Wednesday,30
2119-12-01,2063-03-15,Thursday,31
2119-12-31,2063-04-14,Saturday,31
2120-01-01,2063-04-15,Sunday,30
2120-01-30,2063-05-14,Monday,30
2120-02-01,2063-05-15,Tuesday,32
2120-02-32,2063-06-15,Friday,32
2120-03-01,2063-06-16,Saturday,31
2120-03-31,2063-07-16,Monday,31
2120-04-01,2063-07-17,Tuesday,32
2120-04-32,2063-08-17,Friday,32
2120-05-01,2063-08-18,Saturday,31
2120-05-31,2063-09-17,Monday,31
2120-06-01,2063-09-18,Tuesday,31
2120-06-31,2063-10-18,Thursday,31
2120-07-01,2063-10-19,Friday,29
2120-07-29,2063-11-16,Friday,29
2120-08-01,2063-11-17,Saturday,30
2120-08-30,2063-12-16,Sunday,30
2120-09-01,2063-12-17,Monday,30
2120-09-30,2064-01-15,Tuesday,30
2120-10-01,2064-01-16,Wednesday,29
2120-10-29,2064-02-13,Wednesday,29
2120-11-01,2064-02-14,Thursday,29
2120-11-29,2064-03-13,Thursday,29
2120-12-01,2064-03-14,Friday,31
2120-12-31,2064-04-13,Sunday,31
2121-01-01,2064-04-14,Monday,31
2121-01-31,2064-05-14,Wednesday,31
2121-02-01,2064-05-15,Thursday,31
2121-02-31,2064-06-14,Saturday,31
2121-03-01,2064-06-15,Sunday,32
2121-03-32,2064-07-16,Wednesday,32
2121-04-01,2064-07-17,Thursday,31
2121-04-31,2064-08-16,Saturday,31
2121-05-01,2064-08-17,Sunday,31
2121-05-31,2064-09-16,Tuesday,31
2121-06-01,2064-09-17,Wednesday,31
2121-06-31,2064-10-17,Friday,31
2121-07-01,2064-10-18,Saturday,30
2121-07-30,2064-11-16,Sunday,30
2121-08-01,2064-11-17,Monday,29
2121-08-29,2064-12-15,Monday,29
2121-09-01,2064-12-16,Tuesday,30
2121-09-30,2065-01-14,Wednesday,30
2121-10-01,2065-01-15,Thursday,29
2121-10-29,2065-02-12,Thursday,29
2121-11-01,2065-02-13,Friday,30
2121-11-30,2065-03-14,Saturday,30
2121-12-01,2065-03-15,Sunday,30
2121-12-30,2065-04-13,Monday,30
2122-01-01,2065-04-14,Tuesday,31
2122-01-31,2065-05-14,Thursday,31
2122-02-01,2065-05-15,Friday,31
2122-02-31,2065-06-14,Sunday,31
2122-03-01,2065-06-15,Monday,32
2122-03-32,2065-07-16,Thursday,32
2122-04-01,2065-07-17,Friday,32
2122-04-32,2065-08-17,Monday,32
2122-05-01,2065-08-18,Tuesday,31
2122-05-31,2065-09-17,Thursday,31
2122-06-01,2065-09-18,Friday,30
2122-06-30,2065-10-17,Saturday,30
2122-07-01,2065-10-18,Sunday,30
2122-07-30,2065-11-16,Monday,30
2122-08-01,2065-11-17,Tuesday,29
2122-08-29,2065-12-15,Tuesday,29
2122-09-01,2065-12-16,Wednesday,30
2122-09-30,2066-01-14,Thursday,30
2122-10-01,2066-01-15,Friday,29
2122-10-29,2066-02-12,Friday,29
2122-11-01,2066-02-13,Saturday,30
2122-11-30,2066-03-14,Sunday,30
2122-12-01,2066-03-15,Monday,30
2122-12-30,2066-04-13,Tuesday,30
2123-01-01,2066-04-14,Wednesday,31
2123-01-31,2066-05-14,Friday,31
2123-02-01,2066-05-15,Saturday,32
2123-02-32,2066-06-15,Tuesday,32
2123-03-01,2066-06-16,Wednesday,31
2123-03-31,2066-07-16,Friday,31
2123-04-01,2066-07-17,Saturday,32
2123-04-32,2066-08-17,Tuesday,32
2123-05-01,2066-08-18,Wednesday,31
2123-05-31,2066-09-17,Friday,31
2123-06-01,2066-09-18,Saturday,30
2123-06-30,2066-10-17,Sunday,30
2123-07-01,2066-10-18,Monday,30
2123-07-30,2066-11-16,Tuesday,30
2123-08-01,2066-11-17,Wednesday,30
2123-08-30,2066-12-16,Thursday,30
2123-09-01,2066-12-17,Friday,29
2123-09-29,2067-01-14,Friday,29
2123-10-01,2067-01-15,Saturday,29
2123-10-29,2067-02-12,Saturday,29
2123-11-01,2067-02-13,Sunday,30
2123-11-30,2067-03-14,Monday,30
2123-12-01,2067-03-15,Tuesday,31
2123-12-31,2067-04-14,Thursday,31
2124-01-01,2067-04-15,Friday,31
2124-01-31,2067-05-15,Sunday,31
2124-02-01,2067-05-16,Monday,31
2124-02-31,2067-06-15,Wednesday,31
2124-03-01,2067-06-16,Thursday,31
2124-03-31,2067-07-16,Saturday,31
2124-04-01,2067-07-17,Sunday,32
2124-04-32,2067-08-17,Wednesday,32
2124-05-01,2067-08-18,Thursday,31
2124-05-31,2067-09-17,Saturday,31
2124-06-01,2067-09-18,Sunday,31
2124-06-31,2067-10-18,Tuesday,31
2124-07-01,2067-10-19,Wednesday,29
2124-07-29,2067-11-16,Wednesday,29
2124-08-01,2067-11-17,Thursday,30
2124-08-30,2067-12-16,Friday,30
2124-09-01,2067-12-17,Saturday,30
2124-09-30,2068-01-15,Sunday,30
2124-10-01,2068-01-16,Monday,29
2124-10-29,2068-02-13,Monday,29
2124-11-01,2068-02-14,Tuesday,30
2124-11-30,2068-03-14,Wednesday,30
2124-12-01,2068-03-15,Thursday,30
2124-12-30,2068-04-13,Friday,30
2125-01-01,2068-04-14,Saturday,31
2125-01-31,2068-05-14,Monday,31
2125-02-01,2068-05-15,Tuesday,31
2125-02-31,2068-06-14,Thursday,31
2125-03-01,2068-06-15,Friday,32
2125-03-32,2068-07-16,Monday,32
2125-04-01,2068-07-17,Tuesday,31
2125-04-31,2068-08-16,Thursday,31
2125-05-01,2068-08-17,Friday,31
2125-05-31,2068-09-16,Sunday,31
2125-06-01,2068-09-17,Monday,31
2125-06-31,2068-10-17,Wednesday,31
2125-07-01,2068-10-18,Thursday,30
2125-07-30,2068-11-16,Friday,30
2125-08-01,2068-11-17,Saturday,29
2125-08-29,2068-12-15,Saturday,29
2125-09-01,2068-12-16,Sunday,30
2125-09-30,2069-01-14,Monday,30
2125-10-01,2069-01-15,Tuesday,29
2125-10-29,2069-02-12,Tuesday,29
2125-11-01,2069-02-13,Wednesday,30
2125-11-30,2069-03-14,Thursday,30
2125-12-01,2069-03-15,Friday,30
2125-12-30,2069-04-13,Saturday,30
2126-01-01,2069-04-14,Sunday,31
2126-01-31,2069-05-14,Tuesday,31
2126-02-01,2069-05-15,Wednesday,31
2126-02-31,2069-06-14,Friday,31
2126-03-01,2069-06-15,Saturday,32
2126-03-32,2069-07-16,Tuesday,32
2126-04-01,2069-07-17,Wednesday,32
2126-04-32,2069-08-17,Saturday,32
2126-05-01,2069-08-18,Sunday,31
2126-05-31,2069-09-17,Tuesday,31
2126-06-01,2069-09-18,Wednesday,30
2126-06-30,2069-10-17,Thursday,30
2126-07-01,2069-10-18,Friday,30
2126-07-30,2069-11-16,Saturday,30
2126-08-01,2069-11-17,Sunday,29
2126-08-29,2069-12-15,Sunday,29
2126-09-01,2069-12-16,Monday,30
2126-09-30,2070-01-14,Tuesday,30
2126-10-01,2070-01-15,Wednesday,29
2126-10-29,2070-02-12,Wednesday,29
2126-11-01,2070-02-13,Thursday,30
2126-11-30,2070-03-14,Friday,30
2126-12-01,2070-03-15,Saturday,30
2126-12-30,2070-04-13,Sunday,30
2127-01-01,2070-04-14,Monday,31
2127-01-31,2070-05-14,Wednesday,31
2127-02-01,2070-05-15,Thursday,32
2127-02-32,2070-06-15,Sunday,32
2127-03-01,2070-06-16,Monday,31
2127-03-31,2070-07-16,Wednesday,31
2127-04-01,2070-07-17,Thursday,32
2127-04-32,2070-08-17,Sunday,32
2127-05-01,2070-08-18,Monday,31
2127-05-31,2070-09-17,Wednesday,31
2127-06-01,2070-09-18,Thursday,30
2127-06-30,2070-10-17,Friday,30
2127-07-01,2070-10-18,Saturday,30
2127-07-30,2070-11-16,Sunday,30
2127-08-01,2070-11-17,Monday,30
2127-08-30,2070-12-16,Tuesday,30
2127-09-01,2070-12-17,Wednesday,29
2127-09-29,2071-01-14,Wednesday,29
2127-10-01,2071-01-15,Thursday,29
2127-10-29,2071-02-12,Thursday,29
2127-11-01,2071-02-13,Friday,30
2127-11-30,2071-03-14,Saturday,30
2127-12-01,2071-03-15,Sunday,31
2127-12-31,2071-04-14,Tuesday,31
2128-01-01,2071-04-15,Wednesday,31
2128-01-31,2071-05-15,Friday,31
2128-02-01,2071-05-16,Saturday,31
2128-02-31,2071-06-15,Monday,31
2128-03-01,2071-06-16,Tuesday,31
2128-03-31,2071-07-16,Thursday,31
2128-04-01,2071-07-17,Friday,32
2128-04-32,2071-08-17,Monday,32
2128-05-01,2071-08-18,Tuesday,31
2128-05-31,2071-09-17,Thursday,31
2128-06-01,2071-09-18,Friday,31
2128-06-31,2071-10-18,Sunday,31
2128-07-01,2071-10-19,Monday,29
2128-07-29,2071-11-16,Monday,29
2128-08-01,2071-11-17,Tuesday,30
2128-08-30,2071-12-16,Wednesday,30
2128-09-01,2071-12-17,Thursday,30
2128-09-30,2072-01-15,Friday,30
2128-10-01,2072-01-16,Saturday,29
2128-10-29,2072-02-13,Saturday,29
2128-11-01,2072-02-14,Sunday,30
2128-11-30,2072-03-14,Monday,30
2128-12-01,2072-03-15,Tuesday,30
2128-12-30,2072-04-13,Wednesday,30
2129-01-01,2072-04-14,Thursday,31
2129-01-31,2072-05-14,Saturday,31
2129-02-01,2072-05-15,Sunday,31
2129-02-31,2072-06-14,Tuesday,31
2129-03-01,2072-06-15,Wednesday,32
2129-03-32,2072-07-16,Saturday,32
2129-04-01,2072-07-17,Sunday,31
2129-04-31,2072-08-16,Tuesday,31
2129-05-01,2072-08-17,Wednesday,31
2129-05-31,2072-09-16,Friday,31
2129-06-01,2072-09-17,Saturday,31
2129-06-31,2072-10-17,Monday,31
2129-07-01,2072-10-18,Tuesday,30
2129-07-30,2072-11-16,Wednesday,30
2129-08-01,2072-11-17,Thursday,29
2129-08-29,2072-12-15,Thursday,29
2129-09-01,2072-12-16,Friday,30
2129-09-30,2073-01-14,Saturday,30
2129-10-01,2073-01-15,Sunday,29
2129-10-29,2073-02-12,Sunday,29
2129-11-01,2073-02-13,Monday,30
2129-11-30,2073-03-14,Tuesday,30
2129-12-01,2073-03-15,Wednesday,30
2129-12-30,2073-04-13,Thursday,30
2130-01-01,2073-04-14,Friday,31
2130-01-31,2073-05-14,Sunday,31
2130-02-01,2073-05-15,Monday,32
2130-02-32,2073-06-15,Thursday,32
2130-03-01,2073-06-16,Friday,31
2130-03-31,2073-07-16,Sunday,31
2130-04-01,2073-07-17,Monday,32
2130-04-32,2073-08-17,Thursday,32
2130-05-01,2073-08-18,Friday,31
2130-05-31,2073-09-17,Sunday,31
2130-06-01,2073-09-18,Monday,30
2130-06-30,2073-10-17,Tuesday,30
2130-07-01,2073-10-18,Wednesday,30
2130-07-30,2073-11-16,Thursday,30
2130-08-01,2073-11-17,Friday,29
2130-08-29,2073-12-15,Friday,29
2130-09-01,2073-12-16,Saturday,30
2130-09-30,2074-01-14,Sunday,30
2130-10-01,2074-01-15,Monday,29
2130-10-29,2074-02-12,Monday,29
2130-11-01,2074-02-13,Tuesday,30
2130-11-30,2074-03-14,Wednesday,30
2130-12-01,2074-03-15,Thursday,30
2130-12-30,2074-04-13,Friday,30
2131-01-01,2074-04-14,Saturday,31
2131-01-31,2074-05-14,Monday,31
2131-02-01,2074-05-15,Tuesday,32
2131-02-32,2074-06-15,Friday,32
2131-03-01,2074-06-16,Saturday,31
2131-03-31,2074-07-16,Monday,31
2131-04-01,2074-07-17,Tuesday,32
2131-04-32,2074-08-17,Friday,32
2131-05-01,2074-08-18,Saturday,31
2131-05-31,2074-09-17,Monday,31
2131-06-01,2074-09-18,Tuesday,30
2131-06-30,2074-10-17,Wednesday,30
2131-07-01,2074-10-18,Thursday,30
2131-07-30,2074-11-16,Friday,30
2131-08-01,2074-11-17,Saturday,30
2131-08-30,2074-12-16,Sunday,30
2131-09-01,2074-12-17,Monday,29
2131-09-29,2075-01-14,Monday,29
2131-10-01,2075-01-15,Tuesday,29
2131-10-29,2075-02-12,Tuesday,29
2131-11-01,2075-02-13,Wednesday,30
2131-11-30,2075-03-14,Thursday,30
2131-12-01,2075-03-15,Friday,31
2131-12-31,2075-04-14,Sunday,31
2132-01-01,2075-04-15,Monday,31
2132-01-31,2075-05-15,Wednesday,31
2132-02-01,2075-05-16,Thursday,31
2132-02-31,2075-06-15,Saturday,31
2132-03-01,2075-06-16,Sunday,31
2132-03-31,2075-07-16,Tuesday,31
2132-04-01,2075-07-17,Wednesday,32
2132-04-32,2075-08-17,Saturday,32
2132-05-01,2075-08-18,Sunday,31
2132-05-31,2075-09-17,Tuesday,31
2132-06-01,2075-09-18,Wednesday,31
2132-06-31,2075-10-18,Friday,31
2132-07-01,2075-10-19,Saturday,30
2132-07-30,2075-11-17,Sunday,30
2132-08-01,2075-11-18,Monday,29
2132-08-29,2075-12-16,Monday,29
2132-09-01,2075-12-17,Tuesday,30
2132-09-30,2076-01-15,Wednesday,30
2132-10-01,2076-01-16,Thursday,29
2132-10-29,2076-02-13,Thursday,29
2132-11-01,2076-02-14,Friday,30
2132-11-30,2076-03-14,Saturday,30
2132-12-01,2076-03-15,Sunday,30
2132-12-30,2076-04-13,Monday,30
2133-01-01,2076-04-14,Tuesday,31
2133-01-31,2076-05-14,Thursday,31
2133-02-01,2076-05-15,Friday,31
2133-02-31,2076-06-14,Sunday,31
2133-03-01,2076-06-15,Monday,32
2133-03-32,2076-07-16,Thursday,32
2133-04-01,2076-07-17,Friday,31
2133-04-31,2076-08-16,Sunday,31
2133-05-01,2076-08-17,Monday,31
2133-05-31,2076-09-16,Wednesday,31
2133-06-01,2076-09-17,Thursday,31
2133-06-31,2076-10-17,Saturday,31
2133-07-01,2076-10-18,Sunday,30
2133-07-30,2076-11-16,Monday,30
2133-08-01,2076-11-17,Tuesday,29
2133-08-29,2076-12-15,Tuesday,29
2133-09-01,2076-12-16,Wednesday,30
2133-09-30,2077-01-14,Thursday,30
2133-10-01,2077-01-15,Friday,29
2133-10-29,2077-02-12,Friday,29
2133-11-01,2077-02-13,Saturday,30
2133-11-30,2077-03-14,Sunday,30
2133-12-01,2077-03-15,Monday,30
2133-12-30,2077-04-13,Tuesday,30
2134-01-01,2077-04-14,Wednesday,31
2134-01-31,2077-05-14,Friday,31
2134-02-01,2077-05-15,Saturday,32
2134-02-32,2077-06-15,Tuesday,32
2134-03-01,2077-06-16,Wednesday,31
2134-03-31,2077-07-16,Friday,31
2134-04-01,2077-07-17,Saturday,32
2134-04-32,2077-08-17,Tuesday,32
2134-05-01,2077-08-18,Wednesday,31
2134-05-31,2077-09-17,Friday,31
2134-06-01,2077-09-18,Saturday,30
2134-06-30,2077-10-17,Sunday,30
2134-07-01,2077-10-18,Monday,30
2134-07-30,2077-11-16,Tuesday,30
2134-08-01,2077-11-17,Wednesday,30
2134-08-30,2077-12-16,Thursday,30
2134-09-01,2077-12-17,Friday,29
2134-09-29,2078-01-14,Friday,29
2134-10-01,2078-01-15,Saturday,29
2134-10-29,2078-02-12,Saturday,29
2134-11-01,2078-02-13,Sunday,30
2134-11-30,2078-03-14,Monday,30
2134-12-01,2078-03-15,Tuesday,30
2134-12-30,2078-04-13,Wednesday,30
2135-01-01,2078-04-14,Thursday,31
2135-01-31,2078-05-14,Saturday,31
2135-02-01,2078-05-15,Sunday,32
2135-02-32,2078-06-15,Wednesday,32
2135-03-01,2078-06-16,Thursday,31
2135-03-31,2078-07-16,Saturday,31
2135-04-01,2078-07-17,Sunday,32
2135-04-32,2078-08-17,Wednesday,32
2135-05-01,2078-08-18,Thursday,31
2135-05-31,2078-09-17,Saturday,31
2135-06-01,2078-09-18,Sunday,30
2135-06-30,2078-10-17,Monday,30
2135-07-01,2078-10-18,Tuesday,30
2135-07-30,2078-11-16,Wednesday,30
2135-08-01,2078-11-17,Thursday,30
2135-08-30,2078-12-16,Friday,30
2135-09-01,2078-12-17,Saturday,29
2135-09-29,2079-01-14,Saturday,29
2135-10-01,2079-01-15,Sunday,30
2135-10-30,2079-02-13,Monday,30
2135-11-01,2079-02-14,Tuesday,29
2135-11-29,2079-03-14,Tuesday,29
2135-12-01,2079-03-15,Wednesday,31
2135-12-31,2079-04-14,Friday,31
2136-01-01,2079-04-15,Saturday,31
2136-01-31,2079-05-15,Monday,31
2136-02-01,2079-05-16,Tuesday,31
2136-02-31,2079-06-15,Thursday,31
2136-03-01,2079-06-16,Friday,31
2136-03-31,2079-07-16,Sunday,31
2136-04-01,2079-07-17,Monday,32
2136-04-32,2079-08-17,Thursday,32
2136-05-01,2079-08-18,Friday,31
2136-05-31,2079-09-17,Sunday,31
2136-06-01,2079-09-18,Monday,31
2136-06-31,2079-10-18,Wednesday,31
2136-07-01,2079-10-19,Thursday,30
2136-07-30,2079-11-17,Friday,30
2136-08-01,2079-11-18,Saturday,29
2136-08-29,2079-12-16,Saturday,29
2136-09-01,2079-12-17,Sunday,30
2136-09-30,2080-01-15,Monday,30
2136-10-01,2080-01-16,Tuesday,29
2136-10-29,2080-02-13,Tuesday,29
2136-11-01,2080-02-14,Wednesday,30
2136-11-30,2080-03-14,Thursday,30
2136-12-01,2080-03-15,Friday,30
2136-12-30,2080-04-13,Saturday,30
2137-01-01,2080-04-14,Sunday,31
2137-01-31,2080-05-14,Tuesday,31
2137-02-01,2080-05-15,Wednesday,31
2137-02-31,2080-06-14,Friday,31
2137-03-01,2080-06-15,Saturday,32
2137-03-32,2080-07-16,Tuesday,32
2137-04-01,2080-07-17,Wednesday,31
2137-04-31,2080-08-16,Friday,31
2137-05-01,2080-08-17,Saturday,31
2137-05-31,2080-09-16,Monday,31
2137-06-01,2080-09-17,Tuesday,31
2137-06-31,2080-10-17,Thursday,31
2137-07-01,2080-10-18,Friday,30
2137-07-30,2080-11-16,Saturday,30
2137-08-01,2080-11-17,Sunday,29
2137-08-29,2080-12-15,Sunday,29
2137-09-01,2080-12-16,Monday,30
2137-09-30,2081-01-14,Tuesday,30
2137-10-01,2081-01-15,Wednesday,29
2137-10-29,2081-02-12,Wednesday,29
2137-11-01,2081-02-13,Thursday,30
2137-11-30,2081-03-14,Friday,30
2137-12-01,2081-03-15,Saturday,30
2137-12-30,2081-04-13,Sunday,30
2138-01-01,2081-04-14,Monday,31
2138-01-31,2081-05-14,Wednesday,31
2138-02-01,2081-05-15,Thursday,32
2138-02-32,2081-06-15,Sunday,32
2138-03-01,2081-06-16,Monday,31
2138-03-31,2081-07-16,Wednesday,31
2138-04-01,2081-07-17,Thursday,32
2138-04-32,2081-08-17,Sunday,32
2138-05-01,2081-08-18,Monday,31
2138-05-31,2081-09-17,Wednesday,31
2138-06-01,2081-09-18,Thursday,30
2138-06-30,2081-10-17,Friday,30
2138-07-01,2081-10-18,Saturday,30
2138-07-30,2081-11-16,Sunday,30
2138-08-01,2081-11-17,Monday,30
2138-08-30,2081-12-16,Tuesday,30
2138-09-01,2081-12-17,Wednesday,29
2138-09-29,2082-01-14,Wednesday,29
2138-10-01,2082-01-15,Thursday,29
2138-10-29,2082-02-12,Thursday,29
2138-11-01,2082-02-13,Friday,30
2138-11-30,2082-03-14,Saturday,30
2138-12-01,2082-03-15,Sunday,30
2138-12-30,2082-04-13,Monday,30
2139-01-01,2082-04-14,Tuesday,31
2139-01-31,2082-05-14,Thursday,31
2139-02-01,2082-05-15,Friday,32
2139-02-32,2082-06-15,Monday,32
2139-03-01,2082-06-16,Tuesday,31
2139-03-31,2082-07-16,Thursday,31
2139-04-01,2082-07-17,Friday,32
2139-04-32,2082-08-17,Monday,32
2139-05-01,2082-08-18,Tuesday,31
2139-05-31,2082-09-17,Thursday,31
2139-06-01,2082-09-18,Friday,30
2139-06-30,2082-10-17,Saturday,30
2139-07-01,2082-10-18,Sunday,30
2139-07-30,2082-11-16,Monday,30
2139-08-01,2082-11-17,Tuesday,30
2139-08-30,2082-12-16,Wednesday,30
2139-09-01,2082-12-17,Thursday,29
2139-09-29,2083-01-14,Thursday,29
2139-10-01,2083-01-15,Friday,30
2139-10-30,2083-02-13,Saturday,30
2139-11-01,2083-02-14,Sunday,29
2139-11-29,2083-03-14,Sunday,29
2139-12-01,2083-03-15,Monday,31
2139-12-31,2083-04-14,Wednesday,31
2140-01-01,2083-04-15,Thursday,31
2140-01-31,2083-05-15,Saturday,31
2140-02-01,2083-05-16,Sunday,31
2140-02-31,2083-06-15,Tuesday,31
2140-03-01,2083-06-16,Wednesday,32
2140-03-32,2083-07-17,Saturday,32
2140-04-01,2083-07-18,Sunday,31
2140-04-31,2083-08-17,Tuesday,31
2140-05-01,2083-08-18,Wednesday,31
2140-05-31,2083-09-17,Friday,31
2140-06-01,2083-09-18,Saturday,31
2140-06-31,2083-10-18,Monday,31
2140-07-01,2083-10-19,Tuesday,30
2140-07-30,2083-11-17,Wednesday,30
2140-08-01,2083-11-18,Thursday,29
2140-08-29,2083-12-16,Thursday,29
2140-09-01,2083-12-17,Friday,30
2140-09-30,2084-01-15,Saturday,30
2140-10-01,2084-01-16,Sunday,29
2140-10-29,2084-02-13,Sunday,29
2140-11-01,2084-02-14,Monday,30
2140-11-30,2084-03-14,Tuesday,30
2140-12-01,2084-03-15,Wednesday,30
2140-12-30,2084-04-13,Thursday,30
2141-01-01,2084-04-14,Friday,31
2141-01-31,2084-05-14,Sunday,31
2141-02-01,2084-05-15,Monday,31
2141-02-31,2084-06-14,Wednesday,31
2141-03-01,2084-06-15,Thursday,32
2141-03-32,2084-07-16,Sunday,32
2141-04-01,2084-07-17,Monday,31
2141-04-31,2084-08-16,Wednesday,31
2141-05-01,2084-08-17,Thursday,32
2141-05-32,2084-09-17,Sunday,32
2141-06-01,2084-09-18,Monday,30
2141-06-30,2084-10-17,Tuesday,30
2141-07-01,2084-10-18,Wednesday,30
2141-07-30,2084-11-16,Thursday,30
2141-08-01,2084-11-17,Friday,29
2141-08-29,2084-12-15,Friday,29
2141-09-01,2084-12-16,Saturday,30
2141-09-30,2085-01-14,Sunday,30
2141-10-01,2085-01-15,Monday,29
2141-10-29,2085-02-12,Monday,29
2141-11-01,2085-02-13,Tuesday,30
2141-11-30,2085-03-14,Wednesday,30
2141-12-01,2085-03-15,Thursday,30
2141-12-30,2085-04-13,Friday,30
2142-01-01,2085-04-14,Saturday,31
2142-01-31,2085-05-14,Monday,31
2142-02-01,2085-05-15,Tuesday,32
2142-02-32,2085-06-15,Friday,32
2142-03-01,2085-06-16,Saturday,31
2142-03-31,2085-07-16,Monday,31
2142-04-01,2085-07-17,Tuesday,32
2142-04-32,2085-08-17,Friday,32
2142-05-01,2085-08-18,Saturday,31
2142-05-31,2085-09-17,Monday,31
2142-06-01,2085-09-18,Tuesday,30
2142-06-30,2085-10-17,Wednesday,30
2142-07-01,2085-10-18,Thursday,30
2142-07-30,2085-11-16,Friday,30
2142-08-01,2085-11-17,Saturday,30
2142-08-30,2085-12-16,Sunday,30
2142-09-01,2085-12-17,Monday,29
2142-09-29,2086-01-14,Monday,29
2142-10-01,2086-01-15,Tuesday,29
2142-10-29,2086-02-12,Tuesday,29
2142-11-01,2086-02-13,Wednesday,30
2142-11-30,2086-03-14,Thursday,30
2142-12-01,2086-03-15,Friday,31
2142-12-31,2086-04-14,Sunday,31
2143-01-01,2086-04-15,Monday,30
2143-01-30,2086-05-14,Tuesday,30
2143-02-01,2086-05-15,Wednesday,32
2143-02-32,2086-06-15,Saturday,32
2143-03-01,2086-06-16,Sunday,31
2143-03-31,2086-07-16,Tuesday,31
2143-04-01,2086-07-17,Wednesday,32
2143-04-32,2086-08-17,Saturday,32
2143-05-01,2086-08-18,Sunday,31
2143-05-31,2086-09-17,Tuesday,31
2143-06-01,2086-09-18,Wednesday,30
2143-06-30,2086-10-17,Thursday,30
2143-07-01,2086-10-18,Friday,30
2143-07-30,2086-11-16,Saturday,30
2143-08-01,2086-11-17,Sunday,30
2143-08-30,2086-12-16,Monday,30
2143-09-01,2086-12-17,Tuesday,29
2143-09-29,2087-01-14,Tuesday,29
2143-10-01,2087-01-15,Wednesday,30
2143-10-30,2087-02-13,Thursday,30
2143-11-01,2087-02-14,Friday,29
2143-11-29,2087-03-14,Friday,29
2143-12-01,2087-03-15,Saturday,31
2143-12-31,2087-04-14,Monday,31
2144-01-01,2087-04-15,Tuesday,31
2144-01-31,2087-05-15,Thursday,31
2144-02-01,2087-05-16,Friday,31
2144-02-31,2087-06-15,Sunday,31
2144-03-01,2087-06-16,Monday,32
2144-03-32,2087-07-17,Thursday,32
2144-04-01,2087-07-18,Friday,31
2144-04-31,2087-08-17,Sunday,31
2144-05-01,2087-08-18,Monday,31
2144-05-31,2087-09-17,Wednesday,31
2144-06-01,2087-09-18,Thursday,31
2144-06-31,2087-10-18,Saturday,31
2144-07-01,2087-10-19,Sunday,30
2144-07-30,2087-11-17,Monday,30
2144-08-01,2087-11-18,Tuesday,29
2144-08-29,2087-12-16,Tuesday,29
2144-09-01,2087-12-17,Wednesday,30
2144-09-30,2088-01-15,Thursday,30
2144-10-01,2088-01-16,Friday,29
2144-10-29,2088-02-13,Friday,29
2144-11-01,2088-02-14,Saturday,30
2144-11-30,2088-03-14,Sunday,30
2144-12-01,2088-03-15,Monday,30
2144-12-30,2088-04-13,Tuesday,30
2145-01-01,2088-04-14,Wednesday,31
2145-01-31,2088-05-14,Friday,31
2145-02-01,2088-05-15,Saturday,31
2145-02-31,2088-06-14,Monday,31
2145-03-01,2088-06-15,Tuesday,32
2145-03-32,2088-07-16,Friday,32
2145-04-01,2088-07-17,Saturday,32
2145-04-32,2088-08-17,Tuesday,32
2145-05-01,2088-08-18,Wednesday,31
2145-05-31,2088-09-17,Friday,31
2145-06-01,2088-09-18,Saturday,30
2145-06-30,2088-10-17,Sunday,30
2145-07-01,2088-10-18,Monday,30
2145-07-30,2088-11-16,Tuesday,30
2145-08-01,2088-11-17,Wednesday,29
2145-08-29,2088-12-15,Wednesday,29
2145-09-01,2088-12-16,Thursday,30
2145-09-30,2089-01-14,Friday,30
2145-10-01,2089-01-15,Saturday,29
2145-10-29,2089-02-12,Saturday,29
2145-11-01,2089-02-13,Sunday,30
2145-11-30,2089-03-14,Monday,30
2145-12-01,2089-03-15,Tuesday,30
2145-12-30,2089-04-13,Wednesday,30
2146-01-01,2089-04-14,Thursday,31
2146-01-31,2089-05-14,Saturday,31
2146-02-01,2089-05-15,Sunday,32
2146-02-32,2089-06-15,Wednesday,32
2146-03-01,2089-06-16,Thursday,31
2146-03-31,2089-07-16,Saturday,31
2146-04-01,2089-07-17,Sunday,32
2146-04-32,2089-08-17,Wednesday,32
2146-05-01,2089-08-18,Thursday,31
2146-05-31,2089-09-17,Saturday,31
2146-06-01,2089-09-18,Sunday,30
2146-06-30,2089-10-17,Monday,30
2146-07-01,2089-10-18,Tuesday,30
2146-07-30,2089-11-16,Wednesday,30
2146-08-01,2089-11-17,Thursday,30
2146-08-30,2089-12-16,Friday,30
2146-09-01,2089-12-17,Saturday,29
2146-09-29,2090-01-14,Saturday,29
2146-10-01,2090-01-15,Sunday,29
2146-10-29,2090-02-12,Sunday,29
2146-11-01,2090-02-13,Monday,30
2146-11-30,2090-03-14,Tuesday,30
2146-12-01,2090-03-15,Wednesday,31
2146-12-31,2090-04-14,Friday,31
2147-01-01,2090-04-15,Saturday,30
2147-01-30,2090-05-14,Sunday,30
2147-02-01,2090-05-15,Monday,32
2147-02-32,2090-06-15,Thursday,32
2147-03-01,2090-06-16,Friday,31
2147-03-31,2090-07-16,Sunday,31
2147-04-01,2090-07-17,Monday,32
2147-04-32,2090-08-17,Thursday,32
2147-05-01,2090-08-18,Friday,31
2147-05-31,2090-09-17,Sunday,31
2147-06-01,2090-09-18,Monday,30
2147-06-30,2090-10-17,Tuesday,30
2147-07-01,2090-10-18,Wednesday,30
2147-07-30,2090-11-16,Thursday,30
2147-08-01,2090-11-17,Friday,30
2147-08-30,2090-12-16,Saturday,30
2147-09-01,2090-12-17,Sunday,29
2147-09-29,2091-01-14,Sunday,29
2147-10-01,2091-01-15,Monday,30
2147-10-30,2091-02-13,Tuesday,30
2147-11-01,2091-02-14,Wednesday,29
2147-11-29,2091-03-14,Wednesday,29
2147-12-01,2091-03-15,Thursday,31
2147-12-31,2091-04-14,Saturday,31
2148-01-01,2091-04-15,Sunday,31
2148-01-31,2091-05-15,Tuesday,31
2148-02-01,2091-05-16,Wednesday,31
2148-02-31,2091-06-15,Friday,31
2148-03-01,2091-06-16,Saturday,32
2148-03-32,2091-07-17,Tuesday,32
2148-04-01,2091-07-18,Wednesday,31
2148-04-31,2091-08-17,Friday,31
2148-05-01,2091-08-18,Saturday,31
2148-05-31,2091-09-17,Monday,31
2148-06-01,2091-09-18,Tuesday,31
2148-06-31,2091-10-18,Thursday,31
2148-07-01,2091-10-19,Friday,30
2148-07-30,2091-11-17,Saturday,30
2148-08-01,2091-11-18,Sunday,29
2148-08-29,2091-12-16,Sunday,29
2148-09-01,2091-12-17,Monday,30
2148-09-30,2092-01-15,Tuesday,30
2148-10-01,2092-01-16,Wednesday,29
2148-10-29,2092-02-13,Wednesday,29
2148-11-01,2092-02-14,Thursday,30
2148-11-30,2092-03-14,Friday,30
2148-12-01,2092-03-15,Saturday,30
2148-12-30,2092-04-13,Sunday,30
2149-01-01,2092-04-14,Monday,31
2149-01-31,2092-05-14,Wednesday,31
2149-02-01,2092-05-15,Thursday,31
2149-02-31,2092-06-14,Saturday,31
2149-03-01,2092-06-15,Sunday,32
2149-03-32,2092-07-16,Wednesday,32
2149-04-01,2092-07-17,Thursday,32
2149-04-32,2092-08-17,Sunday,32
2149-05-01,2092-08-18,Monday,31
2149-05-31,2092-09-17,Wednesday,31
2149-06-01,2092-09-18,Thursday,30
2149-06-30,2092-10-17,Friday,30
2149-07-01,2092-10-18,Saturday,30
2149-07-30,2092-11-16,Sunday,30
2149-08-01,2092-11-17,Monday,29
2149-08-29,2092-12-15,Monday,29
2149-09-01,2092-12-16,Tuesday,30
2149-09-30,2093-01-14,Wednesday,30
2149-10-01,2093-01-15,Thursday,29
2149-10-29,2093-02-12,Thursday,29
2149-11-01,2093-02-13,Friday,30
2149-11-30,2093-03-14,Saturday,30
2149-12-01,2093-03-15,Sunday,30
2149-12-30,2093-04-13,Monday,30
2150-01-01,2093-04-14,Tuesday,31
2150-01-31,2093-05-14,Thursday,31
2150-02-01,2093-05-15,Friday,32
2150-02-32,2093-06-15,Monday,32
2150-03-01,2093-06-16,Tuesday,31
2150-03-31,2093-07-16,Thursday,31
2150-04-01,2093-07-17,Friday,32
2150-04-32,2093-08-17,Monday,32
2150-05-01,2093-08-18,Tuesday,31
2150-05-31,2093-09-17,Thursday,31
2150-06-01,2093-09-18,Friday,30
2150-06-30,2093-10-17,Saturday,30
2150-07-01,2093-10-18,Sunday,30
2150-07-30,2093-11-16,Monday,30
2150-08-01,2093-11-17,Tuesday,30
2150-08-30,2093-12-16,Wednesday,30
2150-09-01,2093-12-17,Thursday,29
2150-09-29,2094-01-14,Thursday,29
2150-10-01,2094-01-15,Friday,29
2150-10-29,2094-02-12,Friday,29
2150-11-01,2094-02-13,Saturday,30
2150-11-30,2094-03-14,Sunday,30
2150-12-01,2094-03-15,Monday,31
2150-12-31,2094-04-14,Wednesday,31
2151-01-01,2094-04-15,Thursday,31
2151-01-31,2094-05-15,Saturday,31
2151-02-01,2094-05-16,Sunday,31
2151-02-31,2094-06-15,Tuesday,31
2151-03-01,2094-06-16,Wednesday,31
2151-03-31,2094-07-16,Friday,31
2151-04-01,2094-07-17,Saturday,32
2151-04-32,2094-08-17,Tuesday,32
2151-05-01,2094-08-18,Wednesday,31
2151-05-31,2094-09-17,Friday,31
2151-06-01,2094-09-18,Saturday,31
2151-06-31,2094-10-18,Monday,31
2151-07-01,2094-10-19,Tuesday,29
2151-07-29,2094-11-16,Tuesday,29
2151-08-01,2094-11-17,Wednesday,30
2151-08-30,2094-12-16,Thursday,30
2151-09-01,2094-12-17,Friday,30
2151-09-30,2095-01-15,Saturday,30
2151-10-01,2095-01-16,Sunday,29
2151-10-29,2095-02-13,Sunday,29
2151-11-01,2095-02-14,Monday,29
2151-11-29,2095-03-14,Monday,29
2151-12-01,2095-03-15,Tuesday,31
2151-12-31,2095-04-14,Thursday,31
2152-01-01,2095-04-15,Friday,31
2152-01-31,2095-05-15,Sunday,31
2152-02-01,2095-05-16,Monday,31
2152-02-31,2095-06-15,Wednesday,31
2152-03-01,2095-06-16,Thursday,32
2152-03-32,2095-07-17,Sunday,32
2152-04-01,2095-07-18,Monday,31
2152-04-31,2095-08-17,Wednesday,31
2152-05-01,2095-08-18,Thursday,31
2152-05-31,2095-09-17,Saturday,31
2152-06-01,2095-09-18,Sunday,31
2152-06-31,2095-10-18,Tuesday,31
2152-07-01,2095-10-19,Wednesday,30
2152-07-30,2095-11-17,Thursday,30
2152-08-01,2095-11-18,Friday,29
2152-08-29,2095-12-16,Friday,29
2152-09-01,2095-12-17,Saturday,30
2152-09-30,2096-01-15,Sunday,30
2152-10-01,2096-01-16,Monday,29
2152-10-29,2096-02-13,Monday,29
2152-11-01,2096-02-14,Tuesday,30
2152-11-30,2096-03-14,Wednesday,30
2152-12-01,2096-03-15,Thursday,30
2152-12-30,2096-04-13,Friday,30
2153-01-01,2096-04-14,Saturday,31
2153-01-31,2096-05-14,Monday,31
2153-02-01,2096-05-15,Tuesday,31
2153-02-31,2096-06-14,Thursday,31
2153-03-01,2096-06-15,Friday,32
2153-03-32,2096-07-16,Monday,32
2153-04-01,2096-07-17,Tuesday,32
2153-04-32,2096-08-17,Friday,32
2153-05-01,2096-08-18,Saturday,31
2153-05-31,2096-09-17,Monday,31
2153-06-01,2096-09-18,Tuesday,30
2153-06-30,2096-10-17,Wednesday,30
2153-07-01,2096-10-18,Thursday,30
2153-07-30,2096-11-16,Friday,30
2153-08-01,2096-11-17,Saturday,29
2153-08-29,2096-12-15,Saturday,29
2153-09-01,2096-12-16,Sunday,30
2153-09-30,2097-01-14,Monday,30
2153-10-01,2097-01-15,Tuesday,29
2153-10-29,2097-02-12,Tuesday,29
2153-11-01,2097-02-13,Wednesday,30
2153-11-30,2097-03-14,Thursday,30
2153-12-01,2097-03-15,Friday,30
2153-12-30,2097-04-13,Saturday,30
2154-01-01,2097-04-14,Sunday,31
2154-01-31,2097-05-14,Tuesday,31
2154-02-01,2097-05-15,Wednesday,32
2154-02-32,2097-06-15,Saturday,32
2154-03-01,2097-06-16,Sunday,31
2154-03-31,2097-07-16,Tuesday,31
2154-04-01,2097-07-17,Wednesday,32
2154-04-32,2097-08-17,Saturday,32
2154-05-01,2097-08-18,Sunday,31
2154-05-31,2097-09-17,Tuesday,31
2154-06-01,2097-09-18,Wednesday,30
2154-06-30,2097-10-17,Thursday,30
2154-07-01,2097-10-18,Friday,30
2154-07-30,2097-11-16,Saturday,30
2154-08-01,2097-11-17,Sunday,30
2154-08-30,2097-12-16,Monday,30
2154-09-01,2097-12-17,Tuesday,29
2154-09-29,2098-01-14,Tuesday,29
2154-10-01,2098-01-15,Wednesday,29
2154-10-29,2098-02-12,Wednesday,29
2154-11-01,2098-02-13,Thursday,30
2154-11-30,2098-03-14,Friday,30
2154-12-01,2098-03-15,Saturday,31
2154-12-31,2098-04-14,Monday,31
2155-01-01,2098-04-15,Tuesday,31
2155-01-31,2098-05-15,Thursday,31
2155-02-01,2098-05-16,Friday,31
2155-02-31,2098-06-15,Sunday,31
2155-03-01,2098-06-16,Monday,31
2155-03-31,2098-07-16,Wednesday,31
2155-04-01,2098-07-17,Thursday,32
2155-04-32,2098-08-17,Sunday,32
2155-05-01,2098-08-18,Monday,31
2155-05-31,2098-09-17,Wednesday,31
2155-06-01,2098-09-18,Thursday,31
2155-06-31,2098-10-18,Saturday,31
2155-07-01,2098-10-19,Sunday,29
2155-07-29,2098-11-16,Sunday,29
2155-08-01,2098-11-17,Monday,30
2155-08-30,2098-12-16,Tuesday,30
2155-09-01,2098-12-17,Wednesday,30
2155-09-30,2099-01-15,Thursday,30
2155-10-01,2099-01-16,Friday,29
2155-10-29,2099-02-13,Friday,29
2155-11-01,2099-02-14,Saturday,30
2155-11-30,2099-03-15,Sunday,30
2155-12-01,2099-03-16,Monday,30
2155-12-30,2099-04-14,Tuesday,30
2156-01-01,2099-04-15,Wednesday,31
2156-01-31,2099-05-15,Friday,31
2156-02-01,2099-05-16,Saturday,31
2156-02-31,2099-06-15,Monday,31
2156-03-01,2099-06-16,Tuesday,32
2156-03-32,2099-07-17,Friday,32
2156-04-01,2099-07-18,Saturday,31
2156-04-31,2099-08-17,Monday,31
2156-05-01,2099-08-18,Tuesday,31
2156-05-31,2099-09-17,Thursday,31
2156-06-01,2099-09-18,Friday,31
2156-06-31,2099-10-18,Sunday,31
2156-07-01,2099-10-19,Monday,30
2156-07-30,2099-11-17,Tuesday,30
2156-08-01,2099-11-18,Wednesday,29
2156-08-29,2099-12-16,Wednesday,29
2156-09-01,2099-12-17,Thursday,30
2156-09-30,2100-01-15,Friday,30
2156-10-01,2100-01-16,Saturday,29
2156-10-29,2100-02-13,Saturday,29
2156-11-01,2100-02-14,Sunday,30
2156-11-30,2100-03-15,Monday,30
2156-12-01,2100-03-16,Tuesday,30
2156-12-30,2100-04-14,Wednesday,30
2157-01-01,2100-04-15,Thursday,31
2157-01-31,2100-05-15,Saturday,31
2157-02-01,2100-05-16,Sunday,32
2157-02-32,2100-06-16,Wednesday,32
2157-03-01,2100-06-17,Thursday,31
2157-03-31,2100-07-17,Saturday,31
2157-04-01,2100-07-18,Sunday,32
2157-04-32,2100-08-18,Wednesday,32
2157-05-01,2100-08-19,Thursday,31
2157-05-31,2100-09-18,Saturday,31
2157-06-01,2100-09-19,Sunday,30
2157-06-30,2100-10-18,Monday,30
2157-07-01,2100-10-19,Tuesday,30
2157-07-30,2100-11-17,Wednesday,30
2157-08-01,2100-11-18,Thursday,29
2157-08-29,2100-12-16,Thursday,29
2157-09-01,2100-12-17,Friday,30
2157-09-30,2101-01-15,Saturday,30
2157-10-01,2101-01-16,Sunday,29
2157-10-29,2101-02-13,Sunday,29
2157-11-01,2101-02-14,Monday,30
2157-11-30,2101-03-15,Tuesday,30
2157-12-01,2101-03-16,Wednesday,30
2157-12-30,2101-04-14,Thursday,30
2158-01-01,2101-04-15,Friday,31
2158-01-31,2101-05-15,Sunday,31
2158-02-01,2101-05-16,Monday,32
2158-02-32,2101-06-16,Thursday,32
2158-03-01,2101-06-17,Friday,31
2158-03-31,2101-07-17,Sunday,31
2158-04-01,2101-07-18,Monday,32
2158-04-32,2101-08-18,Thursday,32
2158-05-01,2101-08-19,Friday,31
2158-05-31,2101-09-18,Sunday,31
2158-06-01,2101-09-19,Monday,30
2158-06-30,2101-10-18,Tuesday,30
2158-07-01,2101-10-19,Wednesday,30
2158-07-30,2101-11-17,Thursday,30
2158-08-01,2101-11-18,Friday,30
2158-08-30,2101-12-17,Saturday,30
2158-09-01,2101-12-18,Sunday,29
2158-09-29,2102-01-15,Sunday,29
2158-10-01,2102-01-16,Monday,29
2158-10-29,2102-02-13,Monday,29
2158-11-01,2102-02-14,Tuesday,30
2158-11-30,2102-03-15,Wednesday,30
2158-12-01,2102-03-16,Thursday,31
2158-12-31,2102-04-15,Saturday,31
2159-01-01,2102-04-16,Sunday,31
2159-01-31,2102-05-16,Tuesday,31
2159-02-01,2102-05-17,Wednesday,31
2159-02-31,2102-06-16,Friday,31
2159-03-01,2102-06-17,Saturday,31
2159-03-31,2102-07-17,Monday,31
2159-04-01,2102-07-18,Tuesday,32
2159-04-32,2102-08-18,Friday,32
2159-05-01,2102-08-19,Saturday,31
2159-05-31,2102-09-18,Monday,31
2159-06-01,2102-09-19,Tuesday,31
2159-06-31,2102-10-19,Thursday,31
2159-07-01,2102-10-20,Friday,30
2159-07-30,2102-11-18,Saturday,30
2159-08-01,2102-11-19,Sunday,29
2159-08-29,2102-12-17,Sunday,29
2159-09-01,2102-12-18,Monday,30
2159-09-30,2103-01-16,Tuesday,30
2159-10-01,2103-01-17,Wednesday,29
2159-10-29,2103-02-14,Wednesday,29
2159-11-01,2103-02-15,Thursday,30
2159-11-30,2103-03-16,Friday,30
2159-12-01,2103-03-17,Saturday,30
2159-12-30,2103-04-15,Sunday,30
2160-01-01,2103-04-16,Monday,31
2160-01-31,2103-05-16,Wednesday,31
2160-02-01,2103-05-17,Thursday,31
2160-02-31,2103-06-16,Saturday,31
2160-03-01,2103-06-17,Sunday,32
2160-03-32,2103-07-18,Wednesday,32
2160-04-01,2103-07-19,Thursday,31
2160-04-31,2103-08-18,Saturday,31
2160-05-01,2103-08-19,Sunday,31
2160-05-31,2103-09-18,Tuesday,31
2160-06-01,2103-09-19,Wednesday,31
2160-06-31,2103-10-19,Friday,31
2160-07-01,2103-10-20,Saturday,30
2160-07-30,2103-11-18,Sunday,30
2160-08-01,2103-11-19,Monday,29
2160-08-29,2103-12-17,Monday,29
2160-09-01,2103-12-18,Tuesday,30
2160-09-30,2104-01-16,Wednesday,30
2160-10-01,2104-01-17,Thursday,29
2160-10-29,2104-02-14,Thursday,29
2160-11-01,2104-02-15,Friday,30
2160-11-30,2104-03-15,Saturday,30
2160-12-01,2104-03-16,Sunday,30
2160-12-30,2104-04-14,Monday,30
2161-01-01,2104-04-15,Tuesday,31
2161-01-31,2104-05-15,Thursday,31
2161-02-01,2104-05-16,Friday,32
2161-02-32,2104-06-16,Monday,32
2161-03-01,2104-06-17,Tuesday,31
2161-03-31,2104-07-17,Thursday,31
2161-04-01,2104-07-18,Friday,32
2161-04-32,2104-08-18,Monday,32
2161-05-01,2104-08-19,Tuesday,31
2161-05-31,2104-09-18,Thursday,31
2161-06-01,2104-09-19,Friday,30
2161-06-30,2104-10-18,Saturday,30
2161-07-01,2104-10-19,Sunday,30
2161-07-30,2104-11-17,Monday,30
2161-08-01,2104-11-18,Tuesday,30
2161-08-30,2104-12-17,Wednesday,30
2161-09-01,2104-12-18,Thursday,29
2161-09-29,2105-01-15,Thursday,29
2161-10-01,2105-01-16,Friday,29
2161-10-29,2105-02-13,Friday,29
2161-11-01,2105-02-14,Saturday,30
2161-11-30,2105-03-15,Sunday,30
2161-12-01,2105-03-16,Monday,30
2161-12-30,2105-04-14,Tuesday,30
2162-01-01,2105-04-15,Wednesday,31
2162-01-31,2105-05-15,Friday,31
2162-02-01,2105-05-16,Saturday,32
2162-02-32,2105-06-16,Tuesday,32
2162-03-01,2105-06-17,Wednesday,31
2162-03-31,2105-07-17,Friday,31
2162-04-01,2105-07-18,Saturday,32
2162-04-32,2105-08-18,Tuesday,32
2162-05-01,2105-08-19,Wednesday,31
2162-05-31,2105-09-18,Friday,31
2162-06-01,2105-09-19,Saturday,30
2162-06-30,2105-10-18,Sunday,30
2162-07-01,2105-10-19,Monday,30
2162-07-30,2105-11-17,Tuesday,30
2162-08-01,2105-11-18,Wednesday,30
2162-08-30,2105-12-17,Thursday,30
2162-09-01,2105-12-18,Friday,29
2162-09-29,2106-01-15,Friday,29
2162-10-01,2106-01-16,Saturday,30
2162-10-30,2106-02-14,Sunday,30
2162-11-01,2106-02-15,Monday,29
2162-11-29,2106-03-15,Monday,29
2162-12-01,2106-03-16,Tuesday,31
2162-12-31,2106-04-15,Thursday,31
2163-01-01,2106-04-16,Friday,31
2163-01-31,2106-05-16,Sunday,31
2163-02-01,2106-05-17,Monday,31
2163-02-31,2106-06-16,Wednesday,31
2163-03-01,2106-06-17,Thursday,31
2163-03-31,2106-07-17,Saturday,31
2163-04-01,2106-07-18,Sunday,32
2163-04-32,2106-08-18,Wednesday,32
2163-05-01,2106-08-19,Thursday,31
2163-05-31,2106-09-18,Saturday,31
2163-06-01,2106-09-19,Sunday,31
2163-06-31,2106-10-19,Tuesday,31
2163-07-01,2106-10-20,Wednesday,30
2163-07-30,2106-11-18,Thursday,30
2163-08-01,2106-11-19,Friday,29
2163-08-29,2106-12-17,Friday,29
2163-09-01,2106-12-18,Saturday,30
2163-09-30,2107-01-16,Sunday,30
2163-10-01,2107-01-17,Monday,29
2163-10-29,2107-02-14,Monday,29
2163-11-01,2107-02-15,Tuesday,30
2163-11-30,2107-03-16,Wednesday,30
2163-12-01,2107-03-17,Thursday,30
2163-12-30,2107-04-15,Friday,30
2164-01-01,2107-04-16,Saturday,31
2164-01-31,2107-05-16,Monday,31
2164-02-01,2107-05-17,Tuesday,31
2164-02-31,2107-06-16,Thursday,31
2164-03-01,2107-06-17,Friday,32
2164-03-32,2107-07-18,Monday,32
2164-04-01,2107-07-19,Tuesday,31
2164-04-31,2107-08-18,Thursday,31
2164-05-01,2107-08-19,Friday,31
2164-05-31,2107-09-18,Sunday,31
2164-06-01,2107-09-19,Monday,31
2164-06-31,2107-10-19,Wednesday,31
2164-07-01,2107-10-20,Thursday,30
2164-07-30,2107-11-18,Friday,30
2164-08-01,2107-11-19,Saturday,29
2164-08-29,2107-12-17,Saturday,29
2164-09-01,2107-12-18,Sunday,30
2164-09-30,2108-01-16,Monday,30
2164-10-01,2108-01-17,Tuesday,29
2164-10-29,2108-02-14,Tuesday,29
2164-11-01,2108-02-15,Wednesday,30
2164-11-30,2108-03-15,Thursday,30
2164-12-01,2108-03-16,Friday,30
2164-12-30,2108-04-14,Saturday,30
2165-01-01,2108-04-15,Sunday,31
2165-01-31,2108-05-15,Tuesday,31
2165-02-01,2108-05-16,Wednesday,32
2165-02-32,2108-06-16,Saturday,32
2165-03-01,2108-06-17,Sunday,31
2165-03-31,2108-07-17,Tuesday,31
2165-04-01,2108-07-18,Wednesday,32
2165-04-32,2108-08-18,Saturday,32
2165-05-01,2108-08-19,Sunday,31
2165-05-31,2108-09-18,Tuesday,31
2165-06-01,2108-09-19,Wednesday,30
2165-06-30,2108-10-18,Thursday,30
2165-07-01,2108-10-19,Friday,30
2165-07-30,2108-11-17,Saturday,30
2165-08-01,2108-11-18,Sunday,30
2165-08-30,2108-12-17,Monday,30
2165-09-01,2108-12-18,Tuesday,29
2165-09-29,2109-01-15,Tuesday,29
2165-10-01,2109-01-16,Wednesday,29
2165-10-29,2109-02-13,Wednesday,29
2165-11-01,2109-02-14,Thursday,30
2165-11-30,2109-03-15,Friday,30
2165-12-01,2109-03-16,Saturday,30
2165-12-30,2109-04-14,Sunday,30
2166-01-01,2109-04-15,Monday,31
2166-01-31,2109-05-15,Wednesday,31
2166-02-01,2109-05-16,Thursday,32
2166-02-32,2109-06-16,Sunday,32
2166-03-01,2109-06-17,Monday,31
2166-03-31,2109-07-17,Wednesday,31
2166-04-01,2109-07-18,Thursday,32
2166-04-32,2109-08-18,Sunday,32
2166-05-01,2109-08-19,Monday,31
2166-05-31,2109-09-18,Wednesday,31
2166-06-01,2109-09-19,Thursday,30
2166-06-30,2109-10-18,Friday,30
2166-07-01,2109-10-19,Saturday,30
2166-07-30,2109-11-17,Sunday,30
2166-08-01,2109-11-18,Monday,30
2166-08-30,2109-12-17,Tuesday,30
2166-09-01,2109-12-18,Wednesday,29
2166-09-29,2110-01-15,Wednesday,29
2166-10-01,2110-01-16,Thursday,30
2166-10-30,2110-02-14,Friday,30
2166-11-01,2110-02-15,Saturday,29
2166-11-29,2110-03-15,Saturday,29
2166-12-01,2110-03-16,Sunday,31
2166-12-31,2110-04-15,Tuesday,31
2167-01-01,2110-04-16,Wednesday,31
2167-01-31,2110-05-16,Friday,31
2167-02-01,2110-05-17,Saturday,31
2167-02-31,2110-06-16,Monday,31
2167-03-01,2110-06-17,Tuesday,31
2167-03-31,2110-07-17,Thursday,31
2167-04-01,2110-07-18,Friday,32
2167-04-32,2110-08-18,Monday,32
2167-05-01,2110-08-19,Tuesday,31
2167-05-31,2110-09-18,Thursday,31
2167-06-01,2110-09-19,Friday,31
2167-06-31,2110-10-19,Sunday,31
2167-07-01,2110-10-20,Monday,30
2167-07-30,2110-11-18,Tuesday,30
2167-08-01,2110-11-19,Wednesday,29
2167-08-29,2110-12-17,Wednesday,29
2167-09-01,2110-12-18,Thursday,30
2167-09-30,2111-01-16,Friday,30
2167-10-01,2111-01-17,Saturday,29
2167-10-29,2111-02-14,Saturday,29
2167-11-01,2111-02-15,Sunday,30
2167-11-30,2111-03-16,Monday,30
2167-12-01,2111-03-17,Tuesday,30
2167-12-30,2111-04-15,Wednesday,30
2168-01-01,2111-04-16,Thursday,31
2168-01-31,2111-05-16,Saturday,31
2168-02-01,2111-05-17,Sunday,31
2168-02-31,2111-06-16,Tuesday,31
2168-03-01,2111-06-17,Wednesday,32
2168-03-32,2111-07-18,Saturday,32
2168-04-01,2111-07-19,Sunday,31
2168-04-31,2111-08-18,Tuesday,31
2168-05-01,2111-08-19,Wednesday,31
2168-05-31,2111-09-18,Friday,31
2168-06-01,2111-09-19,Saturday,31
2168-06-31,2111-10-19,Monday,31
2168-07-01,2111-10-20,Tuesday,30
2168-07-30,2111-11-18,Wednesday,30
2168-08-01,2111-11-19,Thursday,29
2168-08-29,2111-12-17,Thursday,29
2168-09-01,2111-12-18,Friday,30
2168-09-30,2112-01-16,Saturday,30
2168-10-01,2112-01-17,Sunday,29
2168-10-29,2112-02-14,Sunday,29
2168-11-01,2112-02-15,Monday,30
2168-11-30,2112-03-15,Tuesday,30
2168-12-01,2112-03-16,Wednesday,30
2168-12-30,2112-04-14,Thursday,30
2169-01-01,2112-04-15,Friday,31
2169-01-31,2112-05-15,Sunday,31
2169-02-01,2112-05-16,Monday,32
2169-02-32,2112-06-16,Thursday,32
2169-03-01,2112-06-17,Friday,31
2169-03-31,2112-07-17,Sunday,31
2169-04-01,2112-07-18,Monday,32
2169-04-32,2112-08-18,Thursday,32
2169-05-01,2112-08-19,Friday,31
2169-05-31,2112-09-18,Sunday,31
2169-06-01,2112-09-19,Monday,30
2169-06-30,2112-10-18,Tuesday,30
2169-07-01,2112-10-19,Wednesday,30
2169-07-30,2112-11-17,Thursday,30
2169-08-01,2112-11-18,Friday,30
2169-08-30,2112-12-17,Saturday,30
2169-09-01,2112-12-18,Sunday,29
2169-09-29,2113-01-15,Sunday,29
2169-10-01,2113-01-16,Monday,29
2169-10-29,2113-02-13,Monday,29
2169-11-01,2113-02-14,Tuesday,30
2169-11-30,2113-03-15,Wednesday,30
2169-12-01,2113-03-16,Thursday,31
2169-12-31,2113-04-15,Saturday,31
2170-01-01,2113-04-16,Sunday,30
2170-01-30,2113-05-15,Monday,30
2170-02-01,2113-05-16,Tuesday,32
2170-02-32,2113-06-16,Friday,32
2170-03-01,2113-06-17,Saturday,31
2170-03-31,2113-07-17,Monday,31
2170-04-01,2113-07-18,Tuesday,32
2170-04-32,2113-08-18,Friday,32
2170-05-01,2113-08-19,Saturday,31
2170-05-31,2113-09-18,Monday,31
2170-06-01,2113-09-19,Tuesday,30
2170-06-30,2113-10-18,Wednesday,30
2170-07-01,2113-10-19,Thursday,30
2170-07-30,2113-11-17,Friday,30
2170-08-01,2113-11-18,Saturday,30
2170-08-30,2113-12-17,Sunday,30
2170-09-01,2113-12-18,Monday,29
2170-09-29,2114-01-15,Monday,29
2170-10-01,2114-01-16,Tuesday,30
2170-10-30,2114-02-14,Wednesday,30
2170-11-01,2114-02-15,Thursday,29
2170-11-29,2114-03-15,Thursday,29
2170-12-01,2114-03-16,Friday,31
2170-12-31,2114-04-15,Sunday,31
2171-01-01,2114-04-16,Monday,31
2171-01-31,2114-05-16,Wednesday,31
2171-02-01,2114-05-17,Thursday,31
2171-02-31,2114-06-16,Saturday,31
2171-03-01,2114-06-17,Sunday,32
2171-03-32,2114-07-18,Wednesday,32
2171-04-01,2114-07-19,Thursday,31
2171-04-31,2114-08-18,Saturday,31
2171-05-01,2114-08-19,Sunday,31
2171-05-31,2114-09-18,Tuesday,31
2171-06-01,2114-09-19,Wednesday,31
2171-06-31,2114-10-19,Friday,31
2171-07-01,2114-10-20,Saturday,30
2171-07-30,2114-11-18,Sunday,30
2171-08-01,2114-11-19,Monday,29
2171-08-29,2114-12-17,Monday,29
2171-09-01,2114-12-18,Tuesday,30
2171-09-30,2115-01-16,Wednesday,30
2171-10-01,2115-01-17,Thursday,29
2171-10-29,2115-02-14,Thursday,29
2171-11-01,2115-02-15,Friday,30
2171-11-30,2115-03-16,Saturday,30
2171-12-01,2115-03-17,Sunday,30
2171-12-30,2115-04-15,Monday,30
2172-01-01,2115-04-16,Tuesday,31
2172-01-31,2115-05-16,Thursday,31
2172-02-01,2115-05-17,Friday,31
2172-02-31,2115-06-16,Sunday,31
2172-03-01,2115-06-17,Monday,32
2172-03-32,2115-07-18,Thursday,32
2172-04-01,2115-07-19,Friday,31
2172-04-31,2115-08-18,Sunday,31
2172-05-01,2115-08-19,Monday,32
2172-05-32,2115-09-19,Thursday,32
2172-06-01,2115-09-20,Friday,30
2172-06-30,2115-10-19,Saturday,30
2172-07-01,2115-10-20,Sunday,30
2172-07-30,2115-11-18,Monday,30
2172-08-01,2115-11-19,Tuesday,29
2172-08-29,2115-12-17,Tuesday,29
2172-09-01,2115-12-18,Wednesday,30
2172-09-30,2116-01-16,Thursday,30
2172-10-01,2116-01-17,Friday,29
2172-10-29,2116-02-14,Friday,29
2172-11-01,2116-02-15,Saturday,30
2172-11-30,2116-03-15,Sunday,30
2172-12-01,2116-03-16,Monday,30
2172-12-30,2116-04-14,Tuesday,30
2173-01-01,2116-04-15,Wednesday,31
2173-01-31,2116-05-15,Friday,31
2173-02-01,2116-05-16,Saturday,32
2173-02-32,2116-06-16,Tuesday,32
2173-03-01,2116-06-17,Wednesday,31
2173-03-31,2116-07-17,Friday,31
2173-04-01,2116-07-18,Saturday,32
2173-04-32,2116-08-18,Tuesday,32
2173-05-01,2116-08-19,Wednesday,31
2173-05-31,2116-09-18,Friday,31
2173-06-01,2116-09-19,Saturday,30
2173-06-30,2116-10-18,Sunday,30
2173-07-01,2116-10-19,Monday,30
2173-07-30,2116-11-17,Tuesday,30
2173-08-01,2116-11-18,Wednesday,30
2173-08-30,2116-12-17,Thursday,30
2173-09-01,2116-12-18,Friday,29
2173-09-29,2117-01-15,Friday,29
2173-10-01,2117-01-16,Saturday,29
2173-10-29,2117-02-13,Saturday,29
2173-11-01,2117-02-14,Sunday,30
2173-11-30,2117-03-15,Monday,30
2173-12-01,2117-03-16,Tuesday,31
2173-12-31,2117-04-15,Thursday,31
2174-01-01,2117-04-16,Friday,30
2174-01-30,2117-05-15,Saturday,30
2174-02-01,2117-05-16,Sunday,32
2174-02-32,2117-06-16,Wednesday,32
2174-03-01,2117-06-17,Thursday,31
2174-03-31,2117-07-17,Saturday,31
2174-04-01,2117-07-18,Sunday,32
2174-04-32,2117-08-18,Wednesday,32
2174-05-01,2117-08-19,Thursday,31
2174-05-31,2117-09-18,Saturday,31
2174-06-01,2117-09-19,Sunday,30
2174-06-30,2117-10-18,Monday,30
2174-07-01,2117-10-19,Tuesday,30
2174-07-30,2117-11-17,Wednesday,30
2174-08-01,2117-11-18,Thursday,30
2174-08-30,2117-12-17,Friday,30
2174-09-01,2117-12-18,Saturday,29
2174-09-29,2118-01-15,Saturday,29
2174-10-01,2118-01-16,Sunday,30
2174-10-30,2118-02-14,Monday,30
2174-11-01,2118-02-15,Tuesday,29
2174-11-29,2118-03-15,Tuesday,29
2174-12-01,2118-03-16,Wednesday,31
2174-12-31,2118-04-15,Friday,31
2175-01-01,2118-04-16,Saturday,31
2175-01-31,2118-05-16,Monday,31
2175-02-01,2118-05-17,Tuesday,31
2175-02-31,2118-06-16,Thursday,31
2175-03-01,2118-06-17,Friday,32
2175-03-32,2118-07-18,Monday,32
2175-04-01,2118-07-19,Tuesday,31
2175-04-31,2118-08-18,Thursday,31
2175-05-01,2118-08-19,Friday,31
2175-05-31,2118-09-18,Sunday,31
2175-06-01,2118-09-19,Monday,31
2175-06-31,2118-10-19,Wednesday,31
2175-07-01,2118-10-20,Thursday,30
2175-07-30,2118-11-18,Friday,30
2175-08-01,2118-11-19,Saturday,29
2175-08-29,2118-12-17,Saturday,29
2175-09-01,2118-12-18,Sunday,30
2175-09-30,2119-01-16,Monday,30
2175-10-01,2119-01-17,Tuesday,29
2175-10-29,2119-02-14,Tuesday,29
2175-11-01,2119-02-15,Wednesday,30
2175-11-30,2119-03-16,Thursday,30
2175-12-01,2119-03-17,Friday,30
2175-12-30,2119-04-15,Saturday,30
2176-01-01,2119-04-16,Sunday,31
2176-01-31,2119-05-16,Tuesday,31
2176-02-01,2119-05-17,Wednesday,31
2176-02-31,2119-06-16,Friday,31
2176-03-01,2119-06-17,Saturday,32
2176-03-32,2119-07-18,Tuesday,32
2176-04-01,2119-07-19,Wednesday,32
2176-04-32,2119-08-19,Saturday,32
2176-05-01,2119-08-20,Sunday,31
2176-05-31,2119-09-19,Tuesday,31
2176-06-01,2119-09-20,Wednesday,30
2176-06-30,2119-10-19,Thursday,30
2176-07-01,2119-10-20,Friday,30
2176-07-30,2119-11-18,Saturday,30
2176-08-01,2119-11-19,Sunday,29
2176-08-29,2119-12-17,Sunday,29
2176-09-01,2119-12-18,Monday,30
2176-09-30,2120-01-16,Tuesday,30
2176-10-01,2120-01-17,Wednesday,29
2176-10-29,2120-02-14,Wednesday,29
2176-11-01,2120-02-15,Thursday,30
2176-11-30,2120-03-15,Friday,30
2176-12-01,2120-03-16,Saturday,30
2176-12-30,2120-04-14,Sunday,30
2177-01-01,2120-04-15,Monday,31
2177-01-31,2120-05-15,Wednesday,31
2177-02-01,2120-05-16,Thursday,32
2177-02-32,2120-06-16,Sunday,32
2177-03-01,2120-06-17,Monday,31
2177-03-31,2120-07-17,Wednesday,31
2177-04-01,2120-07-18,Thursday,32
2177-04-32,2120-08-18,Sunday,32
2177-05-01,2120-08-19,Monday,31
2177-05-31,2120-09-18,Wednesday,31
2177-06-01,2120-09-19,Thursday,30
2177-06-30,2120-10-18,Friday,30
2177-07-01,2120-10-19,Saturday,30
2177-07-30,2120-11-17,Sunday,30
2177-08-01,2120-11-18,Monday,30
2177-08-30,2120-12-17,Tuesday,30
2177-09-01,2120-12-18,Wednesday,29
2177-09-29,2121-01-15,Wednesday,29
2177-10-01,2121-01-16,Thursday,29
2177-10-29,2121-02-13,Thursday,29
2177-11-01,2121-02-14,Friday,30
2177-11-30,2121-03-15,Saturday,30
2177-12-01,2121-03-16,Sunday,31
2177-12-31,2121-04-15,Tuesday,31
2178-01-01,2121-04-16,Wednesday,30
2178-01-30,2121-05-15,Thursday,30
2178-02-01,2121-05-16,Friday,32
2178-02-32,2121-06-16,Monday,32
2178-03-01,2121-06-17,Tuesday,31
2178-03-31,2121-07-17,Thursday,31
2178-04-01,2121-07-18,Friday,32
2178-04-32,2121-08-18,Monday,32
2178-05-01,2121-08-19,Tuesday,31
2178-05-31,2121-09-18,Thursday,31
2178-06-01,2121-09-19,Friday,31
2178-06-31,2121-10-19,Sunday,31
2178-07-01,2121-10-20,Monday,29
2178-07-29,2121-11-17,Monday,29
2178-08-01,2121-11-18,Tuesday,30
2178-08-30,2121-12-17,Wednesday,30
2178-09-01,2121-12-18,Thursday,30
2178-09-30,2122-01-16,Friday,30
2178-10-01,2122-01-17,Saturday,29
2178-10-29,2122-02-14,Saturday,29
2178-11-01,2122-02-15,Sunday,29
2178-11-29,2122-03-15,Sunday,29
2178-12-01,2122-03-16,Monday,31
2178-12-31,2122-04-15,Wednesday,31
2179-01-01,2122-04-16,Thursday,31
2179-01-31,2122-05-16,Saturday,31
2179-02-01,2122-05-17,Sunday,31
2179-02-31,2122-06-16,Tuesday,31
2179-03-01,2122-06-17,Wednesday,32
2179-03-32,2122-07-18,Saturday,32
2179-04-01,2122-07-19,Sunday,31
2179-04-31,2122-08-18,Tuesday,31
2179-05-01,2122-08-19,Wednesday,31
2179-05-31,2122-09-18,Friday,31
2179-06-01,2122-09-19,Saturday,31
2179-06-31,2122-10-19,Monday,31
2179-07-01,2122-10-20,Tuesday,30
2179-07-30,2122-11-18,Wednesday,30
2179-08-01,2122-11-19,Thursday,29
2179-08-29,2122-12-17,Thursday,29
2179-09-01,2122-12-18,Friday,30
2179-09-30,2123-01-16,Saturday,30
2179-10-01,2123-01-17,Sunday,29
2179-10-29,2123-02-14,Sunday,29
2179-11-01,2123-02-15,Monday,30
2179-11-30,2123-03-16,Tuesday,30
2179-12-01,2123-03-17,Wednesday,30
2179-12-30,2123-04-15,Thursday,30
2180-01-01,2123-04-16,Friday,31
2180-01-31,2123-05-16,Sunday,31
2180-02-01,2123-05-17,Monday,31
2180-02-31,2123-06-16,Wednesday,31
2180-03-01,2123-06-17,Thursday,32
2180-03-32,2123-07-18,Sunday,32
2180-04-01,2123-07-19,Monday,32
2180-04-32,2123-08-19,Thursday,32
2180-05-01,2123-08-20,Friday,31
2180-05-31,2123-09-19,Sunday,31
2180-06-01,2123-09-20,Monday,30
2180-06-30,2123-10-19,Tuesday,30
2180-07-01,2123-10-20,Wednesday,30
2180-07-30,2123-11-18,Thursday,30
2180-08-01,2123-11-19,Friday,29
2180-08-29,2123-12-17,Friday,29
2180-09-01,2123-12-18,Saturday,30
2180-09-30,2124-01-16,Sunday,30
2180-10-01,2124-01-17,Monday,29
2180-10-29,2124-02-14,Monday,29
2180-11-01,2124-02-15,Tuesday,30
2180-11-30,2124-03-15,Wednesday,30
2180-12-01,2124-03-16,Thursday,30
2180-12-30,2124-04-14,Friday,30
2181-01-01,2124-04-15,Saturday,31
2181-01-31,2124-05-15,Monday,31
2181-02-01,2124-05-16,Tuesday,32
2181-02-32,2124-06-16,Friday,32
2181-03-01,2124-06-17,Saturday,31
2181-03-31,2124-07-17,Monday,31
2181-04-01,2124-07-18,Tuesday,32
2181-04-32,2124-08-18,Friday,32
2181-05-01,2124-08-19,Saturday,31
2181-05-31,2124-09-18,Monday,31
2181-06-01,2124-09-19,Tuesday,30
2181-06-30,2124-10-18,Wednesday,30
2181-07-01,2124-10-19,Thursday,30
2181-07-30,2124-11-17,Friday,30
2181-08-01,2124-11-18,Saturday,30
2181-08-30,2124-12-17,Sunday,30
2181-09-01,2124-12-18,Monday,29
2181-09-29,2125-01-15,Monday,29
2181-10-01,2125-01-16,Tuesday,29
2181-10-29,2125-02-13,Tuesday,29
2181-11-01,2125-02-14,Wednesday,30
2181-11-30,2125-03-15,Thursday,30
2181-12-01,2125-03-16,Friday,31
2181-12-31,2125-04-15,Sunday,31
2182-01-01,2125-04-16,Monday,31
2182-01-31,2125-05-16,Wednesday,31
2182-02-01,2125-05-17,Thursday,31
2182-02-31,2125-06-16,Saturday,31
2182-03-01,2125-06-17,Sunday,31
2182-03-31,2125-07-17,Tuesday,31
2182-04-01,2125-07-18,Wednesday,32
2182-04-32,2125-08-18,Saturday,32
2182-05-01,2125-08-19,Sunday,31
2182-05-31,2125-09-18,Tuesday,31
2182-06-01,2125-09-19,Wednesday,31
2182-06-31,2125-10-19,Friday,31
2182-07-01,2125-10-20,Saturday,29
2182-07-29,2125-11-17,Saturday,29
2182-08-01,2125-11-18,Sunday,30
2182-08-30,2125-12-17,Monday,30
2182-09-01,2125-12-18,Tuesday,30
2182-09-30,2126-01-16,Wednesday,30
2182-10-01,2126-01-17,Thursday,29
2182-10-29,2126-02-14,Thursday,29
2182-11-01,2126-02-15,Friday,30
2182-11-30,2126-03-16,Saturday,30
2182-12-01,2126-03-17,Sunday,30
2182-12-30,2126-04-15,Monday,30
2183-01-01,2126-04-16,Tuesday,31
2183-01-31,2126-05-16,Thursday,31
2183-02-01,2126-05-17,Friday,31
2183-02-31,2126-06-16,Sunday,31
2183-03-01,2126-06-17,Monday,32
2183-03-32,2126-07-18,Thursday,32
2183-04-01,2126-07-19,Friday,31
2183-04-31,2126-08-18,Sunday,31
2183-05-01,2126-08-19,Monday,31
2183-05-31,2126-09-18,Wednesday,31
2183-06-01,2126-09-19,Thursday,31
2183-06-31,2126-10-19,Saturday,31
2183-07-01,2126-10-20,Sunday,30
2183-07-30,2126-11-18,Monday,30
2183-08-01,2126-11-19,Tuesday,29
2183-08-29,2126-12-17,Tuesday,29
2183-09-01,2126-12-18,Wednesday,30
2183-09-30,2127-01-16,Thursday,30
2183-10-01,2127-01-17,Friday,29
2183-10-29,2127-02-14,Friday,29
2183-11-01,2127-02-15,Saturday,30
2183-11-30,2127-03-16,Sunday,30
2183-12-01,2127-03-17,Monday,30
2183-12-30,2127-04-15,Tuesday,30
2184-01-01,2127-04-16,Wednesday,31
2184-01-31,2127-05-16,Friday,31
2184-02-01,2127-05-17,Saturday,31
2184-02-31,2127-06-16,Monday,31
2184-03-01,2127-06-17,Tuesday,32
2184-03-32,2127-07-18,Friday,32
2184-04-01,2127-07-19,Saturday,32
2184-04-32,2127-08-19,Tuesday,32
2184-05-01,2127-08-20,Wednesday,31
2184-05-31,2127-09-19,Friday,31
2184-06-01,2127-09-20,Saturday,30
2184-06-30,2127-10-19,Sunday,30
2184-07-01,2127-10-20,Monday,30
2184-07-30,2127-11-18,Tuesday,30
2184-08-01,2127-11-19,Wednesday,29
2184-08-29,2127-12-17,Wednesday,29
2184-09-01,2127-12-18,Thursday,30
2184-09-30,2128-01-16,Friday,30
2184-10-01,2128-01-17,Saturday,29
2184-10-29,2128-02-14,Saturday,29
2184-11-01,2128-02-15,Sunday,30
2184-11-30,2128-03-15,Monday,30
2184-12-01,2128-03-16,Tuesday,30
2184-12-30,2128-04-14,Wednesday,30
2185-01-01,2128-04-15,Thursday,31
2185-01-31,2128-05-15,Saturday,31
2185-02-01,2128-05-16,Sunday,32
2185-02-32,2128-06-16,Wednesday,32
2185-03-01,2128-06-17,Thursday,31
2185-03-31,2128-07-17,Saturday,31
2185-04-01,2128-07-18,Sunday,32
2185-04-32,2128-08-18,Wednesday,32
2185-05-01,2128-08-19,Thursday,31
2185-05-31,2128-09-18,Saturday,31
2185-06-01,2128-09-19,Sunday,30
2185-06-30,2128-10-18,Monday,30
2185-07-01,2128-10-19,Tuesday,30
2185-07-30,2128-11-17,Wednesday,30
2185-08-01,2128-11-18,Thursday,30
2185-08-30,2128-12-17,Friday,30
2185-09-01,2128-12-18,Saturday,29
2185-09-29,2129-01-15,Saturday,29
2185-10-01,2129-01-16,Sunday,29
2185-10-29,2129-02-13,Sunday,29
2185-11-01,2129-02-14,Monday,30
2185-11-30,2129-03-15,Tuesday,30
2185-12-01,2129-03-16,Wednesday,31
2185-12-31,2129-04-15,Friday,31
2186-01-01,2129-04-16,Saturday,31
2186-01-31,2129-05-16,Monday,31
2186-02-01,2129-05-17,Tuesday,31
2186-02-31,2129-06-16,Thursday,31
2186-03-01,2129-06-17,Friday,31
2186-03-31,2129-07-17,Sunday,31
2186-04-01,2129-07-18,Monday,32
2186-04-32,2129-08-18,Thursday,32
2186-05-01,2129-08-19,Friday,31
2186-05-31,2129-09-18,Sunday,31
2186-06-01,2129-09-19,Monday,31
2186-06-31,2129-10-19,Wednesday,31
2186-07-01,2129-10-20,Thursday,29
2186-07-29,2129-11-17,Thursday,29
2186-08-01,2129-11-18,Friday,30
2186-08-30,2129-12-17,Saturday,30
2186-09-01,2129-12-18,Sunday,30
2186-09-30,2130-01-16,Monday,30
2186-10-01,2130-01-17,Tuesday,29
2186-10-29,2130-02-14,Tuesday,29
2186-11-01,2130-02-15,Wednesday,30
2186-11-30,2130-03-16,Thursday,30
2186-12-01,2130-03-17,Friday,30
2186-12-30,2130-04-15,Saturday,30
2187-01-01,2130-04-16,Sunday,31
2187-01-31,2130-05-16,Tuesday,31
2187-02-01,2130-05-17,Wednesday,31
2187-02-31,2130-06-16,Friday,31
2187-03-01,2130-06-17,Saturday,32
2187-03-32,2130-07-18,Tuesday,32
2187-04-01,2130-07-19,Wednesday,31
2187-04-31,2130-08-18,Friday,31
2187-05-01,2130-08-19,Saturday,31
2187-05-31,2130-09-18,Monday,31
2187-06-01,2130-09-19,Tuesday,31
2187-06-31,2130-10-19,Thursday,31
2187-07-01,2130-10-20,Friday,30
2187-07-30,2130-11-18,Saturday,30
2187-08-01,2130-11-19,Sunday,29
2187-08-29,2130-12-17,Sunday,29
2187-09-01,2130-12-18,Monday,30
2187-09-30,2131-01-16,Tuesday,30
2187-10-01,2131-01-17,Wednesday,29
2187-10-29,2131-02-14,Wednesday,29
2187-11-01,2131-02-15,Thursday,30
2187-11-30,2131-03-16,Friday,30
2187-12-01,2131-03-17,Saturday,30
2187-12-30,2131-04-15,Sunday,30
2188-01-01,2131-04-16,Monday,31
2188-01-31,2131-05-16,Wednesday,31
2188-02-01,2131-05-17,Thursday,32
2188-02-32,2131-06-17,Sunday,32
2188-03-01,2131-06-18,Monday,31
2188-03-31,2131-07-18,Wednesday,31
2188-04-01,2131-07-19,Thursday,32
2188-04-32,2131-08-19,Sunday,32
2188-05-01,2131-08-20,Monday,31
2188-05-31,2131-09-19,Wednesday,31
2188-06-01,2131-09-20,Thursday,30
2188-06-30,2131-10-19,Friday,30
2188-07-01,2131-10-20,Saturday,30
2188-07-30,2131-11-18,Sunday,30
2188-08-01,2131-11-19,Monday,29
2188-08-29,2131-12-17,Monday,29
2188-09-01,2131-12-18,Tuesday,30
2188-09-30,2132-01-16,Wednesday,30
2188-10-01,2132-01-17,Thursday,29
2188-10-29,2132-02-14,Thursday,29
2188-11-01,2132-02-15,Friday,30
2188-11-30,2132-03-15,Saturday,30
2188-12-01,2132-03-16,Sunday,30
2188-12-30,2132-04-14,Monday,30
2189-01-01,2132-04-15,Tuesday,31
2189-01-31,2132-05-15,Thursday,31
2189-02-01,2132-05-16,Friday,32
2189-02-32,2132-06-16,Monday,32
2189-03-01,2132-06-17,Tuesday,31
2189-03-31,2132-07-17,Thursday,31
2189-04-01,2132-07-18,Friday,32
2189-04-32,2132-08-18,Monday,32
2189-05-01,2132-08-19,Tuesday,31
2189-05-31,2132-09-18,Thursday,31
2189-06-01,2132-09-19,Friday,30
2189-06-30,2132-10-18,Saturday,30
2189-07-01,2132-10-19,Sunday,30
2189-07-30,2132-11-17,Monday,30
2189-08-01,2132-11-18,Tuesday,30
2189-08-30,2132-12-17,Wednesday,30
2189-09-01,2132-12-18,Thursday,29
2189-09-29,2133-01-15,Thursday,29
2189-10-01,2133-01-16,Friday,29
2189-10-29,2133-02-13,Friday,29
2189-11-01,2133-02-14,Saturday,30
2189-11-30,2133-03-15,Sunday,30
2189-12-01,2133-03-16,Monday,31
2189-12-31,2133-04-15,Wednesday,31
2190-01-01,2133-04-16,Thursday,31
2190-01-31,2133-05-16,Saturday,31
2190-02-01,2133-05-17,Sunday,31
2190-02-31,2133-06-16,Tuesday,31
2190-03-01,2133-06-17,Wednesday,31
2190-03-31,2133-07-17,Friday,31
2190-04-01,2133-07-18,Saturday,32
2190-04-32,2133-08-18,Tuesday,32
2190-05-01,2133-08-19,Wednesday,31
2190-05-31,2133-09-18,Friday,31
2190-06-01,2133-09-19,Saturday,31
2190-06-31,2133-10-19,Monday,31
2190-07-01,2133-10-20,Tuesday,30
2190-07-30,2133-11-18,Wednesday,30
2190-08-01,2133-11-19,Thursday,29
2190-08-29,2133-12-17,Thursday,29
2190-09-01,2133-12-18,Friday,30
2190-09-30,2134-01-16,Saturday,30
2190-10-01,2134-01-17,Sunday,29
2190-10-29,2134-02-14,Sunday,29
2190-11-01,2134-02-15,Monday,30
2190-11-30,2134-03-16,Tuesday,30
2190-12-01,2134-03-17,Wednesday,30
2190-12-30,2134-04-15,Thursday,30
2191-01-01,2134-04-16,Friday,31
2191-01-31,2134-05-16,Sunday,31
2191-02-01,2134-05-17,Monday,31
2191-02-31,2134-06-16,Wednesday,31
2191-03-01,2134-06-17,Thursday,32
2191-03-32,2134-07-18,Sunday,32
2191-04-01,2134-07-19,Monday,31
2191-04-31,2134-08-18,Wednesday,31
2191-05-01,2134-08-19,Thursday,31
2191-05-31,2134-09-18,Saturday,31
2191-06-01,2134-09-19,Sunday,31
2191-06-31,2134-10-19,Tuesday,31
2191-07-01,2134-10-20,Wednesday,30
2191-07-30,2134-11-18,Thursday,30
2191-08-01,2134-11-19,Friday,29
2191-08-29,2134-12-17,Friday,29
2191-09-01,2134-12-18,Saturday,30
2191-09-30,2135-01-16,Sunday,30
2191-10-01,2135-01-17,Monday,29
2191-10-29,2135-02-14,Monday,29
2191-11-01,2135-02-15,Tuesday,30
2191-11-30,2135-03-16,Wednesday,30
2191-12-01,2135-03-17,Thursday,30
2191-12-30,2135-04-15,Friday,30
2192-01-01,2135-04-16,Saturday,31
2192-01-31,2135-05-16,Monday,31
2192-02-01,2135-05-17,Tuesday,32
2192-02-32,2135-06-17,Friday,32
2192-03-01,2135-06-18,Saturday,31
2192-03-31,2135-07-18,Monday,31
2192-04-01,2135-07-19,Tuesday,32
2192-04-32,2135-08-19,Friday,32
2192-05-01,2135-08-20,Saturday,31
2192-05-31,2135-09-19,Monday,31
2192-06-01,2135-09-20,Tuesday,30
2192-06-30,2135-10-19,Wednesday,30
2192-07-01,2135-10-20,Thursday,30
2192-07-30,2135-11-18,Friday,30
2192-08-01,2135-11-19,Saturday,30
2192-08-30,2135-12-18,Sunday,30
2192-09-01,2135-12-19,Monday,29
2192-09-29,2136-01-16,Monday,29
2192-10-01,2136-01-17,Tuesday,29
2192-10-29,2136-02-14,Tuesday,29
2192-11-01,2136-02-15,Wednesday,30
2192-11-30,2136-03-15,Thursday,30
2192-12-01,2136-03-16,Friday,30
2192-12-30,2136-04-14,Saturday,30
2193-01-01,2136-04-15,Sunday,31
2193-01-31,2136-05-15,Tuesday,31
2193-02-01,2136-05-16,Wednesday,32
2193-02-32,2136-06-16,Saturday,32
2193-03-01,2136-06-17,Sunday,31
2193-03-31,2136-07-17,Tuesday,31
2193-04-01,2136-07-18,Wednesday,32
2193-04-32,2136-08-18,Saturday,32
2193-05-01,2136-08-19,Sunday,31
2193-05-31,2136-09-18,Tuesday,31
2193-06-01,2136-09-19,Wednesday,30
2193-06-30,2136-10-18,Thursday,30
2193-07-01,2136-10-19,Friday,30
2193-07-30,2136-11-17,Saturday,30
2193-08-01,2136-11-18,Sunday,30
2193-08-30,2136-12-17,Monday,30
2193-09-01,2136-12-18,Tuesday,29
2193-09-29,2137-01-15,Tuesday,29
2193-10-01,2137-01-16,Wednesday,30
2193-10-30,2137-02-14,Thursday,30
2193-11-01,2137-02-15,Friday,29
2193-11-29,2137-03-15,Friday,29
2193-12-01,2137-03-16,Saturday,31
2193-12-31,2137-04-15,Monday,31
2194-01-01,2137-04-16,Tuesday,31
2194-01-31,2137-05-16,Thursday,31
2194-02-01,2137-05-17,Friday,31
2194-02-31,2137-06-16,Sunday,31
2194-03-01,2137-06-17,Monday,31
2194-03-31,2137-07-17,Wednesday,31
2194-04-01,2137-07-18,Thursday,32
2194-04-32,2137-08-18,Sunday,32
2194-05-01,2137-08-19,Monday,31
2194-05-31,2137-09-18,Wednesday,31
2194-06-01,2137-09-19,Thursday,31
2194-06-31,2137-10-19,Saturday,31
2194-07-01,2137-10-20,Sunday,30
2194-07-30,2137-11-18,Monday,30
2194-08-01,2137-11-19,Tuesday,29
2194-08-29,2137-12-17,Tuesday,29
2194-09-01,2137-12-18,Wednesday,30
2194-09-30,2138-01-16,Thursday,30
2194-10-01,2138-01-17,Friday,29
2194-10-29,2138-02-14,Friday,29
2194-11-01,2138-02-15,Saturday,30
2194-11-30,2138-03-16,Sunday,30
2194-12-01,2138-03-17,Monday,30
2194-12-30,2138-04-15,Tuesday,30
2195-01-01,2138-04-16,Wednesday,31
2195-01-31,2138-05-16,Friday,31
2195-02-01,2138-05-17,Saturday,31
2195-02-31,2138-06-16,Monday,31
2195-03-01,2138-06-17,Tuesday,32
2195-03-32,2138-07-18,Friday,32
2195-04-01,2138-07-19,Saturday,31
2195-04-31,2138-08-18,Monday,31
2195-05-01,2138-08-19,Tuesday,31
2195-05-31,2138-09-18,Thursday,31
2195-06-01,2138-09-19,Friday,31
2195-06-31,2138-10-19,Sunday,31
2195-07-01,2138-10-20,Monday,30
2195-07-30,2138-11-18,Tuesday,30
2195-08-01,2138-11-19,Wednesday,29
2195-08-29,2138-12-17,Wednesday,29
2195-09-01,2138-12-18,Thursday,30
2195-09-30,2139-01-16,Friday,30
2195-10-01,2139-01-17,Saturday,29
2195-10-29,2139-02-14,Saturday,29
2195-11-01,2139-02-15,Sunday,30
2195-11-30,2139-03-16,Monday,30
2195-12-01,2139-03-17,Tuesday,30
2195-12-30,2139-04-15,Wednesday,30
2196-01-01,2139-04-16,Thursday,31
2196-01-31,2139-05-16,Saturday,31
2196-02-01,2139-05-17,Sunday,32
2196-02-32,2139-06-17,Wednesday,32
2196-03-01,2139-06-18,Thursday,31
2196-03-31,2139-07-18,Saturday,31
2196-04-01,2139-07-19,Sunday,32
2196-04-32,2139-08-19,Wednesday,32
2196-05-01,2139-08-20,Thursday,31
2196-05-31,2139-09-19,Saturday,31
2196-06-01,2139-09-20,Sunday,30
2196-06-30,2139-10-19,Monday,30
2196-07-01,2139-10-20,Tuesday,30
2196-07-30,2139-11-18,Wednesday,30
2196-08-01,2139-11-19,Thursday,30
2196-08-30,2139-12-18,Friday,30
2196-09-01,2139-12-19,Saturday,29
2196-09-29,2140-01-16,Saturday,29
2196-10-01,2140-01-17,Sunday,29
2196-10-29,2140-02-14,Sunday,29
2196-11-01,2140-02-15,Monday,30
2196-11-30,2140-03-15,Tuesday,30
2196-12-01,2140-03-16,Wednesday,30
2196-12-30,2140-04-14,Thursday,30
2197-01-01,2140-04-15,Friday,31
2197-01-31,2140-05-15,Sunday,31
2197-02-01,2140-05-16,Monday,32
2197-02-32,2140-06-16,Thursday,32
2197-03-01,2140-06-17,Friday,31
2197-03-31,2140-07-17,Sunday,31
2197-04-01,2140-07-18,Monday,32
2197-04-32,2140-08-18,Thursday,32
2197-05-01,2140-08-19,Friday,31
2197-05-31,2140-09-18,Sunday,31
2197-06-01,2140-09-19,Monday,30
2197-06-30,2140-10-18,Tuesday,30
2197-07-01,2140-10-19,Wednesday,30
2197-07-30,2140-11-17,Thursday,30
2197-08-01,2140-11-18,Friday,30
2197-08-30,2140-12-17,Saturday,30
2197-09-01,2140-12-18,Sunday,29
2197-09-29,2141-01-15,Sunday,29
2197-10-01,2141-01-16,Monday,30
2197-10-30,2141-02-14,Tuesday,30
2197-11-01,2141-02-15,Wednesday,29
2197-11-29,2141-03-15,Wednesday,29
2197-12-01,2141-03-16,Thursday,31
2197-12-31,2141-04-15,Saturday,31
2198-01-01,2141-04-16,Sunday,31
2198-01-31,2141-05-16,Tuesday,31
2198-02-01,2141-05-17,Wednesday,31
2198-02-31,2141-06-16,Friday,31
2198-03-01,2141-06-17,Saturday,32
2198-03-32,2141-07-18,Tuesday,32
2198-04-01,2141-07-19,Wednesday,31
2198-04-31,2141-08-18,Friday,31
2198-05-01,2141-08-19,Saturday,31
2198-05-31,2141-09-18,Monday,31
2198-06-01,2141-09-19,Tuesday,31
2198-06-31,2141-10-19,Thursday,31
2198-07-01,2141-10-20,Friday,30
2198-07-30,2141-11-18,Saturday,30
2198-08-01,2141-11-19,Sunday,29
2198-08-29,2141-12-17,Sunday,29
2198-09-01,2141-12-18,Monday,30
2198-09-30,2142-01-16,Tuesday,30
2198-10-01,2142-01-17,Wednesday,29
2198-10-29,2142-02-14,Wednesday,29
2198-11-01,2142-02-15,Thursday,30
2198-11-30,2142-03-16,Friday,30
2198-12-01,2142-03-17,Saturday,30
2198-12-30,2142-04-15,Sunday,30
2199-01-01,2142-04-16,Monday,31
2199-01-31,2142-05-16,Wednesday,31
2199-02-01,2142-05-17,Thursday,31
2199-02-31,2142-06-16,Saturday,31
2199-03-01,2142-06-17,Sunday,32
2199-03-32,2142-07-18,Wednesday,32
2199-04-01,2142-07-19,Thursday,31
2199-04-31,2142-08-18,Saturday,31
2199-05-01,2142-08-19,Sunday,32
2199-05-32,2142-09-19,Wednesday,32
2199-06-01,2142-09-20,Thursday,30
2199-06-30,2142-10-19,Friday,30
2199-07-01,2142-10-20,Saturday,30
2199-07-30,2142-11-18,Sunday,30
2199-08-01,2142-11-19,Monday,29
2199-08-29,2142-12-17,Monday,29
2199-09-01,2142-12-18,Tuesday,30
2199-09-30,2143-01-16,Wednesday,30
2199-10-01,2143-01-17,Thursday,29
2199-10-29,2143-02-14,Thursday,29
2199-11-01,2143-02-15,Friday,30
2199-11-30,2143-03-16,Saturday,30
2199-12-01,2143-03-17,Sunday,30
2199-12-30,2143-04-15,Monday,30
